id,title,description,business_name,category,source_url,source_name,location_name,address,city,start_date,end_date,recurring_pattern,deal_type,discount_text,tags,image_url,latitude,longitude,is_student_friendly,created_at,updated_at,raw_source_text,canonical_url,event_scope,area_label
7738270ed79b2903bbc5,Aggieland Farmers Market,This is the Aggieland Farmers Market located in the Post Oak Mall parking lot in front of Murdoch’s. We are open every Saturday rain or shine. We are an 80-20,,Food,https://visit.cstx.gov/events/aggieland-farmers-market/,visit_cstx_events,,Aggieland Farmers Market,College Station,2026-01-24 09:00:00-06:00,2026-01-24 13:00:00-06:00,weekly:SA,market,,College Station,https://visit.cstx.gov/imager/files_idss_com/C485/c14702cb-26bf-4371-9046-4aeb6cbc7c17_91852798b59be8b28fc00edfe4aec23a.jpg,,,True,2026-05-11 23:43:54.430029,2026-05-11 23:43:54.430029,"Aggieland Farmers Market Go To Website Save Aggieland Farmers Market 1500 Harvey Rd College Station, Texas 77840 United States Details Open in Google Maps Map May 16, 2026 9:00 AM – 1:00 PM Every Saturday rain or shine Aggieland Farmers Market Aggieland Farmers Market 1500 Harvey Rd College Station, Texas 77840 Admission Free Overview This is the Aggieland Farmers Market located in the Post Oak Mall parking lot in front of Murdoch’s. We are open every Saturday rain or shine. We are an 80-20 market, so 80% farmers and 20% others. There are all kinds of items to get like fresh veggies, meats, jams & jellies, all kinds of fresh bread, baked goodies, freeze dried products and live music. Upcoming Dates Saturday, May 16 Saturday, May 23 Saturday, May 30 Saturday, June 6 Saturday, June 13 Saturday, June 20 Saturday, June 27 Saturday, July 4 Saturday, July 11 Saturday, July 18 Saturday, July 25 Saturday, August 1 Saturday, August 8 Saturday, August 15 Saturday, August 22 Saturday, August 29 Saturday, September 5 Saturday, September 12 Saturday, September 19 Saturday, September 26 Saturday, October 3 Saturday, October 10 Saturday, October 17 Saturday, October 24 Saturday, October 31 Saturday, November 7 Saturday, November 14 Saturday, November 21 Saturday, November 28 Saturday, December 5 Saturday, December 12 Saturday, December 19 Saturday, December 26",https://visit.cstx.gov/events/aggieland-farmers-market,event,College Station
4f2cf940d4faa762c4ff,Mother's Day Brunch at The LaSalle Hotel,"The LaSalle is hosting a special mother's day brunch! Enjoy a delicious menu, great drinks, and a warm, relaxing atmosphere perfect for spending time with","The LaSalle Hotel, a Tribute Portfolio Hotel, Bryan College Station",Miscellaneous,https://www.destinationbryan.com/events/mothers-day-brunch-at-the-lasalle-hotel/,destination_bryan_events,"The LaSalle Hotel, a Tribute Portfolio Hotel, Bryan College Station",120 South Main Street,Bryan,2026-05-10 07:00:00,2026-05-10 14:00:00,,event,,"Bryan | The LaSalle Hotel, a Tribute Portfolio Hotel, Bryan College Station | Downtown Bryan",https://iti-images.s3.amazonaws.com/events/903e11a5-f694-e048-eca8-aef304eb4696.webp,,,True,2026-05-11 23:45:27.921233,2026-05-11 23:45:27.921233,"Mother's Day Brunch at The LaSalle Hotel Sunday, May 10, 2026 7:00 AM – 2:00 PM 120 South Main Street Bryan, TX 77803 Website Mother's Day Brunch at The LaSalle Hotel The LaSalle Hotel, a Tribute Portfolio Hotel, Bryan College Station 120 South Main Street Bryan, TX 77803 Details Open in Google Maps Map Save The LaSalle is hosting a special mother's day brunch! Enjoy a delicious menu, great drinks, and a warm, relaxing atmosphere perfect for spending time with family. Click here to view the menu. Reservations are highly recommended. Related The LaSalle Hotel Community, history, and celebration converge at The LaSalle Hotel, a cherished testament to the spirit of Bryan, Texas. Relax in one of our newly renovated guest rooms and dine and unwind at… Learn More >>>",https://destinationbryan.com/events/mothers-day-brunch-at-the-lasalle-hotel,event,Downtown Bryan
eafa1efdbacdddcc13d0,Mother's Day Cake Picnic at the Astin Mansion,"Join us for a meaningful and joy-filled Cake Picnic for a Cause, where community, connection, and giving back come together. Guests are invited to bring a cake",Astin Mansion,Miscellaneous,https://www.destinationbryan.com/events/astin-mansions-mothers-day-cake-picnic/,destination_bryan_events,Astin Mansion,506 W 26th St,Bryan,2026-05-10 13:00:00,2026-05-10 14:00:00,,event,,Bryan | Astin Mansion | Downtown Bryan,/imager/cmsimages/1378031/b27107c3-f1e2-4313-843a-e95f63d142bf_1920x2344_91852798b59be8b28fc00edfe4aec23a.png,,,True,2026-05-11 23:45:29.952878,2026-05-11 23:45:29.952878,"Mother's Day Cake Picnic at the Astin Mansion Sunday, May 10, 2026 1:00 PM – 2:00 PM 506 W 26th St Bryan , TX 77803 (979) 822-9999 Admission : $5 (and a cake!) Website Buy Tickets Email Mother's Day Cake Picnic at the Astin Mansion 506 W 26th St Bryan , TX 77803 Details Open in Google Maps Map Save Join us for a meaningful and joy-filled Cake Picnic for a Cause, where community, connection, and giving back come together. Guests are invited to bring a cake to share and a $5 entry fee, which includes a to-go box you can fill with your favorite slices. In addition to our signature cake picnic, enjoy a variety of local vendors, crafts, dirty sodas, a beautiful flower bar, and delicious tacos. The event will also feature a silent auction, with 50% of entry proceeds and 100% of silent auction proceeds directly supporting Peacock Legacy of Hope. Peacock Legacy of Hope is a nonprofit organization based in the Bryan–College Station area that has been providing housing and life-skills training for single moms and their families for the past five years. Their mission is to empower single mothers and their children through Christian support and transitional housing. By attending, you’re not only enjoying a fun and unique event, you’re helping create lasting change for families in our community.",https://destinationbryan.com/events/astin-mansions-mothers-day-cake-picnic,event,Downtown Bryan
53c8c711aa90e08e9d4a,Texas America250 Exhibit at the Carnegie History Center,"The Texas America250 exhibit highlights historically significant Texas Treasures from the State Archives, encouraging all Americans to explore the story of the",Carnegie History Center,Entertainment,https://www.destinationbryan.com/events/texas-america250-at-carnegie-history-center-2/,destination_bryan_events,Carnegie History Center,111 South Main Street,Bryan,2026-05-11 09:00:00,2026-05-11 10:00:00,,event,,Bryan | Downtown Bryan | Carnegie History Center,/imager/cmsimages/downloads/1217379/Carnegie-Statues-medium_91852798b59be8b28fc00edfe4aec23a.jpg,30.6729629,-96.3731891,True,2026-05-11 23:45:18.848252,2026-05-11 23:45:18.848252,"Texas America250 Exhibit at the Carnegie History Center Monday, May 11, 2026 9:00 AM – 10:00 AM Recurring Dates 111 South Main Street Bryan, TX 77803 Website Texas America250 Exhibit at the Carnegie History Center 111 South Main Street Bryan, TX 77803 Details Open in Google Maps Map Save The Texas America250 exhibit highlights historically significant Texas Treasures from the State Archives, encouraging all Americans to explore the story of the Lone Star State over the past 250 years. From Spanish missions to the space race, the landscape, culture, economy and people of Texas have played essential roles in the development of the United States. Upcoming Dates Tuesday, May 12 Wednesday, May 13 Thursday, May 14 Friday, May 15 Monday, May 18 Tuesday, May 19 Wednesday, May 20 Thursday, May 21 Friday, May 22 Monday, May 25 Tuesday, May 26 Wednesday, May 27 Thursday, May 28 Friday, May 29 Monday, June 1 Tuesday, June 2 Wednesday, June 3 Thursday, June 4 Friday, June 5 Monday, June 8 Tuesday, June 9 Wednesday, June 10 Thursday, June 11 Friday, June 12 Monday, June 15 Tuesday, June 16 Wednesday, June 17 Thursday, June 18 Friday, June 19 Monday, June 22 Tuesday, June 23 Wednesday, June 24 Thursday, June 25 Friday, June 26 Monday, June 29 Tuesday, June 30 Wednesday, July 1 Thursday, July 2 Friday, July 3 Monday, July 6 Tuesday, July 7 Wednesday, July 8 Thursday, July 9 Friday, July 10 Monday, July 13 Tuesday, July 14 Wednesday, July 15 Thursday, July 16 Friday, July 17 Monday, July 20 Tuesday, July 21 Wednesday, July 22 Thursday, July 23 Friday, July 24 Monday, July 27 Tuesday, July 28 Wednesday, July 29 Thursday, July 30 Friday, July 31 Related Carnegie History Center Located on Main Street in Historical Downtown Bryan, the Carnegie History Center is a hub for research, local history, and genealogy at no cost. As part of the Bryan-College Station Public Library… Learn More >>>",https://destinationbryan.com/events/texas-america250-at-carnegie-history-center-2,event,Downtown Bryan
9feb339e07de7d7695a6,Man Cave Mondays at The Angry Elephant,"Kick off Monday night with cold drinks, good company, prizes, and fun before Monday Night Football! 🍺 $3 Wells🍺 $3 Domestic Drafts🍺 $4",The Angry Elephant,Miscellaneous,https://www.destinationbryan.com/events/man-cave-monday-at-the-angry-elephant/,destination_bryan_events,The Angry Elephant,4282 Boonville Road,Bryan,2026-05-11 17:30:00,2026-05-11 19:30:00,,discount,,Bryan | The Angry Elephant,/imager/cmsimages/1303591/Angry-Elephant-Bryan-Texas-Facebook_91852798b59be8b28fc00edfe4aec23a.jpg,30.6618245,-96.3034614,True,2026-05-11 23:45:09.787357,2026-05-11 23:45:09.787357,"Man Cave Mondays at The Angry Elephant Monday, May 11, 2026 5:30 PM – 7:30 PM Recurring Dates (979) 485-2450 Admission : Free Website Man Cave Mondays at The Angry Elephant 4282 Boonville Rd Bryan, Texas 77802 Details Open in Google Maps Map Save Kick off Monday night with cold drinks, good company, prizes, and fun before Monday Night Football! 🍺 $3 Wells 🍺 $3 Domestic Drafts 🍺 $4 All Other Drafts 🍗 $1.25 Wings 🔥 Wing Eating Contest at 7! Upcoming Dates Monday, May 18 Monday, May 25 Monday, June 1 Monday, June 8 Monday, June 15 Monday, June 22 Monday, June 29 Monday, July 6 Monday, July 13 Monday, July 20 Monday, July 27 Monday, August 3 Monday, August 10 Monday, August 17 Monday, August 24 Monday, August 31 Monday, September 7 Monday, September 14 Monday, September 21 Monday, September 28 Monday, October 5 Monday, October 12 Monday, October 19 Monday, October 26 Monday, November 2 Monday, November 9 Monday, November 16 Monday, November 23 Monday, November 30 Monday, December 7 Monday, December 14 Monday, December 21 Monday, December 28 Monday, January 4 Monday, January 11 Related The Angry Elephant A politically themed, high end cocktail bar with some of the best hot dogs you’ll ever have! Learn More >>>",https://destinationbryan.com/events/man-cave-monday-at-the-angry-elephant,event,Bryan
9575ae6ca82f4af7ead5,Half-Baked Presentations at Quinntastic Bites,"Welcome to Half-Baked Presentations, a monthly PowerPoint Party from 6-8 p.m. on the second Monday of the month. Join us for an evening of laughter,",Quinntastic Bites,Entertainment,https://www.destinationbryan.com/events/half-baked-presentations-quinntastic-bites/,destination_bryan_events,Quinntastic Bites,"419 N Main St., Suite 110",Bryan,2026-05-11 18:00:00,2026-05-11 20:00:00,monthly:second_MON,event,,Bryan | Quinntastic Bites | Downtown Bryan,/imager/cmsimages/downloads/1226349/Screenshot-2025-09-15-at-11.09.53-AM_91852798b59be8b28fc00edfe4aec23a.png,,,True,2026-05-11 23:45:19.891864,2026-05-11 23:45:19.891864,"Half-Baked Presentations at Quinntastic Bites Monday, May 11, 2026 6:00 PM – 8:00 PM Recurring Dates 419 N Main St., Suite 110 Bryan, TX 77803 (512) 560-9912 Admission : Free Email Half-Baked Presentations at Quinntastic Bites Quinntastic Bites 419 N Main St., Suite 110 Bryan, TX 77803 Details Open in Google Maps Map Save Welcome to Half-Baked Presentations, a monthly PowerPoint Party from 6-8 p.m. on the second Monday of the month. Join us for an evening of laughter, camaraderie and maybe even some education. If you’ve never attended a PowerPoint Party before, no worries. All you need to know is that they’re casual, short and fun presentations. The emphasis is on creativity, humor and personal passion—not professional polish. You don't have to submit a presentation to attend. Everyone's invited to come and watch the fun! Upcoming Dates Monday, June 8 Monday, July 13 Monday, August 10 Monday, September 14 Monday, October 12 Monday, November 9",https://destinationbryan.com/events/half-baked-presentations-quinntastic-bites,event,Downtown Bryan
c11fd0fa11d3ff48fc97,Steadfast Run Club,"Lace up and join the Steadfast Run Club every Tuesday at 6 PM for a fun, community-driven run through Century Square! Choose between a 2- or 3-mile route, then stick around on The Green to cool down and hang out. Plus, every first Tuesday of the month, the lululemon run club joins in for an even bigger crew. All paces are welcome—come run with us!",Century Square,Health & Wellness,https://www.century-square.com/events/detail/tuesday-run-club4,century_square_events,Century Square - College Station,75 Century Square Dr,College Station,2026-05-11 18:00:00,2026-05-11 19:30:00,weekly:TU,fitness,,Century Square | College Station,https://www.century-square.com/uploads/img/events/image_-_5539195.jpg,,,True,2026-05-11 23:46:33.901222,2026-05-11 23:46:33.901222,"Steadfast Run Club Hit the ground running with Steadfast Run Club every Tuesday at 6 PM, then stick around for the post-run hangout on The Green! Lace up and join the Steadfast Run Club every Tuesday at 6 PM for a fun, community-driven run through Century Square! Choose between a 2- or 3-mile route, then stick around on The Green to cool down and hang out. Plus, every first Tuesday of the month, the lululemon run club joins in for an even bigger crew. All paces are welcome—come run with us!",https://century-square.com/events/detail/tuesday-run-club4,event,Century Square
a972e283c5d67455b72f,"""The Devil Wears Prada 2"" at The Queen Theatre","Enjoy a movie at The Queen Theatre in Historic Downtown Bryan. This historic theatre opened in 1939 as one of the finest movie houses in Texas. Today, it's",The Queen Theatre,Miscellaneous,https://www.destinationbryan.com/events/devil-wears-prada-2-at-the-queen-theatre-/,destination_bryan_events,The Queen Theatre,110 South Main Street,Bryan,2026-05-12 18:00:00,2026-05-12 20:30:00,,event,,Bryan | Downtown Bryan | The Queen Theatre,/imager/cmsimages/450570/The-Queen_91852798b59be8b28fc00edfe4aec23a.jpg,30.6732433,-96.3737987,True,2026-05-11 23:45:25.916199,2026-05-11 23:45:25.916199,"""The Devil Wears Prada 2"" at The Queen Theatre Tuesday, May 12, 2026 6:00 PM – 8:30 PM Recurring Dates 110 South Main Street Bryan, TX 77803 (979) 721-9978 Admission : $11 Website Buy Tickets ""The Devil Wears Prada 2"" at The Queen Theatre The Queen Theatre 110 South Main Street Bryan, TX 77803 Details Open in Google Maps Map Save Enjoy a movie at The Queen Theatre in Historic Downtown Bryan. This historic theatre opened in 1939 as one of the finest movie houses in Texas. Today, it's been reborn to live up to that standard again. The Queen Theatre is an intimate movie theater with comfortable reclining chairs and a full-service kitchen. Here, you can sit back, relax, and enjoy new Blockbuster hits and classic favorite films throughout the year. About The Devil Wears Prada 2 : Miranda Priestly navigates her career amid the decline of traditional magazine publishing. She faces off against Emily Charlton, her one-time assistant, now a high-powered executive for a luxury group, with advertising dollars that Priestly desperately needs. Movie times vary. Check The Queen's website for movie times. Upcoming Dates Tuesday, May 12 Related The Queen Theatre Learn More >>>",https://destinationbryan.com/events/devil-wears-prada-2-at-the-queen-theatre-,event,Downtown Bryan
967e636bb0c4533d2393,Singo at Billy's Grille & Bar,"Don't miss SINGO Tuesdays at 7 PM at Billy’s Grille & Bar! Get ready for a night of music, fun, and friendly competition! Join us every Tuesday at 7 PM for",Billy's Grille & Bar,Miscellaneous,https://www.destinationbryan.com/events/singo-at-billys-grille-bar/,destination_bryan_events,Billy's Grille & Bar,100 S Main Street,Bryan,2026-05-12 19:00:00,2026-05-12 22:00:00,"weekly:TU,FR",event,,Bryan | Downtown Bryan | Billy's Grille & Bar,/imager/cmsimages/1061331/Singo-Billys_91852798b59be8b28fc00edfe4aec23a.png,,,True,2026-05-11 23:45:11.806149,2026-05-11 23:45:11.806149,"Singo at Billy's Grille & Bar Tuesday, May 12, 2026 7:00 PM – 10:00 PM Recurring Dates 100 S Main Street Bryan, TX 77803 Admission : Free Website Email Singo at Billy's Grille & Bar Billy's Grille & Bar 100 S Main Street Bryan, TX 77803 Details Open in Google Maps Map Save Don't miss SINGO Tuesdays at 7 PM at Billy’s Grille & Bar! Get ready for a night of music, fun, and friendly competition! Join us every Tuesday at 7 PM for SINGO—a thrilling twist on bingo where your favorite songs fill the air! ✅ FREE to play 👨‍👩‍👧‍👦 All ages welcome 🍔 Delicious food & unbeatable drink specials Bring your crew, test your music knowledge, and sing along while you play! Don’t miss out on the best Tuesday night vibes in town! Upcoming Dates Tuesday, May 12 Tuesday, May 19 Tuesday, May 26 Tuesday, June 2 Tuesday, June 9 Tuesday, June 16 Tuesday, June 23 Tuesday, June 30 Tuesday, July 7 Tuesday, July 14 Tuesday, July 21 Tuesday, July 28 Tuesday, August 4 Tuesday, August 11 Tuesday, August 18 Tuesday, August 25 Tuesday, September 1 Tuesday, September 8 Tuesday, September 15 Tuesday, September 22 Tuesday, September 29 Tuesday, October 6 Tuesday, October 13 Tuesday, October 20 Tuesday, October 27 Tuesday, November 3 Tuesday, November 10 Tuesday, November 17 Tuesday, November 24 Tuesday, December 1 Tuesday, December 8 Tuesday, December 15 Tuesday, December 22 Tuesday, December 29 Related Billy's Grille & Bar Serving Historic Downtown Bryan - Billy's Grille & Bar is a family-owned American restaurant offering breakfast, lunch, dinner, and homemade desserts! Learn More >>>",https://destinationbryan.com/events/singo-at-billys-grille-bar,event,Downtown Bryan
9f4bcbaff2957b28f937,Open Mic Night at The Angry Elephant,Sing your heart out during Open Mic at The Angry Elephant!,The Angry Elephant,Entertainment,https://www.destinationbryan.com/events/open-mic-night-at-the-angry-elephant/,destination_bryan_events,The Angry Elephant,4282 Boonville Road,Bryan,2026-05-12 19:00:00+00:00,2026-05-12 22:00:00+00:00,,open_mic,,Bryan | The Angry Elephant,/imager/cmsimages/1015414/kane-reinholdtsen-LETdkk7wHQk-unsplash_91852798b59be8b28fc00edfe4aec23a.jpg,30.6618245,-96.3034614,True,2026-05-11 23:45:01.659311,2026-05-11 23:45:01.659311,Open Mic Night at The Angry Elephant | Destination Bryan Skip to content 77° Upcoming Events 0 Saved Navigation,https://destinationbryan.com/events/open-mic-night-at-the-angry-elephant,event,Bryan
38682ce1ca7742b648e8,The Owl Trivia Night,Trivia Night every Tuesday from 8 PM to 10 PM.,The Owl Pub and Grill,Social,https://www.theowlbcs.com/,the_owl_promotions,The Owl Pub and Grill,,Bryan,2026-05-12 20:00:00,2026-05-12 22:00:00,weekly:TU,trivia,,Bryan | Downtown Bryan | The Owl Pub and Grill | trivia,,,,True,2026-05-11 23:46:35.070054,2026-05-11 23:46:35.070054,"The Owl - Pub & Grill Bryan, TX Menu Specials Beer on Tap Contact Careers (979) 314-1955 Sip + Stay late New to Downtown Bryan Serving Pub fare and drinks daily View Menus View Beers on tap Pub + Grill Bring your crew & grab a pint Half-Priced Burgers Every Monday Trivia Night Every Tuesday 8-10 PM Live Music Night Every Wednesday 7-10pm Pint Night Half-Priced Draft Beer Every Thursday Every Sunday All day happy hour & ask about wings! Happy Hour Mon-Fri 4-6pm $5 House Wines $3 Wells $1 Off Draft Beers $1 Off Espresso Martinis $5 House Wines $3 Wells $1 Off Draft Beers $1 Off Espresso Martinis We are hiring Looking for a career at The Owl? Careers Hours mon-wed 3PM - 12AM Thurs-FRI ‍ 3PM - 2AM ‍ Sat 11AM - 2AM Sun 11AM - 12AM Contact Don’t just read about us. Get on down to the pub for a drink and some pub grub! (979) 314-1955 Location 315 South Main Street, Bryan, Texas 77803 Directions Directions 315 South Main Street, Bryan, Texas 77803 (979) 314-1955 Follow Us Instagram Facebook The Owl Pub & Grill ©2025 Privacy Policy Site By Drift",https://theowlbcs.com/,event,Downtown Bryan
140cef648fb1238cece0,Trivia Night at The Owl,Enjoy live trivia at The Owl Pub & Grille! Think you’ve got what it takes? Bring your best team and test your smarts at The Owl while enjoying our,The Owl Pub & Grille,Social,https://www.destinationbryan.com/events/trivia-night-at-the-owl/,destination_bryan_events,The Owl Pub & Grille,315 S Main St.,Bryan,2026-05-12 20:00:00,2026-05-12 22:00:00,,trivia,,Bryan | The Owl Pub & Grille | Downtown Bryan,/imager/cmsimages/987429/IMG_0991_91852798b59be8b28fc00edfe4aec23a.JPG,,,True,2026-05-11 23:45:02.679779,2026-05-11 23:45:02.679779,"Trivia Night at The Owl Tuesday, May 12, 2026 8:00 PM – 10:00 PM Recurring Dates 315 S Main St. Bryan, Texas 77803 (979) 314-1955 Admission : Free Website Trivia Night at The Owl The Owl Pub & Grille 315 S Main St. Bryan, Texas 77803 Details Open in Google Maps Map Save Enjoy live trivia at The Owl Pub & Grille! Think you’ve got what it takes? Bring your best team and test your smarts at The Owl while enjoying our delicious drinks and food. Upcoming Dates Tuesday, May 12 Tuesday, May 19 Tuesday, May 26 Tuesday, June 2 Tuesday, June 9 Tuesday, June 16 Tuesday, June 23 Tuesday, June 30 Tuesday, July 7 Tuesday, July 14 Tuesday, July 21 Tuesday, July 28 Tuesday, August 4 Tuesday, August 11 Tuesday, August 18 Tuesday, August 25 Tuesday, September 1 Tuesday, September 8 Tuesday, September 15 Tuesday, September 22 Tuesday, September 29 Tuesday, October 6 Tuesday, October 13 Tuesday, October 20 Tuesday, October 27 Tuesday, November 3 Tuesday, November 10 Tuesday, November 17 Tuesday, November 24 Tuesday, December 1 Tuesday, December 8 Tuesday, December 15 Tuesday, December 22 Tuesday, December 29 Tuesday, January 5",https://destinationbryan.com/events/trivia-night-at-the-owl,event,Downtown Bryan
a65b4763fc672e26249e,“Personifying Freedom” at The Brazos Valley African American Museum,Join the Brazos Valley African American Museum for a new exhibit called “Personifying Freedom”. It examines the legacy of African American Holocaust liberators,Brazos Valley African American Museum,Entertainment,https://www.destinationbryan.com/events/personifying-freedom-exhibit-at-brazos-valley-african-american-museum/,destination_bryan_events,Brazos Valley African American Museum,500 East Pruitt Street,Bryan,2026-05-13 12:00:00,2026-05-13 17:00:00,,event,,Bryan | Brazos Valley African American Museum,/imager/cmsimages/773089/BVAAM-Legends-Destination-Bryan-046_91852798b59be8b28fc00edfe4aec23a.jpg,30.6790059,-96.3675721,True,2026-05-11 23:45:17.875711,2026-05-11 23:45:17.875711,"“Personifying Freedom” at The Brazos Valley African American Museum Wednesday, May 13, 2026 12:00 PM – 5:00 PM Recurring Dates 500 East Pruitt Street Bryan, TX 77803 (979) 775-3961 Admission : $5 Website Email “Personifying Freedom” at The Brazos Valley African American Museum Brazos Valley African American Museum 500 East Pruitt Street Bryan, TX 77803 Details Open in Google Maps Map Save Join the Brazos Valley African American Museum for a new exhibit called “Personifying Freedom”. It examines the legacy of African American Holocaust liberators and witnesses. Upcoming Dates Wednesday, May 13 Thursday, May 14 Friday, May 15 Saturday, May 16 Wednesday, May 20 Thursday, May 21 Friday, May 22 Saturday, May 23 Wednesday, May 27 Thursday, May 28 Friday, May 29 Saturday, May 30 Wednesday, June 3 Thursday, June 4 Friday, June 5 Saturday, June 6 Wednesday, June 10 Thursday, June 11 Friday, June 12 Saturday, June 13 Wednesday, June 17 Thursday, June 18 Friday, June 19 Saturday, June 20 Wednesday, June 24 Thursday, June 25 Friday, June 26 Saturday, June 27 Wednesday, July 1 Thursday, July 2 Friday, July 3 Saturday, July 4 Wednesday, July 8 Thursday, July 9 Friday, July 10 Saturday, July 11 Wednesday, July 15 Thursday, July 16 Friday, July 17 Saturday, July 18 Wednesday, July 22 Thursday, July 23 Friday, July 24 Saturday, July 25 Wednesday, July 29 Thursday, July 30 Friday, July 31 Saturday, August 1 Wednesday, August 5 Thursday, August 6 Friday, August 7 Saturday, August 8 Wednesday, August 12 Thursday, August 13 Friday, August 14 Saturday, August 15 Wednesday, August 19 Thursday, August 20 Friday, August 21 Saturday, August 22 Wednesday, August 26 Thursday, August 27 Friday, August 28 Saturday, August 29 Wednesday, September 2 Thursday, September 3 Friday, September 4 Saturday, September 5 Wednesday, September 9 Thursday, September 10 Friday, September 11 Saturday, September 12 Wednesday, September 16 Thursday, September 17 Friday, September 18 Saturday, September 19 Wednesday, September 23 Thursday, September 24 Friday, September 25 Saturday, September 26 Wednesday, September 30 Thursday, October 1 Friday, October 2 Saturday, October 3 Wednesday, October 7 Thursday, October 8 Friday, October 9 Saturday, October 10 Wednesday, October 14 Thursday, October 15 Friday, October 16 Saturday, October 17 Wednesday, October 21 Thursday, October 22 Friday, October 23 Saturday, October 24 Wednesday, October 28 Thursday, October 29 Friday, October 30 Saturday, October 31 Wednesday, November 4 Thursday, November 5 Friday, November 6 Saturday, November 7 Wednesday, November 11 Thursday, November 12 Friday, November 13 Saturday, November 14 Wednesday, November 18 Thursday, November 19 Friday, November 20 Saturday, November 21 Wednesday, November 25 Thursday, November 26 Friday, November 27 Saturday, November 28 Related Brazos Valley African American Museum Learn More >>>",https://destinationbryan.com/events/personifying-freedom-exhibit-at-brazos-valley-african-american-museum,event,Bryan
6fdb4966a9340d51b100,"""Wizard of Oz"" at The Queen Theatre","Enjoy a movie at The Queen Theatre in Historic Downtown Bryan. This historic theatre opened in 1939 as one of the finest movie houses in Texas. Today, it's",The Queen Theatre,Miscellaneous,https://www.destinationbryan.com/events/wizard-of-oz-at-the-queen-theatre/,destination_bryan_events,The Queen Theatre,110 South Main Street,Bryan,2026-05-13 18:00:00+00:00,2026-05-13 20:30:00+00:00,,event,,Bryan | The Queen Theatre | Downtown Bryan,/imager/cmsimages/450570/The-Queen_91852798b59be8b28fc00edfe4aec23a.jpg,30.6732433,-96.3737987,True,2026-05-11 23:45:33.031664,2026-05-11 23:45:33.031664,"""Wizard of Oz"" at The Queen Theatre | Destination Bryan Skip to content 77° Upcoming Events 0 Saved Navigation",https://destinationbryan.com/events/wizard-of-oz-at-the-queen-theatre,event,Downtown Bryan
fffd9800c507812eacd0,Live Music at The Owl,Live music every Wednesday Night at The Owl 7pm-10pm.,The Owl,Entertainment,https://www.destinationbryan.com/events/live-music-at-the-owl/,destination_bryan_events,The Owl,315 South Main Street,Bryan,2026-05-13 19:00:00,2026-05-13 22:00:00,weekly:WE,live_music,,Bryan | The Owl | Downtown Bryan,/imager/cmsimages/1302712/jefferson-santos-fCEJGBzAkrU-unsplash_91852798b59be8b28fc00edfe4aec23a.jpg,,,True,2026-05-11 23:45:05.721284,2026-05-11 23:45:05.721284,"Live Music at The Owl Wednesday, May 13, 2026 7:00 PM – 10:00 PM Recurring Dates 315 South Main Street Bryan, TX 77803 (817) 791-3633 Admission : Free Website Email Live Music at The Owl 315 South Main Street Bryan, TX 77803 Details Open in Google Maps Map Save Live music every Wednesday Night at The Owl 7pm-10pm. Upcoming Dates Wednesday, May 13 Wednesday, May 20 Wednesday, May 27 Wednesday, June 3 Wednesday, June 10 Wednesday, June 17 Wednesday, June 24 Wednesday, July 1 Wednesday, July 8 Wednesday, July 15 Wednesday, July 22 Wednesday, July 29 Wednesday, August 5 Wednesday, August 12 Wednesday, August 19 Wednesday, August 26 Wednesday, September 2 Wednesday, September 9 Wednesday, September 16 Wednesday, September 23 Wednesday, September 30 Wednesday, October 7 Wednesday, October 14 Wednesday, October 21 Wednesday, October 28 Wednesday, November 4 Wednesday, November 11 Wednesday, November 18 Wednesday, November 25 Wednesday, December 2 Wednesday, December 9 Wednesday, December 16 Wednesday, December 23 Wednesday, December 30 Wednesday, January 6",https://destinationbryan.com/events/live-music-at-the-owl,event,Downtown Bryan
d1aa5ce48e2bb99206a6,Open Mic Night at The Palace Theater,Enjoy local talent during Open Mic night at The Palace Theater! Everyone is invited to attend and to sign up to get on stage.,The Palace Theater,Entertainment,https://www.destinationbryan.com/events/open-mic-at-the-palace-theater/,destination_bryan_events,The Palace Theater,105 S Main St.,Bryan,2026-05-13 19:00:00,2026-05-13 22:00:00,,open_mic,,Bryan | Downtown Bryan | The Palace Theater,/imager/cmsimages/835735/3rd-Floor-Southern-Degenerates-Band-Playing-First-Friday_91852798b59be8b28fc00edfe4aec23a.jpg,30.6733722,-96.3730496,True,2026-05-11 23:45:03.699009,2026-05-11 23:45:03.699009,"Open Mic Night at The Palace Theater Wednesday, May 13, 2026 7:00 PM – 10:00 PM Recurring Dates 105 S Main St. Bryan, TX 77803 Admission : Free Website Open Mic Night at The Palace Theater The Palace Theater 105 S Main St. Bryan, TX 77803 Details Open in Google Maps Map Save Enjoy local talent during Open Mic night at The Palace Theater! Everyone is invited to attend and to sign up to get on stage. Upcoming Dates Wednesday, May 13 Wednesday, May 20 Wednesday, May 27 Wednesday, June 3 Wednesday, June 10 Wednesday, June 17 Wednesday, June 24 Wednesday, July 1 Wednesday, July 8 Wednesday, July 15 Wednesday, July 22 Wednesday, July 29 Wednesday, August 5 Wednesday, August 12 Wednesday, August 19 Wednesday, August 26 Wednesday, September 2 Wednesday, September 9 Wednesday, September 16 Wednesday, September 23 Wednesday, September 30 Wednesday, October 7 Wednesday, October 14 Wednesday, October 21 Wednesday, October 28 Wednesday, November 4 Wednesday, November 11 Wednesday, November 18 Wednesday, November 25 Wednesday, December 2 Wednesday, December 9 Wednesday, December 16 Wednesday, December 23 Wednesday, December 30 Related The Palace Theater The Palace Theater is an open-air amphitheater in Historic Downtown Bryan, Texas. Home to free, live concerts during First Fridays every month and many other seasonal events, The Palace Theater is a… Learn More >>>",https://destinationbryan.com/events/open-mic-at-the-palace-theater,event,Downtown Bryan
12b6bda2b11a4f49de2e,The Owl Live Music Night,Live Music Night every Wednesday from 7 PM to 10 PM.,The Owl Pub and Grill,Entertainment,https://www.theowlbcs.com/,the_owl_promotions,The Owl Pub and Grill,,Bryan,2026-05-13 19:00:00,2026-05-13 22:00:00,weekly:WE,live_music,,Bryan | Downtown Bryan | The Owl Pub and Grill | live_music,,,,True,2026-05-11 23:46:35.100048,2026-05-11 23:46:35.100048,"The Owl - Pub & Grill Bryan, TX Menu Specials Beer on Tap Contact Careers (979) 314-1955 Sip + Stay late New to Downtown Bryan Serving Pub fare and drinks daily View Menus View Beers on tap Pub + Grill Bring your crew & grab a pint Half-Priced Burgers Every Monday Trivia Night Every Tuesday 8-10 PM Live Music Night Every Wednesday 7-10pm Pint Night Half-Priced Draft Beer Every Thursday Every Sunday All day happy hour & ask about wings! Happy Hour Mon-Fri 4-6pm $5 House Wines $3 Wells $1 Off Draft Beers $1 Off Espresso Martinis $5 House Wines $3 Wells $1 Off Draft Beers $1 Off Espresso Martinis We are hiring Looking for a career at The Owl? Careers Hours mon-wed 3PM - 12AM Thurs-FRI ‍ 3PM - 2AM ‍ Sat 11AM - 2AM Sun 11AM - 12AM Contact Don’t just read about us. Get on down to the pub for a drink and some pub grub! (979) 314-1955 Location 315 South Main Street, Bryan, Texas 77803 Directions Directions 315 South Main Street, Bryan, Texas 77803 (979) 314-1955 Follow Us Instagram Facebook The Owl Pub & Grill ©2025 Privacy Policy Site By Drift",https://theowlbcs.com/,event,Downtown Bryan
60f9b44dcae13b4f2c27,Trivia At Blackwater Draw Brewing Co.,Join in weekly trivia at Blackwater Brewing Co.!,Blackwater Draw Brewing Co.,Social,https://www.destinationbryan.com/events/trivia-at-blackwater-draw-brewing-co/,destination_bryan_events,Blackwater Draw Brewing Co.,701 North Main Street,Bryan,2026-05-13 19:00:00,2026-05-13 22:30:00,,trivia,,Bryan | Downtown Bryan | Blackwater Draw Brewing Co.,/imager/cmsimages/514063/black-water-draw-small_91852798b59be8b28fc00edfe4aec23a.jpg,30.6795245,-96.3722721,True,2026-05-11 23:45:04.721808,2026-05-11 23:45:04.721808,"Trivia At Blackwater Draw Brewing Co. Wednesday, May 13, 2026 7:00 PM – 10:30 PM Recurring Dates 701 North Main Street Bryan, Texas 77803 (979) 704-6191 Admission : Free Website Email Trivia At Blackwater Draw Brewing Co. Blackwater Draw Brewing Co. 701 North Main Street Bryan, Texas 77803 Details Open in Google Maps Map Save Join in weekly trivia at Blackwater Brewing Co.! Upcoming Dates Wednesday, May 13 Wednesday, May 20 Wednesday, May 27 Wednesday, June 3 Wednesday, June 10 Wednesday, June 17 Wednesday, June 24 Wednesday, July 1 Wednesday, July 8 Wednesday, July 15 Wednesday, July 22 Wednesday, July 29 Wednesday, August 5 Wednesday, August 12 Wednesday, August 19 Wednesday, August 26 Wednesday, September 2 Wednesday, September 9 Wednesday, September 16 Wednesday, September 23 Wednesday, September 30 Wednesday, October 7 Wednesday, October 14 Wednesday, October 21 Wednesday, October 28 Wednesday, November 4 Wednesday, November 11 Wednesday, November 18 Wednesday, November 25 Wednesday, December 2 Wednesday, December 9 Wednesday, December 16 Wednesday, December 23 Wednesday, December 30 Wednesday, January 6 Related Blackwater Draw Brewery Blackwater Draw is a brewery nestled at the north end of Main Street in Historic Downtown Bryan with an accompanying food truck. This Downtown Bryan staple features indoor + outdoor seating, and… Learn More >>>",https://destinationbryan.com/events/trivia-at-blackwater-draw-brewing-co,event,Downtown Bryan
8bdec80a88aaa9a8cec7,Karaoke at Carney's Pub,"Don't miss weekly karaoke at Carney's Pub, kicking off around 9PM after trivia!",Carney's Pub,Social,https://www.destinationbryan.com/events/karaoke-at-carneys-pub/,destination_bryan_events,Carney's Pub,3410 South College Avenue,Bryan,2026-05-13 21:00:00,2026-05-13 23:30:00,,trivia,,Bryan | Carney's Pub,/imager/cmsimages/561583/carneys-rainbow_91852798b59be8b28fc00edfe4aec23a.jpeg,,,True,2026-05-11 23:45:06.740579,2026-05-11 23:45:06.740579,"Karaoke at Carney's Pub Wednesday, May 13, 2026 9:00 PM – 11:30 PM Recurring Dates 3410 South College Avenue Bryan, TX 77801 (979) 823-1294 Admission : Free Entry Email Karaoke at Carney's Pub Carney's Pub 3410 South College Avenue Bryan, TX 77801 Details Open in Google Maps Map Save Don't miss weekly karaoke at Carney's Pub, kicking off around 9PM after trivia! Upcoming Dates Wednesday, May 13 Wednesday, May 20 Wednesday, May 27 Wednesday, June 3 Wednesday, June 10 Wednesday, June 17 Wednesday, June 24 Wednesday, July 1 Wednesday, July 8 Wednesday, July 15 Wednesday, July 22 Wednesday, July 29 Wednesday, August 5 Wednesday, August 12 Wednesday, August 19 Wednesday, August 26 Wednesday, September 2 Wednesday, September 9 Wednesday, September 16 Wednesday, September 23 Wednesday, September 30 Wednesday, October 7 Wednesday, October 14 Wednesday, October 21 Wednesday, October 28 Wednesday, November 4 Wednesday, November 11 Wednesday, November 18 Wednesday, November 25 Wednesday, December 2 Wednesday, December 9 Wednesday, December 16 Wednesday, December 23 Wednesday, December 30 Wednesday, January 6 Related Carney's Pub An American, Traditional Pub & Grill serving craft beers, cocktails, tacos, burgers, and more! Carney's has over 50 beers on tap and the largest outdoor TV screen in Bryan, Texas. There's plenty… Learn More >>>",https://destinationbryan.com/events/karaoke-at-carneys-pub,event,Bryan
33c6ee157c8a4e143c3a,Open Mic at The 101,"Listen to local musicians during Open Mic night at The 101, every Wednesday night at 9PM. The 101 is an ice-house-style bar, located in a fully renovated",,Entertainment,https://www.destinationbryan.com/events/open-mic-at-the-101/,destination_bryan_events,,101 South Texas Avenue,Bryan,2026-05-13 21:00:00,2026-05-13 23:30:00,weekly:WE,open_mic,,Bryan | Downtown Bryan,/imager/cmsimages/999015/Hullabaloo-Music-Fest-2023_Destination-Bryan-085-large_91852798b59be8b28fc00edfe4aec23a.jpg,,,True,2026-05-11 23:44:55.654107,2026-05-11 23:44:55.654107,"Open Mic at The 101 Wednesday, May 13, 2026 9:00 PM – 11:30 PM Recurring Dates 101 South Texas Avenue Bryan, TX 77803 (979) 485-2811 Admission : Free Email Open Mic at The 101 The 101 101 South Texas Avenue Bryan, TX 77803 Details Open in Google Maps Map Save Listen to local musicians during Open Mic night at The 101, every Wednesday night at 9PM. The 101 is an ice-house-style bar, located in a fully renovated former service station in Historic Downtown Bryan. Upcoming Dates Wednesday, May 13 Wednesday, May 20 Wednesday, May 27 Wednesday, June 3 Wednesday, June 10 Wednesday, June 17 Wednesday, June 24 Wednesday, July 1 Wednesday, July 8 Wednesday, July 15 Wednesday, July 22 Wednesday, July 29 Wednesday, August 5 Wednesday, August 12 Wednesday, August 19 Wednesday, August 26 Wednesday, September 2 Wednesday, September 9 Wednesday, September 16 Wednesday, September 23 Wednesday, September 30 Wednesday, October 7 Wednesday, October 14 Wednesday, October 21 Wednesday, October 28 Wednesday, November 4 Wednesday, November 11 Wednesday, November 18 Wednesday, November 25 Wednesday, December 2 Wednesday, December 9 Wednesday, December 16 Wednesday, December 23 Wednesday, December 30 Related The 101 The 101 is an ice-house-style bar, located in a fully renovated former service station in Historic Downtown Bryan. They’ve got an extensive beer list and great mixed drinks! It’s a great space… Learn More >>>",https://destinationbryan.com/events/open-mic-at-the-101,event,Downtown Bryan
2208862904abab9ad7d6,POV Coffee House Trivia Night,"Join us at POV Coffee House for a fun filled Trivia Night! Test your knowledge of Pop Culture, Science, Literature, Movies, and Sports while sipping on one of",POV Coffee House,Social,https://www.destinationbryan.com/events/pov-coffee-house-trivia-night-2/,destination_bryan_events,POV Coffee House,4114 Lake Atlas Dr,Bryan,2026-05-14 00:00:00-05:00,2026-05-14 23:59:59-05:00,,trivia,,Bryan | POV Coffee House,/imager/cmsimages/1377524/POV-trivia-night_91852798b59be8b28fc00edfe4aec23a.png,,,True,2026-05-11 23:45:35.002488,2026-05-11 23:45:35.002488,"POV Coffee House Trivia Night Thursday, May 14, 2026 4114 Lake Atlas Dr Bryan, TX 77807 Email POV Coffee House Trivia Night 4114 Lake Atlas Dr Bryan, TX 77807 Details Open in Google Maps Map Save Join us at POV Coffee House for a fun filled Trivia Night! Test your knowledge of Pop Culture, Science, Literature, Movies, and Sports while sipping on one of our five new, Spring-inspired coffee drinks. Bring your friends, grab a coffee, and get ready to test your knowledge! Related POV Located right next to The Stella Hotel, POV offers fresh muffins, croissants, kolaches, sandwiches, and snacks that pair perfectly with their various specialty coffees. Learn More >>>",https://destinationbryan.com/events/pov-coffee-house-trivia-night-2,event,Bryan
485e4c3407dfc1c93c11,Office of The Dean Live Music: Molly McDonald,"Experience live music at the Office of The Dean featuring country singer Molly McDonald, bringing heartfelt vocals and authentic country style to College",,Entertainment,https://visit.cstx.gov/events/office-of-the-dean-live-music-molly-mcdonald/,visit_cstx_events,,Office of The Dean Live Music: Molly McDonald,College Station,2026-05-14 18:00:00-05:00,2026-05-14 21:00:00-05:00,,live_music,,College Station,https://visit.cstx.gov/imager/files_idss_com/C485/775a2748-b9ad-4ec0-9b58-6b2b5293e7c6_91852798b59be8b28fc00edfe4aec23a.png,,,True,2026-05-11 23:44:00.431983,2026-05-11 23:44:00.431983,"Office of The Dean Live Music: Molly McDonald Go To Website Save Office of The Dean Live Music: Molly McDonald 801 University Dr. E College Station, Texas 77840 United States Details Open in Google Maps Map May 14, 2026 6:00 PM – 9:00 PM Office of The Dean Live Music: Molly McDonald Office of The Dean 801 University Dr. E College Station, Texas 77840 Overview Experience live music at the Office of The Dean featuring country singer Molly McDonald, bringing heartfelt vocals and authentic country style to College Station. Don’t miss this incredible night of live country music! Round up your friends and join us for great tunes and good times.",https://visit.cstx.gov/events/office-of-the-dean-live-music-molly-mcdonald,event,College Station
2a1a2859ff61e8c2b41e,Trivia on The Green,"Everyone’s favorite Thursday night pastime is here! Come out to Century Square every Thursday evening for TRIVIA NIGHT, starting at 7 PM! Have fun and win prizes by competing with your friends each week to answer questions about sports, history, and music, as well as specific categories like cartoons, architecture, fashion, and more. The more you know, the more you win! Grab a bite to eat and something to drink from one of the surrounding restaurants, and head out to The Green to get your trivia on. This event is free and open to the public.",Century Square,Social,https://www.century-square.com/events/detail/trivia-on-the-green1132222,century_square_events,Century Square - College Station,75 Century Square Dr,College Station,2026-05-14 19:00:00,2026-05-14 21:00:00,weekly:TH,trivia,,Century Square | College Station,https://www.century-square.com/uploads/img/events/Trivia_Night_website_event_Header.png,,,True,2026-05-11 23:46:33.934737,2026-05-11 23:46:33.934737,"Trivia on The Green Trivia Night returns to Century Square every Thursday evening in the Spring! Free entry, fun prizes, and surrounded by good food and brews. Follow along on our Facebook and Instagram for themes and weather updates! Everyone’s favorite Thursday night pastime is here! Come out to Century Square every Thursday evening for TRIVIA NIGHT, starting at 7 PM! Have fun and win prizes by competing with your friends each week to answer questions about sports, history, and music, as well as specific categories like cartoons, architecture, fashion, and more. The more you know, the more you win! Grab a bite to eat and something to drink from one of the surrounding restaurants, and head out to The Green to get your trivia on. This event is free and open to the public.",https://century-square.com/events/detail/trivia-on-the-green1132222,event,Century Square
a15df2f909c0bcc6ebc5,Reveille Rooftop Bar Live Music: Dallas Shipp,Enjoy the sounds of classic Texas style music with artist Dallas Shipp at Reveille Rooftop Bar while you snack on great apps and craft cocktails.,,Entertainment,https://visit.cstx.gov/events/reveille-rooftop-bar-live-music-dallas-shipp/,visit_cstx_events,,Reveille Rooftop Bar Live Music: Dallas Shipp,College Station,2026-05-14 19:00:00-05:00,2026-05-14 22:00:00-05:00,,live_music,,College Station,https://visit.cstx.gov/imager/files_idss_com/C485/8f3cf697-deb7-493f-a55c-07e8f3e7c3d4_91852798b59be8b28fc00edfe4aec23a.png,,,True,2026-05-11 23:44:01.474175,2026-05-11 23:44:01.474175,"Reveille Rooftop Bar Live Music: Dallas Shipp Go To Website Save Reveille Rooftop Bar Live Music: Dallas Shipp 801 University Dr. E College Station, Texas 77840 United States Details Open in Google Maps Map May 14, 2026 7:00 PM – 10:00 PM Reveille Rooftop Bar Live Music: Dallas Shipp Reveille Rooftop Bar 801 University Dr. E College Station, Texas 77840 Overview Enjoy the sounds of classic Texas style music with artist Dallas Shipp at Reveille Rooftop Bar while you snack on great apps and craft cocktails.",https://visit.cstx.gov/events/reveille-rooftop-bar-live-music-dallas-shipp,event,College Station
0f885e7eaf9251fcfc62,Karaoke at The Angry Elephant,Sing your heart out during Karaoke at The Angry Elephant!,The Angry Elephant,Entertainment,https://www.destinationbryan.com/events/karaoke-at-the-angry-elephant/,destination_bryan_events,The Angry Elephant,4282 Boonville Road,Bryan,2026-05-14 21:00:00,2026-05-14 23:00:00,,event,,Bryan | The Angry Elephant,/imager/cmsimages/1303588/abstral-official-R0_XqZ5x_AQ-unsplash_91852798b59be8b28fc00edfe4aec23a.jpg,30.6618245,-96.3034614,True,2026-05-11 23:45:07.754738,2026-05-11 23:45:07.754738,"Karaoke at The Angry Elephant Thursday, May 14, 2026 9:00 PM – 11:00 PM Recurring Dates (979) 485-2450 Admission : Free Website Karaoke at The Angry Elephant 4282 Boonville Rd Bryan, Texas 77802 Details Open in Google Maps Map Save Sing your heart out during Karaoke at The Angry Elephant ! Upcoming Dates Thursday, May 14 Thursday, May 21 Thursday, May 28 Thursday, June 4 Thursday, June 11 Thursday, June 18 Thursday, June 25 Thursday, July 2 Thursday, July 9 Thursday, July 16 Thursday, July 23 Thursday, July 30 Thursday, August 6 Thursday, August 13 Thursday, August 20 Thursday, August 27 Thursday, September 3 Thursday, September 10 Thursday, September 17 Thursday, September 24 Thursday, October 1 Thursday, October 8 Thursday, October 15 Thursday, October 22 Thursday, October 29 Thursday, November 5 Thursday, November 12 Thursday, November 19 Thursday, November 26 Thursday, December 3 Thursday, December 10 Thursday, December 17 Thursday, December 24 Thursday, December 31 Thursday, January 7 Related The Angry Elephant A politically themed, high end cocktail bar with some of the best hot dogs you’ll ever have! Learn More >>>",https://destinationbryan.com/events/karaoke-at-the-angry-elephant,event,Bryan
64c711984f07b96e46bb,Lake Walk Run Club,"Lake Walk Run Club meets every Friday at 6:30 am at the Lake Walk Pavilion. The Lake Walk Run Club is open to all runners, from beginners to seasoned athletes.",Lake Walk Pavilion,Health & Wellness,https://www.destinationbryan.com/events/lake-walk-run-club/,destination_bryan_events,Lake Walk Pavilion,4107 Lake Atlas Dr,Bryan,2026-05-15 06:30:00,2026-05-15 07:30:00,weekly:FR,fitness,,Bryan | Lake Walk Pavilion,/imager/cmsimages/1308515/Satterfieldgroup-LW-Run-Club-Mckinlee-01_91852798b59be8b28fc00edfe4aec23a.jpg,,,True,2026-05-11 23:45:12.815884,2026-05-11 23:45:12.815884,"Lake Walk Run Club Friday, May 15, 2026 6:30 AM – 7:30 AM Recurring Dates 4107 Lake Atlas Dr Bryan, TX 77807 Admission : Free Website Email Lake Walk Run Club 4107 Lake Atlas Dr Bryan, TX 77807 Details Open in Google Maps Map Save Lake Walk Run Club meets every Friday at 6:30 am at the Lake Walk Pavilion. The Lake Walk Run Club is open to all runners, from beginners to seasoned athletes. This social run club is designed for locals to connect, enjoy a group run, and gather for coffee afterwards at POV Coffee House. We will focus on building a welcoming and supportive community, while encouraging a healthy and active lifestyle at Lake Walk. Upcoming Dates Friday, May 15 Friday, May 22 Friday, May 29 Friday, June 5 Friday, June 12 Friday, June 19 Friday, June 26 Friday, July 3 Friday, July 10 Friday, July 17 Friday, July 24 Friday, July 31 Friday, August 7 Friday, August 14 Friday, August 21 Friday, August 28 Friday, September 4 Friday, September 11 Friday, September 18 Friday, September 25 Friday, October 2 Friday, October 9 Friday, October 16 Friday, October 23 Friday, October 30 Friday, November 6 Friday, November 13 Friday, November 20 Friday, November 27 Friday, December 4 Friday, December 11 Friday, December 18 Friday, December 25 Friday, January 1 Friday, January 8 Friday, January 15 Friday, January 22 Friday, January 29 Friday, February 5 Related Lake Walk Designed to engage and inspire, Lake Walk is Bryan-College Station’s emerging hub of technology and innovation.Focused on cultivating community through meaningful experiences and memorable connections, Lake Walk is ever growing and ever… Learn More >>>",https://destinationbryan.com/events/lake-walk-run-club,event,Bryan
538241942559e9266d1a,Music Play at St. Andrew's Episcopal Church,"Music Play with Ms. Patty is designed for children ages newborn to 5 years and their parents, grandparents, or caregivers. The class is free and open to the",St. Andrew's Episcopal Church,Miscellaneous,https://www.destinationbryan.com/events/music-play-st-andrews-church/,destination_bryan_events,St. Andrew's Episcopal Church,217 W. 26th St.,Bryan,2026-05-15 09:30:00,2026-05-15 10:15:00,,event,,Bryan | St. Andrew's Episcopal Church | Downtown Bryan,/imager/cmsimages/1069277/June-First-Friday_Destination-Bryan-001-large_91852798b59be8b28fc00edfe4aec23a.jpg,30.6735572,-96.3748064,True,2026-05-11 23:44:58.785509,2026-05-11 23:44:58.785509,"Music Play at St. Andrew's Episcopal Church Friday, May 15, 2026 9:30 AM – 10:15 AM Recurring Dates 217 W. 26th St. Bryan, TX 77803 (979) 822-5176 Admission : Free Website Email Music Play at St. Andrew's Episcopal Church St. Andrew's Episcopal Church 217 W. 26th St. Bryan, TX 77803 Details Open in Google Maps Map Save Music Play with Ms. Patty is designed for children ages newborn to 5 years and their parents, grandparents, or caregivers. The class is free and open to the community every Friday at 9:30 a.m. A typical class included singing songs, keeping rhythm with music sticks, and twirling around with colorful scarves. These activities are a great reminder of the joy of singing, dancing, and playing music. For your first class, RSVP by contacting Ms. Patty at pbcreel@gmail.com . Upcoming Dates Friday, May 15 Friday, May 22 Friday, May 29 Related St. Andrew's Episcopal Church Learn More >>>",https://destinationbryan.com/events/music-play-st-andrews-church,event,Downtown Bryan
df15d07f6f230888860a,Maroon & White Night in Historic Downtown Bryan,"Join us for Maroon & White Night in Historic Downtown Bryan on the third Friday of every month to enjoy an evening filled with live entertainment, local",Historic Downtown Bryan,Miscellaneous,https://www.destinationbryan.com/events/maroon-and-white-night-in-historic-downtown-bryan/,destination_bryan_events,Historic Downtown Bryan,120 S Main St,Bryan,2026-05-15 14:00:00,2026-05-15 15:00:00,weekly:FR,event,,Bryan | Downtown Bryan | Historic Downtown Bryan,/imager/cmsimages/1329195/54083351239_44addb0fe6_k_91852798b59be8b28fc00edfe4aec23a.jpg,,,True,2026-05-11 23:45:13.813077,2026-05-11 23:45:13.813077,"Maroon & White Night in Historic Downtown Bryan Friday, May 15, 2026 2:00 PM – 3:00 PM Recurring Dates 120 S Main St Bryan, TX 77803 (979) 209-5000 Admission : Free Website Maroon & White Night in Historic Downtown Bryan Historic Downtown Bryan 120 S Main St Bryan, TX 77803 Details Open in Google Maps Map Save Join us for Maroon & White Night in Historic Downtown Bryan on the third Friday of every month to enjoy an evening filled with live entertainment, local cuisine, unique bars and eclectic shops. Texas A&M employees and retirees can enjoy exclusive discounts at participating businesses just by showing their employee ID or business card. Visit bryantx.gov/maroonwhitenight for specials and activities. Upcoming Dates Friday, May 15 Friday, June 19 Friday, July 17 Friday, August 21 Friday, September 18 Friday, October 16 Friday, November 20 Friday, December 18",https://destinationbryan.com/events/maroon-and-white-night-in-historic-downtown-bryan,event,Downtown Bryan
e6e096004e327f86e3cd,College Night at Zoomz Entertainment,College Night is every Friday! Current college students get $5 off any 68cal paintball package with valid ID. We’re also running Walk-On GellyBall for $30 per,Zoomz Entertainment,Miscellaneous,https://www.destinationbryan.com/events/college-night-at-zoomz-entertainment/,destination_bryan_events,Zoomz Entertainment,4766 Linda Ln,Bryan,2026-05-15 17:00:00,2026-05-15 21:00:00,weekly:FR,discount,,Bryan | Zoomz Entertainment,/imager/cmsimages/1303969/1000003120_91852798b59be8b28fc00edfe4aec23a.png,,,True,2026-05-11 23:45:10.767817,2026-05-11 23:45:10.767817,"College Night at Zoomz Entertainment Friday, May 15, 2026 5:00 PM – 9:00 PM Recurring Dates 4766 Linda Ln Bryan, TX 77807 (979) 777-3847 Website Email College Night at Zoomz Entertainment Zoomz Entertainment 4766 Linda Ln Bryan, TX 77807 Details Open in Google Maps Map Save College Night is every Friday! Current college students get $5 off any 68cal paintball package with valid ID. We’re also running Walk-On GellyBall for $30 per person and Walk-On 50cal paintball all night long. Grab your friends, suit up, and start the weekend with battle! Upcoming Dates Friday, May 15 Friday, May 22 Friday, May 29 Friday, June 5 Friday, June 12 Friday, June 19 Friday, June 26 Friday, July 3 Friday, July 10 Friday, July 17 Friday, July 24 Friday, July 31 Friday, August 7 Friday, August 14 Friday, August 21 Friday, August 28 Friday, September 4 Friday, September 11 Friday, September 18 Friday, September 25 Friday, October 2 Friday, October 9 Friday, October 16 Friday, October 23 Friday, October 30 Friday, November 6 Friday, November 13 Friday, November 20 Friday, November 27 Friday, December 4 Friday, December 11 Friday, December 18 Friday, December 25 Friday, January 1 Friday, January 8 Related Zoomz Paintball Offering paintball, airsoft, and laser tag courses this attraction is fun and safe for the whole family! Learn More >>>",https://destinationbryan.com/events/college-night-at-zoomz-entertainment,event,Bryan
fc05eae5a14b8d736a65,"""Top Gun"" at The Queen Theatre","Enjoy a movie at The Queen Theatre in Historic Downtown Bryan. This historic theatre opened in 1939 as one of the finest movie houses in Texas. Today, it's",The Queen Theatre,Miscellaneous,https://www.destinationbryan.com/events/top-gun-at-the-queen-theatre/,destination_bryan_events,The Queen Theatre,110 South Main Street,Bryan,2026-05-15 18:00:00,2026-05-15 20:30:00,,event,,Bryan | Downtown Bryan | The Queen Theatre,/imager/cmsimages/450570/The-Queen_91852798b59be8b28fc00edfe4aec23a.jpg,30.6732433,-96.3737987,True,2026-05-11 23:45:36.029638,2026-05-11 23:45:36.029638,"""Top Gun"" at The Queen Theatre Friday, May 15, 2026 6:00 PM – 8:30 PM Recurring Dates 110 South Main Street Bryan, TX 77803 (979) 721-9978 Admission : $11 Website Buy Tickets ""Top Gun"" at The Queen Theatre The Queen Theatre 110 South Main Street Bryan, TX 77803 Details Open in Google Maps Map Save Enjoy a movie at The Queen Theatre in Historic Downtown Bryan. This historic theatre opened in 1939 as one of the finest movie houses in Texas. Today, it's been reborn to live up to that standard again. The Queen Theatre is an intimate movie theater with comfortable reclining chairs and a full-service kitchen. Here, you can sit back, relax, and enjoy new Blockbuster hits and classic favorite films throughout the year. About Top Gun : For Lieutenant Pete 'Maverick' Mitchell and his friend and co-pilot Nick 'Goose' Bradshaw, being accepted into an elite training school for fighter pilots is a dream come true. But a tragedy, as well as personal demons, will threaten Pete's dreams of becoming an ace pilot. Movie times vary. Check The Queen's website for movie times. Upcoming Dates Saturday, May 16 Sunday, May 17 Related The Queen Theatre Learn More >>>",https://destinationbryan.com/events/top-gun-at-the-queen-theatre,event,Downtown Bryan
962362d0be9190382041,"""Top Gun Maverick"" at The Queen Theatre","Enjoy a movie at The Queen Theatre in Historic Downtown Bryan. This historic theatre opened in 1939 as one of the finest movie houses in Texas. Today, it's",The Queen Theatre,Miscellaneous,https://www.destinationbryan.com/events/top-gun-maverick-at-the-queen-theatre/,destination_bryan_events,The Queen Theatre,110 South Main Street,Bryan,2026-05-15 18:00:00,2026-05-15 20:30:00,,event,,Bryan | Downtown Bryan | The Queen Theatre,/imager/cmsimages/450570/The-Queen_91852798b59be8b28fc00edfe4aec23a.jpg,30.6732433,-96.3737987,True,2026-05-11 23:45:37.028058,2026-05-11 23:45:37.028058,"""Top Gun Maverick"" at The Queen Theatre Friday, May 15, 2026 6:00 PM – 8:30 PM Recurring Dates 110 South Main Street Bryan, TX 77803 (979) 721-9978 Admission : $11 Website Buy Tickets ""Top Gun Maverick"" at The Queen Theatre The Queen Theatre 110 South Main Street Bryan, TX 77803 Details Open in Google Maps Map Save Enjoy a movie at The Queen Theatre in Historic Downtown Bryan. This historic theatre opened in 1939 as one of the finest movie houses in Texas. Today, it's been reborn to live up to that standard again. The Queen Theatre is an intimate movie theater with comfortable reclining chairs and a full-service kitchen. Here, you can sit back, relax, and enjoy new Blockbuster hits and classic favorite films throughout the year. About Top Gun Maverick : After more than thirty years of service as one of the Navy's top aviators, Pete Mitchell is where he belongs, pushing the envelope as a courageous test pilot and dodging the advancement in rank that would ground him. Movie times vary. Check The Queen's website for movie times. Upcoming Dates Saturday, May 16 Sunday, May 17 Tuesday, May 19 Related The Queen Theatre Learn More >>>",https://destinationbryan.com/events/top-gun-maverick-at-the-queen-theatre,event,Downtown Bryan
361371ef63dd299b9c1f,Twilight in the Vines at Messina Hof Winery,"Step into the magic of golden hour at our vineyard, where the sunlight dances across the rows of vines and twinkly lights begin to glow, creating the perfect",Messina Hof Estate Winery,Food,https://www.destinationbryan.com/events/twilight-in-the-vines-at-messina-hof-winery/,destination_bryan_events,Messina Hof Estate Winery,4545 Old Reliance Road,Bryan,2026-05-15 18:30:00,2026-05-15 20:00:00,,event,,Bryan | Messina Hof Estate Winery,https://iti-images.s3.amazonaws.com/events/079d5c9b-c8de-a0eb-b238-b240b165ec6f.webp,,,True,2026-05-11 23:45:23.889082,2026-05-11 23:45:23.889082,"Twilight in the Vines at Messina Hof Winery Friday, May 15, 2026 6:30 PM – 8:00 PM Recurring Dates 4545 Old Reliance Road Bryan, TX 77808 Admission : $99 Website Buy Tickets Email Twilight in the Vines at Messina Hof Winery Messina Hof Estate Winery 4545 Old Reliance Road Bryan, TX 77808 Details Open in Google Maps Map Save Step into the magic of golden hour at our vineyard, where the sunlight dances across the rows of vines and twinkly lights begin to glow, creating the perfect backdrop for an unforgettable experience. What Your Ticket Includes Your experience includes one bottle of our award-winning Texas wine for every two (2) guests. A thoughtfully curated artisan food box made for two (2), featuring elevated flavors and carefully selected treats that pair beautifully with our handpicked wines. Upcoming Dates Friday, May 15 Saturday, May 16 Friday, May 22 Saturday, May 23 Friday, May 29 Saturday, May 30 Related Messina Hof Winery and Resort Founded in 1977, Messina Hof Winery merges Old World hospitality, New World ambition, and the potential of Texas grapes. Recognized as one of the most-award winning wineries in the state, Messina Hof's… Learn More >>>",https://destinationbryan.com/events/twilight-in-the-vines-at-messina-hof-winery,event,Bryan
5dd9f2ff10a20cf5683a,Front Porch Live Music,"Join us every weekend for an evening of live music on The Front Porch at Century Square. A feel-good live music series with a tribute to Robert Earl Keen and Lyle Lovett, two Aggies finding their voice on their old front porch in College Station, Texas. Enjoy music underneath the twinkling lights on The Green or from the patio of a nearby restaurant! Artists’ line-up will include solos + duos made up of students and locals alike who are making their name in our city. With dinner and drinks within arm’s reach, we welcome you to grab your favorite people, take a seat, take a sip, and enjoy a relaxed night in the heart of College Station. Friday & Saturday: 7 - 10 PM Sundays (Grace on The Green): 6 - 8 PM",Century Square,Entertainment,https://www.century-square.com/events/detail/century-square-live-music32,century_square_events,Century Square - College Station,75 Century Square Dr,College Station,2026-05-15 19:00:00,2026-05-15 22:00:00,"weekly:FR,SA",live_music,,Century Square | College Station,https://www.century-square.com/uploads/img/events/210610838_835418167079218_271472575267163116_n_1.jpg,,,True,2026-05-11 23:46:33.970738,2026-05-11 23:46:33.970738,"Front Porch Live Music Enjoy live music by local musicians every Friday & Saturday on The Front Porch from 7 - 10 PM. Join us every weekend for an evening of live music on The Front Porch at Century Square. A feel-good live music series with a tribute to Robert Earl Keen and Lyle Lovett, two Aggies finding their voice on their old front porch in College Station, Texas. Enjoy music underneath the twinkling lights on The Green or from the patio of a nearby restaurant! Artists’ line-up will include solos + duos made up of students and locals alike who are making their name in our city. With dinner and drinks within arm’s reach, we welcome you to grab your favorite people, take a seat, take a sip, and enjoy a relaxed night in the heart of College Station. Friday & Saturday: 7 - 10 PM Sundays (Grace on The Green): 6 - 8 PM",https://century-square.com/events/detail/century-square-live-music32,event,Century Square
3d3f7c54f5b113e0baaf,Live Music at Cadillac Ranch,Head to Cadillac Ranch Bar & Grill for live music and scenic views on Lake Bryan every Friday and Saturday! May 8 — Travis Turner AcousticMay 9 — 4740 Band,Cadillac Ranch Bar & Grill,Entertainment,https://www.destinationbryan.com/events/live-music-at-cadillac-ranch-2/,destination_bryan_events,Cadillac Ranch Bar & Grill,8200 Sandy Point Road,Bryan,2026-05-15 19:00:00,2026-05-15 22:00:00,"weekly:FR,SA",live_music,,Bryan | Cadillac Ranch Bar & Grill,/imager/cmsimages/1138664/Screen-Shot-2024-03-22-at-9.34.35-AM_91852798b59be8b28fc00edfe4aec23a.png,,,True,2026-05-11 23:44:57.679787,2026-05-11 23:44:57.679787,"Live Music at Cadillac Ranch Friday, May 15, 2026 7:00 PM – 10:00 PM Recurring Dates 8200 Sandy Point Road Bryan, TX 77807 Website Live Music at Cadillac Ranch Cadillac Ranch Bar & Grill 8200 Sandy Point Road Bryan, TX 77807 Details Open in Google Maps Map Save Head to Cadillac Ranch Bar & Grill for live music and scenic views on Lake Bryan every Friday and Saturday! May 8 — Travis Turner Acoustic May 9 — 4740 Band May 15 — Alex Nicolas Acoustic May 16 — Donovan Amaya Band May 22 — Chase Delao Acoustic May 23 — Noah Derrick Band May 29 — Faith Wilgo Acoustic May 30 — Justin Sanders Band Upcoming Dates Friday, May 15 Saturday, May 16 Friday, May 22 Saturday, May 23 Friday, May 29 Saturday, May 30 Related Cadillac Ranch Bar & Grill Entertainment Venue / Lakeside Bar & Grill at Lake Bryan! At this Veteran-Owned Bar & Grill, patrons can enjoy live music, DJ's and dancing with a beautiful lake view! Head to Cadillac… Learn More >>>",https://destinationbryan.com/events/live-music-at-cadillac-ranch-2,event,Bryan
4644d04dd500cde805ed,The Brad Leali Jazz Ensemble at Saint Andrew’s,The Plass Recital Series presents an unforgettable evening of music on May 15 at 7:00 p.m. at Saint Andrew’s Episcopal Church. The sensitive and sophisticated,Saint Andrew's Episcopal Church,Miscellaneous,https://www.destinationbryan.com/events/the-brad-leali-jazz-ensemble-featuring-carla-helmbrecht/,destination_bryan_events,Saint Andrew's Episcopal Church,217 W. 26th Street,Bryan,2026-05-15 19:00:00,2026-05-15 20:30:00,,event,,Bryan | Saint Andrew's Episcopal Church | Downtown Bryan,/imager/cmsimages/1364960/May-2026-Plass-Recital_91852798b59be8b28fc00edfe4aec23a.jpg,30.6735572,-96.3748064,True,2026-05-11 23:45:39.142833,2026-05-11 23:45:39.142833,"The Brad Leali Jazz Ensemble at Saint Andrew’s Friday, May 15, 2026 7:00 PM – 8:30 PM 217 W. 26th Street Bryan, TX 77803 (979) 822-5176 Admission : Free Email The Brad Leali Jazz Ensemble at Saint Andrew’s Saint Andrew's Episcopal Church 217 W. 26th Street Bryan, TX 77803 Details Open in Google Maps Map Save The Plass Recital Series presents an unforgettable evening of music on May 15 at 7:00 p.m. at Saint Andrew’s Episcopal Church. The sensitive and sophisticated vocal stylings of Carla Helmbrecht pair beautifully with the soulful, blues- and swing-influenced sound of the Brad Leali Jazz Ensemble. Together, they bring new life to classic jazz standards and original works, blending historical influences with fresh, modern arrangements. This dynamic collaboration will be joined by a world-class trio: Claus Raible (piano), Andrew Griffith (drums), and Henry Beal (bass). Related St. Andrew's Episcopal Church Learn More >>>",https://destinationbryan.com/events/the-brad-leali-jazz-ensemble-featuring-carla-helmbrecht,event,Downtown Bryan
112e3cc0b853dc8577cc,Stage 12 Live Music: Charlie Weyler,"Join us at Stage 12 for free live music, great company, and a relaxing atmosphere. Each week features a different local artist, so there’s always something new",,Entertainment,https://visit.cstx.gov/events/stage-12-live-music-charlie-weyler/,visit_cstx_events,,Stage 12 Live Music: Charlie Weyler,College Station,2026-05-15 19:00:00-05:00,2026-05-15 21:00:00-05:00,,live_music,,College Station,https://visit.cstx.gov/imager/files_idss_com/C485/cd6ec7d2-7e0b-47a0-bc91-0101ce1aaee0_91852798b59be8b28fc00edfe4aec23a.jpg,,,True,2026-05-11 23:44:02.446242,2026-05-11 23:44:02.446242,"Stage 12 Live Music: Charlie Weyler Go To Website Save Stage 12 Live Music: Charlie Weyler 455 George Bush Dr W Suite 100 College Station, Texas 77840 United States Details Open in Google Maps Map May 15, 2026 7:00 PM – 9:00 PM Stage 12 Live Music: Charlie Weyler Stage 12 455 George Bush Dr W Suite 100 College Station, Texas 77840 Overview Join us at Stage 12 for free live music, great company, and a relaxing atmosphere. Each week features a different local artist, so there’s always something new to enjoy. Come hungry and thirsty—food and drinks will be available for purchase.",https://visit.cstx.gov/events/stage-12-live-music-charlie-weyler,event,College Station
aa304ff9347cd15a5648,Reveille Rooftop Bar Live Music: DJ Franco,Get ready for an unforgettable night at Reveille Rooftop Bar in College Station with DJ Franco. Known for high-energy mixes that get the crowd moving. Enjoy,,Entertainment,https://visit.cstx.gov/events/reveille-rooftop-bar-live-music-dj-franco-3/,visit_cstx_events,,Reveille Rooftop Bar Live Music: DJ Franco,College Station,2026-05-15 20:00:00-05:00,2026-05-15 23:00:00-05:00,,live_music,,College Station,https://visit.cstx.gov/imager/files_idss_com/C485/dc387459-d20e-41fa-9262-0291921a66f2_91852798b59be8b28fc00edfe4aec23a.png,,,True,2026-05-11 23:44:03.475002,2026-05-11 23:44:03.475002,"Reveille Rooftop Bar Live Music: DJ Franco Go To Website Save Reveille Rooftop Bar Live Music: DJ Franco 801 University Dr. E College Station, Texas 77840 United States Details Open in Google Maps Map May 15, 2026 8:00 PM – 11:00 PM Reveille Rooftop Bar Live Music: DJ Franco Reveille Rooftop Bar 801 University Dr. E College Station, Texas 77840 Overview Get ready for an unforgettable night at Reveille Rooftop Bar in College Station with DJ Franco. Known for high-energy mixes that get the crowd moving. Enjoy handcrafted cocktails, sweeping rooftop views, and the perfect soundtrack of hip-hop, top 40, and party hits. Whether you’re looking to dance, socialize, or sip on your favorite drinks, this is one of the best nightlife experiences in College Station. Don’t miss a night of music, fun, and rooftop vibes you’ll be talking about all week!",https://visit.cstx.gov/events/reveille-rooftop-bar-live-music-dj-franco-3,event,College Station
9c60a60312ef0f9586fe,Karaoke at Murphy's Law,Join Murphy's Law for karaoke night every Friday starting around 10PM until close!,Murphy's Law Pub,Entertainment,https://www.destinationbryan.com/events/karaoke-night-at-murphys-law/,destination_bryan_events,Murphy's Law Pub,107 North Main Street,Bryan,2026-05-15 22:00:00,2026-05-15 23:30:00,weekly:FR,event,,Bryan | Murphy's Law Pub | Downtown Bryan,/imager/cmsimages/874880/murphys-karaoke-night-fridays-2024_91852798b59be8b28fc00edfe4aec23a.jpeg,30.6741504,-96.373077,True,2026-05-11 23:45:08.813644,2026-05-11 23:45:08.813644,"Karaoke at Murphy's Law Friday, May 15, 2026 10:00 PM – 11:30 PM Recurring Dates 107 North Main Street Bryan, TX 77803 (979) 775-4014 Admission : Free Email Karaoke at Murphy's Law Murphy's Law Pub 107 North Main Street Bryan, TX 77803 Details Open in Google Maps Map Save Join Murphy's Law for karaoke night every Friday starting around 10PM until close! Upcoming Dates Friday, May 15 Friday, May 22 Friday, May 29 Friday, June 5 Friday, June 12 Friday, June 19 Friday, June 26 Friday, July 3 Friday, July 10 Friday, July 17 Friday, July 24 Friday, July 31 Friday, August 7 Friday, August 14 Friday, August 21 Friday, August 28 Friday, September 4 Friday, September 11 Friday, September 18 Friday, September 25 Friday, October 2 Friday, October 9 Friday, October 16 Friday, October 23 Friday, October 30 Friday, November 6 Friday, November 13 Friday, November 20 Friday, November 27 Friday, December 4 Friday, December 11 Friday, December 18 Friday, December 25 Friday, January 1 Friday, January 8 Related Murphy's Law Pub Murphy's Law is a local hot spot and on the regular features live music, delicious bites, drink specials & more! Enjoy a variety of Irish whiskies and a properly poured Guinness beer… Learn More >>>",https://destinationbryan.com/events/karaoke-night-at-murphys-law,event,Downtown Bryan
3e5fb517a92e21c82121,The Farmers' Market in Brazos County | Bryan Farmers' Market,"Explore The Farmers' Market in Brazos County– a farmers' market in Bryan, Texas. Visit this farmers market in Midtown Park every Saturday!",,Food,https://www.destinationbryan.com/events/the-farmers-market-in-brazos-county/,destination_bryan_events,,206 W Villa Maria Road,Bryan,2026-05-16 08:00:00+00:00,2026-05-16 12:00:00+00:00,weekly:SA,market,,Bryan,/imager/cmsimages/812538/Farmers-Market-Vendor-Handing-Food_91852798b59be8b28fc00edfe4aec23a.jpg,,,True,2026-05-11 23:44:56.680671,2026-05-11 23:44:56.680671,The Farmers' Market in Brazos County | Bryan Farmers' Market | Destination Bryan Skip to content 77° Upcoming Events 0 Saved Navigation,https://destinationbryan.com/events/the-farmers-market-in-brazos-county,event,Bryan
2772011efbc6097e3ada,Intro to Eco-Printing Workshop with Open Studio BCS,"Join us on May 16th for a hands-on eco-printing workshop in partnership with Open Studio BCS. This open-air creative experience invites guests to explore the art of botanical printing using leaves and flowers to create naturally dyed designs on fabric. Open to all ages and experience levels, participants will design and bundle their own cotton bandana, then return after a short break to unwrap their one-of-a-kind piece to find organic patterns shaped by nature. All materials and instruction are included with each ticket. Click the website link below or grab your tickets here.",Century Square,Entertainment,https://www.century-square.com/events/detail/intro-to-eco-printing-workshop-with-open-studio-bcs,century_square_events,Century Square - College Station,75 Century Square Dr,College Station,2026-05-16 10:00:00,2026-05-16 13:00:00,,event,,Century Square | College Station,https://www.century-square.com/uploads/img/events/Eco_Printing_370x373.png,,,True,2026-05-11 23:46:34.043377,2026-05-11 23:46:34.043377,"Intro to Eco-Printing Workshop with Open Studio BCS Create your own nature-inspired design using leaves and flowers in this hands-on eco-printing experience! This ticketed workshop includes all materials and is perfect for all ages looking for a creative, open-air activity. Join us on May 16th for a hands-on eco-printing workshop in partnership with Open Studio BCS. This open-air creative experience invites guests to explore the art of botanical printing using leaves and flowers to create naturally dyed designs on fabric. Open to all ages and experience levels, participants will design and bundle their own cotton bandana, then return after a short break to unwrap their one-of-a-kind piece to find organic patterns shaped by nature. All materials and instruction are included with each ticket. Click the website link below or grab your tickets here.",https://century-square.com/events/detail/intro-to-eco-printing-workshop-with-open-studio-bcs,event,Century Square
6301111f1af20e397bb7,Intro to Eco-Printing Workshop with Open Studio BCS,Join us on May 16th for a hands-on eco-printing workshop in partnership with Open Studio BCS. This open-air creative experience invites guests to explore the,Go To Website Buy Tickets Save Intro to Eco-Printing Workshop with Open Studio BCS,Entertainment,https://visit.cstx.gov/events/intro-to-eco-printing-workshop-with-open-studio-bcs/,visit_cstx_events,Go To Website Buy Tickets Save Intro to Eco-Printing Workshop with Open Studio BCS,Intro to Eco-Printing Workshop with Open Studio BCS,College Station,2026-05-16 10:00:00-05:00,2026-05-16 13:00:00-05:00,,event,,College Station | Century Square | Go To Website Buy Tickets Save Intro to Eco-Printing Workshop with Open Studio BCS,https://files.idss.com/C485/78e61d55-e3ca-48ab-8bd1-23566097c047.webp,,,True,2026-05-11 23:44:05.489577,2026-05-11 23:44:05.489577,"Intro to Eco-Printing Workshop with Open Studio BCS Go To Website Buy Tickets Save Intro to Eco-Printing Workshop with Open Studio BCS 175 Century Square Dr College Station, Texas 77840 United States Details Open in Google Maps Map May 16, 2026 10:00 AM – 1:00 PM 10:00 am to 1:00 pm Intro to Eco-Printing Workshop with Open Studio BCS The Green at Century Square 175 Century Square Dr College Station, Texas 77840 Admission $45 per ticket Overview Join us on May 16th for a hands-on eco-printing workshop in partnership with Open Studio BCS. This open-air creative experience invites guests to explore the art of botanical printing using leaves and flowers to create naturally dyed designs on fabric. Open to all ages and experience levels, participants will design and bundle their own cotton bandana, then return after a short break to unwrap their one-of-a-kind piece to find organic patterns shaped by nature. All materials and instruction are included with each ticket. Related Partners Save The Green at Century Square 201-299 Front St College Station, Texas 77840 United States Details Open in Google Maps Map The Green at Century Square The Green at Century Square 201-299 Front St College Station, Texas 77840 Website Continue Reading",https://visit.cstx.gov/events/intro-to-eco-printing-workshop-with-open-studio-bcs,event,Century Square
7515c302c93112b525df,North By North Main Street Music Festival at Blackwater Draw Brewing Co.,"The first-ever North by North Main St. Music Festival will host 20+ local bands, singers, and songwriters at Blackwater Draw Brewing Co. This is a Free all",Blackwater Draw Brewing Co.,Miscellaneous,https://www.destinationbryan.com/events/north-by-north-main-street-music-festival-at-blackwater-draw-brewing/,destination_bryan_events,Blackwater Draw Brewing Co.,701 N Main St.,Bryan,2026-05-16 11:30:00-05:00,2026-05-16 23:30:00-05:00,,event,,Bryan | Blackwater Draw Brewing Co. | Downtown Bryan,/imager/cmsimages/514063/black-water-draw-small_91852798b59be8b28fc00edfe4aec23a.jpg,30.6795245,-96.3722721,True,2026-05-11 23:45:40.022495,2026-05-11 23:45:40.022495,North By North Main Street Music Festival at Blackwater Draw Brewing Co. | Destination Bryan Skip to content 77° Upcoming Events 0 Saved Navigation,https://destinationbryan.com/events/north-by-north-main-street-music-festival-at-blackwater-draw-brewing,event,Downtown Bryan
dc58903d0c6930b241ca,Bison Baby Shower at the Lucky B Bison Ranch,"The Lucky B Bison Ranch is hosting a baby shower to welcome the newest members of the herd! Enjoy live music, arts & crafts, educational activities, and an",Lucky B Bison Ranch,Entertainment,https://www.destinationbryan.com/events/lucky-b-bison-ranch-baby-shower/,destination_bryan_events,Lucky B Bison Ranch,4604 Britten Road,Bryan,2026-05-16 14:00:00-05:00,2026-05-16 18:00:00-05:00,,live_music,,Bryan | Lucky B Bison Ranch,/imager/cmsimages/901476/Lucky-B-Bison-Ranch_Destination-Bryan-26_91852798b59be8b28fc00edfe4aec23a.jpg,,,True,2026-05-11 23:45:41.027412,2026-05-11 23:45:41.027412,Bison Baby Shower at the Lucky B Bison Ranch | Destination Bryan Skip to content 77° Upcoming Events 0 Saved Navigation,https://destinationbryan.com/events/lucky-b-bison-ranch-baby-shower,event,Bryan
a62b16c2a6e5cb797c62,Texas Music Scene Live Taping + Concert,"Texas Music Scene is coming to Aggie Park on Saturday, May 16 for a free live taping and concert, and the lineup has a little something for everyone.Garrett","Throckmorton St College Station, Texas",Entertainment,https://visit.cstx.gov/events/texas-music-scene-live-taping-concert/,visit_cstx_events,"Throckmorton St College Station, Texas",Texas Music Scene Live Taping + Concert,College Station,2026-05-16 15:00:00-05:00,2026-05-16 23:59:00-05:00,weekly:SA,live_music,,"College Station | Throckmorton St College Station, Texas",https://visit.cstx.gov/imager/files_idss_com/C485/c0cb5fb9-6d84-4314-aa7e-87196f22725a_91852798b59be8b28fc00edfe4aec23a.png,,,True,2026-05-11 23:44:07.503163,2026-05-11 23:44:07.503163,"Texas Music Scene Live Taping + Concert Go To Website Save Texas Music Scene Live Taping + Concert Throckmorton St College Station, Texas 77840 United States Details Open in Google Maps Map May 16, 2026 3:00 PM Gates open at 3 PM Texas Music Scene Live Taping + Concert Aggie Park Throckmorton St College Station, Texas 77840 Admission FREE Overview Texas Music Scene is coming to Aggie Park on Saturday, May 16 for a free live taping and concert, and the lineup has a little something for everyone. Garrett Talamantes brings the high-energy country feel to kick things off, Bleu Edmondson follows with his signature Texas country sound, Julianna Rankin brings smooth and soulful to the stage and Austin Meade closes it out with a gritty rock edge that hits different. Oh... and there will be another special guest who has yet to be announced - stay tuned for details! Stick around after the Texas A&M vs. Mississippi State baseball game, walk over to the park and be part of the crowd when the cameras get rolling. Gates open at 3 PM, first act takes the stage at 4 PM. Free and open to the public. No tickets, no registration needed - just show up and get ready to enjoy a night of all-Aggie music favorites Related Partners Save Aggie Park Throckmorton St College Station, Texas 77840 United States Details Open in Google Maps Map Aggie Park Aggie Park Throckmorton St College Station, Texas 77840 (979) 845-7514 Website Continue Reading",https://visit.cstx.gov/events/texas-music-scene-live-taping-concert,event,College Station
e79e78e3b1b5311370ca,Comedy Night at Word of Mouth,"Comedy is coming to Downtown Bryan’s hidden gem, Word of Mouth — the speakeasy everyone hears about but never quite finds on the first try. Tucked behind a",Word of Mouth Speakeasy,Miscellaneous,https://www.destinationbryan.com/events/comedy-night-at-word-of-mouth/,destination_bryan_events,Word of Mouth Speakeasy,,Bryan,2026-05-16 16:00:00,2026-05-16 17:00:00,,event,,Bryan | Downtown Bryan | Word of Mouth Speakeasy,/imager/cmsimages/1390576/comedy-stock-photo_2026-05-05-202318_drdv_91852798b59be8b28fc00edfe4aec23a.jpg,,,True,2026-05-11 23:45:42.086257,2026-05-11 23:45:42.086257,"Comedy Night at Word of Mouth Saturday, May 16, 2026 4:00 PM – 5:00 PM (979) 595-3378 Admission : $20 Buy Tickets Email Comedy Night at Word of Mouth Word of Mouth Speakeasy Bryan, TX 77801 Details Open in Google Maps Map Save Comedy is coming to Downtown Bryan’s hidden gem, Word of Mouth — the speakeasy everyone hears about but never quite finds on the first try. Tucked behind a secret entrance in Historic Downtown Bryan, the venue has built a reputation for late-night cocktails, underground vibes, and packed comedy nights. Featuring: Lee Cross Mark Carrillo Jessi Saldana Flo Hernandez Check out West End Elixir to learn how to find Word of Mouth.",https://destinationbryan.com/events/comedy-night-at-word-of-mouth,event,Downtown Bryan
dbc4a3c8134bf3d04062,Fleetwood Mac Tribute at the Palace Theater,"Don't miss this iconic Fleetwood Mac cover band at The Palace Theater in Historic Downtown Bryan. Based in Houston, Texas, Nightbird has been captivating",Palace Theater,Miscellaneous,https://www.destinationbryan.com/events/fleetwood-mac-cover-band-at-the-palace-theater/,destination_bryan_events,Palace Theater,105 South Main Street,Bryan,2026-05-16 19:00:00,2026-05-16 23:00:00,,event,,Bryan | Downtown Bryan | Palace Theater,/imager/cmsimages/778809/kane-alvarado-palace-theatre_91852798b59be8b28fc00edfe4aec23a.jpg,,,True,2026-05-11 23:45:43.065708,2026-05-11 23:45:43.065708,"Fleetwood Mac Tribute at the Palace Theater Saturday, May 16, 2026 7:00 PM – 11:00 PM 105 South Main Street Bryan, TX 77803 (979) 822-4920 Admission : Tickets $10 and up Website Buy Tickets Fleetwood Mac Tribute at the Palace Theater 105 South Main Street Bryan, TX 77803 Details Open in Google Maps Map Save Don't miss this iconic Fleetwood Mac cover band at The Palace Theater in Historic Downtown Bryan . Based in Houston, Texas, Nightbird has been captivating audiences across the country since 2009 with a heartfelt tribute to the timeless music of Fleetwood Mac and Stevie Nicks. With powerful vocals, rich harmonies, and a dedication to authenticity, Nightbird doesn’t just play the songs—you feel them. Lead singer Brooke Alyson brings Stevie’s spirit to life on stage, both musically and visually. With styling guidance from Jill Focke—Wardrobe Manager for Stevie Nicks and Fleetwood Mac—Brooke’s stage presence reflects a deep, genuine connection to the source, adding another layer of authenticity to every performance. “Our goal is to take people away to a magical little place for a while,” says Brooke. “If we can do that, we’ve done our job.” Related The Palace Theater The Palace Theater is an open-air amphitheater in Historic Downtown Bryan, Texas. Home to free, live concerts during First Fridays every month and many other seasonal events, The Palace Theater is a… Learn More >>>",https://destinationbryan.com/events/fleetwood-mac-cover-band-at-the-palace-theater,event,Downtown Bryan
d420183b323db6f8363f,Front Porch Live Music,"Join us every weekend for an evening of live music on The Front Porch at Century Square. A feel-good live music series with a tribute to Robert Earl Keen and Lyle Lovett, two Aggies finding their voice on their old front porch in College Station, Texas. Enjoy music underneath the twinkling lights on The Green or from the patio of a nearby restaurant! Artists’ line-up will include solos + duos made up of students and locals alike who are making their name in our city. With dinner and drinks within arm’s reach, we welcome you to grab your favorite people, take a seat, take a sip, and enjoy a relaxed night in the heart of College Station. Friday & Saturday: 7 - 10 PM Sundays (Grace on The Green): 6 - 8 PM",Century Square,Entertainment,https://www.century-square.com/events/detail/century-square-live-music2,century_square_events,Century Square - College Station,75 Century Square Dr,College Station,2026-05-16 19:00:00,2026-05-16 22:00:00,"weekly:FR,SA",live_music,,Century Square | College Station,https://www.century-square.com/uploads/img/events/AdobeStock_1304399397.jpeg,,,True,2026-05-11 23:46:34.006746,2026-05-11 23:46:34.006746,"Front Porch Live Music Enjoy live music by local musicians every Friday & Saturday on The Front Porch from 7 - 10 PM. Join us every weekend for an evening of live music on The Front Porch at Century Square. A feel-good live music series with a tribute to Robert Earl Keen and Lyle Lovett, two Aggies finding their voice on their old front porch in College Station, Texas. Enjoy music underneath the twinkling lights on The Green or from the patio of a nearby restaurant! Artists’ line-up will include solos + duos made up of students and locals alike who are making their name in our city. With dinner and drinks within arm’s reach, we welcome you to grab your favorite people, take a seat, take a sip, and enjoy a relaxed night in the heart of College Station. Friday & Saturday: 7 - 10 PM Sundays (Grace on The Green): 6 - 8 PM",https://century-square.com/events/detail/century-square-live-music2,event,Century Square
75382a7a9d82e687b93c,Reveille Rooftop Bar Live Music: DJ Jayy Smith,"Experience an unforgettable night on the Reveille Rooftop Bar with DJ Jayy Smith. Dance, drink, and feel the energy all evening.",,Entertainment,https://visit.cstx.gov/events/reveille-rooftop-bar-live-music-dj-jayy-smith-3/,visit_cstx_events,,Reveille Rooftop Bar Live Music: DJ Jayy Smith,College Station,2026-05-16 20:00:00-05:00,2026-05-16 23:00:00-05:00,,live_music,,College Station,https://visit.cstx.gov/imager/files_idss_com/C485/ce17e0b4-7162-4fe5-a5c0-9ce8ed5acf00_91852798b59be8b28fc00edfe4aec23a.png,,,True,2026-05-11 23:44:08.502248,2026-05-11 23:44:08.502248,"Reveille Rooftop Bar Live Music: DJ Jayy Smith Go To Website Save Reveille Rooftop Bar Live Music: DJ Jayy Smith 801 University Dr. E College Station, Texas 77840 United States Details Open in Google Maps Map May 16, 2026 8:00 PM – 11:00 PM Reveille Rooftop Bar Live Music: DJ Jayy Smith Reveille Rooftop Bar 801 University Dr. E College Station, Texas 77840 Overview Experience an unforgettable night on the Reveille Rooftop Bar with DJ Jayy Smith. Dance, drink, and feel the energy all evening.",https://visit.cstx.gov/events/reveille-rooftop-bar-live-music-dj-jayy-smith-3,event,College Station
bcfb29210cf4ba5ed4f3,Cars and Chicken,"Pump the brakes! The Texas A&M Sports Car Club presents Cars & Chicken every third Sunday this semester from 11 AM to 2 PM in Century Square. Car enthusiasts and spectators alike are invited to soak up the local car scene and spend their Sunday in the heart of Aggieland. Roll in early (gates open at 10:45 AM) because show car parking is first come, first served along University Drive from CoCo Shrimp to Original ChopShop! FREE EVENT, NO REGISTRATION NEEDED Spectators can park for free in the Century Square garage, or enjoy their first hour free in the surface lot with ParkMobile using posted signage. Come for the cars, stay for lunch! Pair hot rides with Houston Hot Chicken, grab bites from your favorite spots, and make a full Sunday out of it in Century Square.",Century Square,Entertainment,https://www.century-square.com/events/detail/coffee-and-cars47,century_square_events,Century Square - College Station,75 Century Square Dr,College Station,2026-05-17 11:00:00,2026-05-17 14:00:00,weekly:SU,event,,Century Square | College Station,https://www.century-square.com/uploads/img/events/IMG_4991.jpg,,,True,2026-05-11 23:46:34.082372,2026-05-11 23:46:34.082372,"Cars and Chicken Texas A&M Sports Car Club is back this spring to rev up some excitement in the Square! Grab a friend and pump the breaks to check out all vehicles new and old! Pump the brakes! The Texas A&M Sports Car Club presents Cars & Chicken every third Sunday this semester from 11 AM to 2 PM in Century Square. Car enthusiasts and spectators alike are invited to soak up the local car scene and spend their Sunday in the heart of Aggieland. Roll in early (gates open at 10:45 AM) because show car parking is first come, first served along University Drive from CoCo Shrimp to Original ChopShop! FREE EVENT, NO REGISTRATION NEEDED Spectators can park for free in the Century Square garage, or enjoy their first hour free in the surface lot with ParkMobile using posted signage. Come for the cars, stay for lunch! Pair hot rides with Houston Hot Chicken, grab bites from your favorite spots, and make a full Sunday out of it in Century Square.",https://century-square.com/events/detail/coffee-and-cars47,event,Century Square
4f39b1a4b3b0746aba9b,Cars and Chicken,Pump the brakes! The Texas A&M Sports Car Club presents Cars & Chicken every third Sunday this semester from 11 AM to 2 PM in Century Square. Car,,Miscellaneous,https://visit.cstx.gov/events/cars-and-chicken-3/,visit_cstx_events,,Cars and Chicken,College Station,2026-05-17 11:00:00-05:00,2026-05-17 14:00:00-05:00,weekly:SU,event,,College Station | Century Square,https://visit.cstx.gov/imager/files_idss_com/C485/78c30127-ef34-4fa9-bba3-f251b2eebcb5_91852798b59be8b28fc00edfe4aec23a.jpg,,,True,2026-05-11 23:44:09.508252,2026-05-11 23:44:09.508252,"Cars and Chicken Go To Website Save Cars and Chicken 175 Century Square Dr. College Station, Texas 77840 United States Details Open in Google Maps Map May 17, 2026 11:00 AM – 2:00 PM 11AM-2PM Cars and Chicken Century Square 175 Century Square Dr. College Station, Texas 77840 Overview Pump the brakes! The Texas A&M Sports Car Club presents Cars & Chicken every third Sunday this semester from 11 AM to 2 PM in Century Square. Car enthusiasts and spectators alike are invited to soak up the local car scene and spend their Sunday in the heart of Aggieland. Roll in early (gates open at 10:45 AM) because show car parking is first come, first served along University Drive from CoCo Shrimp to Original ChopShop! FREE EVENT, NO REGISTRATION NEEDED Spectators can park for free in the Century Square garage, or enjoy their first hour free in the surface lot with ParkMobile using posted signage. Come for the cars, stay for lunch! Pair hot rides with Houston Hot Chicken, grab bites from your favorite spots, and make a full Sunday out of it in Century Square. Related Partners Save Century Square 170 Century Square Dr. #150 College Station, Texas 77840 United States Details Open in Google Maps Map Century Square Century Square 170 Century Square Dr. #150 College Station, Texas 77840 (979) 559-9380 Website Continue Reading",https://visit.cstx.gov/events/cars-and-chicken-3,event,Century Square
2ccedaa6b33b914c7b47,Grace on The Green,"If you’re looking for a fun evening with family and friends, look no further than Grace on The Green at Century Square. Grab a blanket and lawn chairs and head to The Green or sit on the patio of a nearby restaurant! Enjoy live music on The Green with a line-up of inspirational artists on the outdoor Front Porch stage at Century Square. *Weather permitting.",Century Square,Entertainment,https://www.century-square.com/events/detail/grace-on-the-green5,century_square_events,Century Square - College Station,75 Century Square Dr,College Station,2026-05-17 12:00:00,2026-05-17 14:00:00,weekly:SU,live_music,,Century Square | College Station,https://www.century-square.com/uploads/img/events/6H1A9429.jpg,,,True,2026-05-11 23:46:34.119331,2026-05-11 23:46:34.119331,"Grace on The Green Start your week on the right note with inspirational live music every Sunday on The Green from 6 - 8 PM. If you’re looking for a fun evening with family and friends, look no further than Grace on The Green at Century Square. Grab a blanket and lawn chairs and head to The Green or sit on the patio of a nearby restaurant! Enjoy live music on The Green with a line-up of inspirational artists on the outdoor Front Porch stage at Century Square. *Weather permitting.",https://century-square.com/events/detail/grace-on-the-green5,event,Century Square
bb7a02dc1e3c824fa620,Rountree Market at Midtown Park,"Join Rountree every Sunday at Rountree Market, Bryan’s newest weekly farmers and artisan market located at 2603 Rountree Dr., just minutes from Texas A&M",Rountree Market & Events in Midtown Park,Food,https://www.destinationbryan.com/events/sunday-market-at-rountree/,destination_bryan_events,Rountree Market & Events in Midtown Park,2603 Rountree Dr.,Bryan,2026-05-17 12:00:00,2026-05-17 16:00:00,weekly:SU,market,,Bryan | Rountree Market & Events in Midtown Park,/imager/cmsimages/1320224/RountreeMarket_Logo_91852798b59be8b28fc00edfe4aec23a.png,,,True,2026-05-11 23:45:14.845259,2026-05-11 23:45:14.845259,"Rountree Market at Midtown Park Sunday, May 17, 2026 12:00 PM – 4:00 PM Recurring Dates 2603 Rountree Dr. Bryan, TX 77801 (979) 485-3993 Admission : Free Website Email Rountree Market at Midtown Park 2603 Rountree Dr. Bryan, TX 77801 Details Open in Google Maps Map Save Join Rountree every Sunday at Rountree Market, Bryan’s newest weekly farmers and artisan market located at 2603 Rountree Dr., just minutes from Texas A&M University and next to Midtown Lake. Shop a curated selection of local farmers, handmade artisans, small businesses, vintage vendors, and food trucks all in one vibrant, family-friendly setting. Whether you’re looking for fresh produce, unique gifts, handcrafted goods, or a relaxing Sunday outing after church, Rountree Market offers something for everyone. Enjoy a welcoming community atmosphere while supporting local Bryan-College Station entrepreneurs. Bring your friends, bring your family, and make Rountree Market part of your Sunday tradition! Upcoming Dates Sunday, May 17 Sunday, May 24 Sunday, May 31 Sunday, June 7 Sunday, June 14 Sunday, June 21 Sunday, June 28 Sunday, July 5 Sunday, July 12 Sunday, July 19 Sunday, July 26 Sunday, August 2 Sunday, August 9 Sunday, August 16 Sunday, August 23 Sunday, August 30 Sunday, September 6 Sunday, September 13 Sunday, September 20 Sunday, September 27 Sunday, October 4 Sunday, October 11 Sunday, October 18 Sunday, October 25 Sunday, November 1 Sunday, November 8 Sunday, November 15 Sunday, November 22 Sunday, November 29 Sunday, December 6 Sunday, December 13 Sunday, December 20 Sunday, December 27",https://destinationbryan.com/events/sunday-market-at-rountree,event,Bryan
d6779f205a2aad0bc482,"""Shrek"" at The Queen Theatre","Enjoy a movie at The Queen Theatre in Historic Downtown Bryan. This historic theatre opened in 1939 as one of the finest movie houses in Texas. Today, it's",The Queen Theatre,Miscellaneous,https://www.destinationbryan.com/events/shrek-at-the-queen-theatre-2/,destination_bryan_events,The Queen Theatre,110 South Main Street,Bryan,2026-05-18 18:00:00,2026-05-18 20:30:00,,event,,Bryan | Downtown Bryan | The Queen Theatre,/imager/cmsimages/450570/The-Queen_91852798b59be8b28fc00edfe4aec23a.jpg,30.6732433,-96.3737987,True,2026-05-11 23:45:44.117846,2026-05-11 23:45:44.117846,"""Shrek"" at The Queen Theatre Monday, May 18, 2026 6:00 PM – 8:30 PM Recurring Dates 110 South Main Street Bryan, TX 77803 (979) 721-9978 Admission : $11 Website Buy Tickets ""Shrek"" at The Queen Theatre The Queen Theatre 110 South Main Street Bryan, TX 77803 Details Open in Google Maps Map Save Enjoy a movie at The Queen Theatre in Historic Downtown Bryan. This historic theatre opened in 1939 as one of the finest movie houses in Texas. Today, it's been reborn to live up to that standard again. The Queen Theatre is an intimate movie theater with comfortable reclining chairs and a full-service kitchen. Here, you can sit back, relax, and enjoy new Blockbuster hits and classic favorite films throughout the year. About Shrek : It ain't easy bein' green -- especially if you're a likable (albeit smelly) ogre named Shrek. On a mission to retrieve a gorgeous princess from the clutches of a fire-breathing dragon, Shrek teams up with an unlikely compatriot -- a wisecracking donkey. Movie times vary. Check The Queen's website for movie times. Upcoming Dates Wednesday, May 20 Related The Queen Theatre Learn More >>>",https://destinationbryan.com/events/shrek-at-the-queen-theatre-2,event,Downtown Bryan
12eaec8d8d8605ec35fa,Steadfast Run Club,"Lace up and join the Steadfast Run Club every Tuesday at 6 PM for a fun, community-driven run through Century Square! Choose between a 2- or 3-mile route, then stick around on The Green to cool down and hang out. Plus, every first Tuesday of the month, the lululemon run club joins in for an even bigger crew. All paces are welcome—come run with us!",Century Square,Health & Wellness,https://www.century-square.com/events/detail/tuesday-run-club,century_square_events,Century Square - College Station,75 Century Square Dr,College Station,2026-05-18 18:00:00,2026-05-18 19:30:00,weekly:TU,fitness,,Century Square | College Station,https://www.century-square.com/uploads/img/events/image_-_5539195.jpg,,,True,2026-05-11 23:46:34.151852,2026-05-11 23:46:34.151852,"Steadfast Run Club Hit the ground running with Steadfast Run Club every Tuesday at 6 PM, then stick around for the post-run hangout on The Green! Lace up and join the Steadfast Run Club every Tuesday at 6 PM for a fun, community-driven run through Century Square! Choose between a 2- or 3-mile route, then stick around on The Green to cool down and hang out. Plus, every first Tuesday of the month, the lululemon run club joins in for an even bigger crew. All paces are welcome—come run with us!",https://century-square.com/events/detail/tuesday-run-club,event,Century Square
272ec080317d5402ab56,Bach's Lunch at Saint Andrew's Episcopal Church,Enjoy lunch and beautiful classical music during Bach's Lunch on the third Tuesday of each month. This free concert series at St. Andrew's Episcopal Church is,Saint Andrew's Episcopal Church,Entertainment,https://www.destinationbryan.com/events/bachs-lunch-and-st-andrews/,destination_bryan_events,Saint Andrew's Episcopal Church,217 W. 26th,Bryan,2026-05-19 12:15:00,2026-05-19 13:00:00,,live_music,,Bryan | Saint Andrew's Episcopal Church | Downtown Bryan,/imager/cmsimages/1068071/lorenzo-spoleti-MlhJNEUQpBs-unsplash_91852798b59be8b28fc00edfe4aec23a.jpg,30.6735572,-96.3748064,True,2026-05-11 23:44:59.673168,2026-05-11 23:44:59.673168,"Bach's Lunch at Saint Andrew's Episcopal Church Tuesday, May 19, 2026 12:15 PM – 1:00 PM Recurring Dates 217 W. 26th Bryan, TX 77803 (979) 822-5176 Admission : Free Email Bach's Lunch at Saint Andrew's Episcopal Church Saint Andrew's Episcopal Church 217 W. 26th Bryan, TX 77803 Details Open in Google Maps Map Save Enjoy lunch and beautiful classical music during Bach's Lunch on the third Tuesday of each month. This free concert series at St. Andrew's Episcopal Church is a great way to take a break from the work day and enjoy live music! Upcoming Dates Tuesday, May 19",https://destinationbryan.com/events/bachs-lunch-and-st-andrews,event,Downtown Bryan
8f05aa327c9107dfde54,free Stroller Strides® at Century Square,"Looking for a great way to spend time with your community, get fit while hanging out with the kids, and have a delicious lunch? Come out for Lunch Bunch with Fit4Mom Bryan-College Station. Take a FREE Strides 360 class on The Green at 9:30 - 10:30 AM then stay and enjoy lunch with the group at one of our delicious nearby eateries at Century Square! Enjoy this afternoon at Century Square with the whole family; husbands and family members always welcome. Strides 360 Strides 360™ promises a heart-pumping workout designed to increase your endurance while also developing speed, agility, and quickness to help you sprint through mom life. Bodyweight conditioning is strategically placed to provide recovery, strength and round out your workout. It’s for any mom interested in a workout that can be as hard as you need it to be on your good days or scaled back on days you’re not sure how you made it out the door! Bring your kiddos with you in the stroller or leave the kiddo at home and come play with your mom friends. Either way, the hour will fly by and leave you energized for the rest of your day!",Century Square,Entertainment,https://www.century-square.com/events/detail/stroller-strides,century_square_events,Century Square - College Station,75 Century Square Dr,College Station,2026-05-20 09:30:00,2026-05-20 10:30:00,,event,,Century Square | College Station,https://www.century-square.com/uploads/img/events/20221228_191936000_iOS.jpg,,,True,2026-05-11 23:46:34.186852,2026-05-11 23:46:34.186852,"free Stroller Strides® at Century Square Come out for a FREE Strides 360 class with Fit4Mom. Stay afterward and enjoy lunch with the group! Looking for a great way to spend time with your community, get fit while hanging out with the kids, and have a delicious lunch? Come out for Lunch Bunch with Fit4Mom Bryan-College Station. Take a FREE Strides 360 class on The Green at 9:30 - 10:30 AM then stay and enjoy lunch with the group at one of our delicious nearby eateries at Century Square! Enjoy this afternoon at Century Square with the whole family; husbands and family members always welcome. Strides 360 Strides 360™ promises a heart-pumping workout designed to increase your endurance while also developing speed, agility, and quickness to help you sprint through mom life. Bodyweight conditioning is strategically placed to provide recovery, strength and round out your workout. It’s for any mom interested in a workout that can be as hard as you need it to be on your good days or scaled back on days you’re not sure how you made it out the door! Bring your kiddos with you in the stroller or leave the kiddo at home and come play with your mom friends. Either way, the hour will fly by and leave you energized for the rest of your day!",https://century-square.com/events/detail/stroller-strides,event,Century Square
09def936c6ee2e688d07,Free Stroller Strides at Century Square,"Looking for a great way to spend time with your community, get fit while hanging out with the kids, and have a delicious lunch? Come out for Lunch Bunch with",,Miscellaneous,https://visit.cstx.gov/events/free-stroller-strides-at-century-square-2/,visit_cstx_events,,Free Stroller Strides at Century Square,College Station,2026-05-20 09:30:00-05:00,2026-05-20 10:30:00-05:00,,event,,College Station | Century Square,https://visit.cstx.gov/imager/files_idss_com/C485/37dffc87-174c-403e-88b2-677f342cf9aa_91852798b59be8b28fc00edfe4aec23a.png,,,True,2026-05-11 23:44:11.532066,2026-05-11 23:44:11.532066,"Free Stroller Strides at Century Square Go To Website Save Free Stroller Strides at Century Square 175 Century Square Dr College Station, Texas 77840 United States Details Open in Google Maps Map May 20, 2026 9:30 AM – 10:30 AM 9:30 am to 10:30 am Free Stroller Strides at Century Square The Green at Century Square 175 Century Square Dr College Station, Texas 77840 Admission Free Overview Looking for a great way to spend time with your community, get fit while hanging out with the kids, and have a delicious lunch? Come out for Lunch Bunch with Fit4Mom Bryan-College Station. Take a FREE Strides 360 class on The Green at 9:30 - 10:30 AM then stay and enjoy lunch with the group at one of our delicious nearby eateries at Century Square! Enjoy this afternoon at Century Square with the whole family; husbands and family members always welcome. Strides 360™ promises a heart-pumping workout designed to increase your endurance while also developing speed, agility, and quickness to help you sprint through mom life. Bodyweight conditioning is strategically placed to provide recovery, strength and round out your workout. It’s for any mom interested in a workout that can be as hard as you need it to be on your good days or scaled back on days you’re not sure how you made it out the door! Bring your kiddos with you in the stroller or leave the kiddo at home and come play with your mom friends. Either way, the hour will fly by and leave you energized for the rest of your day! Related Partners Save The Green at Century Square 201-299 Front St College Station, Texas 77840 United States Details Open in Google Maps Map The Green at Century Square The Green at Century Square 201-299 Front St College Station, Texas 77840 Website Continue Reading",https://visit.cstx.gov/events/free-stroller-strides-at-century-square-2,event,Century Square
dbf7f524ca07cadb467f,Astin Rapid Monthly Chess Tournament at the Astin Mansion,"Head to the Astin Mansion on the third Wednesday of every month for the monthly Astin Rapid USCF Rated Chess Tournament, where players of all levels compete in",Astin Mansion,Miscellaneous,https://www.destinationbryan.com/events/astin-rapid-monthly-chess-tournament/,destination_bryan_events,Astin Mansion,506 W 26th St,Bryan,2026-05-20 18:30:00,2026-05-20 21:30:00,weekly:WE,event,,Bryan | Astin Mansion | Downtown Bryan,/imager/cmsimages/1320316/Astin-Rapid-Chess-Tournament_91852798b59be8b28fc00edfe4aec23a.jpg,,,True,2026-05-11 23:45:20.891201,2026-05-11 23:45:20.891201,"Astin Rapid Monthly Chess Tournament at the Astin Mansion Wednesday, May 20, 2026 6:30 PM – 9:30 PM Recurring Dates 506 W 26th St Bryan, TX 77803 Admission : $10 Website Buy Tickets Email Astin Rapid Monthly Chess Tournament at the Astin Mansion Astin Mansion 506 W 26th St Bryan, TX 77803 Details Open in Google Maps Map Save Head to the Astin Mansion on the third Wednesday of every month for the monthly Astin Rapid USCF Rated Chess Tournament, where players of all levels compete in a fast-paced and fun chess event. Hone your skills and compete against opponents in a 5-round rapid tournament. Entry fee will be $10 for general entries, and $5 for school/college students (please bring ID). First prize will be $100. Second prize will be $75. Third prize will be $50. Upcoming Dates Wednesday, May 20 Wednesday, June 17 Wednesday, July 15 Wednesday, August 19 Wednesday, September 16 Wednesday, October 21 Wednesday, November 18 Wednesday, December 16",https://destinationbryan.com/events/astin-rapid-monthly-chess-tournament,event,Downtown Bryan
f5b9bbdfd71d309dcf38,Cocktail Class at The LaSalle Hotel,Step into The LaSalle Hotel's hidden speakeasy for an exclusive cocktail experience featuring two refreshing classics—the East Side and the Chilton. Join us,"The LaSalle Hotel, a Tribute Portfolio Hotel, Bryan College Station",Miscellaneous,https://www.destinationbryan.com/events/cocktail-class-at-the-lasalle-hotel-2/,destination_bryan_events,"The LaSalle Hotel, a Tribute Portfolio Hotel, Bryan College Station",", 120 S Main St.",Bryan,2026-05-20 18:30:00,2026-05-20 20:30:00,,event,,"Bryan | The LaSalle Hotel, a Tribute Portfolio Hotel, Bryan College Station | Downtown Bryan",https://iti-images.s3.amazonaws.com/events/35143e39-d515-54d3-7ffc-11d9566a82df.webp,,,True,2026-05-11 23:45:46.081841,2026-05-11 23:45:46.081841,"Cocktail Class at The LaSalle Hotel Wednesday, May 20, 2026 6:30 PM – 8:30 PM 120 S Main St. Bryan, TX 77803 Admission : $30 Website Buy Tickets Cocktail Class at The LaSalle Hotel The LaSalle Hotel, a Tribute Portfolio Hotel, Bryan College Station 120 S Main St. Bryan, TX 77803 Details Open in Google Maps Map Save Step into The LaSalle Hotel's hidden speakeasy for an exclusive cocktail experience featuring two refreshing classics—the East Side and the Chilton. Join us on May 20th at 6:30pm for a hands-on class where you’ll learn how to craft both cocktails from start to finish. We’ll guide you through the techniques, flavor profiles, and history behind each drink, plus show you how to perfectly balance citrus, spirit, and freshness like a pro. Related The LaSalle Hotel Community, history, and celebration converge at The LaSalle Hotel, a cherished testament to the spirit of Bryan, Texas. Relax in one of our newly renovated guest rooms and dine and unwind at… Learn More >>>",https://destinationbryan.com/events/cocktail-class-at-the-lasalle-hotel-2,event,Downtown Bryan
90634ad494374e5f49c6,Stage 12 Singo: Summer Kickoff,"Come sing your heart out at Singo (musical bingo) with this week's theme, ""Summer Kickoff"". Bring your friends and family to join the fun and win a prize!",,Entertainment,https://visit.cstx.gov/events/stage-12-singo-summer-kickoff/,visit_cstx_events,,Stage 12 Singo: Summer Kickoff,College Station,2026-05-20 19:00:00-05:00,2026-05-20 21:00:00-05:00,,discount,,College Station,https://visit.cstx.gov/imager/files_idss_com/C485/bcc0b63b-db22-4d60-a710-d48dc84a782d_91852798b59be8b28fc00edfe4aec23a.jpg,,,True,2026-05-11 23:44:12.542254,2026-05-11 23:44:12.542254,"Stage 12 Singo: Summer Kickoff Go To Website Save Stage 12 Singo: Summer Kickoff 455 George Bush Dr W Suite 100 College Station, Texas 77840 United States Details Open in Google Maps Map May 20, 2026 7:00 PM – 9:00 PM Stage 12 Singo: Summer Kickoff Stage 12 455 George Bush Dr W Suite 100 College Station, Texas 77840 Overview Come sing your heart out at Singo (musical bingo) with this week's theme, ""Summer Kickoff"". Bring your friends and family to join the fun and win a prize!",https://visit.cstx.gov/events/stage-12-singo-summer-kickoff,event,College Station
f8f29b6114da0a1bdfb7,Office of The Dean Live Music: Tui Osborne,"Spend the evening in The Office of the Dean with live music from Tui Osborne. With an acoustic set full of country favorites and crowd-pleasing songs, he",,Entertainment,https://visit.cstx.gov/events/office-of-the-dean-live-music-tui-osborne-2/,visit_cstx_events,,Office of The Dean Live Music: Tui Osborne,College Station,2026-05-21 18:00:00-05:00,2026-05-21 21:00:00-05:00,,live_music,,College Station,https://visit.cstx.gov/imager/files_idss_com/C485/66595795-f821-417b-8612-75ed0b3d7ff5_91852798b59be8b28fc00edfe4aec23a.png,,,True,2026-05-11 23:44:13.570788,2026-05-11 23:44:13.570788,"Office of The Dean Live Music: Tui Osborne Go To Website Save Office of The Dean Live Music: Tui Osborne 801 University Dr. E College Station, Texas 77840 United States Details Open in Google Maps Map May 21, 2026 6:00 PM – 9:00 PM Office of The Dean Live Music: Tui Osborne Office of The Dean 801 University Dr. E College Station, Texas 77840 Overview Spend the evening in The Office of the Dean with live music from Tui Osborne. With an acoustic set full of country favorites and crowd-pleasing songs, he brings the perfect soundtrack for a relaxed night out. Settle in, order a drink, and enjoy the show.",https://visit.cstx.gov/events/office-of-the-dean-live-music-tui-osborne-2,event,College Station
51fb20514796d35b745e,Trivia on The Green,"Come out to Century Square every Thursday evening for TRIVIA NIGHT on The Green, starting at 7:30 PM! Have fun and win prizes by competing with your friends each week to answer questions about sports, history, and music, as well as specific categories like cartoons, architecture, fashion, and more. The more you know, the more you win! Grab a bite to eat and something to drink from one of the surrounding restaurants, and head out to The Green to get your trivia on. This event is free and open to the public.",Century Square,Social,https://www.century-square.com/events/detail/trivia-on-the-green1132221,century_square_events,Century Square - College Station,75 Century Square Dr,College Station,2026-05-21 19:00:00,2026-05-21 21:00:00,weekly:TH,trivia,,Century Square | College Station,https://www.century-square.com/uploads/img/events/Trivia_Night_website_event_Header.png,,,True,2026-05-11 23:46:34.221860,2026-05-11 23:46:34.221860,"Trivia on The Green Trivia Night returns to Century Square every Thursday evening in the Spring! Free entry, fun prizes, and surrounded by good food and brews. Follow along on our Facebook and Instagram for themes and weather updates! PLEASE NOTE: TRIVIA WILL BEGIN AT 7:30 PM ON MAY 21st. Come out to Century Square every Thursday evening for TRIVIA NIGHT on The Green, starting at 7:30 PM! Have fun and win prizes by competing with your friends each week to answer questions about sports, history, and music, as well as specific categories like cartoons, architecture, fashion, and more. The more you know, the more you win! Grab a bite to eat and something to drink from one of the surrounding restaurants, and head out to The Green to get your trivia on. This event is free and open to the public.",https://century-square.com/events/detail/trivia-on-the-green1132221,event,Century Square
ae534da9bfb5616cf886,Reveille Rooftop Bar Live Music: Reagan Quinn,"Spend the evening at Reveille Rooftop Bar with Reagan Quinn, bringing acoustic country tunes that set the perfect laid-back vibe. Enjoy heartfelt lyrics,",,Entertainment,https://visit.cstx.gov/events/reveille-rooftop-bar-live-music-reagan-quinn/,visit_cstx_events,,Reveille Rooftop Bar Live Music: Reagan Quinn,College Station,2026-05-21 19:00:00-05:00,2026-05-21 22:00:00-05:00,,live_music,,College Station,https://visit.cstx.gov/imager/files_idss_com/C485/e47d33b0-da72-49f8-93b1-fec9b9f0acaf_91852798b59be8b28fc00edfe4aec23a.png,,,True,2026-05-11 23:44:14.612891,2026-05-11 23:44:14.612891,"Reveille Rooftop Bar Live Music: Reagan Quinn Go To Website Save Reveille Rooftop Bar Live Music: Reagan Quinn 801 University Dr. E College Station, Texas 77840 United States Details Open in Google Maps Map May 21, 2026 7:00 PM – 10:00 PM Reveille Rooftop Bar Live Music: Reagan Quinn Reveille Rooftop Bar 801 University Dr. E College Station, Texas 77840 Overview Spend the evening at Reveille Rooftop Bar with Reagan Quinn, bringing acoustic country tunes that set the perfect laid-back vibe. Enjoy heartfelt lyrics, catchy melodies, and a night made for good drinks and great company. Sit back, relax, and let the music take over.",https://visit.cstx.gov/events/reveille-rooftop-bar-live-music-reagan-quinn,event,College Station
f927b9b8400f15327e04,Vendor Market at Hotel McCoy,"Join us for an evening of local shopping, live music, and good vibes at Hotel McCoy College Station— hosted in partnership with Market Off Main!Browse a",Go To Website Buy Tickets Save Vendor Market at Hotel McCoy,Entertainment,https://visit.cstx.gov/events/vendor-market-at-hotel-mccoy-3/,visit_cstx_events,Go To Website Buy Tickets Save Vendor Market at Hotel McCoy,"3702 Texas 6 Frontage Rd, College Station, TX 77845",College Station,2026-05-22 17:00:00-05:00,2026-05-22 21:00:00-05:00,,live_music,,College Station | Go To Website Buy Tickets Save Vendor Market at Hotel McCoy,https://visit.cstx.gov/imager/files_idss_com/C485/a8da5a22-48f7-4f62-9215-56461e3d2603_91852798b59be8b28fc00edfe4aec23a.JPG,,,True,2026-05-11 23:44:15.583208,2026-05-11 23:44:15.583208,"Vendor Market at Hotel McCoy Go To Website Buy Tickets Save Vendor Market at Hotel McCoy 3702 Texas 6 Frontage Rd, College Station, TX 77845 College Station, Texas 77840 United States Details Open in Google Maps Map May 22, 2026 5:00 PM – 9:00 PM Vendor Market at Hotel McCoy Hotel McCoy College Station 3702 Texas 6 Frontage Rd, College Station, TX 77845 College Station, Texas 77840 Admission Free Overview Join us for an evening of local shopping, live music, and good vibes at Hotel McCoy College Station— hosted in partnership with Market Off Main! Browse a curated lineup of local vendors featuring handmade goods, boutique finds, art, treats, and unique gifts — perfect for a fun night out with friends or family. 🎶 Live music in the courtyard 🍷 Bar open with wine, beer & spirits 🌙 Outdoor evening market atmosphere 💛 Free to attend 📅 Friday, May 22nd ⏰ 5:00 PM – 9:00 PM 📍 Hotel McCoy College Station 3702 Highway 6 South College Station, TX Come shop small, support local, and hang out under the stars ✨",https://visit.cstx.gov/events/vendor-market-at-hotel-mccoy-3,event,College Station
97696375c0bec46e9630,Highway 6 Band at the Palace Theater,"Don't miss local band at The Palace Theater in Historic Downtown Bryan. The Highway 6 Band is from College Station, TX. They're known for their high-energy",Palace Theater,Miscellaneous,https://www.destinationbryan.com/events/highway-6-band-at-the-palace-theater/,destination_bryan_events,Palace Theater,105 South Main Street,Bryan,2026-05-22 18:00:00,2026-05-22 23:00:00,weekly:FR,event,,Bryan | Downtown Bryan | Palace Theater,/imager/cmsimages/778809/kane-alvarado-palace-theatre_91852798b59be8b28fc00edfe4aec23a.jpg,,,True,2026-05-11 23:45:49.140646,2026-05-11 23:45:49.140646,"Highway 6 Band at the Palace Theater Friday, May 22, 2026 6:00 PM – 11:00 PM 105 South Main Street Bryan, TX 77803 (979) 822-4920 Admission : Tickets $10 and up Website Buy Tickets Highway 6 Band at the Palace Theater 105 South Main Street Bryan, TX 77803 Details Open in Google Maps Map Save Don't miss local band at The Palace Theater in Historic Downtown Bryan . The Highway 6 Band is from College Station, TX. They're known for their high-energy alternative blues country rock sound, heavily influenced by Texas country and Southern rock. Read more about Highway 6 Band here . Related The Palace Theater The Palace Theater is an open-air amphitheater in Historic Downtown Bryan, Texas. Home to free, live concerts during First Fridays every month and many other seasonal events, The Palace Theater is a… Learn More >>>",https://destinationbryan.com/events/highway-6-band-at-the-palace-theater,event,Downtown Bryan
1fedb8d4c3b0eadefa0b,Office of The Dean Live Music: Reagan Quinn,"Spend the evening at The Office of the Dean with Reagan Quinn, bringing acoustic country tunes that set the perfect laid-back vibe. Enjoy heartfelt lyrics,",,Entertainment,https://visit.cstx.gov/events/office-of-the-dean-live-music-reagan-quinn/,visit_cstx_events,,Office of The Dean Live Music: Reagan Quinn,College Station,2026-05-22 18:00:00-05:00,2026-05-22 21:00:00-05:00,,live_music,,College Station,https://visit.cstx.gov/imager/files_idss_com/C485/25815864-bbaf-4cd8-9583-a24d07244eca_91852798b59be8b28fc00edfe4aec23a.png,,,True,2026-05-11 23:44:16.601862,2026-05-11 23:44:16.601862,"Office of The Dean Live Music: Reagan Quinn Go To Website Save Office of The Dean Live Music: Reagan Quinn 801 University Dr. E College Station, Texas 77840 United States Details Open in Google Maps Map May 22, 2026 6:00 PM – 9:00 PM Office of The Dean Live Music: Reagan Quinn Office of The Dean 801 University Dr. E College Station, Texas 77840 Overview Spend the evening at The Office of the Dean with Reagan Quinn, bringing acoustic country tunes that set the perfect laid-back vibe. Enjoy heartfelt lyrics, catchy melodies, and a night made for good drinks and great company. Sit back, relax, and let the music take over.",https://visit.cstx.gov/events/office-of-the-dean-live-music-reagan-quinn,event,College Station
72874e64ee2bb29d26b8,Front Porch Live Music,"Join us every weekend for an evening of live music on The Front Porch at Century Square. A feel-good live music series with a tribute to Robert Earl Keen and Lyle Lovett, two Aggies finding their voice on their old front porch in College Station, Texas. Enjoy music underneath the twinkling lights on The Green or from the patio of a nearby restaurant! Artists’ line-up will include solos + duos made up of students and locals alike who are making their name in our city. With dinner and drinks within arm’s reach, we welcome you to grab your favorite people, take a seat, take a sip, and enjoy a relaxed night in the heart of College Station. Friday & Saturday: 7 - 10 PM Sundays (Grace on The Green): 6 - 8 PM",Century Square,Entertainment,https://www.century-square.com/events/detail/century-square-live-music321,century_square_events,Century Square - College Station,75 Century Square Dr,College Station,2026-05-22 19:00:00,2026-05-22 22:00:00,"weekly:FR,SA",live_music,,Century Square | College Station,https://www.century-square.com/uploads/img/events/6H1A5375_2.jpg,,,True,2026-05-11 23:46:34.256383,2026-05-11 23:46:34.256383,"Front Porch Live Music Enjoy live music by local musicians every Friday & Saturday on The Front Porch from 7 - 10 PM. Join us every weekend for an evening of live music on The Front Porch at Century Square. A feel-good live music series with a tribute to Robert Earl Keen and Lyle Lovett, two Aggies finding their voice on their old front porch in College Station, Texas. Enjoy music underneath the twinkling lights on The Green or from the patio of a nearby restaurant! Artists’ line-up will include solos + duos made up of students and locals alike who are making their name in our city. With dinner and drinks within arm’s reach, we welcome you to grab your favorite people, take a seat, take a sip, and enjoy a relaxed night in the heart of College Station. Friday & Saturday: 7 - 10 PM Sundays (Grace on The Green): 6 - 8 PM",https://century-square.com/events/detail/century-square-live-music321,event,Century Square
6654c3c80c3df9f3fbb7,Stage 12 Movie Night: Inside Out,Join us at Stage 12 for a free Movie Night! Come hungry and thirsty—food and drinks will be available for purchase.,,Food,https://visit.cstx.gov/events/stage-12-movie-night-inside-out/,visit_cstx_events,,Stage 12 Movie Night: Inside Out,College Station,2026-05-22 19:00:00-05:00,2026-05-22 20:30:00-05:00,,event,,College Station,https://visit.cstx.gov/imager/files_idss_com/C485/2cd19644-f43e-4f0f-abaa-d1f9d9a46d67_91852798b59be8b28fc00edfe4aec23a.jpeg,,,True,2026-05-11 23:44:17.613192,2026-05-11 23:44:17.613192,"Stage 12 Movie Night: Inside Out Go To Website Save Stage 12 Movie Night: Inside Out 455 George Bush Dr W Suite 100 College Station, Texas 77840 United States Details Open in Google Maps Map May 22, 2026 7:00 PM – 8:30 PM Stage 12 Movie Night: Inside Out Stage 12 455 George Bush Dr W Suite 100 College Station, Texas 77840 Overview Join us at Stage 12 for a free Movie Night! Come hungry and thirsty—food and drinks will be available for purchase.",https://visit.cstx.gov/events/stage-12-movie-night-inside-out,event,College Station
61ea03cba669e3d1d95d,Reveille Rooftop Bar Live Music: DJ Adonis,"Dance on the Reveille rooftop with DJ Adonis. Enjoy high energy music, great drinks, and an unforgettable night.",,Entertainment,https://visit.cstx.gov/events/reveille-rooftop-bar-live-music-dj-adonis-4/,visit_cstx_events,,Reveille Rooftop Bar Live Music: DJ Adonis,College Station,2026-05-22 20:00:00-05:00,2026-05-22 23:00:00-05:00,,live_music,,College Station,https://visit.cstx.gov/imager/files_idss_com/C485/62efcf85-5b1a-4ff1-91e0-bd7e97548e0d_91852798b59be8b28fc00edfe4aec23a.png,,,True,2026-05-11 23:44:18.651500,2026-05-11 23:44:18.651500,"Reveille Rooftop Bar Live Music: DJ Adonis Go To Website Save Reveille Rooftop Bar Live Music: DJ Adonis 801 University Dr. E College Station, Texas 77840 United States Details Open in Google Maps Map May 22, 2026 8:00 PM – 11:00 PM Reveille Rooftop Bar Live Music: DJ Adonis Reveille Rooftop Bar 801 University Dr. E College Station, Texas 77840 Overview Dance on the Reveille rooftop with DJ Adonis. Enjoy high energy music, great drinks, and an unforgettable night.",https://visit.cstx.gov/events/reveille-rooftop-bar-live-music-dj-adonis-4,event,College Station
296be23dba6cffbc3089,Front Porch Live Music,"Join us every weekend for an evening of live music on The Front Porch at Century Square. A feel-good live music series with a tribute to Robert Earl Keen and Lyle Lovett, two Aggies finding their voice on their old front porch in College Station, Texas. Enjoy music underneath the twinkling lights on The Green or from the patio of a nearby restaurant! Artists’ line-up will include solos + duos made up of students and locals alike who are making their name in our city. With dinner and drinks within arm’s reach, we welcome you to grab your favorite people, take a seat, take a sip, and enjoy a relaxed night in the heart of College Station. Friday & Saturday: 7 - 10 PM Sundays (Grace on The Green): 6 - 8 PM",Century Square,Entertainment,https://www.century-square.com/events/detail/century-square-live-music4,century_square_events,Century Square - College Station,75 Century Square Dr,College Station,2026-05-23 19:00:00,2026-05-23 22:00:00,"weekly:FR,SA",live_music,,Century Square | College Station,https://www.century-square.com/uploads/img/events/AdobeStock_207995014.jpeg,,,True,2026-05-11 23:46:34.291382,2026-05-11 23:46:34.291382,"Front Porch Live Music Enjoy live music by local musicians every Friday & Saturday on The Front Porch from 7 - 10 PM. Join us every weekend for an evening of live music on The Front Porch at Century Square. A feel-good live music series with a tribute to Robert Earl Keen and Lyle Lovett, two Aggies finding their voice on their old front porch in College Station, Texas. Enjoy music underneath the twinkling lights on The Green or from the patio of a nearby restaurant! Artists’ line-up will include solos + duos made up of students and locals alike who are making their name in our city. With dinner and drinks within arm’s reach, we welcome you to grab your favorite people, take a seat, take a sip, and enjoy a relaxed night in the heart of College Station. Friday & Saturday: 7 - 10 PM Sundays (Grace on The Green): 6 - 8 PM",https://century-square.com/events/detail/century-square-live-music4,event,Century Square
bae61f2831ba7f2e37ba,Reveille Rooftop Bar Live Music: DJ Stein,"Join us at Reveille Rooftop Bar in College Station for an electrifying night with DJ Stein, known for his dynamic mixes of hip-hop, top 40, and crowd-favorite",,Entertainment,https://visit.cstx.gov/events/reveille-rooftop-bar-live-music-dj-stein-3/,visit_cstx_events,,Reveille Rooftop Bar Live Music: DJ Stein,College Station,2026-05-23 20:00:00-05:00,2026-05-23 23:00:00-05:00,,live_music,,College Station,https://visit.cstx.gov/imager/files_idss_com/C485/02cc874c-d384-4d84-815f-c8d6bb9ab80f_91852798b59be8b28fc00edfe4aec23a.png,,,True,2026-05-11 23:44:19.655206,2026-05-11 23:44:19.655206,"Reveille Rooftop Bar Live Music: DJ Stein Go To Website Save Reveille Rooftop Bar Live Music: DJ Stein 801 University Dr. E College Station, Texas 77840 United States Details Open in Google Maps Map May 23, 2026 8:00 PM – 11:00 PM Reveille Rooftop Bar Live Music: DJ Stein Reveille Rooftop Bar 801 University Dr. E College Station, Texas 77840 Overview Join us at Reveille Rooftop Bar in College Station for an electrifying night with DJ Stein, known for his dynamic mixes of hip-hop, top 40, and crowd-favorite party tracks. Sip on handcrafted cocktails, enjoy stunning rooftop views, and dance the night away to the beats that keep the energy high.",https://visit.cstx.gov/events/reveille-rooftop-bar-live-music-dj-stein-3,event,College Station
b50e6e250a3657fa640a,Grace on The Green,"If you’re looking for a fun evening with family and friends, look no further than Grace on The Green at Century Square. Grab a blanket and lawn chairs and head to The Green or sit on the patio of a nearby restaurant! Enjoy live music on The Green with a line-up of inspirational artists on the outdoor Front Porch stage at Century Square. *Weather permitting.",Century Square,Entertainment,https://www.century-square.com/events/detail/grace-on-the-green-2,century_square_events,Century Square - College Station,75 Century Square Dr,College Station,2026-05-24 18:00:00,2026-05-24 20:00:00,weekly:SU,live_music,,Century Square | College Station,https://www.century-square.com/uploads/img/events/AdobeStock_752306262.jpeg,,,True,2026-05-11 23:46:34.325389,2026-05-11 23:46:34.325389,"Grace on The Green Start your week on the right note with inspirational live music every Sunday on The Green from 6 - 8 PM. If you’re looking for a fun evening with family and friends, look no further than Grace on The Green at Century Square. Grab a blanket and lawn chairs and head to The Green or sit on the patio of a nearby restaurant! Enjoy live music on The Green with a line-up of inspirational artists on the outdoor Front Porch stage at Century Square. *Weather permitting.",https://century-square.com/events/detail/grace-on-the-green-2,event,Century Square
6ea8ca66bfe4808cae55,Office of The Dean Live Music: Jerry Almarez,"Jerry Almarez is bringing a sound that lands somewhere between indie rock grit and Red Dirt soul—raw, honest, and made for a night that feels a little",,Entertainment,https://visit.cstx.gov/events/office-of-the-dean-live-music-jerry-almarez/,visit_cstx_events,,Office of The Dean Live Music: Jerry Almarez,College Station,2026-05-28 18:00:00-05:00,2026-05-28 21:00:00-05:00,,live_music,,College Station,https://visit.cstx.gov/imager/files_idss_com/C485/866a1d89-c507-483f-a421-42cb54f1922b_91852798b59be8b28fc00edfe4aec23a.jpg,,,True,2026-05-11 23:44:22.640530,2026-05-11 23:44:22.640530,"Office of The Dean Live Music: Jerry Almarez Go To Website Save Office of The Dean Live Music: Jerry Almarez 801 University Dr. E College Station, Texas 77840 United States Details Open in Google Maps Map May 28, 2026 6:00 PM – 9:00 PM Office of The Dean Live Music: Jerry Almarez Office of The Dean 801 University Dr. E College Station, Texas 77840 Overview Jerry Almarez is bringing a sound that lands somewhere between indie rock grit and Red Dirt soul—raw, honest, and made for a night that feels a little unforgettable. Join us at Office of the Dean for live music, good drinks, and a set full of heart, edge, and Texas charm.",https://visit.cstx.gov/events/office-of-the-dean-live-music-jerry-almarez,event,College Station
c7d289e6485301a041df,Trivia on The Green,"Come out to Century Square every Thursday evening for TRIVIA NIGHT! Have fun and win prizes by competing with your friends each week to answer questions about sports, history, and music, as well as specific categories like cartoons, architecture, fashion, and more. The more you know, the more you win! Grab a bite to eat and something to drink from one of the surrounding restaurants, and head out to The Green to get your trivia on. This event is free and open to the public.",Century Square,Social,https://www.century-square.com/events/detail/trivia-on-the-green11322,century_square_events,Century Square - College Station,75 Century Square Dr,College Station,2026-05-28 19:00:00,2026-05-28 21:00:00,weekly:TH,trivia,,Century Square | College Station,https://www.century-square.com/uploads/img/events/Trivia_Night_website_event_Header.png,,,True,2026-05-11 23:46:34.353036,2026-05-11 23:46:34.353036,"Trivia on The Green It's Trivia Night at Century Square every Thursday evening at 7 PM! Free entry, fun prizes, and surrounded by good food and brews. Come out to Century Square every Thursday evening for TRIVIA NIGHT! Have fun and win prizes by competing with your friends each week to answer questions about sports, history, and music, as well as specific categories like cartoons, architecture, fashion, and more. The more you know, the more you win! Grab a bite to eat and something to drink from one of the surrounding restaurants, and head out to The Green to get your trivia on. This event is free and open to the public.",https://century-square.com/events/detail/trivia-on-the-green11322,event,Century Square
afc24342e576ac79059e,Reveille Rooftop Bar Live Music: The Briscoes,"Come up to Reveille Rooftop Bar for a night of live music with The Briscoes. Bringing an acoustic mix of country and rock ’n’ roll, they’ll set the tone for a",,Entertainment,https://visit.cstx.gov/events/reveille-rooftop-bar-live-music-the-briscoes/,visit_cstx_events,,Reveille Rooftop Bar Live Music: The Briscoes,College Station,2026-05-28 19:00:00-05:00,2026-05-28 22:00:00-05:00,,live_music,,College Station,https://visit.cstx.gov/imager/files_idss_com/C485/e3703c40-61f0-4533-86f6-4a4de40e6666_91852798b59be8b28fc00edfe4aec23a.jpg,,,True,2026-05-11 23:44:23.651385,2026-05-11 23:44:23.651385,"Reveille Rooftop Bar Live Music: The Briscoes Go To Website Save Reveille Rooftop Bar Live Music: The Briscoes 801 University Dr. E College Station, Texas 77840 United States Details Open in Google Maps Map May 28, 2026 7:00 PM – 10:00 PM Reveille Rooftop Bar Live Music: The Briscoes Reveille Rooftop Bar 801 University Dr. E College Station, Texas 77840 Overview Come up to Reveille Rooftop Bar for a night of live music with The Briscoes. Bringing an acoustic mix of country and rock ’n’ roll, they’ll set the tone for a laid-back evening of good drinks and even better company. Grab a seat, sip something strong, and stay awhile.",https://visit.cstx.gov/events/reveille-rooftop-bar-live-music-the-briscoes,event,College Station
9c7bbf84a5fd8d4ff0df,Office of The Dean Live Music: Joey McGee,"Enjoy live music at Office of The Dean featuring singer songwriter Joey McGee, delivering original songs and crowd-favorite covers in the heart of College",,Entertainment,https://visit.cstx.gov/events/office-of-the-dean-live-music-joey-mcgee/,visit_cstx_events,,Office of The Dean Live Music: Joey McGee,College Station,2026-05-29 18:00:00-05:00,2026-05-29 21:00:00-05:00,,live_music,,College Station,https://visit.cstx.gov/imager/files_idss_com/C485/1f523ed0-aaf8-4034-9039-3dfac8058e0f_91852798b59be8b28fc00edfe4aec23a.jpg,,,True,2026-05-11 23:44:24.682154,2026-05-11 23:44:24.682154,"Office of The Dean Live Music: Joey McGee Go To Website Save Office of The Dean Live Music: Joey McGee 801 University Dr. E College Station, Texas 77840 United States Details Open in Google Maps Map May 29, 2026 6:00 PM – 9:00 PM Office of The Dean Live Music: Joey McGee Office of The Dean 801 University Dr. E College Station, Texas 77840 Overview Enjoy live music at Office of The Dean featuring singer songwriter Joey McGee, delivering original songs and crowd-favorite covers in the heart of College Station. Come out for a memorable night of live entertainment and great food!",https://visit.cstx.gov/events/office-of-the-dean-live-music-joey-mcgee,event,College Station
5ae090959f6884f1d707,Front Porch Live Music,"Join us every weekend for an evening of live music on The Front Porch at Century Square. A feel-good live music series with a tribute to Robert Earl Keen and Lyle Lovett, two Aggies finding their voice on their old front porch in College Station, Texas. Enjoy music underneath the twinkling lights on The Green or from the patio of a nearby restaurant! Artists’ line-up will include solos + duos made up of students and locals alike who are making their name in our city. With dinner and drinks within arm’s reach, we welcome you to grab your favorite people, take a seat, take a sip, and enjoy a relaxed night in the heart of College Station. Friday & Saturday: 7 - 10 PM Sundays (Grace on The Green): 6 - 8 PM",Century Square,Entertainment,https://www.century-square.com/events/detail/century-square-live-music,century_square_events,Century Square - College Station,75 Century Square Dr,College Station,2026-05-29 19:00:00,2026-05-29 22:00:00,"weekly:FR,SA",live_music,,Century Square | College Station,https://www.century-square.com/uploads/img/events/210610838_835418167079218_271472575267163116_n_1.jpg,,,True,2026-05-11 23:46:34.378061,2026-05-11 23:46:34.378061,"Front Porch Live Music Enjoy live music by local musicians every Friday & Saturday on The Front Porch from 7 - 10 PM. Join us every weekend for an evening of live music on The Front Porch at Century Square. A feel-good live music series with a tribute to Robert Earl Keen and Lyle Lovett, two Aggies finding their voice on their old front porch in College Station, Texas. Enjoy music underneath the twinkling lights on The Green or from the patio of a nearby restaurant! Artists’ line-up will include solos + duos made up of students and locals alike who are making their name in our city. With dinner and drinks within arm’s reach, we welcome you to grab your favorite people, take a seat, take a sip, and enjoy a relaxed night in the heart of College Station. Friday & Saturday: 7 - 10 PM Sundays (Grace on The Green): 6 - 8 PM",https://century-square.com/events/detail/century-square-live-music,event,Century Square
e9420160282d92fe4133,Reveille Rooftop Bar Live Music: DJ Jazzy Style,"Join us at Reveille Rooftop Bar in College Station for a high-energy night with DJ Jazzy Style, spinning the hottest hip-hop, R&B, and top 40 hits that",,Entertainment,https://visit.cstx.gov/events/reveille-rooftop-bar-live-music-dj-jazzy-style-3/,visit_cstx_events,,Reveille Rooftop Bar Live Music: DJ Jazzy Style,College Station,2026-05-29 20:00:00-05:00,2026-05-29 23:00:00-05:00,,live_music,,College Station,https://visit.cstx.gov/imager/files_idss_com/C485/ca21e88e-b354-4327-a358-1df4218fa250_91852798b59be8b28fc00edfe4aec23a.png,,,True,2026-05-11 23:44:26.710231,2026-05-11 23:44:26.710231,"Reveille Rooftop Bar Live Music: DJ Jazzy Style Go To Website Save Reveille Rooftop Bar Live Music: DJ Jazzy Style 801 University Dr. E College Station, Texas 77840 United States Details Open in Google Maps Map May 29, 2026 8:00 PM – 11:00 PM Reveille Rooftop Bar Live Music: DJ Jazzy Style Reveille Rooftop Bar 801 University Dr. E College Station, Texas 77840 Overview Join us at Reveille Rooftop Bar in College Station for a high-energy night with DJ Jazzy Style, spinning the hottest hip-hop, R&B, and top 40 hits that keep the crowd moving. Sip on handcrafted cocktails, enjoy the vibrant rooftop atmosphere, and dance the night away with friends!",https://visit.cstx.gov/events/reveille-rooftop-bar-live-music-dj-jazzy-style-3,event,College Station
05da7e60fb8dfdd41154,Stage 12 Live Music: Bad 455's,"Join us at Stage 12 for free live music, great company, and a relaxing atmosphere. Each week features a different local artist, so there’s always something new",,Entertainment,https://visit.cstx.gov/events/stage-12-live-music-bad-455s/,visit_cstx_events,,Stage 12 Live Music: Bad 455's,College Station,2026-05-29 20:00:00-05:00,2026-05-29 22:00:00-05:00,,live_music,,College Station,https://visit.cstx.gov/imager/files_idss_com/C485/863d9252-afca-4715-a7ba-9ca2e3fd43f1_91852798b59be8b28fc00edfe4aec23a.jpg,,,True,2026-05-11 23:44:25.726336,2026-05-11 23:44:25.726336,"Stage 12 Live Music: Bad 455's Go To Website Save Stage 12 Live Music: Bad 455's 455 George Bush Dr W Suite 100 College Station, Texas 77840 United States Details Open in Google Maps Map May 29, 2026 8:00 PM – 10:00 PM Stage 12 Live Music: Bad 455's Stage 12 455 George Bush Dr W Suite 100 College Station, Texas 77840 Overview Join us at Stage 12 for free live music, great company, and a relaxing atmosphere. Each week features a different local artist, so there’s always something new to enjoy. Come hungry and thirsty—food and drinks will be available for purchase.",https://visit.cstx.gov/events/stage-12-live-music-bad-455s,event,College Station
939428ebe24f9dc57176,Cory Morrow at The Palace Theater,"Don't miss legendary Texas Country artist Cory Morrow at The Palace Theater on May 30! Doors at 7 pm, opener at 7:45 pm. Get your tickets now!",Palace Theater in Downtown Bryan,Entertainment,https://www.destinationbryan.com/events/cory-morrow-live-at-the-palace-theater/,destination_bryan_events,Palace Theater in Downtown Bryan,", 105 S Main St.",Bryan,2026-05-30 00:00:00,,weekly:FR,event,,Bryan | Downtown Bryan | Palace Theater in Downtown Bryan,https://iti-images.s3.amazonaws.com/events/0a547431-2ab7-0059-9470-47eeaaaab1ef.webp,,,True,2026-05-11 23:45:52.099031,2026-05-11 23:45:52.099031,"Cory Morrow at The Palace Theater Saturday, May 30, 2026 7:00 PM 105 S Main St. Bryan, TX 77803 Admission : $30 Website Buy Tickets Cory Morrow at The Palace Theater Palace Theater in Downtown Bryan 105 S Main St. Bryan, TX 77803 Details Open in Google Maps Map Save Don't miss legendary Texas Country artist Cory Morrow at The Palace Theater on May 30! Doors at 7 pm, opener at 7:45 pm. Get your tickets now! Related The Palace Theater The Palace Theater is an open-air amphitheater in Historic Downtown Bryan, Texas. Home to free, live concerts during First Fridays every month and many other seasonal events, The Palace Theater is a… Learn More >>>",https://destinationbryan.com/events/cory-morrow-live-at-the-palace-theater,event,Downtown Bryan
180b2c7c8b0f795b87af,Starlight Music Series 2026,"For more than two decades, the Starlight Music Series has offered free, family-friendly entertainment under the stars at Wolf Pen Creek Amphitheater (1015",,Miscellaneous,https://visit.cstx.gov/events/starlight-music-series-2026-2/,visit_cstx_events,,Starlight Music Series 2026,College Station,2026-05-30 18:00:00-05:00,2026-05-30 23:59:00-05:00,,event,,College Station,https://visit.cstx.gov/imager/files_idss_com/C485/30e584e5-c707-4dc3-959f-ab2282e70124_91852798b59be8b28fc00edfe4aec23a.jpg,,,True,2026-05-11 23:44:28.755989,2026-05-11 23:44:28.755989,"Starlight Music Series 2026 Go To Website Save Starlight Music Series 2026 1015 Colgate Drive College Station, Texas 77840 United States Details Open in Google Maps Map May 30, 2026 6:00 PM Gates open at 6 PM Starlight Music Series 2026 Wolf Pen Creek Amphitheater 1015 Colgate Drive College Station, Texas 77840 Admission FREE Overview For more than two decades, the Starlight Music Series has offered free, family-friendly entertainment under the stars at Wolf Pen Creek Amphitheater (1015 Colgate Drive). This year’s lineup continues the tradition with three nights of country, classic rock, and Tejano music. Concerts are April 25, May 30, and June 13. Gates open at 6 p.m. and music starts at 7. Bring a picnic, grab a blanket or lawn chair, and enjoy the show. Free parking is available at Post Oak Mall, with accessible parking near Colgate Drive. Related Partners Save Wolf Pen Creek Park Amphitheater, Green Room & Plaza 1015 Colgate College Station, Texas 77840 United States Details Open in Google Maps Map Wolf Pen Creek Park Amphitheater, Green Room & Plaza Wolf Pen Creek Park Amphitheater, Green Room & Plaza 1015 Colgate College Station, Texas 77840 (979) 764-3486 Website Continue Reading",https://visit.cstx.gov/events/starlight-music-series-2026-2,event,College Station
c09258cd41e9135d0781,Front Porch Live Music,"Join us every weekend for an evening of live music on The Front Porch at Century Square. A feel-good live music series with a tribute to Robert Earl Keen and Lyle Lovett, two Aggies finding their voice on their old front porch in College Station, Texas. Enjoy music underneath the twinkling lights on The Green or from the patio of a nearby restaurant! Artists’ line-up will include solos + duos made up of students and locals alike who are making their name in our city. With dinner and drinks within arm’s reach, we welcome you to grab your favorite people, take a seat, take a sip, and enjoy a relaxed night in the heart of College Station. Friday & Saturday: 7 - 10 PM Sundays (Grace on The Green): 6 - 8 PM",Century Square,Entertainment,https://www.century-square.com/events/detail/century-square-live-music31,century_square_events,Century Square - College Station,75 Century Square Dr,College Station,2026-05-30 19:00:00,2026-05-30 22:00:00,"weekly:FR,SA",live_music,,Century Square | College Station,https://www.century-square.com/uploads/img/events/AdobeStock_448467708.jpeg,,,True,2026-05-11 23:46:34.404044,2026-05-11 23:46:34.404044,"Front Porch Live Music Enjoy live music by local musicians every Friday & Saturday on The Front Porch from 7 - 10 PM. Join us every weekend for an evening of live music on The Front Porch at Century Square. A feel-good live music series with a tribute to Robert Earl Keen and Lyle Lovett, two Aggies finding their voice on their old front porch in College Station, Texas. Enjoy music underneath the twinkling lights on The Green or from the patio of a nearby restaurant! Artists’ line-up will include solos + duos made up of students and locals alike who are making their name in our city. With dinner and drinks within arm’s reach, we welcome you to grab your favorite people, take a seat, take a sip, and enjoy a relaxed night in the heart of College Station. Friday & Saturday: 7 - 10 PM Sundays (Grace on The Green): 6 - 8 PM",https://century-square.com/events/detail/century-square-live-music31,event,Century Square
c3df491ae79fe7397c52,Reveille Rooftop Bar Live Music: DJ Jayy Smith,"Experience an unforgettable night on the Reveille Rooftop Bar with DJ Jayy Smith. Dance, drink, and feel the energy all evening.",,Entertainment,https://visit.cstx.gov/events/reveille-rooftop-bar-live-music-dj-jayy-smith-4/,visit_cstx_events,,Reveille Rooftop Bar Live Music: DJ Jayy Smith,College Station,2026-05-30 20:00:00-05:00,2026-05-30 23:00:00-05:00,,live_music,,College Station,https://visit.cstx.gov/imager/files_idss_com/C485/6a41af79-71f1-4113-91d7-be47209b22c8_91852798b59be8b28fc00edfe4aec23a.png,,,True,2026-05-11 23:44:29.734482,2026-05-11 23:44:29.734482,"Reveille Rooftop Bar Live Music: DJ Jayy Smith Go To Website Save Reveille Rooftop Bar Live Music: DJ Jayy Smith 801 University Dr. E College Station, Texas 77840 United States Details Open in Google Maps Map May 30, 2026 8:00 PM – 11:00 PM Reveille Rooftop Bar Live Music: DJ Jayy Smith Reveille Rooftop Bar 801 University Dr. E College Station, Texas 77840 Overview Experience an unforgettable night on the Reveille Rooftop Bar with DJ Jayy Smith. Dance, drink, and feel the energy all evening.",https://visit.cstx.gov/events/reveille-rooftop-bar-live-music-dj-jayy-smith-4,event,College Station
0a26bcf048d3b02af529,Grace on The Green,"If you’re looking for a fun evening with family and friends, look no further than Grace on The Green at Century Square. Grab a blanket and lawn chairs and head to The Green or sit on the patio of a nearby restaurant! Enjoy live music on The Green with a line-up of inspirational artists on the outdoor Front Porch stage at Century Square. *Weather permitting.",Century Square,Entertainment,https://www.century-square.com/events/detail/grace-on-the-green,century_square_events,Century Square - College Station,75 Century Square Dr,College Station,2026-05-31 18:00:00,2026-05-31 20:00:00,weekly:SU,live_music,,Century Square | College Station,https://www.century-square.com/uploads/img/events/6H1A5566-HDR_low_res.jpg,,,True,2026-05-11 23:46:34.430711,2026-05-11 23:46:34.430711,"Grace on The Green Start your week on the right note with inspirational live music every Sunday on The Green from 6- 8 PM. If you’re looking for a fun evening with family and friends, look no further than Grace on The Green at Century Square. Grab a blanket and lawn chairs and head to The Green or sit on the patio of a nearby restaurant! Enjoy live music on The Green with a line-up of inspirational artists on the outdoor Front Porch stage at Century Square. *Weather permitting.",https://century-square.com/events/detail/grace-on-the-green,event,Century Square
2d0e4c11db9d6bb87b52,First Friday in the Parlor at Ice House on Main,"It's First Friday! Head to the Parlor for a relaxing evening with good friends, great cocktails, or a good glass of wine (or two)!",Ice House on Main,Food,https://www.destinationbryan.com/events/first-friday-in-the-parlor-at-ice-house-on-main/,destination_bryan_events,Ice House on Main,800 North Main Street,Bryan,2026-06-05 15:30:00,2026-06-05 23:30:00,,event,,Bryan | Ice House on Main | Downtown Bryan,https://iti-images.s3.amazonaws.com/events/92ea6faf-0a46-dbd5-2c40-c1bc40e311d8.webp,,,True,2026-05-11 23:45:22.041979,2026-05-11 23:45:22.041979,"First Friday in the Parlor at Ice House on Main Friday, June 5, 2026 3:30 PM – 11:30 PM Recurring Dates 800 North Main Street Bryan, TX 77803 Admission : Free First Friday in the Parlor at Ice House on Main Ice House on Main 800 North Main Street Bryan, TX 77803 Details Open in Google Maps Map Save It's First Friday! Head to the Parlor for a relaxing evening with good friends, great cocktails, or a good glass of wine (or two)! Upcoming Dates Friday, June 5 Friday, July 3 Friday, August 7 Friday, September 4 Friday, October 2 Friday, November 6 Friday, December 4",https://destinationbryan.com/events/first-friday-in-the-parlor-at-ice-house-on-main,event,Downtown Bryan
e895bbc688974c0781ae,First Friday in Historic Downtown Bryan,"The streets of Historic Downtown Bryan transform into one big stage on the First Friday of each month with live music, performances, art demonstrations, and unique & interactive events and activities!",Historic Downtown Bryan,Entertainment,https://www.destinationbryan.com/events/first-friday-event/,destination_bryan_events,Historic Downtown Bryan,110 South Main Street,Bryan,2026-06-05 17:00:00,2026-06-05 22:00:00,,live_music,,Bryan | Downtown Bryan | Historic Downtown Bryan,/imager/cmsimages/827049/First-Friday-People-Walking-Along-Farmers-Market_91852798b59be8b28fc00edfe4aec23a.jpg,,,True,2026-05-11 23:45:00.668475,2026-05-11 23:45:00.668475,"First Friday in Historic Downtown Bryan Friday, June 5, 2026 5:00 PM – 10:00 PM Recurring Dates 110 South Main Street Bryan, TX 77803 (979) 721-9506 Admission : Free Website First Friday in Historic Downtown Bryan 110 South Main Street Bryan, TX 77803 Details Open in Google Maps Map Save The streets of Historic Downtown Bryan transform into one big stage on the First Friday of each month with live music, performances, art demonstrations, and unique & interactive events and activities! Plus, all your favorite Downtown Bryan shops & restaurants stay open late for the evening. This is the place to be on the First Friday of each month in Aggieland! Sponsored by Baylor Scott & White Health . Click Here To View An Interactive Map Of This Month's Activities . Upcoming Dates Friday, June 5 Friday, July 3 Friday, August 7 Friday, September 4 Friday, October 2 Friday, November 6 Friday, December 4",https://destinationbryan.com/events/first-friday-event,event,Downtown Bryan
74134bbb83964fc29ab7,Indian Film Series at The Kimbell Cultural Event Center,"The Indian Film Series will showcase vibrant Indian and Hindi Films, providing unique cultural experiences for residents and visitors in the region. 12:00 PM |",The Kimbell Cultural Event Center,Entertainment,https://www.destinationbryan.com/events/indian-film-series-at-the-kimbell-event-center/,destination_bryan_events,The Kimbell Cultural Event Center,607 N. Main St.,Bryan,2026-06-07 12:00:00,2026-06-07 20:00:00,,event,,Bryan | The Kimbell Cultural Event Center | Downtown Bryan,/imager/cmsimages/1392968/June7FilmSeries_91852798b59be8b28fc00edfe4aec23a.png,,,True,2026-05-11 23:45:57.223688,2026-05-11 23:45:57.223688,"Indian Film Series at The Kimbell Cultural Event Center Sunday, June 7, 2026 12:00 PM – 8:00 PM 607 N. Main St. Bryan, TX 77803 (979) 696-2787 Admission : $10/film Website Buy Tickets Email Indian Film Series at The Kimbell Cultural Event Center The Kimbell Cultural Event Center 607 N. Main St. Bryan, TX 77803 Details Open in Google Maps Map Save The Indian Film Series will showcase vibrant Indian and Hindi Films, providing unique cultural experiences for residents and visitors in the region. 12:00 PM | Pather Panchali, dir. Satyajit Ray (1955) 2:20 PM | Kalpana, dir. Uday Shankar (1948) 5:15 PM | All We Imagine as Light, dir. Payal Kapadia (2024) 7:15 PM | Reception 8:00 PM | Cactus Pears, dir. Rohan Kanawade (2025)",https://destinationbryan.com/events/indian-film-series-at-the-kimbell-event-center,event,Downtown Bryan
9a309c873ab5148d564a,Celebrate American Heritage Festival,"Join us at the Celebrate America Heritage Festival, a free public event commemorating 250 years of American heritage through interactive history, hands-on",,Miscellaneous,https://visit.cstx.gov/events/celebrate-american-heritage-festival/,visit_cstx_events,,Celebrate American Heritage Festival,College Station,2026-06-13 10:00:00-05:00,2026-06-13 17:00:00-05:00,,event,,College Station,https://visit.cstx.gov/imager/files_idss_com/C485/0bc56057-a371-4525-b035-55aa652b6f8a_91852798b59be8b28fc00edfe4aec23a.jpeg,,,True,2026-05-11 23:44:34.769554,2026-05-11 23:44:34.769554,"Celebrate American Heritage Festival Go To Website Save Celebrate American Heritage Festival 19124 Hwy 6 College Station, Texas 77845 United States Details Open in Google Maps Map June 13, 2026 10:00 AM – 5:00 PM 10:00 am to 5:00 pm Celebrate American Heritage Festival The Museum of the American G.I. 19124 Hwy 6 College Station, Texas 77845 Admission Free Overview Join us at the Celebrate America Heritage Festival, a free public event commemorating 250 years of American heritage through interactive history, hands-on activities, live music, and community participation. Hosted by the Museum of the American G.I., this festival-style event invites visitors of all ages to explore the people, stories, and innovations that have shaped our nation. Related Partners Save Museum of the American G.I. 19124 Hwy 6 College Station, Texas 77842 United States Details Open in Google Maps Map Museum of the American G.I. Museum of the American G.I. 19124 Hwy 6 College Station, Texas 77842 (979) 690-0501 Website Continue Reading",https://visit.cstx.gov/events/celebrate-american-heritage-festival,event,College Station
53c3e754fda8dedac6da,Market on The Green,"Soak in the summertime nights and join us for Market on The Green , a monthly vendor market at Century Square every second Saturday from 5 - 9 PM! Discover unique artisan goods, stroll The Square, and enjoy shopping and dining from our incredible retailers and restaurants. 2026 Market Dates: June 13, July 11 & August 8 While you’re here, explore exclusive brands like Lucchese, Kendra Scott, lululemon, Onward Reserve, and King Ranch, or support our local boutiques and stores, including Galleria, Grass Stains, Merge, Apricot Lane, Brazos Running Co, Hemline, and more! For vendor inquiries, please fill out our inquiry form here or visit the “Website” link below. Markets on The Green will run monthly through August—don’t miss out! Enjoy free parking in our parking garage or pay-to-park in our convenient surface lot.",Century Square,Food,https://www.century-square.com/events/detail/markets-on-the-green4,century_square_events,Century Square - College Station,75 Century Square Dr,College Station,2026-06-13 17:00:00,2026-06-13 21:00:00,weekly:SA,market,,Century Square | College Station,https://www.century-square.com/uploads/img/events/_X4A4637.jpg,,,True,2026-05-11 23:46:34.457714,2026-05-11 23:46:34.457714,"Market on The Green Enjoy live music, shop local vendors and on-site boutiques, and dine around the Square at our monthly Market on The Green! Soak in the summertime nights and join us for Market on The Green , a monthly vendor market at Century Square every second Saturday from 5 - 9 PM! Discover unique artisan goods, stroll The Square, and enjoy shopping and dining from our incredible retailers and restaurants. 2026 Market Dates: June 13, July 11 & August 8 While you’re here, explore exclusive brands like Lucchese, Kendra Scott, lululemon, Onward Reserve, and King Ranch, or support our local boutiques and stores, including Galleria, Grass Stains, Merge, Apricot Lane, Brazos Running Co, Hemline, and more! For vendor inquiries, please fill out our inquiry form here or visit the “Website” link below. Markets on The Green will run monthly through August—don’t miss out! Enjoy free parking in our parking garage or pay-to-park in our convenient surface lot.",https://century-square.com/events/detail/markets-on-the-green4,event,Century Square
1556fa6683f0aa7015c6,Market on the Green 2026,"Join us for Market on The Green, a monthly vendor market at Century Square! Discover unique artisan goods, stroll The Square, and enjoy shopping and dining",,Food,https://visit.cstx.gov/events/market-on-the-green-2026-3/,visit_cstx_events,,Market on the Green 2026,College Station,2026-06-13 17:00:00-05:00,2026-06-13 21:00:00-05:00,,market,,College Station | Century Square,https://visit.cstx.gov/imager/files_idss_com/C485/42aa7dff-3156-4625-9c3c-41983f1bcefa_91852798b59be8b28fc00edfe4aec23a.jpg,,,True,2026-05-11 23:44:35.893831,2026-05-11 23:44:35.893831,"Market on the Green 2026 Go To Website Save Market on the Green 2026 170 Century Square Dr College Station, Texas 77840 United States Details Open in Google Maps Map June 13, 2026 5:00 PM – 9:00 PM 5-9 PM Market on the Green 2026 The Green at Century Square 170 Century Square Dr College Station, Texas 77840 Admission Free Overview Join us for Market on The Green, a monthly vendor market at Century Square! Discover unique artisan goods, stroll The Square, and enjoy shopping and dining from our incredible retailers and restaurants. While you’re here, explore exclusive brands like Lucchese, Kendra Scott, lululemon, Onward Reserve, and King Ranch, or support our local boutiques and stores, including Galleria, Grass Stains, Merge, Apricot Lane, Brazos Running Co and Hemline!",https://visit.cstx.gov/events/market-on-the-green-2026-3,event,Century Square
f3009926d0acf7ad3c66,Juneteenth Blues Fest in Historic Downtown Bryan,"The Juneteenth celebration continues into the evening with Blues Fest, from 6:00PM - 10:00PM Historic Downtown Bryan!",The Palace Theater,Miscellaneous,https://www.destinationbryan.com/events/juneteenth-blues-fest-at-the-palace-theater/,destination_bryan_events,The Palace Theater,105 S Main St.,Bryan,2026-06-13 18:00:00,2026-06-13 22:00:00,weekly:FR,event,,Bryan | Downtown Bryan | The Palace Theater,/imager/cmsimages/754568/Juneteenth-Blues-Fest-Saxaphone_91852798b59be8b28fc00edfe4aec23a.jpg,30.6733722,-96.3730496,True,2026-05-11 23:45:59.184826,2026-05-11 23:45:59.184826,"Juneteenth Blues Fest in Historic Downtown Bryan Saturday, June 13, 2026 6:00 PM – 10:00 PM 105 S Main St. Bryan, TX 77803 (979) 255-8450 Admission : Free Email Juneteenth Blues Fest in Historic Downtown Bryan The Palace Theater 105 S Main St. Bryan, TX 77803 Details Open in Google Maps Map Save Celebration Juneteenth with Blues Fest from 6:00PM - 10:00PM in Historic Downtown Bryan! Enjoy the vibrant continuation of Juneteenth festivities as Blues Fest takes center stage at Palace Theater in Historic Downtown Bryan! Breathe in the fresh air at this outdoor amphitheater while talented musicians grace the stage, playing soulful blues songs. Featuring JMG, Mi'chel Rosii. Related The Palace Theater The Palace Theater is an open-air amphitheater in Historic Downtown Bryan, Texas. Home to free, live concerts during First Fridays every month and many other seasonal events, The Palace Theater is a… Learn More >>>",https://destinationbryan.com/events/juneteenth-blues-fest-at-the-palace-theater,event,Downtown Bryan
fcae10c686fb49796837,Starlight Music Series 2026,"For more than two decades, the Starlight Music Series has offered free, family-friendly entertainment under the stars at Wolf Pen Creek Amphitheater (1015",,Miscellaneous,https://visit.cstx.gov/events/starlight-music-series-2026-3/,visit_cstx_events,,Starlight Music Series 2026,College Station,2026-06-13 18:00:00-05:00,2026-06-13 23:59:00-05:00,,event,,College Station,https://visit.cstx.gov/imager/files_idss_com/C485/184654d9-3b9a-415e-aa5a-16ca9867d5b3_91852798b59be8b28fc00edfe4aec23a.jpg,,,True,2026-05-11 23:44:36.844763,2026-05-11 23:44:36.844763,"Starlight Music Series 2026 Go To Website Save Starlight Music Series 2026 1015 Colgate Drive College Station, Texas 77840 United States Details Open in Google Maps Map June 13, 2026 6:00 PM Gates open at 6 PM Starlight Music Series 2026 Wolf Pen Creek Amphitheater 1015 Colgate Drive College Station, Texas 77840 Admission FREE Overview For more than two decades, the Starlight Music Series has offered free, family-friendly entertainment under the stars at Wolf Pen Creek Amphitheater (1015 Colgate Drive). This year’s lineup continues the tradition with three nights of country, classic rock, and Tejano music. Concerts are April 25, May 30, and June 13. Gates open at 6 p.m. and music starts at 7. Bring a picnic, grab a blanket or lawn chair, and enjoy the show. Free parking is available at Post Oak Mall, with accessible parking near Colgate Drive. Related Partners Save Wolf Pen Creek Park Amphitheater, Green Room & Plaza 1015 Colgate College Station, Texas 77840 United States Details Open in Google Maps Map Wolf Pen Creek Park Amphitheater, Green Room & Plaza Wolf Pen Creek Park Amphitheater, Green Room & Plaza 1015 Colgate College Station, Texas 77840 (979) 764-3486 Website Continue Reading",https://visit.cstx.gov/events/starlight-music-series-2026-3,event,College Station
4a90df1aac825f87364e,Live Music @ The Tap: Mack Geiger,"Spend your Friday night at The Tap with live country music from rising artist Mack Geiger on June 13. Known for his energetic performances and country sound,",,Entertainment,https://visit.cstx.gov/events/live-music-the-tap-mack-geiger/,visit_cstx_events,,Live Music @ The Tap: Mack Geiger,College Station,2026-06-13 20:00:00-05:00,2026-06-13 23:59:00-05:00,,live_music,,College Station,https://files.idss.com/C485/a67a397a-3a72-41a9-b09f-3f26d531b007.webp,,,True,2026-05-11 23:44:37.833795,2026-05-11 23:44:37.833795,"Live Music @ The Tap: Mack Geiger Go To Website Buy Tickets Save Live Music @ The Tap: Mack Geiger 815 Harvey Rd College Station, Texas 77840 United States Details Open in Google Maps Map June 13, 2026 8:00 PM 8PM Live Music @ The Tap: Mack Geiger The Tap 815 Harvey Rd College Station, Texas 77840 Overview Spend your Friday night at The Tap with live country music from rising artist Mack Geiger on June 13. Known for his energetic performances and country sound, Geiger brings an evening of live entertainment to one of College Station’s favorite music venues. Doors open at 8 p.m. This is a ticketed event.",https://visit.cstx.gov/events/live-music-the-tap-mack-geiger,event,College Station
6937eb0681f74decfe10,Century Square Cinema,"Hop, crawl, or slither in to Century Square Cinemas, our free summer movie series happening every third Thursday from June to August under the twinkling lights of The Green at Century Square. We’re kicking off the series with a showing of Zootopia 2! Come early for a special meet and greet with Texas Parks & Wildlife, featuring snakes, turtles, and other critters that help show just how important and friendly these animals really are. Admission to Century Square Cinemas is completely free! So come join us for a fun-filled evening of movies, food, and family fun. Grab your blankets, chairs, and your favorite movie snacks and settle in for an unforgettable evening with your loved ones. As a courtesy, no outside food or beverages are allowed. Our restaurants offer delicious menu items that can also conveniently be taken to go. Hopdoddy Burger Bar, PORTERS Dining + Bar, Sweet Paris, and Blaze Pizza offer various alcoholic beverages that can be purchased and enjoyed on The Green.",Century Square,Entertainment,https://www.century-square.com/events/detail/century-square-cinema1,century_square_events,Century Square - College Station,75 Century Square Dr,College Station,2026-06-18 19:00:00,2026-06-18 21:00:00,weekly:TH,discount,,Century Square | College Station,https://www.century-square.com/uploads/img/events/june.png,,,True,2026-05-11 23:46:34.485724,2026-05-11 23:46:34.485724,"Century Square Cinema Hop, crawl, or slither in to Century Square for the first film of our free summer series: Zootopia 2! Come early to meet & greet friendly critters brought to you by Texas Parks & Wildlife. Hop, crawl, or slither in to Century Square Cinemas, our free summer movie series happening every third Thursday from June to August under the twinkling lights of The Green at Century Square. We’re kicking off the series with a showing of Zootopia 2! Come early for a special meet and greet with Texas Parks & Wildlife, featuring snakes, turtles, and other critters that help show just how important and friendly these animals really are. Admission to Century Square Cinemas is completely free! So come join us for a fun-filled evening of movies, food, and family fun. Grab your blankets, chairs, and your favorite movie snacks and settle in for an unforgettable evening with your loved ones. As a courtesy, no outside food or beverages are allowed. Our restaurants offer delicious menu items that can also conveniently be taken to go. Hopdoddy Burger Bar, PORTERS Dining + Bar, Sweet Paris, and Blaze Pizza offer various alcoholic beverages that can be purchased and enjoyed on The Green.",https://century-square.com/events/detail/century-square-cinema1,event,Century Square
db97338e9b34b4133c39,Century Square Cinema: Zootopia 2,"Hop, crawl, or slither in to Century Square Cinemas, our free summer movie series happening every third Thursday from June to August under the twinkling lights",,Miscellaneous,https://visit.cstx.gov/events/century-square-cinema-zootopia-2/,visit_cstx_events,,Century Square Cinema: Zootopia 2,College Station,2026-06-18 19:00:00-05:00,2026-06-18 21:00:00-05:00,weekly:TH,event,,College Station | Century Square,https://visit.cstx.gov/imager/files_idss_com/C485/96431436-5eb5-46fd-85e1-09c356bf3eff_91852798b59be8b28fc00edfe4aec23a.jpg,,,True,2026-05-11 23:44:38.830179,2026-05-11 23:44:38.830179,"Century Square Cinema: Zootopia 2 Go To Website Save Century Square Cinema: Zootopia 2 175 Century Square Dr. College Station, Texas 77840 United States Details Open in Google Maps Map June 18, 2026 7:00 PM – 9:00 PM 7PM-9PM Century Square Cinema: Zootopia 2 Century Square 175 Century Square Dr. College Station, Texas 77840 Overview Hop, crawl, or slither in to Century Square Cinemas, our free summer movie series happening every third Thursday from June to August under the twinkling lights of The Green at Century Square. We’re kicking off the series with a showing of Zootopia 2! Come early for a special meet and greet with Texas Parks & Wildlife, featuring snakes, turtles, and other critters that help show just how important and friendly these animals really are. Admission to Century Square Cinemas is completely free! So come join us for a fun-filled evening of movies, food, and family fun. Grab your blankets, chairs, and your favorite movie snacks and settle in for an unforgettable evening with your loved ones. As a courtesy, no outside food or beverages are allowed. Our restaurants offer delicious menu items that can also conveniently be taken to go. Hopdoddy Burger Bar, PORTERS Dining + Bar, Sweet Paris, and Blaze Pizza offer various alcoholic beverages that can be purchased and enjoyed on The Green. Related Partners Save Century Square 170 Century Square Dr. #150 College Station, Texas 77840 United States Details Open in Google Maps Map Century Square Century Square 170 Century Square Dr. #150 College Station, Texas 77840 (979) 559-9380 Website Continue Reading",https://visit.cstx.gov/events/century-square-cinema-zootopia-2,event,Century Square
0aa5882fe240721abd51,Sips & Snacks: Texas Favorites at Messina Hof Estate Winery,"Join us for Sips & Snacks: Texas Favorites, which celebrates the bold, comforting tastes of the Lone Star State. You’ll enjoy five Texas-inspired",Messina Hof Estate Winery,Food,https://www.destinationbryan.com/events/sips-snacks-texas-favorites/,destination_bryan_events,Messina Hof Estate Winery,4545 Old Reliance Road,Bryan,2026-06-23 18:30:00,2026-06-23 20:15:00,,event,,Bryan | Messina Hof Estate Winery,/imager/cmsimages/1357665/IMG_4882_91852798b59be8b28fc00edfe4aec23a.jpg,,,True,2026-05-11 23:46:05.268606,2026-05-11 23:46:05.268606,"Sips & Snacks: Texas Favorites at Messina Hof Estate Winery Tuesday, June 23, 2026 6:30 PM – 8:15 PM 4545 Old Reliance Road Bryan, TX 77808 (979) 778-9463 Admission : $40 Website Buy Tickets Email Sips & Snacks: Texas Favorites at Messina Hof Estate Winery Messina Hof Estate Winery 4545 Old Reliance Road Bryan, TX 77808 Details Open in Google Maps Map Save Join us for Sips & Snacks: Texas Favorites, which celebrates the bold, comforting tastes of the Lone Star State. You’ll enjoy five Texas-inspired favorites, think smoky, savory, a little spicy, and full of Southern charm, each paired with five wines chosen to complement and elevate every bite. This relaxed, guided tasting is all about discovering how local flavors and great wine can work together in delicious and sometimes surprising ways. Whether you’re a Texas native or just love big flavor, you’ll leave with new pairing ideas and a deeper appreciation for what makes Texas cuisine so special. Bring your appetite and your friends, it’s time to sip, savor, and taste a little Texas! Related Messina Hof Winery and Resort Founded in 1977, Messina Hof Winery merges Old World hospitality, New World ambition, and the potential of Texas grapes. Recognized as one of the most-award winning wineries in the state, Messina Hof's… Learn More >>>",https://destinationbryan.com/events/sips-snacks-texas-favorites,event,Bryan
457f3d9bb8270ca3e8da,Pride Book Fair,"Join Carabiner Collections! Saturday, June 27th, 2026 from 11:00 AM to 5:00 PM at the Hilton College Station (801 University Drive East) for the Pride Book",,Miscellaneous,https://visit.cstx.gov/events/pride-book-fair/,visit_cstx_events,,Pride Book Fair,College Station,2026-06-27 11:00:00-05:00,2026-06-27 17:00:00-05:00,,event,,College Station | Northgate,https://visit.cstx.gov/imager/files_idss_com/C485/678fd51d-30b7-4a61-8a50-f09f592f23a3_91852798b59be8b28fc00edfe4aec23a.png,,,True,2026-05-11 23:44:39.874634,2026-05-11 23:44:39.874634,"Pride Book Fair Go To Website Save Pride Book Fair 801 University Drive East College Station, Texas 77840 United States Details Open in Google Maps Map June 27, 2026 11:00 AM – 5:00 PM Annually Pride Book Fair Hilton College Station 801 University Drive East College Station, Texas 77840 Admission Free Overview Join Carabiner Collections! Saturday, June 27th, 2026 from 11:00 AM to 5:00 PM at the Hilton College Station (801 University Drive East) for the Pride Book Fair! This is a FREE, family-friendly community celebration that spotlights LGBTQIA+ stories, culture and history. It will host author talks & signings, drag performances, a diverse vendor market with community resources, food, and more!",https://visit.cstx.gov/events/pride-book-fair,event,Northgate
0f19cc11c0c842a8d75e,Chef Showcase at Messina Hof Winery,"Step into the kitchen with our Executive Chef for a live, interactive cooking demonstration designed for real life, not perfect kitchens. Whether you cook in a",Messina Hof Estate Winery,Entertainment,https://www.destinationbryan.com/events/chef-showcase-at-messina-hof-winery/,destination_bryan_events,Messina Hof Estate Winery,4545 Old Reliance Road,Bryan,2026-06-28 12:30:00,2026-06-28 14:45:00,,event,,Bryan | Messina Hof Estate Winery,https://iti-images.s3.amazonaws.com/events/1a7cf072-c292-710e-c527-af2329c9d8ac.webp,,,True,2026-05-11 23:45:22.864068,2026-05-11 23:45:22.864068,"Chef Showcase at Messina Hof Winery Sunday, June 28, 2026 12:30 PM – 2:45 PM Recurring Dates 4545 Old Reliance Road Bryan, TX 77808 (979) 778-9463 Admission : $81+ Website Buy Tickets Chef Showcase at Messina Hof Winery Messina Hof Estate Winery 4545 Old Reliance Road Bryan, TX 77808 Details Open in Google Maps Map Save Step into the kitchen with our Executive Chef for a live, interactive cooking demonstration designed for real life, not perfect kitchens. Whether you cook in a full kitchen or a compact space, you’ll leave with practical skills you can actually use. What to Expect Three Approachable, Inspired DishesExpect cozy, familiar favorites and inspired ingredients kept simple and nourishing. Each dish is intentionally designed to be easy to recreate at home, using items you likely already have on hand or can find at any grocery store. Included Wine Pairings Enjoy three specially selected glasses of award-winning Texas wine, each thoughtfully paired with each of the featured dishes. These curated pairings are designed to complement and enhance the flavors of each course while keeping the experience relaxed and approachable, perfect for both casual wine drinkers and seasoned enthusiasts. Real Techniques, Live Demonstration Watch the details that matter in real time, from properly browning ground meat to avoiding overcooked pasta. These small adjustments make a big impact, and you’ll walk away with the confidence to recreate the dishes at home. Class Themes April - Fresh Starts and Spring Flavors June - Effortless Summer Dishes August - Global Flavors October - Cozy Classics with a Twist December - Holiday Hosting and Celebration Upcoming Dates Sunday, June 28 Sunday, August 30 Sunday, October 18 Sunday, December 13 Related Messina Hof Winery and Resort Founded in 1977, Messina Hof Winery merges Old World hospitality, New World ambition, and the potential of Texas grapes. Recognized as one of the most-award winning wineries in the state, Messina Hof's… Learn More >>>",https://destinationbryan.com/events/chef-showcase-at-messina-hof-winery,event,Bryan
ff280334e8cbf4ae1aac,Market on The Green,"Soak in the summertime nights and join us for Market on The Green , a monthly vendor market at Century Square every second Saturday from 5 - 9 PM! Discover unique artisan goods, stroll The Square, and enjoy shopping and dining from our incredible retailers and restaurants. 2026 Market Dates: July 11 & August 8 While you’re here, explore exclusive brands like Lucchese, Kendra Scott, lululemon, Onward Reserve, and King Ranch, or support our local boutiques and stores, including Galleria, Grass Stains, Merge, Apricot Lane, Brazos Running Co, Hemline, and more! For vendor inquiries, please fill out our inquiry form here or visit the “Website” link below. Markets on The Green will run monthly through August—don’t miss out! Enjoy free parking in our parking garage or pay-to-park in our convenient surface lot.",Century Square,Food,https://www.century-square.com/events/detail/markets-on-the-green2,century_square_events,Century Square - College Station,75 Century Square Dr,College Station,2026-07-11 17:00:00,2026-07-11 21:00:00,weekly:SA,market,,Century Square | College Station,https://www.century-square.com/uploads/img/events/_X4A4637.jpg,,,True,2026-05-11 23:46:34.513713,2026-05-11 23:46:34.513713,"Market on The Green Enjoy live music, shop local vendors and on-site boutiques, and dine around the Square at our monthly Market on The Green! Soak in the summertime nights and join us for Market on The Green , a monthly vendor market at Century Square every second Saturday from 5 - 9 PM! Discover unique artisan goods, stroll The Square, and enjoy shopping and dining from our incredible retailers and restaurants. 2026 Market Dates: July 11 & August 8 While you’re here, explore exclusive brands like Lucchese, Kendra Scott, lululemon, Onward Reserve, and King Ranch, or support our local boutiques and stores, including Galleria, Grass Stains, Merge, Apricot Lane, Brazos Running Co, Hemline, and more! For vendor inquiries, please fill out our inquiry form here or visit the “Website” link below. Markets on The Green will run monthly through August—don’t miss out! Enjoy free parking in our parking garage or pay-to-park in our convenient surface lot.",https://century-square.com/events/detail/markets-on-the-green2,event,Century Square
71a732ba316ede5a2769,Market on the Green 2026,"Join us for Market on The Green, a monthly vendor market at Century Square! Discover unique artisan goods, stroll The Square, and enjoy shopping and dining",,Food,https://visit.cstx.gov/events/market-on-the-green-2026-4/,visit_cstx_events,,Market on the Green 2026,College Station,2026-07-11 17:00:00-05:00,2026-07-11 21:00:00-05:00,,market,,College Station | Century Square,https://visit.cstx.gov/imager/files_idss_com/C485/13c9c06b-84bd-4032-9e83-6f6d07e57a05_91852798b59be8b28fc00edfe4aec23a.jpg,,,True,2026-05-11 23:44:40.820921,2026-05-11 23:44:40.820921,"Market on the Green 2026 Go To Website Save Market on the Green 2026 170 Century Square Dr College Station, Texas 77840 United States Details Open in Google Maps Map July 11, 2026 5:00 PM – 9:00 PM 5-9 PM Market on the Green 2026 The Green at Century Square 170 Century Square Dr College Station, Texas 77840 Admission Free Overview Join us for Market on The Green, a monthly vendor market at Century Square! Discover unique artisan goods, stroll The Square, and enjoy shopping and dining from our incredible retailers and restaurants. While you’re here, explore exclusive brands like Lucchese, Kendra Scott, lululemon, Onward Reserve, and King Ranch, or support our local boutiques and stores, including Galleria, Grass Stains, Merge, Apricot Lane, Brazos Running Co and Hemline!",https://visit.cstx.gov/events/market-on-the-green-2026-4,event,Century Square
1399dca2cac7bfbfd9fe,Century Square Cinema,"Swing into our second movie night of the summer at Century Square Cinemas! Our free summer film series takes place every third Thursday from June to August under the twinkling lights of The Green at Century Square. This month, we’re showing Spider-Man: No Way Home, just in time to get you ready for the newest Spider-Man release at the end of July! Come early for a special meet & greet and photo op with Spider-Man himself starting at 6 PM, then stick around as the movie begins at 7 PM for an action-packed night under the stars. Admission to Century Square Cinemas is completely free! So come join us for a fun-filled evening of movies, food, and family fun. Grab your blankets, chairs, and your favorite movie snacks and settle in for an unforgettable evening with your loved ones. As a courtesy, no outside food or beverages are allowed. Our restaurants offer delicious menu items that can also conveniently be taken to go. Hopdoddy Burger Bar, PORTERS Dining + Bar, Sweet Paris, and Blaze Pizza offer various alcoholic beverages that can be purchased and enjoyed on The Green.",Century Square,Entertainment,https://www.century-square.com/events/detail/century-square-cinema111,century_square_events,Century Square - College Station,75 Century Square Dr,College Station,2026-07-16 19:00:00,2026-07-16 21:00:00,weekly:TH,event,,Century Square | College Station,https://www.century-square.com/uploads/img/events/july.png,,,True,2026-05-11 23:46:34.540402,2026-05-11 23:46:34.540402,"Century Square Cinema Swing into our second movie night of the summer featuring Spider-Man: No Way Home. Come early to take photos with Spider-Man himself! Swing into our second movie night of the summer at Century Square Cinemas! Our free summer film series takes place every third Thursday from June to August under the twinkling lights of The Green at Century Square. This month, we’re showing Spider-Man: No Way Home, just in time to get you ready for the newest Spider-Man release at the end of July! Come early for a special meet & greet and photo op with Spider-Man himself starting at 6 PM, then stick around as the movie begins at 7 PM for an action-packed night under the stars. Admission to Century Square Cinemas is completely free! So come join us for a fun-filled evening of movies, food, and family fun. Grab your blankets, chairs, and your favorite movie snacks and settle in for an unforgettable evening with your loved ones. As a courtesy, no outside food or beverages are allowed. Our restaurants offer delicious menu items that can also conveniently be taken to go. Hopdoddy Burger Bar, PORTERS Dining + Bar, Sweet Paris, and Blaze Pizza offer various alcoholic beverages that can be purchased and enjoyed on The Green.",https://century-square.com/events/detail/century-square-cinema111,event,Century Square
2d8c3421a14e79f2d2c5,Century Square Cinema: Spider-Man: No Way Home,Swing into our second movie night of the summer at Century Square Cinemas! Our free summer film series takes place every third Thursday from June to August,,Miscellaneous,https://visit.cstx.gov/events/century-square-cinema-spider-man-no-way-home/,visit_cstx_events,,Century Square Cinema: Spider-Man: No Way Home,College Station,2026-07-16 19:00:00-05:00,2026-07-16 21:00:00-05:00,weekly:TH,event,,College Station | Century Square,https://visit.cstx.gov/imager/files_idss_com/C485/6c557a8a-77a0-42cc-befc-741e9307f109_91852798b59be8b28fc00edfe4aec23a.jpg,,,True,2026-05-11 23:44:41.845156,2026-05-11 23:44:41.845156,"Century Square Cinema: Spider-Man: No Way Home Go To Website Save Century Square Cinema: Spider-Man: No Way Home 175 Century Square Dr. College Station, Texas 77840 United States Details Open in Google Maps Map July 16, 2026 7:00 PM – 9:00 PM 7PM-9PM Century Square Cinema: Spider-Man: No Way Home Century Square 175 Century Square Dr. College Station, Texas 77840 Overview Swing into our second movie night of the summer at Century Square Cinemas! Our free summer film series takes place every third Thursday from June to August under the twinkling lights of The Green at Century Square. This month, we’re showing Spider-Man: No Way Home, just in time to get you ready for the newest Spider-Man release at the end of July! Come early for a special meet & greet and photo op with Spider-Man himself starting at 6 PM, then stick around as the movie begins at 7 PM for an action-packed night under the stars. Admission to Century Square Cinemas is completely free! So come join us for a fun-filled evening of movies, food, and family fun. Grab your blankets, chairs, and your favorite movie snacks and settle in for an unforgettable evening with your loved ones. As a courtesy, no outside food or beverages are allowed. Our restaurants offer delicious menu items that can also conveniently be taken to go. Hopdoddy Burger Bar, PORTERS Dining + Bar, Sweet Paris, and Blaze Pizza offer various alcoholic beverages that can be purchased and enjoyed on The Green. Related Partners Save Century Square 170 Century Square Dr. #150 College Station, Texas 77840 United States Details Open in Google Maps Map Century Square Century Square 170 Century Square Dr. #150 College Station, Texas 77840 (979) 559-9380 Website Continue Reading",https://visit.cstx.gov/events/century-square-cinema-spider-man-no-way-home,event,Century Square
62439fe7200ae81772cb,Market on The Green,"Don’t miss our finale market! Soak in the summertime nights and join us for Market on The Green , a monthly vendor market at Century Square every second Saturday from 5 - 9 PM! Discover unique artisan goods, stroll The Square, and enjoy shopping and dining from our incredible retailers and restaurants. While you’re here, explore exclusive brands like Lucchese, Kendra Scott, lululemon, Onward Reserve, and King Ranch, or support our local boutiques and stores, including Galleria, Grass Stains, Merge, Apricot Lane, Brazos Running Co, Hemline, and more! For vendor inquiries, please fill out our inquiry form here or visit the “Website” link below. Enjoy free parking in our parking garage or pay-to-park in our convenient surface lot.",Century Square,Food,https://www.century-square.com/events/detail/markets-on-the-green3,century_square_events,Century Square - College Station,75 Century Square Dr,College Station,2026-08-08 17:00:00,2026-08-08 21:00:00,weekly:SA,market,,Century Square | College Station,https://www.century-square.com/uploads/img/events/_X4A4637.jpg,,,True,2026-05-11 23:46:34.569397,2026-05-11 23:46:34.569397,"Market on The Green Enjoy live music, shop local vendors and on-site boutiques, and dine around the Square at our last monthly Market on The Green! Don’t miss our finale market! Soak in the summertime nights and join us for Market on The Green , a monthly vendor market at Century Square every second Saturday from 5 - 9 PM! Discover unique artisan goods, stroll The Square, and enjoy shopping and dining from our incredible retailers and restaurants. While you’re here, explore exclusive brands like Lucchese, Kendra Scott, lululemon, Onward Reserve, and King Ranch, or support our local boutiques and stores, including Galleria, Grass Stains, Merge, Apricot Lane, Brazos Running Co, Hemline, and more! For vendor inquiries, please fill out our inquiry form here or visit the “Website” link below. Enjoy free parking in our parking garage or pay-to-park in our convenient surface lot.",https://century-square.com/events/detail/markets-on-the-green3,event,Century Square
fd381f7a3f130c07b67c,Market on the Green 2026,"Don’t miss our finale market! Soak in the summertime nights and join us for Market on The Green, a monthly vendor market at Century Square every second",,Food,https://visit.cstx.gov/events/market-on-the-green-2026-5/,visit_cstx_events,,Market on the Green 2026,College Station,2026-08-08 17:00:00-05:00,2026-08-08 21:00:00-05:00,weekly:SA,market,,College Station | Century Square,https://visit.cstx.gov/imager/files_idss_com/C485/e7f18b7a-0ecc-485c-8d11-7941caf3fd5f_91852798b59be8b28fc00edfe4aec23a.jpg,,,True,2026-05-11 23:44:49.894095,2026-05-11 23:44:49.894095,"Market on the Green 2026 Go To Website Save Market on the Green 2026 175 Century Square Dr College Station, Texas 77840 United States Details Open in Google Maps Map August 8, 2026 5:00 PM – 9:00 PM 5:00 pm to 9:00 pm Market on the Green 2026 The Green at Century Square 175 Century Square Dr College Station, Texas 77840 Overview Don’t miss our finale market! Soak in the summertime nights and join us for Market on The Green, a monthly vendor market at Century Square every second Saturday from 5 - 9 PM! Discover unique artisan goods, stroll The Square, and enjoy shopping and dining from our incredible retailers and restaurants. While you’re here, explore exclusive brands like Lucchese, Kendra Scott, lululemon, Onward Reserve, and King Ranch, or support our local boutiques and stores, including Galleria, Grass Stains, Merge, Apricot Lane, Brazos Running Co, Hemline, and more! Related Partners Save The Green at Century Square 201-299 Front St College Station, Texas 77840 United States Details Open in Google Maps Map The Green at Century Square The Green at Century Square 201-299 Front St College Station, Texas 77840 Website Continue Reading",https://visit.cstx.gov/events/market-on-the-green-2026-5,event,Century Square
58b70263b145adfb16b3,Cars and Chicken,"Pump the brakes! The Texas A&M Sports Car Club presents Cars & Chicken every third Sunday this semester from 11 AM to 2 PM in Century Square. Car enthusiasts and spectators alike are invited to soak up the local car scene and spend their Sunday in the heart of Aggieland. Roll in early (gates open at 10:45 AM) because show car parking is first come, first served along University Drive from CoCo Shrimp to Original ChopShop! FREE EVENT, NO REGISTRATION NEEDED Spectators can park for free in the Century Square garage, or enjoy their first hour free in the surface lot with ParkMobile using posted signage. Come for the cars, stay for lunch! Pair hot rides with Houston Hot Chicken, grab bites from your favorite spots, and make a full Sunday out of it in Century Square.",Century Square,Entertainment,https://www.century-square.com/events/detail/coffee-and-cars46,century_square_events,Century Square - College Station,75 Century Square Dr,College Station,2026-08-16 11:00:00,2026-08-16 14:00:00,weekly:SU,event,,Century Square | College Station,https://www.century-square.com/uploads/img/events/IMG_4991.jpg,,,True,2026-05-11 23:46:34.597408,2026-05-11 23:46:34.597408,"Cars and Chicken Texas A&M Sports Car Club is coming to Century Square to rev up some excitement! Grab a friend and get to Century Square to check out all vehicles new and old! Pump the brakes! The Texas A&M Sports Car Club presents Cars & Chicken every third Sunday this semester from 11 AM to 2 PM in Century Square. Car enthusiasts and spectators alike are invited to soak up the local car scene and spend their Sunday in the heart of Aggieland. Roll in early (gates open at 10:45 AM) because show car parking is first come, first served along University Drive from CoCo Shrimp to Original ChopShop! FREE EVENT, NO REGISTRATION NEEDED Spectators can park for free in the Century Square garage, or enjoy their first hour free in the surface lot with ParkMobile using posted signage. Come for the cars, stay for lunch! Pair hot rides with Houston Hot Chicken, grab bites from your favorite spots, and make a full Sunday out of it in Century Square.",https://century-square.com/events/detail/coffee-and-cars46,event,Century Square
90b51aef971be0aef693,Century Square Cinema,"You’re invited to shop until you drop, then settle in on The Green for our final film of the summer at Century Square Cinemas! We’re closing out the series with The Devil Wears Prada 2 on August 20th, the perfect girls night or date night under the stars. Dress to impress Miranda Priestly, make it a full night out with shopping, dinner, and drinks around Century Square, then head to The Green! Come early to grab your snacks, enjoy your favorite drinks from our onsite restaurants, and find your spot before the movie begins at 7 PM. Admission to Century Square Cinemas is completely free! So come join us for a fun-filled evening of movies, food, shopping, and community. Bring your blankets, chairs, and your favorite movie snacks and settle in for an unforgettable night with your loved ones. As a courtesy, no outside food or beverages are allowed. Our restaurants offer delicious menu items that can also conveniently be taken to go. Hopdoddy Burger Bar, PORTERS Dining + Bar, Sweet Paris, and Blaze Pizza offer various alcoholic beverages that can be purchased and enjoyed on The Green. In the event of any release schedule changes, The Devil Wears Prada will be featured in its place.",Century Square,Food,https://www.century-square.com/events/detail/century-square-cinema11,century_square_events,Century Square - College Station,75 Century Square Dr,College Station,2026-08-20 19:00:00,2026-08-20 21:00:00,,event,,Century Square | College Station,https://www.century-square.com/uploads/img/events/august.png,,,True,2026-05-11 23:46:34.625469,2026-05-11 23:46:34.625469,"Century Square Cinema Dress to impress and shop 'til you drop! Settle in for our final film of the summer: The Devil Wears Prada 2 You’re invited to shop until you drop, then settle in on The Green for our final film of the summer at Century Square Cinemas! We’re closing out the series with The Devil Wears Prada 2 on August 20th, the perfect girls night or date night under the stars. Dress to impress Miranda Priestly, make it a full night out with shopping, dinner, and drinks around Century Square, then head to The Green! Come early to grab your snacks, enjoy your favorite drinks from our onsite restaurants, and find your spot before the movie begins at 7 PM. Admission to Century Square Cinemas is completely free! So come join us for a fun-filled evening of movies, food, shopping, and community. Bring your blankets, chairs, and your favorite movie snacks and settle in for an unforgettable night with your loved ones. As a courtesy, no outside food or beverages are allowed. Our restaurants offer delicious menu items that can also conveniently be taken to go. Hopdoddy Burger Bar, PORTERS Dining + Bar, Sweet Paris, and Blaze Pizza offer various alcoholic beverages that can be purchased and enjoyed on The Green. In the event of any release schedule changes, The Devil Wears Prada will be featured in its place.",https://century-square.com/events/detail/century-square-cinema11,event,Century Square
5b5f41b83728b5387a4f,Century Square Cinema: The Devil Wears Prada 2,"You’re invited to shop until you drop, then settle in on The Green for our final film of the summer at Century Square Cinemas!We’re closing out the series with",,Miscellaneous,https://visit.cstx.gov/events/century-square-cinema-the-devil-wears-prada-2/,visit_cstx_events,,Century Square Cinema: The Devil Wears Prada 2,College Station,2026-08-20 19:00:00-05:00,2026-08-20 21:00:00-05:00,,event,,College Station | Century Square,https://visit.cstx.gov/imager/files_idss_com/C485/2d6bf7b6-44b7-4f23-b999-cad36753c75b_91852798b59be8b28fc00edfe4aec23a.jpg,,,True,2026-05-11 23:44:51.932127,2026-05-11 23:44:51.932127,"Century Square Cinema: The Devil Wears Prada 2 Go To Website Save Century Square Cinema: The Devil Wears Prada 2 175 Century Square Dr. College Station, Texas 77840 United States Details Open in Google Maps Map August 20, 2026 7:00 PM – 9:00 PM 7PM-9PM Century Square Cinema: The Devil Wears Prada 2 Century Square 175 Century Square Dr. College Station, Texas 77840 Overview You’re invited to shop until you drop, then settle in on The Green for our final film of the summer at Century Square Cinemas! We’re closing out the series with The Devil Wears Prada 2 on August 20th, the perfect girls night or date night under the stars. Dress to impress Miranda Priestly, make it a full night out with shopping, dinner, and drinks around Century Square, then head to The Green! Come early to grab your snacks, enjoy your favorite drinks from our onsite restaurants, and find your spot before the movie begins at 7 PM. Admission to Century Square Cinemas is completely free! So come join us for a fun-filled evening of movies, food, shopping, and community. Bring your blankets, chairs, and your favorite movie snacks and settle in for an unforgettable night with your loved ones. As a courtesy, no outside food or beverages are allowed. Our restaurants offer delicious menu items that can also conveniently be taken to go. Hopdoddy Burger Bar, PORTERS Dining + Bar, Sweet Paris, and Blaze Pizza offer various alcoholic beverages that can be purchased and enjoyed on The Green. In the event of any release schedule changes, The Devil Wears Prada will be featured in its place. Related Partners Save Century Square 170 Century Square Dr. #150 College Station, Texas 77840 United States Details Open in Google Maps Map Century Square Century Square 170 Century Square Dr. #150 College Station, Texas 77840 (979) 559-9380 Website Continue Reading",https://visit.cstx.gov/events/century-square-cinema-the-devil-wears-prada-2,event,Century Square
5e3a22e05387437ca0a8,Live Music @ The Tap: Carson Jeffery Band Fall 2026 Blowout,Kick off Labor Day weekend with live country music from the Carson Jeffrey Band at The Tap on August 29. Known for blending traditional country with Red Dirt,,Entertainment,https://visit.cstx.gov/events/live-music-the-tap-carson-jeffery-band-fall-2026-blowout/,visit_cstx_events,,Live Music @ The Tap: Carson Jeffery Band Fall 2026 Blowout,College Station,2026-08-29 20:00:00-05:00,2026-08-29 23:59:00-05:00,,live_music,,College Station,https://files.idss.com/C485/40a2155f-b8b3-440c-a49c-545eca2c76f7.webp,,,True,2026-05-11 23:44:52.940915,2026-05-11 23:44:52.940915,"Live Music @ The Tap: Carson Jeffery Band Fall 2026 Blowout Go To Website Save Live Music @ The Tap: Carson Jeffery Band Fall 2026 Blowout 815 Harvey Rd College Station, Texas 77840 United States Details Open in Google Maps Map August 29, 2026 8:00 PM 8PM Live Music @ The Tap: Carson Jeffery Band Fall 2026 Blowout The Tap 815 Harvey Rd College Station, Texas 77840 Overview Kick off Labor Day weekend with live country music from the Carson Jeffrey Band at The Tap on August 29. Known for blending traditional country with Red Dirt influences, the band delivers a high energy performance perfect for a night out in College Station. Doors open at 8 p.m. This is a ticketed event.",https://visit.cstx.gov/events/live-music-the-tap-carson-jeffery-band-fall-2026-blowout,event,College Station
9e04140cedd0e0fb9bb5,Texas A&M University VS. Missouri State at Kyle Field,Experience Texas A&M Football versus Missouri State at Kyle Field. Be sure to take advantage of the free game day shuttle picking up Historic Downtown,Kyle Field,Miscellaneous,https://www.destinationbryan.com/events/texas-a-m-university-vs-missouri-state-at-kyle-field/,destination_bryan_events,Kyle Field,161 Wellborn Road,College Station,2026-09-05 00:00:00-05:00,2026-09-05 23:59:59-05:00,,event,,College Station | Downtown Bryan | Kyle Field,/imager/cmsimages/564926/football-stadium_91852798b59be8b28fc00edfe4aec23a.jpeg,30.6099046,-96.3403893,True,2026-05-11 23:46:21.414112,2026-05-11 23:46:21.414112,"Texas A&M University VS. Missouri State at Kyle Field Saturday, September 5, 2026 161 Wellborn Road College Station, TX 77840 Website Texas A&M University VS. Missouri State at Kyle Field Kyle Field 161 Wellborn Road College Station, TX 77840 Details Open in Google Maps Map Save Experience Texas A&M Football versus Missouri State at Kyle Field. Be sure to take advantage of the free game day shuttle picking up Historic Downtown Bryan! The City of Bryan offers the only free shuttle in Bryan-College Station straight to Kyle Field for every game! The shuttle route pickup is at Roy Kelly Parking Garage in Historic Downtown Bryan with drop-off at the Texas A&M Memorial Student Center right next to Kyle Field. Free parking is available in surrounding lots, or guests can park for a fee in the Roy Kelly Parking garage in Historic Downtown Bryan.",https://destinationbryan.com/events/texas-a-m-university-vs-missouri-state-at-kyle-field,event,Downtown Bryan
e9850785dca29f152432,Texas A&M University VS. Arizona State at Kyle Field,Experience Texas A&M Football versus Arizona State at Kyle Field. Be sure to take advantage of the free game day shuttle picking up Historic Downtown,Kyle Field,Miscellaneous,https://www.destinationbryan.com/events/texas-a-m-university-vs-arizona-state-at-kyle-field/,destination_bryan_events,Kyle Field,161 Wellborn Road,College Station,2026-09-12 00:00:00-05:00,2026-09-12 23:59:59-05:00,,event,,College Station | Downtown Bryan | Kyle Field,/imager/cmsimages/564926/football-stadium_91852798b59be8b28fc00edfe4aec23a.jpeg,30.6099046,-96.3403893,True,2026-05-11 23:46:22.375077,2026-05-11 23:46:22.376082,"Texas A&M University VS. Arizona State at Kyle Field Saturday, September 12, 2026 161 Wellborn Road College Station, TX 77840 Website Texas A&M University VS. Arizona State at Kyle Field Kyle Field 161 Wellborn Road College Station, TX 77840 Details Open in Google Maps Map Save Experience Texas A&M Football versus Arizona State at Kyle Field. Be sure to take advantage of the free game day shuttle picking up Historic Downtown Bryan! The City of Bryan offers the only free shuttle in Bryan-College Station straight to Kyle Field for every game! The shuttle route pickup is at Roy Kelly Parking Garage in Historic Downtown Bryan with drop-off at the Texas A&M Memorial Student Center right next to Kyle Field. Free parking is available in surrounding lots, or guests can park for a fee in the Roy Kelly Parking garage in Historic Downtown Bryan.",https://destinationbryan.com/events/texas-a-m-university-vs-arizona-state-at-kyle-field,event,Downtown Bryan
ecef1f7e475e726bbe26,Aiden Ross: Homecoming at OPAS,"He left College Station to chase something. He won The Voice. Now he’s back with a full band, special guests, and his own music to kick off the OPAS season the",OPAS,Miscellaneous,https://www.destinationbryan.com/events/aiden-ross-homecoming/,destination_bryan_events,OPAS,Joe Routt Blvd,College Station,2026-09-18 19:30:00,2026-09-18 23:30:00,,discount,,College Station | OPAS,https://iti-images.s3.amazonaws.com/events/8b351d3a-0e5d-bc93-aa13-1bd7cb4f8692.webp,,,True,2026-05-11 23:46:23.416090,2026-05-11 23:46:23.416090,"Aiden Ross: Homecoming at OPAS Friday, September 18, 2026 7:30 PM – 11:30 PM Joe Routt Blvd College Station , TX 77843 Website Buy Tickets Aiden Ross: Homecoming at OPAS OPAS Joe Routt Blvd College Station , TX 77843 Details Open in Google Maps Map Save He left College Station to chase something. He won The Voice. Now he’s back with a full band, special guests, and his own music to kick off the OPAS season the only way that makes sense. Tickets on sale July 24!",https://destinationbryan.com/events/aiden-ross-homecoming,event,College Station
01aa9cf7a658f810ddaf,Aiden Ross: Homecoming,"Fresh off his win on NBC’s The Voice, College Station native Aiden Ross returns home for a special kickoff to the OPAS season. Joined by a full band and","Joe Routt Blvd. College Station, Tx",Miscellaneous,https://visit.cstx.gov/events/aiden-ross-homecoming/,visit_cstx_events,"Joe Routt Blvd. College Station, Tx",Aiden Ross: Homecoming,College Station,2026-09-18 19:30:00-05:00,2026-09-18 22:00:00-05:00,,discount,,"College Station | Joe Routt Blvd. College Station, Tx",https://visit.cstx.gov/imager/files_idss_com/C485/aff7f8e6-a67b-44fe-957c-6a4b4896ac71_91852798b59be8b28fc00edfe4aec23a.jpg,,,True,2026-05-11 23:44:53.942525,2026-05-11 23:44:53.942525,"Aiden Ross: Homecoming Go To Website Save Aiden Ross: Homecoming Joe Routt Blvd. College Station, Tx 77840 United States Details Open in Google Maps Map September 18, 2026 7:30 PM – 10:00 PM 7:30PM Aiden Ross: Homecoming Rudder Theatre Joe Routt Blvd. College Station, Tx 77840 Overview Fresh off his win on NBC’s The Voice, College Station native Aiden Ross returns home for a special kickoff to the OPAS season. Joined by a full band and special guests, Ross brings his original music and powerhouse vocals back to the community where his journey began. Don’t miss an exciting night of live music celebrating one of the Brazos Valley’s rising stars. Related Partners Save OPAS PO Box 15819 College Station, Texas 77841 United States Details Open in Google Maps Map OPAS OPAS PO Box 15819 College Station, Texas 77841 (979) 845-1661 Website Continue Reading",https://visit.cstx.gov/events/aiden-ross-homecoming,event,College Station
a4e4542f52e2d128d012,Texas A&M University VS. Kentucky at Kyle Field,Experience Texas A&M Football versus Kentucky at Kyle Field. Be sure to take advantage of the free game day shuttle picking up Historic Downtown Bryan! The,Kyle Field,Miscellaneous,https://www.destinationbryan.com/events/texas-a-m-university-vs-kentucky-at-kyle-field/,destination_bryan_events,Kyle Field,161 Wellborn Road,College Station,2026-09-19 00:00:00-05:00,2026-09-19 23:59:59-05:00,,event,,College Station | Downtown Bryan | Kyle Field,/imager/cmsimages/564926/football-stadium_91852798b59be8b28fc00edfe4aec23a.jpeg,30.6099046,-96.3403893,True,2026-05-11 23:46:24.421375,2026-05-11 23:46:24.421375,"Texas A&M University VS. Kentucky at Kyle Field Saturday, September 19, 2026 161 Wellborn Road College Station, TX 77840 Website Texas A&M University VS. Kentucky at Kyle Field Kyle Field 161 Wellborn Road College Station, TX 77840 Details Open in Google Maps Map Save Experience Texas A&M Football versus Kentucky at Kyle Field. Be sure to take advantage of the free game day shuttle picking up Historic Downtown Bryan! The City of Bryan offers the only free shuttle in Bryan-College Station straight to Kyle Field for every game! The shuttle route pickup is at Roy Kelly Parking Garage in Historic Downtown Bryan with drop-off at the Texas A&M Memorial Student Center right next to Kyle Field. Free parking is available in surrounding lots, or guests can park for a fee in the Roy Kelly Parking garage in Historic Downtown Bryan.",https://destinationbryan.com/events/texas-a-m-university-vs-kentucky-at-kyle-field,event,Downtown Bryan
dac90e982303ff523196,Oktoberfest at KinderHill Brew Lab,Join KinderHill Brew Lab for their 5th annual Oktoberfest! They'll have a Stein Holding Contest and will be releasing their Oktoberfest beer.,KinderHill Brew Lab,Food,https://www.destinationbryan.com/events/oktoberfest-at-kinderhill-brew-lab/,destination_bryan_events,KinderHill Brew Lab,505 W 31st St,Bryan,2026-09-26 12:00:00,2026-09-26 22:00:00,,event,,Bryan | KinderHill Brew Lab,/imager/cmsimages/1175729/IMG_8909-2_91852798b59be8b28fc00edfe4aec23a.JPG,,,True,2026-05-11 23:46:25.417978,2026-05-11 23:46:25.417978,"Oktoberfest at KinderHill Brew Lab Saturday, September 26, 2026 12:00 PM – 10:00 PM 505 W 31st St Bryan, TX 77803 (979) 217-2440 Admission : Free Website Email Oktoberfest at KinderHill Brew Lab KinderHill Brew Lab 505 W 31st St Bryan, TX 77803 Details Open in Google Maps Map Save Join KinderHill Brew Lab for their 5th annual Oktoberfest! They'll have a Stein Holding Contest and will be releasing their Oktoberfest beer. Related KinderHill Brew Lab & Kitchen KinderHill Brew Lab is committed to producing authentic and unique beers that push the boundaries of brewing styles and categories. They serve high-quality, locally-brewed beers in a sprawling biergarten located in downtown… Learn More >>>",https://destinationbryan.com/events/oktoberfest-at-kinderhill-brew-lab,event,Bryan
a1a58234fc57c8152e76,Texas A&M University VS. Arkansas at Kyle Field,Experience Texas A&M Football versus Arkansas at Kyle Field. Be sure to take advantage of the free game day shuttle picking up Historic Downtown Bryan! The,Kyle Field,Miscellaneous,https://www.destinationbryan.com/events/texas-a-m-university-vs-arkansas-at-kyle-field-2/,destination_bryan_events,Kyle Field,161 Wellborn Road,College Station,2026-10-03 00:00:00-05:00,2026-10-03 23:59:59-05:00,,event,,College Station | Downtown Bryan | Kyle Field,/imager/cmsimages/564926/football-stadium_91852798b59be8b28fc00edfe4aec23a.jpeg,30.6099046,-96.3403893,True,2026-05-11 23:46:26.501685,2026-05-11 23:46:26.501685,"Texas A&M University VS. Arkansas at Kyle Field Saturday, October 3, 2026 161 Wellborn Road College Station, TX 77840 Website Texas A&M University VS. Arkansas at Kyle Field Kyle Field 161 Wellborn Road College Station, TX 77840 Details Open in Google Maps Map Save Experience Texas A&M Football versus Arkansas at Kyle Field. Be sure to take advantage of the free game day shuttle picking up Historic Downtown Bryan! The City of Bryan offers the only free shuttle in Bryan-College Station straight to Kyle Field for every game! The shuttle route pickup is at Roy Kelly Parking Garage in Historic Downtown Bryan with drop-off at the Texas A&M Memorial Student Center right next to Kyle Field. Free parking is available in surrounding lots, or guests can park for a fee in the Roy Kelly Parking garage in Historic Downtown Bryan.",https://destinationbryan.com/events/texas-a-m-university-vs-arkansas-at-kyle-field-2,event,Downtown Bryan
66a59330a08b43c4093c,Boonville Days at The Brazos Valley Natural History Museum,"Join the Brazos Valley Museum of Natural History on October 18, 2025, for the 20th annual Boonville Days: Texas Heritage Festival! To kick off the festival,",Brazos Valley Museum of Natural History,Entertainment,https://www.destinationbryan.com/events/boonville-days-2026-2/,destination_bryan_events,Brazos Valley Museum of Natural History,3232 Briarcrest Drive,Bryan,2026-10-10 09:00:00,2026-10-10 16:00:00,,discount,,Bryan | Brazos Valley Museum of Natural History,/imager/cmsimages/762102/Boonville-Days-DB_91852798b59be8b28fc00edfe4aec23a.jpg,30.6667549,-96.3207373,True,2026-05-11 23:46:28.474045,2026-05-11 23:46:28.474045,"Boonville Days at The Brazos Valley Natural History Museum Saturday, October 10, 2026 9:00 AM – 4:00 PM 3232 Briarcrest Drive Bryan , TX 77802 (979) 776-2195 Admission : FREE; Chuck Wagon Lunches $20 each plate Website Email Boonville Days at The Brazos Valley Natural History Museum 3232 Briarcrest Drive Bryan , TX 77802 Details Open in Google Maps Map Save Join the Brazos Valley Museum of Natural History on October 18, 2025, for the 20th annual Boonville Days: Texas Heritage Festival! To kick off the festival, runners and walkers of all ages are welcome to join in the 17th Annual Buffalo Stampede 5K Race and 1 Mile Fun Run at 7:30 am starting at the Brazos Center. After the race, the entire family can enjoy other fun activities highlighting Texas History at this free heritage festival! From 9 am - 4 pm learn about Brazos County’s pioneer history: visit with characters in period costume, enjoy cowboys, reenactors, musicians, dancers, artisans, and much more. Visitors will also have the opportunity to observe demonstrations of frontier skills and trades including flint-knapping, spinning, weaving, quilting, and blacksmithing. This is a family-friendly event, so there will be free pony rides, train rides, and other activities for children. The Museum will be open free with more exhibits, activities, and demonstrators inside! This event was made possible in part through Eugene Edge III Charitable Trust, Wakefield Foundation, Twin City Properties, Brazos County Historical Commission, and the Hotel Tax Revenue funded from the City of College Station and the City of Bryan through the Arts Council of Brazos Valley. Museum and Exhibits In addition to all the demonstrations of pioneer history and fun children's games, crafts, and other activities, families can view a variety of live animals, and browse through the Museum's Discovery Room, library, and exhibition gallery. Visitors can also explore the Museum's Texas History display. ​ ​Boonville Heritage Cabin Like historic buildings? Don't miss a chance to see inside the restored and furnished 19th c. dogtrot cabin, replica buildings of the Boonville Court House, a smokehouse, the Masonic lodge, educational activities, booths, and other re-enactors at Boonville Heritage Park ! Learn about the fascinating history of the town of Boonville, the original Brazos County seat. ​Staff will be on hand to share stories about the park and the colorful history of the town of Boonville, the original Brazos County seat. ​*IMPORTANT Access to Parking at the Park: Shuttle buses from the Museum will be going all day, courtesy of Sterling Auto Group, starting at 10 am, and leaving from the Chuck Wagon Area. There is limited handicapped parking at the Park, and additional parking is available in surrounding public areas.",https://destinationbryan.com/events/boonville-days-2026-2,event,Bryan
44727b6e338c79271d2f,Texas A&M University VS. The Citadel at Kyle Field,Experience Texas A&M Football versus The Citadel at Kyle Field. Be sure to take advantage of the free game day shuttle picking up Historic Downtown Bryan!,Kyle Field,Miscellaneous,https://www.destinationbryan.com/events/texas-a-m-university-vs-the-citadel-at-kyle-field/,destination_bryan_events,Kyle Field,161 Wellborn Road,College Station,2026-10-17 00:00:00-05:00,2026-10-17 23:59:59-05:00,,event,,College Station | Downtown Bryan | Kyle Field,/imager/cmsimages/564926/football-stadium_91852798b59be8b28fc00edfe4aec23a.jpeg,30.6099046,-96.3403893,True,2026-05-11 23:46:29.446353,2026-05-11 23:46:29.446353,"Texas A&M University VS. The Citadel at Kyle Field Saturday, October 17, 2026 161 Wellborn Road College Station, TX 77840 Website Texas A&M University VS. The Citadel at Kyle Field Kyle Field 161 Wellborn Road College Station, TX 77840 Details Open in Google Maps Map Save Experience Texas A&M Football versus The Citadel at Kyle Field. Be sure to take advantage of the free game day shuttle picking up Historic Downtown Bryan! The City of Bryan offers the only free shuttle in Bryan-College Station straight to Kyle Field for every game! The shuttle route pickup is at Roy Kelly Parking Garage in Historic Downtown Bryan with drop-off at the Texas A&M Memorial Student Center right next to Kyle Field. Free parking is available in surrounding lots, or guests can park for a fee in the Roy Kelly Parking garage in Historic Downtown Bryan.",https://destinationbryan.com/events/texas-a-m-university-vs-the-citadel-at-kyle-field,event,Downtown Bryan
9564d0e096618ccab9ee,Texas A&M University VS. Tennessee at Kyle Field,Experience Texas A&M Football versus Tennessee at Kyle Field. Be sure to take advantage of the free game day shuttle picking up Historic Downtown Bryan!,Kyle Field,Miscellaneous,https://www.destinationbryan.com/events/texas-a-m-university-vs-tennessee-at-kyle-field/,destination_bryan_events,Kyle Field,161 Wellborn Road,College Station,2026-11-14 00:00:00-06:00,2026-11-14 23:59:59-06:00,,event,,College Station | Downtown Bryan | Kyle Field,/imager/cmsimages/564926/football-stadium_91852798b59be8b28fc00edfe4aec23a.jpeg,30.6099046,-96.3403893,True,2026-05-11 23:46:30.465100,2026-05-11 23:46:30.465100,"Texas A&M University VS. Tennessee at Kyle Field Saturday, November 14, 2026 161 Wellborn Road College Station, TX 77840 Website Texas A&M University VS. Tennessee at Kyle Field Kyle Field 161 Wellborn Road College Station, TX 77840 Details Open in Google Maps Map Save Experience Texas A&M Football versus Tennessee at Kyle Field. Be sure to take advantage of the free game day shuttle picking up Historic Downtown Bryan! The City of Bryan offers the only free shuttle in Bryan-College Station straight to Kyle Field for every game! The shuttle route pickup is at Roy Kelly Parking Garage in Historic Downtown Bryan with drop-off at the Texas A&M Memorial Student Center right next to Kyle Field. Free parking is available in surrounding lots, or guests can park for a fee in the Roy Kelly Parking garage in Historic Downtown Bryan.",https://destinationbryan.com/events/texas-a-m-university-vs-tennessee-at-kyle-field,event,Downtown Bryan
52e19f4d49bce469e8eb,Texas A&M University VS. Texas at Kyle Field,Experience Texas A&M Football versus Texas at Kyle Field. Be sure to take advantage of the free game day shuttle picking up Historic Downtown Bryan! The,Kyle Field,Miscellaneous,https://www.destinationbryan.com/events/texas-a-m-university-vs-texas-at-kyle-field/,destination_bryan_events,Kyle Field,161 Wellborn Road,College Station,2026-11-27 00:00:00-06:00,2026-11-27 23:59:59-06:00,,event,,College Station | Downtown Bryan | Kyle Field,/imager/cmsimages/564926/football-stadium_91852798b59be8b28fc00edfe4aec23a.jpeg,30.6099046,-96.3403893,True,2026-05-11 23:46:31.460734,2026-05-11 23:46:31.460734,"Texas A&M University VS. Texas at Kyle Field Friday, November 27, 2026 161 Wellborn Road College Station, TX 77840 Website Texas A&M University VS. Texas at Kyle Field Kyle Field 161 Wellborn Road College Station, TX 77840 Details Open in Google Maps Map Save Experience Texas A&M Football versus Texas at Kyle Field. Be sure to take advantage of the free game day shuttle picking up Historic Downtown Bryan! The City of Bryan offers the only free shuttle in Bryan-College Station straight to Kyle Field for every game! The shuttle route pickup is at Roy Kelly Parking Garage in Historic Downtown Bryan with drop-off at the Texas A&M Memorial Student Center right next to Kyle Field. Free parking is available in surrounding lots, or guests can park for a fee in the Roy Kelly Parking garage in Historic Downtown Bryan.",https://destinationbryan.com/events/texas-a-m-university-vs-texas-at-kyle-field,event,Downtown Bryan
8a4e0dc3ce9322a4a2bc,Frida's Teacher Tuesday,Teachers get 25% off one entree with a district badge.,Frida's Kitchen + Bar,Promotions,https://www.fridaskitchenbcs.com/specials,fridas_specials,Frida's Kitchen + Bar,,Bryan,2026-05-12 00:00:00,2026-05-12 02:00:00,weekly:TU,discount,25% off one entree,Bryan | Downtown Bryan | Frida's Kitchen + Bar | discount,,,,True,2026-05-11 23:46:34.831327,2026-05-11 23:46:34.831327,"Specials — Frida's Kitchen + Bar 0 Skip to Content Welcome Menu Comida/Food Bebidas/Drinks Specials Open Menu Close Menu Welcome Menu Comida/Food Bebidas/Drinks Specials Open Menu Close Menu Welcome Folder: Menu Back Comida/Food Bebidas/Drinks Specials Daily Specials Happy Hour | Mon - Friday 11am - 2pm: Mimosas at $5 3pm - 7pm: $2 off all draft beers | $5 frozen margaritas Tuesday | Teacher Tuesday - Teachers get 25% off one entree with your District Badge. Wednesday | Half off all wine bottles Thursday | BOGO half off cocktails Sunday | $25 Mimosa Kit - serves 5 people Location 3700 S Texas Avenue, Suite 300 Bryan, TX, United States, Texas Contact info@fridaskitchenbcs.com (979) 485-1717 Privacy Policy Accessibility Hours Mon–Thu 11:00 AM - 9:30 PM Fri-Sat 8:00 AM - 10:00 PM Sun 9:00 AM - 3:00 PM Follow Yelp Facebook Instagram Gratuity We would like to acknowledge that Frida's Kitchen & Bar applies the industry standard 18% automatic gratuity on parties of 6 or more guests. Due to our limited space and commitment to high standards, parties of 15 or more will be subject to 22% automatic gratuity.",https://fridaskitchenbcs.com/specials,promotion,Downtown Bryan
d52676afdc9b86d335db,The Spot on Northgate Happy Hour,Happy hour specials every single day except game days and holidays.,The Spot on Northgate,Promotions,https://visit.cstx.gov/directory/the-spot-on-northgate/,spot_on_northgate,The Spot on Northgate,303 Boyett Street,College Station,2026-05-12 00:00:00,2026-05-12 02:00:00,daily,happy_hour,Happy hour specials every day,College Station | Northgate | The Spot on Northgate | happy_hour,,30.6179579,-96.3481754,True,2026-05-11 23:46:35.757398,2026-05-11 23:46:35.757398,"The Spot on Northgate | Visit College Station Skip to content 75 ° F 0 Saved Navigation See & Do Arts & Culture Attractions History Live Music & Entertainment Nightlife Sports & Outdoors Shopping Events Submit Your Event Eat & Drink Bars & Breweries Coffee & Sweets Stay Texas A&M University Texas A&M Events Texas A&M Facilities Campus Attractions Getting Around College Station Sports Meetings Plan Your Trip About Us Blog Home Share The Spot on Northgate Go To Website Save The Spot on Northgate 303 Boyett College Station, Texas 77840 United States Details Open in Google Maps Map The Spot on Northgate 303 Boyett College Station, Texas 77840 Overview Located on Northgate, the spot serves good food and cold drinks. New HAPPY HOUR specials! EVERY. SINGLE. DAY {except game days and other special events/holidays}. Y’all come see us! Related Events & Stories 5 Ways to Make an Unforgettable College Football Playoff Game Weekend In CSTX Even Better Aggies and Aggie fans… we did it. The #7 Texas Aggie Football Team has made it to the College Football Playoffs and are facing off… Continue Reading About Us Partners Blog Visit College Station HQ & Visitor Center Open: Monday through Friday 8 am-5 pm | Saturday 10 am-2 pm 1207 Texas Avenue | College Station, TX 77840 (979) 764-2625 | VisitCS@cstx.gov 2026 Insider's Guide Request a Guide Email Newsletter Sign Up © 2026 Visit College Station Privacy Policy Quick Search Search by Keyword Full Search Popular Searches Brazos Valley Veterans Memorial Tucked away in College Station’s Veterans Park and Athletic Complex is a hidden gem – a 12-acre site dedicated to veterans from our nation’s major wars. Continue Reading Northgate District Dive into the vibrant energy of College Station's Northgate District, where entertainment, dining, and Aggie spirit collide. Continue Reading Volunteer With Us Get behind-the-scenes access to some of our major athletic events, as well as meetings & conventions, or general tourism events. We are always accepting volunteers. Continue Reading Location Map Email Newsletter Insider access to the best of College Station—straight to your inbox. Sign up for our email newsletter today! Sign Up This website uses cookies to enhance your experience. Learn More Accept",https://visit.cstx.gov/directory/the-spot-on-northgate,promotion,Northgate
c3f31ee5368187c55a22,Frida's Happy Hour,Mimosas at $5 from 11 AM to 2 PM and $2 off all draft beers with $5 frozen margaritas from 3 PM to 7 PM.,Frida's Kitchen + Bar,Promotions,https://www.fridaskitchenbcs.com/specials,fridas_specials,Frida's Kitchen + Bar,,Bryan,2026-05-12 11:00:00,2026-05-12 14:00:00,"weekly:MO,TU,WE,TH,FR",happy_hour,Mimosas at $5; $2 off draft beers; $5 frozen margaritas,Bryan | Downtown Bryan | Frida's Kitchen + Bar | happy_hour,,,,True,2026-05-11 23:46:34.800643,2026-05-11 23:46:34.800643,"Specials — Frida's Kitchen + Bar 0 Skip to Content Welcome Menu Comida/Food Bebidas/Drinks Specials Open Menu Close Menu Welcome Menu Comida/Food Bebidas/Drinks Specials Open Menu Close Menu Welcome Folder: Menu Back Comida/Food Bebidas/Drinks Specials Daily Specials Happy Hour | Mon - Friday 11am - 2pm: Mimosas at $5 3pm - 7pm: $2 off all draft beers | $5 frozen margaritas Tuesday | Teacher Tuesday - Teachers get 25% off one entree with your District Badge. Wednesday | Half off all wine bottles Thursday | BOGO half off cocktails Sunday | $25 Mimosa Kit - serves 5 people Location 3700 S Texas Avenue, Suite 300 Bryan, TX, United States, Texas Contact info@fridaskitchenbcs.com (979) 485-1717 Privacy Policy Accessibility Hours Mon–Thu 11:00 AM - 9:30 PM Fri-Sat 8:00 AM - 10:00 PM Sun 9:00 AM - 3:00 PM Follow Yelp Facebook Instagram Gratuity We would like to acknowledge that Frida's Kitchen & Bar applies the industry standard 18% automatic gratuity on parties of 6 or more guests. Due to our limited space and commitment to high standards, parties of 15 or more will be subject to 22% automatic gratuity.",https://fridaskitchenbcs.com/specials,promotion,Downtown Bryan
95a4129483cb8d5608a5,Messina Hof Happy Hour,"Happy hour at the Estate Tasting Room & Wine Bar with wine, light bites, and specials.",Messina Hof Winery,Promotions,https://messinahof.com/bryan/,messina_hof_bryan,Messina Hof Winery,,Bryan,2026-05-12 16:00:00,2026-05-12 18:00:00,"weekly:MO,TU,WE,TH,FR",happy_hour,Happy hour specials,Bryan | Messina Hof Winery | happy_hour,,,,True,2026-05-11 23:46:35.395736,2026-05-11 23:46:35.395736,"Bryan/College Station - Messina Hof Winery Search . Shop Shop All Wines Aggie Network Wines Augmented Reality Collection Bonarrigo Family Wines Museum Collection Texas Wine Portfolio Personalized Labels Shipping Visit Bryan/College Station Fredericksburg Grapevine Richmond Harvest Festival Winery Events Membership VIP Membership VIP Wine Club May Allocation Member Events Member Sign In About About Us Our Story History Awards Community Blog Pairings Donations Contact Contact Dine With Us Sip With Us Stay With Us Host With Us Careers Instagram Facebook X Pinterest Bryan/College Station Messina Hof Estate Winery MAKE A RESERVATION Our Estate Winery in Bryan has held its place as a Brazos Valley staple since 1977. Whether you’re wanting award-winning wine, an overnight escape, a private event venue, or a world-class culinary experience, Messina Hof Estate Winery is ready to deliver the very best in Texas hospitality. TASTING ROOM MORE EXPERIENCES MORE THE VINTAGE HOUSE MORE THE VILLA BED & BREAKFAST MORE PRIVATE EVENTS MORE Tasting Room The Estate Tasting Room & Wine Bar is pouring award-winning Texas wine to locals and tourists alike. Enjoy happy hour specials, a light bites menu, wine on tap, and six different wine tastings. HOURS MON-TUES: 3:00 PM – 8:00 PM WED-SAT: 11:00 AM – 9:00 PM SUN: 11:00 AM – 6:00 PM JOIN US FOR HAPPY HOUR! MON-FRI 4-6 PM 4545 Old Reliance Road, Bryan, TX 77808 (979) 778-9463 Facebook Instagram 4545 Old Reliance Rd, Bryan, TX, United States Sip Texas wine by the glass, by the bottle, or on tap. See what we’re pouring! WINE MENU From overflowing charcuterie boards to delightful dips, there is something sure to satisfy. LIGHT BITES MENU Shop Shipping Visit Bryan/College Station Fredericksburg Grapevine Richmond Membership Contact Member Sign In About Our Story History Media/Trade Community Food & Wine Pairings Support Contact Careers Donations Type your email… Subscribe Privacy Policy : Bryan/College Station Terms & Conditions : Bryan/College Station X",https://messinahof.com/bryan,promotion,Bryan
b3a864638b4f958975df,The Owl Weekday Happy Hour,"Weekday happy hour with $5 house wines, $3 wells, $1 off draft beers, and $1 off espresso martinis.",The Owl Pub and Grill,Promotions,https://www.theowlbcs.com/,the_owl_promotions,The Owl Pub and Grill,,Bryan,2026-05-12 16:00:00,2026-05-12 18:00:00,"weekly:MO,TU,WE,TH,FR",happy_hour,$5 house wines; $3 wells; $1 off draft beers; $1 off espresso martinis,Bryan | Downtown Bryan | The Owl Pub and Grill | happy_hour,,,,True,2026-05-11 23:46:35.190691,2026-05-11 23:46:35.190691,"The Owl - Pub & Grill Bryan, TX Menu Specials Beer on Tap Contact Careers (979) 314-1955 Sip + Stay late New to Downtown Bryan Serving Pub fare and drinks daily View Menus View Beers on tap Pub + Grill Bring your crew & grab a pint Half-Priced Burgers Every Monday Trivia Night Every Tuesday 8-10 PM Live Music Night Every Wednesday 7-10pm Pint Night Half-Priced Draft Beer Every Thursday Every Sunday All day happy hour & ask about wings! Happy Hour Mon-Fri 4-6pm $5 House Wines $3 Wells $1 Off Draft Beers $1 Off Espresso Martinis $5 House Wines $3 Wells $1 Off Draft Beers $1 Off Espresso Martinis We are hiring Looking for a career at The Owl? Careers Hours mon-wed 3PM - 12AM Thurs-FRI ‍ 3PM - 2AM ‍ Sat 11AM - 2AM Sun 11AM - 12AM Contact Don’t just read about us. Get on down to the pub for a drink and some pub grub! (979) 314-1955 Location 315 South Main Street, Bryan, Texas 77803 Directions Directions 315 South Main Street, Bryan, Texas 77803 (979) 314-1955 Follow Us Instagram Facebook The Owl Pub & Grill ©2025 Privacy Policy Site By Drift",https://theowlbcs.com/,promotion,Downtown Bryan
8f2e448aef248c33f6f7,Frida's Wine Wednesday,Half off all wine bottles.,Frida's Kitchen + Bar,Promotions,https://www.fridaskitchenbcs.com/specials,fridas_specials,Frida's Kitchen + Bar,,Bryan,2026-05-13 00:00:00,2026-05-13 02:00:00,weekly:WE,discount,Half off all wine bottles,Bryan | Downtown Bryan | Frida's Kitchen + Bar | discount,,,,True,2026-05-11 23:46:34.861260,2026-05-11 23:46:34.861260,"Specials — Frida's Kitchen + Bar 0 Skip to Content Welcome Menu Comida/Food Bebidas/Drinks Specials Open Menu Close Menu Welcome Menu Comida/Food Bebidas/Drinks Specials Open Menu Close Menu Welcome Folder: Menu Back Comida/Food Bebidas/Drinks Specials Daily Specials Happy Hour | Mon - Friday 11am - 2pm: Mimosas at $5 3pm - 7pm: $2 off all draft beers | $5 frozen margaritas Tuesday | Teacher Tuesday - Teachers get 25% off one entree with your District Badge. Wednesday | Half off all wine bottles Thursday | BOGO half off cocktails Sunday | $25 Mimosa Kit - serves 5 people Location 3700 S Texas Avenue, Suite 300 Bryan, TX, United States, Texas Contact info@fridaskitchenbcs.com (979) 485-1717 Privacy Policy Accessibility Hours Mon–Thu 11:00 AM - 9:30 PM Fri-Sat 8:00 AM - 10:00 PM Sun 9:00 AM - 3:00 PM Follow Yelp Facebook Instagram Gratuity We would like to acknowledge that Frida's Kitchen & Bar applies the industry standard 18% automatic gratuity on parties of 6 or more guests. Due to our limited space and commitment to high standards, parties of 15 or more will be subject to 22% automatic gratuity.",https://fridaskitchenbcs.com/specials,promotion,Downtown Bryan
8e506423321b47488863,Frida's Thursday Cocktail Special,BOGO half off cocktails.,Frida's Kitchen + Bar,Promotions,https://www.fridaskitchenbcs.com/specials,fridas_specials,Frida's Kitchen + Bar,,Bryan,2026-05-14 00:00:00,2026-05-14 02:00:00,weekly:TH,discount,BOGO half off cocktails,Bryan | Downtown Bryan | Frida's Kitchen + Bar | discount,,,,True,2026-05-11 23:46:34.886257,2026-05-11 23:46:34.886257,"Specials — Frida's Kitchen + Bar 0 Skip to Content Welcome Menu Comida/Food Bebidas/Drinks Specials Open Menu Close Menu Welcome Menu Comida/Food Bebidas/Drinks Specials Open Menu Close Menu Welcome Folder: Menu Back Comida/Food Bebidas/Drinks Specials Daily Specials Happy Hour | Mon - Friday 11am - 2pm: Mimosas at $5 3pm - 7pm: $2 off all draft beers | $5 frozen margaritas Tuesday | Teacher Tuesday - Teachers get 25% off one entree with your District Badge. Wednesday | Half off all wine bottles Thursday | BOGO half off cocktails Sunday | $25 Mimosa Kit - serves 5 people Location 3700 S Texas Avenue, Suite 300 Bryan, TX, United States, Texas Contact info@fridaskitchenbcs.com (979) 485-1717 Privacy Policy Accessibility Hours Mon–Thu 11:00 AM - 9:30 PM Fri-Sat 8:00 AM - 10:00 PM Sun 9:00 AM - 3:00 PM Follow Yelp Facebook Instagram Gratuity We would like to acknowledge that Frida's Kitchen & Bar applies the industry standard 18% automatic gratuity on parties of 6 or more guests. Due to our limited space and commitment to high standards, parties of 15 or more will be subject to 22% automatic gratuity.",https://fridaskitchenbcs.com/specials,promotion,Downtown Bryan
49ca2f2b760abfd98507,The Owl Pint Night,Half-priced draft beer every Thursday.,The Owl Pub and Grill,Promotions,https://www.theowlbcs.com/,the_owl_promotions,The Owl Pub and Grill,,Bryan,2026-05-14 00:00:00,2026-05-14 02:00:00,weekly:TH,discount,Half-priced draft beer,Bryan | Downtown Bryan | The Owl Pub and Grill | discount,,,,True,2026-05-11 23:46:35.129110,2026-05-11 23:46:35.129110,"The Owl - Pub & Grill Bryan, TX Menu Specials Beer on Tap Contact Careers (979) 314-1955 Sip + Stay late New to Downtown Bryan Serving Pub fare and drinks daily View Menus View Beers on tap Pub + Grill Bring your crew & grab a pint Half-Priced Burgers Every Monday Trivia Night Every Tuesday 8-10 PM Live Music Night Every Wednesday 7-10pm Pint Night Half-Priced Draft Beer Every Thursday Every Sunday All day happy hour & ask about wings! Happy Hour Mon-Fri 4-6pm $5 House Wines $3 Wells $1 Off Draft Beers $1 Off Espresso Martinis $5 House Wines $3 Wells $1 Off Draft Beers $1 Off Espresso Martinis We are hiring Looking for a career at The Owl? Careers Hours mon-wed 3PM - 12AM Thurs-FRI ‍ 3PM - 2AM ‍ Sat 11AM - 2AM Sun 11AM - 12AM Contact Don’t just read about us. Get on down to the pub for a drink and some pub grub! (979) 314-1955 Location 315 South Main Street, Bryan, Texas 77803 Directions Directions 315 South Main Street, Bryan, Texas 77803 (979) 314-1955 Follow Us Instagram Facebook The Owl Pub & Grill ©2025 Privacy Policy Site By Drift",https://theowlbcs.com/,promotion,Downtown Bryan
05f64aede8e46b3a9af3,Frida's Sunday Mimosa Kit,$25 Mimosa Kit that serves 5 people.,Frida's Kitchen + Bar,Promotions,https://www.fridaskitchenbcs.com/specials,fridas_specials,Frida's Kitchen + Bar,,Bryan,2026-05-17 00:00:00,2026-05-17 02:00:00,weekly:SU,discount,$25 Mimosa Kit,Bryan | Downtown Bryan | Frida's Kitchen + Bar | discount,,,,True,2026-05-11 23:46:34.911343,2026-05-11 23:46:34.911343,"Specials — Frida's Kitchen + Bar 0 Skip to Content Welcome Menu Comida/Food Bebidas/Drinks Specials Open Menu Close Menu Welcome Menu Comida/Food Bebidas/Drinks Specials Open Menu Close Menu Welcome Folder: Menu Back Comida/Food Bebidas/Drinks Specials Daily Specials Happy Hour | Mon - Friday 11am - 2pm: Mimosas at $5 3pm - 7pm: $2 off all draft beers | $5 frozen margaritas Tuesday | Teacher Tuesday - Teachers get 25% off one entree with your District Badge. Wednesday | Half off all wine bottles Thursday | BOGO half off cocktails Sunday | $25 Mimosa Kit - serves 5 people Location 3700 S Texas Avenue, Suite 300 Bryan, TX, United States, Texas Contact info@fridaskitchenbcs.com (979) 485-1717 Privacy Policy Accessibility Hours Mon–Thu 11:00 AM - 9:30 PM Fri-Sat 8:00 AM - 10:00 PM Sun 9:00 AM - 3:00 PM Follow Yelp Facebook Instagram Gratuity We would like to acknowledge that Frida's Kitchen & Bar applies the industry standard 18% automatic gratuity on parties of 6 or more guests. Due to our limited space and commitment to high standards, parties of 15 or more will be subject to 22% automatic gratuity.",https://fridaskitchenbcs.com/specials,promotion,Downtown Bryan
681a0929237d6a77b04a,The Owl Sunday Happy Hour,"All day happy hour every Sunday, plus wings specials.",The Owl Pub and Grill,Promotions,https://www.theowlbcs.com/,the_owl_promotions,The Owl Pub and Grill,,Bryan,2026-05-17 00:00:00,2026-05-17 02:00:00,weekly:SU,happy_hour,All day happy hour and wings specials,Bryan | Downtown Bryan | The Owl Pub and Grill | happy_hour,,,,True,2026-05-11 23:46:35.160682,2026-05-11 23:46:35.160682,"The Owl - Pub & Grill Bryan, TX Menu Specials Beer on Tap Contact Careers (979) 314-1955 Sip + Stay late New to Downtown Bryan Serving Pub fare and drinks daily View Menus View Beers on tap Pub + Grill Bring your crew & grab a pint Half-Priced Burgers Every Monday Trivia Night Every Tuesday 8-10 PM Live Music Night Every Wednesday 7-10pm Pint Night Half-Priced Draft Beer Every Thursday Every Sunday All day happy hour & ask about wings! Happy Hour Mon-Fri 4-6pm $5 House Wines $3 Wells $1 Off Draft Beers $1 Off Espresso Martinis $5 House Wines $3 Wells $1 Off Draft Beers $1 Off Espresso Martinis We are hiring Looking for a career at The Owl? Careers Hours mon-wed 3PM - 12AM Thurs-FRI ‍ 3PM - 2AM ‍ Sat 11AM - 2AM Sun 11AM - 12AM Contact Don’t just read about us. Get on down to the pub for a drink and some pub grub! (979) 314-1955 Location 315 South Main Street, Bryan, Texas 77803 Directions Directions 315 South Main Street, Bryan, Texas 77803 (979) 314-1955 Follow Us Instagram Facebook The Owl Pub & Grill ©2025 Privacy Policy Site By Drift",https://theowlbcs.com/,promotion,Downtown Bryan
