name,category,address,city,state,zip_code,phone,website,email,distance_miles,business_size,source,area_label,latitude,longitude,matched_place_id,matched_place_confidence,slug
Minuti Coffee,Cafe,,College Station,TX,,,,,1.8,Local Independent/Franchise,OpenStreetMap,College Station,30.6382462,-96.3164077,osm:node:8326278871,0.84,minuti-coffee
Cos-McFerrin Center for Aggie Basketball,Sports Centre,,College Station,TX,,,,,1.07,Local Independent/Franchise,OpenStreetMap,College Station,30.6054448,-96.3456785,osm:node:8810815088,0.84,cos-mcferrin-center-for-aggie-basketball
What's the Buzz Coffee,Cafe,1600 Texas Avenue South,College Station,TX,77840,,https://whatsthebuzzcoffee.com/,sales@whatsthebuzzcoffee.com,1.02,Local Independent/Franchise,OpenStreetMap,College Station,30.6152822,-96.319747,osm:node:9170481041,1.0,what-s-the-buzz-coffee
Shelia's Homestyle Chicken and More,Restaurant,3404 State Highway 21 East,Bryan,TX,77808,,,,5.62,Local Independent/Franchise,OpenStreetMap,Bryan,30.6978615,-96.3580486,osm:node:9357052967,1.0,shelia-s-homestyle-chicken-and-more
Sushi Masa,Restaurant,4401 Texas Avenue South,Bryan,TX,,,,,0.92,Local Independent/Franchise,OpenStreetMap,Bryan,30.631904,-96.3388159,osm:way:408487703,1.0,sushi-masa
Premier Cinemas,Cinema,950 North Earl Rudder Freeway,Bryan,TX,77808,,,,3.95,Local Independent/Franchise,OpenStreetMap,Bryan,30.6759118,-96.3365855,osm:way:408487717,1.0,premier-cinemas
Brazos Brim Hat Bar,Clothes,850 William D Fitch Parkway,College Station,TX,77845,,,,6.26,Local Independent/Franchise,OpenStreetMap,College Station,30.5547397,-96.2620507,osm:way:409367377,1.0,brazos-brim-hat-bar
Stone,Fitness Centre,777 Graham Road,College Station,TX,77845,,https://stonecoclimbing.com/,info@stonecoclimbing.com,4.15,Local Independent/Franchise,OpenStreetMap,College Station,30.5702471,-96.2953489,osm:node:10563019010,1.0,stone
The Tap,Bar,,College Station,TX,,,,,1.47,Local Independent/Franchise,OpenStreetMap,College Station,30.622083,-96.3121183,osm:way:411783988,0.84,the-tap
The Dry Bean,Bar,,College Station,TX,77840,,,,0.6,Local Independent/Franchise,OpenStreetMap,College Station,30.6178573,-96.3464848,osm:way:413449889,0.84,the-dry-bean
Bravos Valley Arts Council,Arts Centre,,College Station,TX,,,,,1.87,Local Independent/Franchise,OpenStreetMap,College Station,30.6150527,-96.3053593,osm:way:414542387,0.84,bravos-valley-arts-council
Frittella,Restaurant,3901 Texas Avenue South,Bryan,TX,,,,,1.24,Local Independent/Franchise,OpenStreetMap,Bryan,30.6354935,-96.3436131,osm:way:414552006,1.0,frittella
Brazos Running Co,Sports,1037 University Drive,College Station,TX,77840,(979) 485-9830,,,0.45,Local Independent/Franchise,OpenStreetMap,Northgate,30.6244433,-96.3400625,osm:node:10687604933,1.0,brazos-running-co
Salata,Restaurant,,College Station,TX,,,,,0.3,Local Independent/Franchise,OpenStreetMap,College Station,30.6227872,-96.3379878,osm:node:10687737191,0.84,salata
Amico Nave,Restaurant,,College Station,TX,,,,,1.9,Local Independent/Franchise,OpenStreetMap,College Station,30.6401588,-96.3565028,osm:way:414552023,0.84,amico-nave
Shake Smart,Restaurant,,College Station,TX,,,,,0.3,Local Independent/Franchise,OpenStreetMap,College Station,30.622866,-96.3381302,osm:node:10687737192,0.84,shake-smart
Houston Street Subs,Fast Food,,College Station,TX,,,,,0.29,Local Independent/Franchise,OpenStreetMap,College Station,30.6227465,-96.3379326,osm:node:10687737194,0.84,houston-street-subs
Kettle Restaurant,Restaurant,2712 Texas Avenue South,Bryan,TX,77802,,,,2.16,Local Independent/Franchise,OpenStreetMap,Bryan,30.6451828,-96.3558293,osm:way:414552073,1.0,kettle-restaurant
Costco Food Court,Fast Food,,College Station,TX,,(979) 321-6572,,,5.6,Local Independent/Franchise,OpenStreetMap,College Station,30.5671424,-96.2637514,osm:node:10702638846,0.84,costco-food-court
Babe's Donuts,Pastry,,College Station,TX,,,,,1.63,Local Independent/Franchise,OpenStreetMap,College Station,30.6398944,-96.3487201,osm:way:414552077,0.84,babe-s-donuts
Madden's Casual Gourmet,Restaurant,,College Station,TX,,,,,4.36,Local Independent/Franchise,OpenStreetMap,College Station,30.6727293,-96.3745262,osm:node:1997919254,0.84,madden-s-casual-gourmet
Kung Fu Tea,Tea,,College Station,TX,,,,,0.63,Local Independent/Franchise,OpenStreetMap,College Station,30.6260438,-96.3302631,osm:node:10713388867,0.84,kung-fu-tea
Aerofit,Sports Centre,,College Station,TX,,,,,3.89,Local Independent/Franchise,OpenStreetMap,College Station,30.5814725,-96.2875219,osm:way:415387917,0.84,aerofit
Shipwreck,Restaurant,,College Station,TX,,,,,1.96,Local Independent/Franchise,OpenStreetMap,College Station,30.6409498,-96.3568257,osm:way:416769659,0.84,shipwreck
Bryan Indoor Tennis Courts,Sports Centre,,College Station,TX,,,,,4.36,Local Independent/Franchise,OpenStreetMap,College Station,30.6818246,-96.3336554,osm:way:416769760,0.84,bryan-indoor-tennis-courts
Old Town Marketplace,Marketplace,,College Station,TX,,,,,4.36,Local Independent/Franchise,OpenStreetMap,College Station,30.6725886,-96.3745074,osm:node:1997919233,0.84,old-town-marketplace
OMG Seafood,Restaurant,3227 Texas Avenue South,College Station,TX,,(979) 704-6823,,,1.75,Local Independent/Franchise,OpenStreetMap,College Station,30.641157,-96.3501581,osm:node:10720245865,1.0,omg-seafood
La Jerezana Taqueria,Restaurant,1002 Texas Avenue South,Bryan,TX,77803,(979) 575-7166,,,3.75,Local Independent/Franchise,OpenStreetMap,Bryan,30.6634197,-96.3722491,osm:way:416790327,1.0,la-jerezana-taqueria
The Proudest Monkey,Bar,,College Station,TX,,,,,4.37,Local Independent/Franchise,OpenStreetMap,College Station,30.6733326,-96.3736517,osm:node:1997919244,0.84,the-proudest-monkey
Doglegg Golf,Amusement Arcade,2551 Texas Avenue South,College Station,TX,77840,(979) 317-4100,https://doglegg-golf.com/,golf@doglegg-golf.com,1.99,Local Independent/Franchise,"OpenStreetMap, BCS Chamber",College Station,30.6059731,-96.3064959,osm:node:10724352193,1.0,doglegg-golf
40 Tempura Japanese Fusion,Restaurant,2551 Texas Avenue South,College Station,TX,77840,(979) 703-4034,,,1.98,Local Independent/Franchise,OpenStreetMap,College Station,30.606082,-96.3066125,osm:node:10724352195,1.0,40-tempura-japanese-fusion
Acme Glass,Marketplace,,College Station,TX,,,,,4.29,Local Independent/Franchise,OpenStreetMap,College Station,30.6720381,-96.3733201,osm:node:1997919235,0.84,acme-glass
Fusion Peru,Restaurant,2501 Texas Avenue South,College Station,TX,77840,(979) 676-2603,,,1.95,Local Independent/Franchise,OpenStreetMap,College Station,30.6073224,-96.3065526,osm:node:10724563960,1.0,fusion-peru
Sakura,Restaurant,713 University Drive East,College Station,TX,77840,(979) 450-7784,https://sakuratokyotx.com/,sakuratokyo713@gmail.com,1.25,Local Independent/Franchise,OpenStreetMap,Northgate,30.6352816,-96.3282961,osm:way:496808598,1.0,sakura
Taco Cabana,Fast Food,,Bryan,TX,,,,,2.93,Local Independent/Franchise,OpenStreetMap,Bryan,30.6606692,-96.3298776,osm:way:496810572,0.84,taco-cabana
Good Time Charley's,Restaurant,,College Station,TX,,,,,4.33,Local Independent/Franchise,OpenStreetMap,College Station,30.6727441,-96.3734113,osm:node:1997919237,0.84,good-time-charley-s
Snooze,Restaurant,Tarrow Street East,College Station,TX,,,,,1.23,Local Independent/Franchise,OpenStreetMap,College Station,30.6348598,-96.3276354,osm:node:10745004743,1.0,snooze
Bahama Buck's,Fast Food,901 William D. Fitch Parkway,College Station,TX,77845,,,,6.13,Local Independent/Franchise,OpenStreetMap,College Station,30.5554188,-96.2642171,osm:way:544924401,1.0,bahama-buck-s
Castlegate II Event Center,Events Venue,,College Station,TX,,,,,6.0,Local Independent/Franchise,OpenStreetMap,College Station,30.5434408,-96.286226,osm:node:10899658423,0.84,castlegate-ii-event-center
Bush's Chicken,Fast Food,,College Station,TX,,,,,5.7,Local Independent/Franchise,OpenStreetMap,College Station,30.5638311,-96.2648283,osm:way:566380177,0.84,bush-s-chicken
Downtown Uncorked,Bar,,College Station,TX,,,,,4.43,Local Independent/Franchise,OpenStreetMap,College Station,30.6739889,-96.3743626,osm:node:1997883183,0.84,downtown-uncorked
Castlegate II Swimming pool,Events Venue,,College Station,TX,,,,,6.0,Local Independent/Franchise,OpenStreetMap,College Station,30.5430813,-96.2870111,osm:node:10899665299,0.84,castlegate-ii-swimming-pool
Papa Perez,Restaurant,,College Station,TX,,,,,4.33,Local Independent/Franchise,OpenStreetMap,College Station,30.6725748,-96.3737081,osm:node:1997919267,0.84,papa-perez
Commons Dining Hall,Fast Food,,College Station,TX,,,,,0.22,Local Independent/Franchise,OpenStreetMap,College Station,30.615787327676124,-96.33632240064732,osm:node:11033604440,0.84,commons-dining-hall
Chuy's,Restaurant,1512 Harvey Road,College Station,TX,77840,,,,2.09,Local Independent/Franchise,OpenStreetMap,College Station,30.6276296,-96.3028666,osm:way:632658189,1.0,chuy-s
Taco Casa,Fast Food,616 North Earl Rudder Freeway,Bryan,TX,77802,,,,3.32,Local Independent/Franchise,OpenStreetMap,Bryan,30.6661598,-96.3277691,osm:way:660708406,1.0,taco-casa
Blue Baker,Restaurant,800 University Drive East,College Station,TX,77840,(979) 268-3096,,,1.23,Local Independent/Franchise,OpenStreetMap,Northgate,30.6341505,-96.3262018,osm:node:4099977168,1.0,blue-baker
Vietnoodle Pho and More,Restaurant,2218 Texas Avenue South,College Station,TX,77840,,,,1.51,Local Independent/Franchise,OpenStreetMap,College Station,30.6098881,-96.3132386,osm:node:13387373644,1.0,vietnoodle-pho-and-more
What's the Buzz,Cafe,2307 Texas Avenue South,College Station,TX,77840,(979) 485-2825,https://whatsthebuzzcoffee.com/,sales@whatsthebuzzcoffee.com,1.52,Local Independent/Franchise,OpenStreetMap,College Station,30.6108902,-96.3125918,osm:node:13391858380,1.0,what-s-the-buzz
King Buffet College Station,Restaurant,2402 Texas Avenue South,College Station,TX,77840,(979) 485-9690,https://kingbuffetcs.com/,kingbuffetcs@gmail.com,1.63,Local Independent/Franchise,OpenStreetMap,College Station,30.6083492,-96.3118488,osm:node:13392872393,1.0,king-buffet-college-station
Sweet Eugene's Java House,Cafe,1702 George Bush Drive East,College Station,TX,77840,,,,1.14,Local Independent/Franchise,OpenStreetMap,College Station,30.6177234,-96.3174447,osm:node:4102833558,1.0,sweet-eugene-s-java-house
Grub Burger Bar,Restaurant,,College Station,TX,,,,,1.39,Local Independent/Franchise,OpenStreetMap,College Station,30.635025,-96.3228729,osm:node:3845868657,0.84,grub-burger-bar
4 Brothers NY Bagels,Restaurant,1025 University Drive,College Station,TX,77840,,,,0.42,Local Independent/Franchise,OpenStreetMap,Northgate,30.6241132,-96.3396629,osm:node:13511180505,1.0,4-brothers-ny-bagels
Hungry Howie's,Restaurant,,College Station,TX,,,,,1.89,Local Independent/Franchise,OpenStreetMap,College Station,30.591945,-96.3300773,osm:node:2624158243,0.84,hungry-howie-s
Student Recreation Center,Fitness Centre,797 Olsen Boulevard,College Station,TX,77843,,,,0.88,Local Independent/Franchise,OpenStreetMap,College Station,30.6071267,-96.3426842,osm:way:91084650,1.0,student-recreation-center
Revolution Cafe & Bar,Bar,,College Station,TX,,,,,4.3,Local Independent/Franchise,OpenStreetMap,College Station,30.672321,-96.3731663,osm:node:1997919321,0.84,revolution-cafe---bar
Insomnia Cookies,Restaurant,505 University Drive,College Station,TX,77840,,,,0.49,Local Independent/Franchise,OpenStreetMap,Northgate,30.6194358,-96.3446152,osm:way:155052673,1.0,insomnia-cookies
Chimy's Cervecería Sports Bar,Pub,203 University Drive,College Station,TX,77840,,,,0.69,Local Independent/Franchise,OpenStreetMap,Northgate,30.6168862,-96.3478403,osm:way:155052721,1.0,chimy-s-cervecería-sports-bar
Half Price Books,Books,,College Station,TX,,,,,1.93,Local Independent/Franchise,OpenStreetMap,College Station,30.640121,-96.3156688,osm:node:4098715655,0.84,half-price-books
12 Northgate,Bar,209 University Drive,College Station,TX,77840,,,,0.65,Local Independent/Franchise,OpenStreetMap,Northgate,30.6171573,-96.347356,osm:way:155052773,1.0,12-northgate
The Chocolate Gallery,Cafe,,College Station,TX,,,,,4.46,Local Independent/Franchise,OpenStreetMap,College Station,30.6751747,-96.3729464,osm:node:1997929802,0.84,the-chocolate-gallery
Catalina Hatters,Marketplace,,College Station,TX,,,,,4.44,Local Independent/Franchise,OpenStreetMap,College Station,30.6748586,-96.3729598,osm:node:1997929803,0.84,catalina-hatters
The Spot on Northgate,Bar,303 Boyett Street,College Station,TX,77840,,,,0.7,Local Independent/Franchise,OpenStreetMap,Northgate,30.6179579,-96.3481754,osm:way:261326008,1.0,the-spot-on-northgate
The Corner of Time,Marketplace,,College Station,TX,,,,,4.46,Local Independent/Franchise,OpenStreetMap,College Station,30.6745518,-96.3741587,osm:node:1997929805,0.84,the-corner-of-time
Mugwalls,Cafe,,College Station,TX,,,,,1.5,Local Independent/Franchise,OpenStreetMap,College Station,30.6224123,-96.3116901,osm:node:4133914794,0.84,mugwalls
Atami,Restaurant,,College Station,TX,,,,,1.23,Local Independent/Franchise,OpenStreetMap,College Station,30.6339695,-96.3259867,osm:node:4099977169,0.84,atami
Abuelo's,Restaurant,,College Station,TX,,,,,1.28,Local Independent/Franchise,OpenStreetMap,College Station,30.6345002,-96.3252364,osm:way:319032704,0.84,abuelo-s
The Corner,Bar,,College Station,TX,,,,,0.54,Local Independent/Franchise,OpenStreetMap,College Station,30.618546,-96.3455688,osm:node:4103537954,0.84,the-corner
Cinemark,Cinema,1401 South Earl Rudder Freeway,College Station,TX,77845,,,,2.34,Local Independent/Franchise,OpenStreetMap,College Station,30.6358669,-96.3026495,osm:way:319061444,1.0,cinemark
Old Navy,Clothes,,College Station,TX,,,,,1.34,Local Independent/Franchise,OpenStreetMap,College Station,30.6109118,-96.3158432,osm:node:4922672164,0.84,old-navy
Cheddar's,Restaurant,,College Station,TX,,,,,2.0,Local Independent/Franchise,OpenStreetMap,College Station,30.6394684,-96.3130923,osm:way:319069304,0.84,cheddar-s
Newks,Restaurant,,College Station,TX,,,,,1.95,Local Independent/Franchise,OpenStreetMap,College Station,30.6395257,-96.3144811,osm:way:319069307,0.84,newks
Game X Change,Video Games,,College Station,TX,,,,,1.08,Local Independent/Franchise,OpenStreetMap,College Station,30.6143577,-96.3189773,osm:node:4931263118,0.84,game-x-change
Yogurtland,Ice Cream,,College Station,TX,,,,,1.08,Local Independent/Franchise,OpenStreetMap,College Station,30.6144323,-96.3190122,osm:node:4931263119,0.84,yogurtland
Torchy's Taco,Restaurant,1037 Texas Avenue South,College Station,TX,,,,,0.57,Local Independent/Franchise,OpenStreetMap,College Station,30.6229581,-96.3283037,osm:way:405506767,1.0,torchy-s-taco
Pei Wei,Restaurant,,College Station,TX,,,,,1.4,Local Independent/Franchise,OpenStreetMap,College Station,30.6352522,-96.3229912,osm:node:4934699406,0.84,pei-wei
On The Border,Restaurant,709 Texas Avenue South,College Station,TX,77840,,,,0.59,Local Independent/Franchise,OpenStreetMap,College Station,30.6263827,-96.3321909,osm:way:405507092,1.0,on-the-border
Cacique,Clothes,,College Station,TX,,,,,1.89,Local Independent/Franchise,OpenStreetMap,College Station,30.6397836,-96.3161368,osm:node:4934699416,0.84,cacique
Lane Bryant,Clothes,,College Station,TX,,,,,1.88,Local Independent/Franchise,OpenStreetMap,College Station,30.6396705,-96.3162991,osm:node:4934699417,0.84,lane-bryant
Chico's,Clothes,,College Station,TX,,,,,1.82,Local Independent/Franchise,OpenStreetMap,College Station,30.6382732,-96.3160966,osm:node:4934699418,0.84,chico-s
Talbots,Clothes,,College Station,TX,,,,,1.83,Local Independent/Franchise,OpenStreetMap,College Station,30.6384024,-96.3160121,osm:node:4934699419,0.84,talbots
Wayback Burgers,Fast Food,Texas Avenue,College Station,TX,77840,,,,0.96,Local Independent/Franchise,OpenStreetMap,College Station,30.6159112,-96.3206887,osm:node:4934709586,1.0,wayback-burgers
Dutch Bros,Coffee,,College Station,TX,,,,,0.78,Local Independent/Franchise,OpenStreetMap,College Station,30.6294201,-96.3325765,osm:way:407835369,0.84,dutch-bros
Urban Bricks,Restaurant,,College Station,TX,,,,,0.96,Local Independent/Franchise,OpenStreetMap,College Station,30.6158766,-96.320623,osm:node:4934709587,0.84,urban-bricks
Fazoli's,Fast Food,400 Harvey Road,College Station,TX,77840,,,,1.24,Local Independent/Franchise,OpenStreetMap,College Station,30.6172481,-96.3157747,osm:way:407839174,1.0,fazoli-s
Cake Me Away Bakery,Bakery,3141 Briarcrest Drive,Bryan,TX,77803,(979) 997-8533,,,3.4,Local Independent/Franchise,OpenStreetMap,Bryan,30.6668621,-96.3247275,osm:node:5192709367,1.0,cake-me-away-bakery
Murphy's Law,Bar,107 North Main Street,Bryan,TX,77803,,,,4.41,Local Independent/Franchise,OpenStreetMap,Downtown Bryan,30.6741504,-96.373077,osm:node:5476787265,1.0,murphy-s-law
Wings N' More Party Room,Events Venue,1803 Deacon Drive,College Station,TX,77845,,,,3.05,Local Independent/Franchise,OpenStreetMap,College Station,30.5935413,-96.2942642,osm:way:720802494,1.0,wings-n--more-party-room
Bavarian Brauhaus,Restaurant,109 North Main Street,Bryan,TX,77803,,,,4.41,Local Independent/Franchise,OpenStreetMap,Downtown Bryan,30.6742211,-96.3730726,osm:node:5476789557,1.0,bavarian-brauhaus
Decore Fitness Studio,Fitness Centre,2748 Longmire Drive,College Station,TX,77845,,,,3.04,Local Independent/Franchise,OpenStreetMap,College Station,30.5928825,-96.2950478,osm:way:720802499,1.0,decore-fitness-studio
Hot Dogs Etc.,Restaurant,,College Station,TX,,,,,4.43,Local Independent/Franchise,OpenStreetMap,College Station,30.6759109,-96.3700752,osm:way:725224806,0.84,hot-dogs-etc
Earth Art,Gift,201 South Main Street,Bryan,TX,77803,(979) 779-8208,,,4.32,Local Independent/Franchise,OpenStreetMap,Downtown Bryan,30.6725483,-96.3734464,osm:node:5824389337,1.0,earth-art
Stella's Donuts,Restaurant,,College Station,TX,,,,,3.72,Local Independent/Franchise,OpenStreetMap,College Station,30.6718649,-96.3463289,osm:way:725225251,0.84,stella-s-donuts
La Perla Taquería,Restaurant,,College Station,TX,,,,,4.93,Local Independent/Franchise,OpenStreetMap,College Station,30.6764349,-96.3851562,osm:node:5873954094,0.84,la-perla-taquería
Texas A&M Weightlifting,Sports Centre,,College Station,TX,,,,,0.78,Local Independent/Franchise,OpenStreetMap,College Station,30.6132587,-96.3480782,osm:node:5910669805,0.84,texas-a-m-weightlifting
Gold's Gym,Fitness Centre,200 Brentwood Drive East,College Station,TX,77840,,,,1.92,Local Independent/Franchise,OpenStreetMap,College Station,30.6098141,-96.3092311,osm:way:408007261,1.0,gold-s-gym
Red's Ice House,Restaurant,1025 University Drive,College Station,TX,77840,(979) 485-1004,https://redsicehousetx.com/,redsicehousetx@gmail.com,0.42,Local Independent/Franchise,"OpenStreetMap, BCS Chamber",Northgate,30.6239148,-96.3399828,osm:node:6193684320,1.0,red-s-ice-house
Nam Cafe,Restaurant,110 Nagle Street,College Station,TX,77840,(979) 703-8020,https://namcafetx.com/,info@namcafetx.com,0.45,Local Independent/Franchise,OpenStreetMap,College Station,30.6206593,-96.3436399,osm:way:870621007,1.0,nam-cafe
Lululemon,Clothes,,College Station,TX,,,,,0.46,Local Independent/Franchise,OpenStreetMap,College Station,30.6247788,-96.3397222,osm:node:6193684322,0.84,lululemon
Weinerschnitzel,Restaurant,,College Station,TX,,,,,4.03,Local Independent/Franchise,OpenStreetMap,College Station,30.6692672,-96.3703366,osm:way:875620899,0.84,weinerschnitzel
Porter's Steakhouse,Restaurant,,College Station,TX,,,,,0.5,Local Independent/Franchise,OpenStreetMap,College Station,30.6255172,-96.3392839,osm:node:6193684327,0.84,porter-s-steakhouse
TX Burger,Restaurant,14895 Wellborn Road,College Station,TX,,,,,6.18,Local Independent/Franchise,OpenStreetMap,College Station,30.5346209,-96.3012542,osm:way:971497298,1.0,tx-burger
Orangetheory Fitness,Fitness Centre,1025 University Drive,College Station,TX,77845,(979) 213-5696,,,0.42,Local Independent/Franchise,OpenStreetMap,Northgate,30.6240168,-96.3397806,osm:node:6193684361,1.0,orangetheory-fitness
The Cove,Water Sports,350 Deacon Drive West,College Station,TX,77845,,,,3.27,Local Independent/Franchise,OpenStreetMap,College Station,30.5733654,-96.3206108,osm:way:971499380,1.0,the-cove
Baked or Fried,Restaurant,311 Church Avenue,College Station,TX,77840,,,,0.63,Local Independent/Franchise,OpenStreetMap,Northgate,30.6188552,-96.3471278,osm:node:6223353900,1.0,baked-or-fried
Hullabaloo Diner,Restaurant,15045 Wellborn Road,College Station,TX,77845,(979) 690-3002,,,6.35,Local Independent/Franchise,OpenStreetMap,College Station,30.5320691,-96.3009455,osm:way:1014154403,1.0,hullabaloo-diner
Sodolkas Beefmasters,Restaurant,3500 State Highway 21 East,Bryan,TX,77808,,,,5.64,Local Independent/Franchise,OpenStreetMap,Bryan,30.6983856,-96.3572425,osm:way:1014219374,1.0,sodolkas-beefmasters
Mr. Hamburger,Restaurant,3706 Texas Avenue South,College Station,TX,,,,,1.44,Local Independent/Franchise,OpenStreetMap,College Station,30.6374853,-96.3470097,osm:way:1060575977,1.0,mr--hamburger
Los Cucos Mexican Cafe,Restaurant,1521 Texas Avenue South,College Station,TX,77840,,,,0.97,Local Independent/Franchise,OpenStreetMap,College Station,30.6176325,-96.3202829,osm:node:6223387723,1.0,los-cucos-mexican-cafe
Rockie's Grill & Saloon,Nightclub,2501 Texas Avenue South,College Station,TX,77840,,,,1.96,Local Independent/Franchise,OpenStreetMap,College Station,30.6067293,-96.3066541,osm:node:6242200496,1.0,rockie-s-grill---saloon
Ohana Korean Grill,Restaurant,2501 Texas Avenue South,College Station,TX,77840,(979) 680-9911,,,1.97,Local Independent/Franchise,OpenStreetMap,College Station,30.6069629,-96.3063882,osm:node:6762795986,1.0,ohana-korean-grill
Lytle's Comics & Games,Video Games,1804 Brothers Boulevard,College Station,TX,77845,,,,2.71,Local Independent/Franchise,OpenStreetMap,College Station,30.5955055,-96.29985,osm:node:6762963158,1.0,lytle-s-comics---games
Yoga Pod College Station,Fitness Centre,3995 State Highway 6 Frontage Road,College Station,TX,77845,(979) 693-3837,,,3.87,Local Independent/Franchise,OpenStreetMap,College Station,30.5861678,-96.2834607,osm:node:6762963163,1.0,yoga-pod-college-station
Mooyah Burgers,Fast Food,1101 William D. Fitch Parkway,College Station,TX,77845,,,,6.19,Local Independent/Franchise,OpenStreetMap,College Station,30.5606816,-96.2572591,osm:node:8218566731,1.0,mooyah-burgers
The Remnant Of Nawlins,Restaurant,1416 Groesbeck Street,Bryan,TX,77803,(979) 218-3362,,,3.78,Local Independent/Franchise,OpenStreetMap,Bryan,30.6598072,-96.3785755,osm:way:1134395202,1.0,the-remnant-of-nawlins
The 101,Bar,,College Station,TX,,,,,4.24,Local Independent/Franchise,OpenStreetMap,College Station,30.6730034,-96.3698179,osm:way:1134398248,0.84,the-101
Marfa Texas Kitchen,Restaurant,1551 Greens Prairie Road West,College Station,TX,77845,,,,6.31,Local Independent/Franchise,OpenStreetMap,College Station,30.555805,-96.2594741,osm:way:1147778853,1.0,marfa-texas-kitchen
Cooper's Old Time Pit Bar-B-Que,Restaurant,3055 South Earl Rudder Freeway,College Station,TX,77845,,,,3.12,Local Independent/Franchise,OpenStreetMap,College Station,30.5993542,-96.2891271,osm:way:1147779039,1.0,cooper-s-old-time-pit-bar-b-que
Carter's,Clothes,1505 University Drive East,College Station,TX,,,,,1.84,Local Independent/Franchise,OpenStreetMap,Northgate,30.6393977,-96.3171024,osm:node:8326278862,1.0,carter-s
Heartworks Gifts,Gift,,College Station,TX,,,,,1.83,Local Independent/Franchise,OpenStreetMap,College Station,30.6385623,-96.3160778,osm:node:8326278869,0.84,heartworks-gifts
Hyperbole Bookstore,Books,1275 Arrington Road,College Station,TX,77845,(979) 422-3427,https://hyperbolebookstore.com/,hyperbolebookstore@gmail.com,5.97,Local Independent/Franchise,OpenStreetMap,College Station,30.5578295,-96.2653343,osm:node:11397043469,1.0,hyperbole-bookstore
Tacos La Perlita,Restaurant,919 Harvey Road,College Station,TX,77840,(979) 485-9333,,,1.55,Local Independent/Franchise,OpenStreetMap,College Station,30.6230707,-96.310901,osm:node:11637219170,1.0,tacos-la-perlita
Gumby’s Pizza,Restaurant,1102 Harvey Road,College Station,TX,77840,(979) 764-8629,,,1.72,Local Independent/Franchise,OpenStreetMap,College Station,30.6236337,-96.3081271,osm:node:11637225669,1.0,gumby-s-pizza
Azmuth,Cafe,,College Station,TX,,,,,0.07,Local Independent/Franchise,OpenStreetMap,College Station,30.6190704,-96.3375994,osm:node:11693047196,0.84,azmuth
Rev's American Grill,Restaurant,,College Station,TX,,,,,0.5,Local Independent/Franchise,OpenStreetMap,College Station,30.612527,-96.3407338,osm:node:11693047203,0.84,rev-s-american-grill
E11even Bar and Grill,Restaurant,4353 Wellborn Road,College Station,TX,,(979) 450-7627,,E11evenbandg@gmail.com,0.97,Local Independent/Franchise,OpenStreetMap,College Station,30.6208889,-96.352573,osm:node:12530487079,1.0,e11even-bar-and-grill
Poke Stop,Fast Food,,College Station,TX,,,,,3.81,Local Independent/Franchise,OpenStreetMap,College Station,30.582752,-96.2879916,osm:node:12545053541,0.84,poke-stop
C&C Asian Garden,Restaurant,,College Station,TX,,,,,3.79,Local Independent/Franchise,OpenStreetMap,College Station,30.5824812,-96.2887088,osm:node:12545053562,0.84,c-c-asian-garden
Juice It Up!,Fast Food,,College Station,TX,,,,,3.8,Local Independent/Franchise,OpenStreetMap,College Station,30.5826473,-96.2881935,osm:node:12545053564,0.84,juice-it-up
Iza Robata Ramen,Restaurant,,College Station,TX,,,,,3.79,Local Independent/Franchise,OpenStreetMap,College Station,30.5824431,-96.2887807,osm:node:12545053565,0.84,iza-robata-ramen
Stella Southern Cafe,Cafe,4040 South Highway 6,College Station,TX,77845,,,,4.22,Local Independent/Franchise,OpenStreetMap,College Station,30.5794286,-96.2822595,osm:node:12597526153,1.0,stella-southern-cafe
Plato's Closet,Clothes,,College Station,TX,,,,,1.73,Local Independent/Franchise,OpenStreetMap,College Station,30.6234391,-96.3079754,osm:node:12763495490,0.84,plato-s-closet
Once Upon a Child,Clothes,,College Station,TX,,,,,1.74,Local Independent/Franchise,OpenStreetMap,College Station,30.6232891,-96.3077876,osm:node:12763495491,0.84,once-upon-a-child
Men's Wearhouse,Clothes,,College Station,TX,,,,,1.32,Local Independent/Franchise,OpenStreetMap,College Station,30.6119831,-96.3157447,osm:node:12805153991,0.84,men-s-wearhouse
Marble Slab Creamery,Ice Cream,,College Station,TX,,,,,1.29,Local Independent/Franchise,OpenStreetMap,College Station,30.6114041,-96.3165343,osm:node:12805179406,0.84,marble-slab-creamery
Champion Pizza,Restaurant,,College Station,TX,,,,,1.28,Local Independent/Franchise,OpenStreetMap,College Station,30.611449,-96.3166127,osm:node:12805179407,0.84,champion-pizza
Maurices,Clothes,,College Station,TX,,,,,3.26,Local Independent/Franchise,OpenStreetMap,College Station,30.6639195,-96.3210791,osm:node:12843227189,0.84,maurices
5.11,Clothes,,College Station,TX,,,,,1.81,Local Independent/Franchise,OpenStreetMap,College Station,30.6384287,-96.3165059,osm:node:12843249015,0.84,5-11
Good Luck Good Time Tea House,Cafe,1613 Texas Avenue South,College Station,TX,77840,(979) 709-4572,,glgtteahouse@gmail.com,0.94,Local Independent/Franchise,OpenStreetMap,College Station,30.6185822,-96.3206643,osm:node:13276893025,1.0,good-luck-good-time-tea-house
Lucky Goat Coffee - Jones Crossing,Coffee,Suite 800 Wellborn Road,College Station,TX,77845,(979) 450-7565,https://luckygoatcoffee.com/pages/jones-crossing,jonescrossing@luckygoatcoffee.com,2.49,Local Independent/Franchise,OpenStreetMap,College Station,30.5843956,-96.3238481,osm:node:13346560502,1.0,lucky-goat-coffee---jones-crossing
Mojo Tortilla Co.,Restaurant,3125 Texas Avenue South,College Station,TX,77845,,,,3.07,Local Independent/Franchise,OpenStreetMap,College Station,30.594757,-96.2929688,osm:way:1180579828,1.0,mojo-tortilla-co
El Silverado Rodeo,Events Venue,,College Station,TX,,,,,6.27,Local Independent/Franchise,OpenStreetMap,College Station,30.6837587,-96.4100122,osm:way:1189023680,0.84,el-silverado-rodeo
Moore Family Creamery,Ice Cream,,College Station,TX,,,,,0.57,Local Independent/Franchise,OpenStreetMap,College Station,30.6104094,-96.3367865,osm:way:1212194159,0.84,moore-family-creamery
BonAppeTea,Cafe,112 Nagle Street,College Station,TX,77840,(979) 704-5124,https://bonappeteatx.com/,info@bonappeteatx.com,0.45,Local Independent/Franchise,OpenStreetMap,College Station,30.6207541,-96.3437315,osm:way:1214015164,1.0,bonappetea
TaD's Louisiana Cooking,Restaurant,,College Station,TX,,,,,6.22,Local Independent/Franchise,OpenStreetMap,College Station,30.5612712,-96.2560521,osm:way:1216154186,0.84,tad-s-louisiana-cooking
Legends Event Center,Events Venue,2533 Midtown Park Boulevard,Bryan,TX,77801,,https://bryanlegends.com/,info@BryanLegends.com,2.36,Local Independent/Franchise,"OpenStreetMap, BCS Chamber",Bryan,30.6422872,-96.3651805,osm:way:1265544202,1.0,legends-event-center
Wild Pita,Restaurant,1437 Wellborn Road,College Station,TX,77840,,,,1.97,Local Independent/Franchise,OpenStreetMap,College Station,30.5907067,-96.3298749,osm:way:1279749418,1.0,wild-pita
Bimbo Bakeries,Bakery,907 North Earl Rudder Freeway,Bryan,TX,77802,,,,3.76,Local Independent/Franchise,OpenStreetMap,Bryan,30.6730277,-96.3405754,osm:way:1368022183,1.0,bimbo-bakeries
Jack Hilliard Distributing,,,College Station,TX,,,http://aggielandbud.com/,,,Local Chamber Member,BCS Chamber,College Station,,,,,jack-hilliard-distributing
Insurance with Shamone,,,College Station,TX,,,http://insurancewithshamone.com/,,,Local Chamber Member,BCS Chamber,College Station,,,,,insurance-with-shamone
Ozona Grill & Bar,Restaurant,520 Harvey Road,College Station,TX,77840,(979) 694-4618,https://ozonagrill.com/,ozona@ozonagrill.com,1.38,Local Independent/Franchise,OpenStreetMap,College Station,30.6193221,-96.3133251,osm:way:407839178,1.0,ozona-grill---bar
Grand Station Entertainment,Bowling Alley,,College Station,TX,77840,(979) 696-1100,https://grandstationent.com/,,2.25,Local Independent/Franchise,"OpenStreetMap, BCS Chamber",College Station,30.6206699,-96.2987494,osm:way:407840140,0.84,grand-station-entertainment
Jesse's Taqueria & Bakery,,,College Station,TX,77802,(979) 485-9841,https://lovejessestacos.com/,,,Local Chamber Member,BCS Chamber,College Station,,,,,jesse-s-taqueria---bakery
Tacobar,Restaurant,,College Station,TX,,,http://tacobarbcs.com/,,1.86,Local Independent/Franchise,"OpenStreetMap, BCS Chamber",College Station,30.5922924,-96.3305832,osm:node:8568372805,0.84,tacobar
Integrity Urgent Care- Century Square,,,College Station,TX,,,http://integrityuc.com/,,,Local Chamber Member,BCS Chamber,Century Square,,,,,integrity-urgent-care--century-square
Willie’s Grill & Icehouse,Restaurant,940 University Drive East,College Station,TX,77840,(979) 268-1450,https://williesgrillandicehouse.com/,,1.34,Local Independent/Franchise,"OpenStreetMap, BCS Chamber",Northgate,30.6348763,-96.3239815,osm:way:407979793,1.0,willie-s-grill---icehouse
Imagine Advertising Studio,,,College Station,TX,77840,(979) 587-9627,https://imagineadvertisingstudio.com/,info@imagineadvertisingstudio.com,,Local Chamber Member,BCS Chamber,College Station,,,,,imagine-advertising-studio
"Brazos Valley Welding Supply, Inc.",,,College Station,TX,,,http://brazosvalleywelding.com/,,,Local Chamber Member,BCS Chamber,College Station,,,,,brazos-valley-welding-supply--inc
Satterfield Group,,,College Station,TX,,,http://satterfieldgroup.com/,,,Local Chamber Member,BCS Chamber,College Station,,,,,satterfield-group
Koala's Bakery & Cafe - Bryan,,,College Station,TX,,,http://koalabakery.net/,,,Local Chamber Member,BCS Chamber,College Station,,,,,koala-s-bakery---cafe---bryan
Southwest Agribusiness Consulting,,,College Station,TX,77878,(979) 272-0539,http://agconsult.net/,,,Local Chamber Member,BCS Chamber,College Station,,,,,southwest-agribusiness-consulting
Shiraz Shish Kabob,Restaurant,110 Dominik Drive,College Station,TX,77840,(979) 694-8385,https://shirazshishkabob.com/,shirazshishkabob@gmail.com,0.9,Local Independent/Franchise,OpenStreetMap,College Station,30.6183439,-96.3213336,osm:way:408350618,1.0,shiraz-shish-kabob
H&J's Tea House,Cafe,550 3700 S Texas Ave,College Station,TX,,(979) 326-0432,https://hnjsteahouse.carrd.co/,,1.45,Local Independent/Franchise,OpenStreetMap,College Station,30.6373602,-96.3477382,osm:node:9630577474,1.0,h-j-s-tea-house
Saint Francis Wolf Sanctuary,,,College Station,TX,77868,(936) 894-9653,http://saintfranciswolfsanctuary.org/,info@wolvesofsaintfrancis.org,,Local Chamber Member,BCS Chamber,College Station,,,,,saint-francis-wolf-sanctuary
J's Poppin,,,College Station,TX,,(817) 805-3206,http://jspoppin.com/,jarrod.jackson@jspoppin.com,,Local Chamber Member,BCS Chamber,College Station,,,,,j-s-poppin
Bryan ISD,,,College Station,TX,,,http://bryanisd.org/,,,Local Chamber Member,BCS Chamber,College Station,30.6644102,-96.3849348,osm:way:532412335,0.84,bryan-isd
Jubilee Birth Center,,,College Station,TX,,,http://jubileebirthcenter.com/,,,Local Chamber Member,BCS Chamber,College Station,,,,,jubilee-birth-center
"B&B Collaborative, LLC",,,College Station,TX,,,http://bnbcollaborative.com/,brynnvbiggs@gmail.com,,Local Chamber Member,BCS Chamber,College Station,,,,,b-b-collaborative--llc
"Kingsley Cleaners, LLC",,,College Station,TX,,(682) 407-8024,https://kingsleycleaners.com/,info@kingsleycleaners.com,,Local Chamber Member,BCS Chamber,College Station,,,,,kingsley-cleaners--llc
Los Cucos Mexican Restaurant,Restaurant,920 North Earl Rudder Freeway,Bryan,TX,77802,,http://chuys.com/,,3.81,Local Independent/Franchise,"OpenStreetMap, BCS Chamber",Bryan,30.6738531,-96.3375178,osm:way:408487721,1.0,los-cucos-mexican-restaurant
StretchLab College Station,,,College Station,TX,77845,(979) 314-5995,https://stretchlab.com/location/collegestation,collegestation@stretchlab.com,,Local Chamber Member,BCS Chamber,College Station,,,,,stretchlab-college-station
Sysco Houston,,,College Station,TX,,,http://sysco.com/,,,Local Chamber Member,BCS Chamber,College Station,,,,,sysco-houston
Lupe Tortilla,Restaurant,813 Texas Avenue South,College Station,TX,,,http:///,,0.56,Local Independent/Franchise,"OpenStreetMap, BCS Chamber",College Station,30.6252737,-96.3309196,osm:way:408628419,1.0,lupe-tortilla
Keller Williams Realty - Brazos Valley,,,College Station,TX,,,http://kwbcs.com/,,,Local Chamber Member,BCS Chamber,College Station,,,,,keller-williams-realty---brazos-valley
Joe Horak Agency - Farmers Insurance,,,College Station,TX,77845,(979) 977-4523,https://agents.farmers.com/jhorak,,,Local Chamber Member,BCS Chamber,College Station,,,,,joe-horak-agency---farmers-insurance
TAZ Indian Cuisine,Restaurant,2416A Texas Avenue South,College Station,TX,77840,(979) 696-6560,http://tazcuisine.com/,,1.74,Local Independent/Franchise,"OpenStreetMap, BCS Chamber",College Station,30.6064933,-96.3109464,osm:node:9980492796,1.0,taz-indian-cuisine
KEOS Community Radio 89.1 FM,,,College Station,TX,,,http://keos.org/,,,Local Chamber Member,BCS Chamber,College Station,,,,,keos-community-radio-89-1-fm
"Junior League of Bryan-College Station, Inc.",,"The Junior League of Bryan-College Station is an organization of women committed to promoting voluntarism, developing the potential of women and improving our community., The Junior League of Bryan-College Station is an organization of women committed to promoting voluntarism, developing the potential of women and improving our community.",College Station,TX,,,http://jlbcs.org/,,,Local Chamber Member,BCS Chamber,College Station,,,,,junior-league-of-bryan-college-station--inc
Canteen Bar & Grill,Restaurant,200 Century Court,College Station,TX,77840,(979) 485-5586,https://cavalrycourt.com/canteen-bar-college-station-dining.htm,,0.54,Local Independent/Franchise,OpenStreetMap,College Station,30.6257574,-96.3403097,osm:node:9980492806,1.0,canteen-bar---grill
"KBS Electrical Distributors, Inc.",,,College Station,TX,,,http://kbselectric.com/,,,Local Chamber Member,BCS Chamber,College Station,,,,,kbs-electrical-distributors--inc
St. Joseph Catholic Church,,,College Station,TX,,,http://stjosephbcs.org/,,,Local Chamber Member,BCS Chamber,College Station,,,,,st--joseph-catholic-church
Stop & Go Potties,,,College Station,TX,77833,(979) 260-0006,https://stopandgopotties.com/about-us,info@bigcompany.com,,Local Chamber Member,BCS Chamber,College Station,,,,,stop---go-potties
JLA Realty,,,College Station,TX,,,http://jlarealty.com/,,,Local Chamber Member,BCS Chamber,College Station,,,,,jla-realty
Sharetea,Cafe,1025 University Drive,College Station,TX,77840,(979) 330-4078,https://shareteahouston.com/,info@shareteahouston.com,0.42,Local Independent/Franchise,OpenStreetMap,Northgate,30.6240641,-96.3397228,osm:node:10116940371,1.0,sharetea
Staybridge Suites,,,College Station,TX,,,http://staybridge.com/,,,Local Chamber Member,BCS Chamber,College Station,30.6386885,-96.3176921,osm:way:407788608,0.84,staybridge-suites
KMC Equipment,,,College Station,TX,,,http://kmcforklift.com/,,,Local Chamber Member,BCS Chamber,College Station,,,,,kmc-equipment
Saltgrass Steak House,Restaurant,4330 South Highway 6,College Station,TX,77845,(979) 690-0562,https://saltgrass.com/location/saltgrass-college-station,,5.62,Local Independent/Franchise,OpenStreetMap,College Station,30.5646974,-96.2658879,osm:way:409367381,1.0,saltgrass-steak-house
Jam Dj Entertainment,,,College Station,TX,77807,(877) 526-8191,http://jamdjevents.com/,info@jamdjentertainment.com,,Local Chamber Member,BCS Chamber,College Station,,,,,jam-dj-entertainment
J. Cody's Steaks & BBQ,,"We serve BBQ, Ribeyes, an assortment of items cooked on an open mesquite Grill, and we have a self serve all you can eat buffet with select orders., We serve BBQ, Ribeyes, an assortment of items cooked on an open mesquite Grill, and we have a self serve all you can eat buffet with select orders.",College Station,TX,77801,(979) 846-2639,http://jcodys.com/,j.codys@yahoo.com,,Local Chamber Member,BCS Chamber,College Station,,,,,j--cody-s-steaks---bbq
Kona Ice of Bryan/College Station,,,College Station,TX,,,http://kona-ice.com/,,,Local Chamber Member,BCS Chamber,College Station,,,,,kona-ice-of-bryan-college-station
Bruchez & Goss P.C.,,,College Station,TX,77802,(979) 258-6673,http://bruchez.com/,,,Local Chamber Member,BCS Chamber,College Station,,,,,bruchez---goss-p-c
Bryan Housing Authority,,,College Station,TX,77803,(979) 822-2013,http://bryanhousingauthority.com/,,,Local Chamber Member,BCS Chamber,College Station,,,,,bryan-housing-authority
Saber Bar & Grill,Restaurant,201 University Drive East,College Station,TX,77840,(979) 260-6000,https://the-saber-bar-grill.business.site/,,0.77,Local Independent/Franchise,OpenStreetMap,Northgate,30.6296175,-96.3342863,osm:node:10671928920,1.0,saber-bar---grill
"Brewer, E. Glen",,,College Station,TX,77807,(979) 775-7800,https://destinationbryan.com/,info@lakewalktx.com,,Local Chamber Member,BCS Chamber,College Station,,,,,brewer--e--glen
Stampede Coatings,,,College Station,TX,77845,(979) 213-4175,http://stampedecoatings.com/,,,Local Chamber Member,BCS Chamber,College Station,,,,,stampede-coatings
Big Brothers Big Sisters of the Brazos Valley,,,College Station,TX,77807,(979) 775-7800,https://destinationbryan.com/,info@lakewalktx.com,,Local Chamber Member,BCS Chamber,College Station,,,,,big-brothers-big-sisters-of-the-brazos-valley
"Kent Moore Cabinets, Ltd.",,,College Station,TX,,,http://kmc.net/,,,Local Chamber Member,BCS Chamber,College Station,,,,,kent-moore-cabinets--ltd
Image Solutions,,,College Station,TX,77845,(979) 778-4613,http://imagesolutions.us/,,,Local Chamber Member,BCS Chamber,College Station,,,,,image-solutions
Baylor Scott & White Convenient Care Clinic,,,College Station,TX,77807,(979) 775-7800,https://destinationbryan.com/,info@lakewalktx.com,,Local Chamber Member,BCS Chamber,College Station,,,,,baylor-scott---white-convenient-care-clinic
"Sanford, Marsha",,,College Station,TX,77807,(979) 775-7800,https://destinationbryan.com/,info@lakewalktx.com,,Local Chamber Member,BCS Chamber,College Station,,,,,sanford--marsha
"Janet Tycelia Dudding, MBA, CPA, CGFO",,,College Station,TX,,,http://underconstruction.com/,,,Local Chamber Member,BCS Chamber,College Station,,,,,janet-tycelia-dudding--mba--cpa--cgfo
Lick Honest Ice Creams,Ice Cream,143 Century Square Drive,College Station,TX,77840,(979) 704-0306,http://ilikelick.com/,,0.51,Local Independent/Franchise,"OpenStreetMap, BCS Chamber",Century Square,30.6259076,-96.3385694,osm:node:10687604930,1.0,lick-honest-ice-creams
Stylecraft,,,College Station,TX,77845,(979) 200-4552,http://stylecraftbuilders.com/,,,Local Chamber Member,BCS Chamber,College Station,,,,,stylecraft
B/CS Metropolitan Planning Organization,,,College Station,TX,77803,(979) 260-5298,http://bcsmpo.org/,,,Local Chamber Member,BCS Chamber,College Station,,,,,b-cs-metropolitan-planning-organization
B/CS Habitat For Humanity,,,College Station,TX,77807,(979) 775-7800,https://destinationbryan.com/,info@lakewalktx.com,,Local Chamber Member,BCS Chamber,College Station,,,,,b-cs-habitat-for-humanity
Brazos Valley Affordable Housing Corp,,,College Station,TX,77802,(979) 595-2809,http://bvahc.org/,info@bvahc.org,,Local Chamber Member,BCS Chamber,College Station,,,,,brazos-valley-affordable-housing-corp
JNB Platinum Properties,,,College Station,TX,77802,(979) 776-4300,http://jnbplatinum.com/,,,Local Chamber Member,BCS Chamber,College Station,,,,,jnb-platinum-properties
Pokeworks,Restaurant,170 Century Square Drive,College Station,TX,77840,(979) 485-5300,https://pokeworks.com/,,0.54,Local Independent/Franchise,OpenStreetMap,Century Square,30.6263708,-96.3378625,osm:node:10687604931,1.0,pokeworks
SiteOne Landscape Supply,,,College Station,TX,77845,(979) 696-6443,http://allamericanstoneandturf.com/,,,Local Chamber Member,BCS Chamber,College Station,,,,,siteone-landscape-supply
"K2 Share, LLC",,,College Station,TX,77840,(979) 260-0030,http://k2share.com/,info@k2share.com,,Local Chamber Member,BCS Chamber,College Station,,,,,k2-share--llc
Velvet Taco,Restaurant,1099 University Drive,College Station,TX,77840,(979) 213-5504,https://velvettaco.com/location/college-station,,0.43,Local Independent/Franchise,OpenStreetMap,Northgate,30.6243883,-96.3394839,osm:node:10687137408,1.0,velvet-taco
"Brazos Valley Construction, Inc.",,,College Station,TX,77807,(979) 775-7800,https://destinationbryan.com/,info@lakewalktx.com,,Local Chamber Member,BCS Chamber,College Station,,,,,brazos-valley-construction--inc
Sunbeam Bagels & The Owl,,,College Station,TX,,,http://sunbeambagels.com/,,,Local Chamber Member,BCS Chamber,College Station,,,,,sunbeam-bagels---the-owl
K.D. Timmons,,,College Station,TX,77801,(979) 822-1394,http://kdtimmons.com/,,,Local Chamber Member,BCS Chamber,College Station,,,,,k-d--timmons
Brazos County Democratic Party,,,College Station,TX,,(979) 779-5600,http://brazosdems.org/,brazosdems@brazosdems.org,,Local Chamber Member,BCS Chamber,College Station,,,,,brazos-county-democratic-party
Chicken Oil Co.,Restaurant,3600 South College Avenue,Bryan,TX,77801,(979) 846-3306,http://chickenoilco.com/,,1.52,Local Independent/Franchise,"OpenStreetMap, BCS Chamber",Bryan,30.6344986,-96.3543235,osm:way:414552011,1.0,chicken-oil-co
J. Cody's BBQ,Restaurant,3610 South College Avenue,Bryan,TX,77801,(979) 846-2639,https://jcodys.com/,j.codys@yahoo.com,1.44,Local Independent/Franchise,OpenStreetMap,Bryan,30.6333363,-96.3538382,osm:way:414552013,1.0,j--cody-s-bbq
Bird's Nest Gifts & Antiques,,,College Station,TX,77803,(979) 704-6256,http://birdsnestgiftsandantiques.com/,birdsnest056@gmail.com,,Local Chamber Member,BCS Chamber,College Station,,,,,bird-s-nest-gifts---antiques
Knife River,,,College Station,TX,,,http://kniferiver.com/,,,Local Chamber Member,BCS Chamber,College Station,,,,,knife-river
Shulman's Movie Bowl Grille - Midtown,,,College Station,TX,,(979) 429-2610,http://moviebowlgrille.com/,,,Local Chamber Member,BCS Chamber,College Station,,,,,shulman-s-movie-bowl-grille---midtown
"Jennifer Hathaway, DDS",,,College Station,TX,77802,(979) 776-6884,http://drhathaway.com/,,,Local Chamber Member,BCS Chamber,College Station,,,,,jennifer-hathaway--dds
Kerr Surveying,,,College Station,TX,77802,(979) 268-3195,https://kerrlandsurveying.com/,hello@kerrsurveying.net,,Local Chamber Member,BCS Chamber,College Station,,,,,kerr-surveying
Junior Achievement of Brazos Valley,,,College Station,TX,,(719) 540-8000,http://juniorachievement.org/web/ja-brazosvalley,elizabeth.harmon@ja.org,,Local Chamber Member,BCS Chamber,College Station,,,,,junior-achievement-of-brazos-valley
DQ Grill & Chill,Fast Food,413 East Villa Maria Road,Bryan,TX,77802,(979) 822-2914,https://dairyqueen.com/locations/tx/bryan/413-e-villa-maria-rd/3658,,1.95,Local Independent/Franchise,OpenStreetMap,Bryan,30.642535,-96.3540741,osm:way:414552030,1.0,dq-grill---chill
Joe's Place,,,College Station,TX,77807,(979) 775-7800,https://destinationbryan.com/,info@lakewalktx.com,,Local Chamber Member,BCS Chamber,College Station,,,,,joe-s-place
School of Rock,,,College Station,TX,77845,(979) 977-2019,https://locations.schoolofrock.com/bryancollegestation,bryancollegestation@schoolofrock.com,,Local Chamber Member,BCS Chamber,College Station,,,,,school-of-rock
Brazos Valley Center for Independent Living,,,College Station,TX,,,http://bvcil.org/,,,Local Chamber Member,BCS Chamber,College Station,,,,,brazos-valley-center-for-independent-living
Scasta Family Eyecare & Dentistry,,,College Station,TX,77845,(979) 695-2020,http://scastaeyes.com/,info@scastaeyes.com,,Local Chamber Member,BCS Chamber,College Station,,,,,scasta-family-eyecare---dentistry
Jes Investments,,,College Station,TX,,,http://jesinvestments.com/,,,Local Chamber Member,BCS Chamber,College Station,,,,,jes-investments
KBTX-TV3,,,College Station,TX,77802,(979) 846-7777,http://kbtx.com/,publicfile@kbtx.com,,Local Chamber Member,BCS Chamber,College Station,,,,,kbtx-tv3
Bliss Nail Bar,,,College Station,TX,,,http://blissnailbarcollegesttaion.com/,,,Local Chamber Member,BCS Chamber,College Station,,,,,bliss-nail-bar
"Buckley, Jack",,,College Station,TX,77807,(979) 775-7800,https://destinationbryan.com/,info@lakewalktx.com,,Local Chamber Member,BCS Chamber,College Station,,,,,buckley--jack
J&R St. James Place LLC,,,College Station,TX,,,http://none/,,,Local Chamber Member,BCS Chamber,College Station,,,,,j-r-st--james-place-llc
Kristi Yancy,,,College Station,TX,,,https://google.com/maps?q=Yancy+Homes%2C+PO+Box+12088%2C+College+Station%2C+Texas%2C+77842,,,Local Chamber Member,BCS Chamber,College Station,,,,,kristi-yancy
Sam's Club,,,College Station,TX,77807,(979) 775-7800,https://destinationbryan.com/,info@lakewalktx.com,,Local Chamber Member,BCS Chamber,College Station,30.6346201,-96.3014429,osm:way:319044129,0.84,sam-s-club
Brenham Pregnancy Center,,,College Station,TX,77833,(979) 836-0397,http://brenhampregnancycenter.org/,,,Local Chamber Member,BCS Chamber,College Station,,,,,brenham-pregnancy-center
TXAG Store,,"Serving Aggies Since 1969, Serving Aggies Since 1969",College Station,TX,,(979) 846-4518,http://txag.com/,orders@txag.com,,Local Chamber Member,BCS Chamber,College Station,,,,,txag-store
Texas Propane,,,College Station,TX,77807,(800) 646-4949,http://texaspropane.com/,,,Local Chamber Member,BCS Chamber,College Station,,,,,texas-propane
Tap & Tumbler,,,College Station,TX,,(979) 224-4084,http://tapandtumbler.com/,tapandtumbler@gmail.com,,Local Chamber Member,BCS Chamber,College Station,,,,,tap---tumbler
Aji Sushi,Restaurant,1901 Texas Avenue South,College Station,TX,77840,(979) 696-1250,https://ajisushicstat.wixsite.com/website,ajisushicstat@gmail.com,1.2,Local Independent/Franchise,"OpenStreetMap, BCS Chamber",College Station,30.6142309,-96.3170606,osm:node:1009825505,1.0,aji-sushi
Yesterdays Bar & Grill,Pub,4421 Texas Avenue South,Bryan,TX,77802,(979) 846-2625,https://destinationbryan.com/,info@lakewalktx.com,0.87,Local Independent/Franchise,"OpenStreetMap, BCS Chamber",Bryan,30.6312229,-96.3379537,osm:node:10671928919,1.0,yesterdays-bar---grill
Side Porch Coffee Co.,,,College Station,TX,77807,(979) 775-7800,https://destinationbryan.com/,info@lakewalktx.com,,Local Chamber Member,BCS Chamber,College Station,,,,,side-porch-coffee-co
Mong Chon Grill,Restaurant,900 Harvey Road,College Station,TX,77840,(979) 696-1805,https://tasteofkoreamc.com/,,1.61,Local Independent/Franchise,OpenStreetMap,College Station,30.6223179,-96.3098259,osm:node:10713395278,1.0,mong-chon-grill
"Kesco Supply, Inc",,,College Station,TX,,(979) 779-6473,http://kescotexas.com/,abbie@kescotexas.com,,Local Chamber Member,BCS Chamber,College Station,,,,,kesco-supply--inc
John Malazzo Farms,,,College Station,TX,,,http://none/,,,Local Chamber Member,BCS Chamber,College Station,,,,,john-malazzo-farms
"Jones, Timothy C.",,,College Station,TX,77807,(979) 775-7800,https://destinationbryan.com/,info@lakewalktx.com,,Local Chamber Member,BCS Chamber,College Station,,,,,jones--timothy-c
"Texas Best Roofing Co., LLC",,,College Station,TX,,(979) 213-7022,http://texasbestroofingco.com/,,,Local Chamber Member,BCS Chamber,College Station,,,,,texas-best-roofing-co---llc
Brazos Star Credit Union,,,College Station,TX,,,http://brazosstarcu.com/,,,Local Chamber Member,BCS Chamber,College Station,,,,,brazos-star-credit-union
Brazos County Expo,,,College Station,TX,77807,(979) 823-3976,http://brazoscountyexpo.com/,info@brazoscountyexpo.com,,Local Chamber Member,BCS Chamber,College Station,,,,,brazos-county-expo
KORA/KTAM/KBXT/KAPN,,,College Station,TX,77802,(979) 776-1240,http://983korafm.com/,ana@brazosradio.com,,Local Chamber Member,BCS Chamber,College Station,,,,,kora-ktam-kbxt-kapn
Kangaroo Home Lending,,,College Station,TX,77807,(979) 775-7800,https://destinationbryan.com/,info@lakewalktx.com,,Local Chamber Member,BCS Chamber,College Station,,,,,kangaroo-home-lending
The LaSalle Hotel,,,College Station,TX,,,http://lasalle hotel.com/,,,Local Chamber Member,BCS Chamber,College Station,,,,,the-lasalle-hotel
KAGS-TV NBC,,,College Station,TX,77802,(979) 703-8404,http://kagstv.com/,tegna@nimia.com,,Local Chamber Member,BCS Chamber,College Station,,,,,kags-tv-nbc
By the Book Profits & Financial Management,,,College Station,TX,,,http://bythebookprofits.com/,,,Local Chamber Member,BCS Chamber,College Station,,,,,by-the-book-profits---financial-management
Kellen Commercial Flooring,,,College Station,TX,77845,(979) 690-1234,http://kellenflooring.com/,,,Local Chamber Member,BCS Chamber,College Station,,,,,kellen-commercial-flooring
C&J Barbeque,Restaurant,105 Southwest Parkway,College Station,TX,77840,(979) 696-7900,https://cjbbq.com/,,1.89,Local Independent/Franchise,OpenStreetMap,College Station,30.5918902,-96.3301734,osm:node:1003301983,1.0,c-j-barbeque
Bryan Iron & Metal Company,,,College Station,TX,77807,(979) 775-7800,https://destinationbryan.com/,info@lakewalktx.com,,Local Chamber Member,BCS Chamber,College Station,,,,,bryan-iron---metal-company
Koppe Bridge Bar & Grill,Restaurant,11777 Wellborn Road,College Station,TX,77845,(979) 764-2933,http://koppebridge.net/,mail@koppebridge.net,2.74,Local Independent/Franchise,OpenStreetMap,College Station,30.5811778,-96.3214055,osm:way:451576741,1.0,koppe-bridge-bar---grill
Jefferson Christian Custom Homes,,,College Station,TX,77807,(979) 775-7800,https://destinationbryan.com/,info@lakewalktx.com,,Local Chamber Member,BCS Chamber,College Station,30.6497242,-96.3001919,osm:way:966370663,0.84,jefferson-christian-custom-homes
"Jones & Lowe Agency, Inc",,,College Station,TX,,,http://jonesandloweagency.com/,,,Local Chamber Member,BCS Chamber,College Station,,,,,jones---lowe-agency--inc
Brazos Valley Community Action Programs,,,College Station,TX,,,http://capbv.org/,,,Local Chamber Member,BCS Chamber,College Station,,,,,brazos-valley-community-action-programs
Belfor Property Restoration,,,College Station,TX,77845,(979) 703-1770,https://belfor.com/en/us/belfor-usa-offices/texas/bryan-college-station,,,Local Chamber Member,BCS Chamber,College Station,,,,,belfor-property-restoration
"JaCody Construction, LP",,,College Station,TX,77845,(979) 774-5613,http://jacodyconstruction.com/,,,Local Chamber Member,BCS Chamber,College Station,,,,,jacody-construction--lp
The Texas A&M University System,,,College Station,TX,,,http://tamus.edu/,,,Local Chamber Member,BCS Chamber,College Station,,,,,the-texas-a-m-university-system
Juanita's Tex Mex Cantina,Restaurant,180 Century Court,College Station,TX,77840,(979) 481-5526,https://juanitas-texmex.com/,info@juanitas-texmex.com,0.51,Local Independent/Franchise,OpenStreetMap,College Station,30.6257596,-96.3391123,osm:way:485227157,1.0,juanita-s-tex-mex-cantina
Brazos Valley Cares,,,College Station,TX,,,http://brazosvalleycares.org/,,,Local Chamber Member,BCS Chamber,College Station,,,,,brazos-valley-cares
Caffe Capri,Restaurant,,College Station,TX,77803,(979) 822-2675,http://placeforitalian.com/,,4.49,Local Independent/Franchise,"OpenStreetMap, BCS Chamber",College Station,30.6754861,-96.373295,osm:node:1997919291,0.84,caffe-capri
Kaspar Outdoors,,,College Station,TX,,(361) 594-3327,https://kasparcompanies.com/,hr@kasparcompanies.com,,Local Chamber Member,BCS Chamber,College Station,,,,,kaspar-outdoors
"Brazos Valley Chapter, Texas Society of CPAs",,,College Station,TX,,(800) 428-0272,http://txcpabv.cpa/,brazosvalley@tx.cpa,,Local Chamber Member,BCS Chamber,College Station,,,,,brazos-valley-chapter--texas-society-of-cpas
The Little Gym of BCS,,,College Station,TX,,,https://thelittlegym.com/texas-college-station,,,Local Chamber Member,BCS Chamber,College Station,,,,,the-little-gym-of-bcs
Kamei Sushi & Grill,Restaurant,951 William D Fitch Parkway,College Station,TX,77845,(979) 690-9500,https://kameisushiandgrill.com/,,6.13,Local Independent/Franchise,OpenStreetMap,College Station,30.558323,-96.2609319,osm:node:10724571817,1.0,kamei-sushi---grill
"Kept Classic Homes, LLC",,,College Station,TX,77845,(979) 429-2444,http://keptclassichomes.com/,lily@keptclassichomes.com,,Local Chamber Member,BCS Chamber,College Station,,,,,kept-classic-homes--llc
Mr. G's Italian Pizzeria,Restaurant,201 West 26th Street,Bryan,TX,77803,(979) 822-6747,https://gotomrgs.com/,,4.41,Local Independent/Franchise,OpenStreetMap,Downtown Bryan,30.6736406,-96.3742526,osm:node:1997919249,1.0,mr--g-s-italian-pizzeria
Yummi Yummi,Restaurant,900 Harvey Road,College Station,TX,77840,(979) 703-5992,https://yummimongolian.com/,,1.66,Local Independent/Franchise,OpenStreetMap,College Station,30.6230469,-96.3090359,osm:node:10724602736,1.0,yummi-yummi
Beck Construction,,,College Station,TX,,(979) 777-3333,http://beckconstructionbcs.com/,stephengbeck@gmail.com,,Local Chamber Member,BCS Chamber,College Station,,,,,beck-construction
Keys and Walsh Builders,,,College Station,TX,77845,(979) 774-3600,http://keysandwalsh.com/,info@keysandwalsh.com,,Local Chamber Member,BCS Chamber,College Station,,,,,keys-and-walsh-builders
John R. Giesenschlag Farms,,,College Station,TX,77807,(979) 775-7800,https://destinationbryan.com/,info@lakewalktx.com,,Local Chamber Member,BCS Chamber,College Station,,,,,john-r--giesenschlag-farms
JBG Plumbing,,,College Station,TX,,(979) 777-4420,http://bcsplumber.com/,,,Local Chamber Member,BCS Chamber,College Station,,,,,jbg-plumbing
Jeff Hamilton State Farm Insurance,,,College Station,TX,77845,(979) 690-8384,http://jeffhamiltononline.com/,,,Local Chamber Member,BCS Chamber,College Station,,,,,jeff-hamilton-state-farm-insurance
Top Notch Roofing Brazos Valley,,,College Station,TX,,,http://topnotchroofbv.com/,,,Local Chamber Member,BCS Chamber,College Station,,,,,top-notch-roofing-brazos-valley
First Watch,Restaurant,4501 Texas Avenue South,College Station,TX,77802,(979) 704-6652,https://firstwatch.com/locations/college-station,,0.83,Local Independent/Franchise,"OpenStreetMap, BCS Chamber",College Station,30.6306726,-96.3377918,osm:way:520402773,1.0,first-watch
Karstens RV Resort,,,College Station,TX,77845,(979) 774-7799,http://karstensrvresort.com/,karstensrvresort@gmail.com,,Local Chamber Member,BCS Chamber,College Station,,,,,karstens-rv-resort
Brazos County Crime Stoppers,,,College Station,TX,,,http://brazoscountycrimestoppers.org/,tips@brazoscountycrimestoppers.org,,Local Chamber Member,BCS Chamber,College Station,,,,,brazos-county-crime-stoppers
Kristi Fox Real Estate Group at Century 21 Integra Unlocked,,,College Station,TX,77807,(979) 775-7800,https://destinationbryan.com/,info@lakewalktx.com,,Local Chamber Member,BCS Chamber,College Station,,,,,kristi-fox-real-estate-group-at-century-21-integra-unlocked
The Grove Event Venue,,,College Station,TX,77845,(979) 204-6113,http://thegrovebcs.com/,,,Local Chamber Member,BCS Chamber,College Station,,,,,the-grove-event-venue
Dixie Chicken,Bar,307 University Drive,College Station,TX,77840,(979) 846-2322,http://dixiechicken.com/,,0.59,Local Independent/Franchise,"OpenStreetMap, BCS Chamber",Northgate,30.6178129,-96.3463096,osm:node:1798261856,1.0,dixie-chicken
Johnstone Supply of College Station,,,College Station,TX,,(503) 256-3663,http://johnstonesupply.com/,,,Local Chamber Member,BCS Chamber,College Station,,,,,johnstone-supply-of-college-station
KOR Education School,,,College Station,TX,77842,(979) 777-1213,http://koreducation.org/,info@koreducation.org,,Local Chamber Member,BCS Chamber,College Station,,,,,kor-education-school
Kiddie Academy of Bryan,,,College Station,TX,,,http://kiddieacademy.com/bryan,,,Local Chamber Member,BCS Chamber,College Station,,,,,kiddie-academy-of-bryan
TownePlace Suites by Marriott,,,College Station,TX,,,http://mariott.com\clltb/,,,Local Chamber Member,BCS Chamber,College Station,30.636134,-96.3188383,osm:way:407979783,0.84,towneplace-suites-by-marriott
Brazos County Veterans of Foreign Wars Post #4692 & Auxiliary,,,College Station,TX,77807,(979) 775-7800,https://destinationbryan.com/,info@lakewalktx.com,,Local Chamber Member,BCS Chamber,College Station,,,,,brazos-county-veterans-of-foreign-wars-post--4692---auxiliary
Christopher's World Grille,Restaurant,5001 Boonville Road,Bryan,TX,77802,(979) 776-2181,https://christophersworldgrille.com/,eat@christophersworldgrille.com,3.76,Local Independent/Franchise,OpenStreetMap,Bryan,30.6602986,-96.2956277,osm:way:621289979,1.0,christopher-s-world-grille
"The Arkitex Studio, Inc.",,,College Station,TX,77807,(979) 775-7800,https://destinationbryan.com/,info@lakewalktx.com,,Local Chamber Member,BCS Chamber,College Station,,,,,the-arkitex-studio--inc
B/CS Regional Association Of Realtors,,,College Station,TX,77840,(979) 846-3751,http://bcsrealtor.com/,helpdesk@bcsrealtor.com,,Local Chamber Member,BCS Chamber,College Station,,,,,b-cs-regional-association-of-realtors
Double Dave's Pizzaworks,Restaurant,1410 Texas Avenue South,College Station,TX,77840,,https://doubledaves.com/,,0.76,Local Independent/Franchise,"OpenStreetMap, BCS Chamber",College Station,30.6177321,-96.3237533,osm:node:1668524635,1.0,double-dave-s-pizzaworks
JD Ranch Boutique,,,College Station,TX,,,http://jdranchboutique.com/,info@jdranchboutique.com,,Local Chamber Member,BCS Chamber,College Station,,,,,jd-ranch-boutique
Holy Roastary Coffee Bar,Cafe,603 Church Avenue,College Station,TX,77840,,https://aggiecatholic.org/holy-roastary,,0.52,Local Independent/Franchise,OpenStreetMap,Northgate,30.6209936,-96.3447687,osm:node:11072012959,1.0,holy-roastary-coffee-bar
JP Morgan,,,College Station,TX,77807,(979) 775-7800,https://destinationbryan.com/,info@lakewalktx.com,,Local Chamber Member,BCS Chamber,College Station,,,,,jp-morgan
Buppy's Catering,,,College Station,TX,77801,(979) 779-6417,http://buppys.com/,sales@buppys.com,,Local Chamber Member,BCS Chamber,College Station,,,,,buppy-s-catering
Tri Tex Grass,,,College Station,TX,,,http://tritexgrass.com/,,,Local Chamber Member,BCS Chamber,College Station,,,,,tri-tex-grass
J&J Cattle Co.,,,College Station,TX,77807,(979) 775-7800,https://destinationbryan.com/,info@lakewalktx.com,,Local Chamber Member,BCS Chamber,College Station,,,,,j-j-cattle-co
Kaven Financial and Accounting Services,,,College Station,TX,,(405) 532-2517,https://kavenfinancialservices.com/,nyarkoa.gyebi@kavenfinancialservices.com,,Local Chamber Member,BCS Chamber,College Station,,,,,kaven-financial-and-accounting-services
The Village Cafe,Cafe,210 West 26th Street,College Station,TX,77803,(979) 703-8514,https://thevillagedowntown.com/,party@artalleyproductions.com,4.44,Local Independent/Franchise,OpenStreetMap,College Station,30.6740074,-96.3744645,osm:node:1997880881,1.0,the-village-cafe
Justice Steve Smith,,,College Station,TX,77807,(979) 775-7800,https://destinationbryan.com/,info@lakewalktx.com,,Local Chamber Member,BCS Chamber,College Station,,,,,justice-steve-smith
Tavo Coffee Co,Cafe,419 North Main Street,Bryan,TX,77803,(979) 488-9291,https://tavocoffeeco.com/,hello@tavocoffeeco.com,4.58,Local Independent/Franchise,OpenStreetMap,Downtown Bryan,30.6772371,-96.3726427,osm:node:11139811735,1.0,tavo-coffee-co
"Knowledge Based Systems, Inc.",,,College Station,TX,77840,(979) 260-5274,http://kbsi.com/,,,Local Chamber Member,BCS Chamber,College Station,,,,,knowledge-based-systems--inc
"Kay Perrone & Associates, PC",,,College Station,TX,77807,(979) 775-7800,https://destinationbryan.com/,info@lakewalktx.com,,Local Chamber Member,BCS Chamber,College Station,,,,,kay-perrone---associates--pc
J4 Engineering,,,College Station,TX,77805,(979) 739-0567,http://j4engineering.com/,contactus@j4engineering.com,,Local Chamber Member,BCS Chamber,College Station,,,,,j4-engineering
K2United LLC,,,College Station,TX,77840,(979) 260-0030,http://k2united.com/,info@k2united.com,,Local Chamber Member,BCS Chamber,College Station,,,,,k2united-llc
The Toasted Yolk Cafe,,,College Station,TX,77840,(979) 977-4700,http://theyolk.net/,,,Local Chamber Member,BCS Chamber,College Station,,,,,the-toasted-yolk-cafe
LaFollette Custom Homes,,,College Station,TX,77803,(979) 589-8343,https://lfcustomhomes.com/,info@lfcustomhomes.com,,Local Chamber Member,BCS Chamber,College Station,,,,,lafollette-custom-homes
"Jones & Associates, Inc.",,,College Station,TX,77807,(979) 775-7800,https://destinationbryan.com/,info@lakewalktx.com,,Local Chamber Member,BCS Chamber,College Station,,,,,jones---associates--inc
Daisy's Table,Restaurant,,College Station,TX,,,https://daisystx.com/,,1.89,Local Independent/Franchise,OpenStreetMap,College Station,30.5957275,-96.3536838,osm:node:13376567832,0.84,daisy-s-table
Boss 24 Hr Tire & Roadside,,,College Station,TX,,,https://boss24hrtireandroadsideassista.godaddysites.com/,,,Local Chamber Member,BCS Chamber,College Station,,,,,boss-24-hr-tire---roadside
Forest Grove Apartments,,,College Station,TX,77807,(979) 704-5498,http://forestpinesapartments.com/,,,Local Chamber Member,BCS Chamber,College Station,,,,,forest-grove-apartments
Dust to Lawn Irrigation & Landscaping,,,College Station,TX,,(979) 402-2749,http://hoopercustomhomes.com/,build@hoopercustomhomes.com,,Local Chamber Member,BCS Chamber,College Station,,,,,dust-to-lawn-irrigation---landscaping
The Glass Guru of College Station,,,College Station,TX,77807,(979) 775-7800,https://destinationbryan.com/,info@lakewalktx.com,,Local Chamber Member,BCS Chamber,College Station,,,,,the-glass-guru-of-college-station
The Langford at College Station,,,College Station,TX,77845,(979) 704-6600,http://mrcthelangford.org/,,,Local Chamber Member,BCS Chamber,College Station,,,,,the-langford-at-college-station
Aggieland Tutoring,Books,1311 Wellborn Road,College Station,TX,77840,,https://aggielandtutoring.com/,,1.83,Local Independent/Franchise,OpenStreetMap,College Station,30.5925947,-96.3309373,osm:node:2321378542,1.0,aggieland-tutoring
Pitt Stop Detail & Auto Sales,,,College Station,TX,77845,(979) 696-6640,https://pittstopdetailandautosales.com/,pittstopdetailbcs@gmail.com,,Local Chamber Member,BCS Chamber,College Station,,,,,pitt-stop-detail---auto-sales
D4 Land Services LLC,,,College Station,TX,,(979) 676-1985,http://d4landservices.com/,d4landservices@gmail.com,,Local Chamber Member,BCS Chamber,College Station,,,,,d4-land-services-llc
Better Business Bureau,,,College Station,TX,77807,(979) 775-7800,https://destinationbryan.com/,info@lakewalktx.com,,Local Chamber Member,BCS Chamber,College Station,,,,,better-business-bureau
Ed Phillips Plumbing,,,College Station,TX,,,http://ed-phillips-plumbing.com/,,,Local Chamber Member,BCS Chamber,College Station,,,,,ed-phillips-plumbing
"Everyday Life, Inc.",,,College Station,TX,,,http://everydaylifertc.org/,,,Local Chamber Member,BCS Chamber,College Station,,,,,everyday-life--inc
"Jones, Lisa Klussmann",,,College Station,TX,77807,(979) 775-7800,https://destinationbryan.com/,info@lakewalktx.com,,Local Chamber Member,BCS Chamber,College Station,,,,,jones--lisa-klussmann
Keep Brazos Beautiful Inc.,,,College Station,TX,77807,(979) 775-7800,https://destinationbryan.com/,info@lakewalktx.com,,Local Chamber Member,BCS Chamber,College Station,,,,,keep-brazos-beautiful-inc
Parc At Traditions,,,College Station,TX,77807,(979) 213-4200,http://parcattraditions.com/,,,Local Chamber Member,BCS Chamber,College Station,,,,,parc-at-traditions
Express Employment Professionals,,,College Station,TX,,(800) 222-4057,http://expresspros.com/,webmaster@expresspros.com,,Local Chamber Member,BCS Chamber,College Station,,,,,express-employment-professionals
Kyle Office Products/XEROX,,,College Station,TX,,,http://kyleofficeproducts.com/,,,Local Chamber Member,BCS Chamber,College Station,,,,,kyle-office-products-xerox
"Keystone Millwork, Inc",,,College Station,TX,77803,(979) 823-4846,http://keystone-millwork.com/,estimating@keystone-millwork.com,,Local Chamber Member,BCS Chamber,College Station,,,,,keystone-millwork--inc
LIONS DEN GYM,,,College Station,TX,77802,(281) 667-4923,https://lionsdengymtx.com/,tomball@lionsdengymtx.com,,Local Chamber Member,BCS Chamber,College Station,,,,,lions-den-gym
The Gin at Hidalgo Falls,,,College Station,TX,,,http://theginathidalgofalls.com/,,,Local Chamber Member,BCS Chamber,College Station,,,,,the-gin-at-hidalgo-falls
Texas Legends Insurance Services LLC,,,College Station,TX,77807,(979) 775-7800,https://destinationbryan.com/,info@lakewalktx.com,,Local Chamber Member,BCS Chamber,College Station,,,,,texas-legends-insurance-services-llc
Elevation Gutters LLC,,,College Station,TX,77808,(979) 450-5334,http://elevationgutters.com/,zwhite.elevationgutters@gmail.com,,Local Chamber Member,BCS Chamber,College Station,,,,,elevation-gutters-llc
"Boyd Ready Mix, Inc",,,College Station,TX,77807,(979) 775-7800,https://destinationbryan.com/,info@lakewalktx.com,,Local Chamber Member,BCS Chamber,College Station,,,,,boyd-ready-mix--inc
"Lero & Associates, Inc.",,,College Station,TX,,,http://har.com/lero--and--associates-inc/broker_LERO01,,,Local Chamber Member,BCS Chamber,College Station,,,,,lero---associates--inc
Luigi's Patio Ristorante,Restaurant,3975 South Highway 6,College Station,TX,77845,(979) 693-2742,https://luigispatioristorante.com/,,3.85,Local Independent/Franchise,"OpenStreetMap, BCS Chamber",College Station,30.5861465,-96.283936,osm:node:3845612652,1.0,luigi-s-patio-ristorante
Feral Fitness,,,College Station,TX,77840,(979) 500-3335,https://feralfitnessgym.com/,contact@feralfitnessgym.com,,Local Chamber Member,BCS Chamber,College Station,,,,,feral-fitness
KRHD 15News ABC,,,College Station,TX,77807,(979) 775-7800,https://destinationbryan.com/,info@lakewalktx.com,,Local Chamber Member,BCS Chamber,College Station,,,,,krhd-15news-abc
De Baca Steakhouse,,,College Station,TX,77845,(979) 703-1576,https://debacasteakhouse.com/,contact@debacasteakhouse.com,,Local Chamber Member,BCS Chamber,College Station,,,,,de-baca-steakhouse
Pro-Tec Auto Repair,,,College Station,TX,77840,(979) 694-4000,http://protecrepair.net/,,,Local Chamber Member,BCS Chamber,College Station,,,,,pro-tec-auto-repair
Bartlett Cocke General Contractors,,,College Station,TX,,(512) 326-4223,http://bartlettcocke.com/,,,Local Chamber Member,BCS Chamber,College Station,,,,,bartlett-cocke-general-contractors
The Collective Hair Studio & Extension Bar,,,College Station,TX,77803,(979) 704-0431,http://thecollectivebcs.com/,,,Local Chamber Member,BCS Chamber,College Station,,,,,the-collective-hair-studio---extension-bar
Texas Light Crew,,,College Station,TX,77807,(979) 775-7800,https://destinationbryan.com/,info@lakewalktx.com,,Local Chamber Member,BCS Chamber,College Station,,,,,texas-light-crew
"Edward Jones-Shana Elliott, CFP®, CPWA® ,Financial Advisor",,,College Station,TX,,,http://edwardjones.com/,,,Local Chamber Member,BCS Chamber,College Station,,,,,edward-jones-shana-elliott--cfp---cpwa---financial-advisor
"Kelly Burt Dozer, Inc.",,,College Station,TX,77808,(979) 778-1902,https://kellyburtdozer.com/,burtdozer@gmail.com,,Local Chamber Member,BCS Chamber,College Station,,,,,kelly-burt-dozer--inc
"Jones, Chalon",,,College Station,TX,77807,(979) 775-7800,https://destinationbryan.com/,info@lakewalktx.com,,Local Chamber Member,BCS Chamber,College Station,,,,,jones--chalon
Shipley Do-Nuts,Fast Food,3001 Wildflower Drive,Bryan,TX,77802,(979) 776-6170,https://shipleydonuts.com/locations/3001-wildflower-dr-101-bryan,,3.41,Local Independent/Franchise,OpenStreetMap,Bryan,30.66657,-96.3224743,osm:node:13469582217,1.0,shipley-do-nuts
Beal Properties,,,College Station,TX,77802,(979) 446-8659,http://bealbcs.com/,reception@bealbcs.com,,Local Chamber Member,BCS Chamber,College Station,,,,,beal-properties
BCS Pawn,,,College Station,TX,77807,(979) 775-7800,https://destinationbryan.com/,info@lakewalktx.com,,Local Chamber Member,BCS Chamber,College Station,,,,,bcs-pawn
Paramount Property Analysts,,,College Station,TX,,(866) 269-8999,http://ppabv.com/,office@ppabv.com,,Local Chamber Member,BCS Chamber,College Station,,,,,paramount-property-analysts
Longhorn Tavern Steak House,,,College Station,TX,77807,(979) 775-7800,https://destinationbryan.com/,info@lakewalktx.com,,Local Chamber Member,BCS Chamber,College Station,,,,,longhorn-tavern-steak-house
Elliott Electric Supply,,,College Station,TX,,,http://elliottelectric.com/,,,Local Chamber Member,BCS Chamber,College Station,,,,,elliott-electric-supply
Lynch Heritage Properties LLC dba AgQuarters,,,College Station,TX,,,http://agquarters.com/,,,Local Chamber Member,BCS Chamber,College Station,,,,,lynch-heritage-properties-llc-dba-agquarters
Baylor Scott & White Cosmetic Surgery Center - College Station,,"Here in College Station, we provide the complete range of cosmetic and plastic surgery solutions in a discrete and comfortable standalone facility.?, Here in College Station, we provide the complete range of cosmetic and plastic surgery solutions in a discrete and comfortable standalone facility.?",College Station,TX,,,https://bswhealth.com/locations/college-station-cosmetic-surgery,,,Local Chamber Member,BCS Chamber,College Station,30.5827841,-96.2789869,osm:way:259554006,0.821,baylor-scott---white-cosmetic-surgery-center---college-station
"The Bridge Yoga, BCS",,,College Station,TX,77840,(979) 485-9190,http://thebridgeyogabcs.com/,thebridgeyogabcs@gmail.com,,Local Chamber Member,BCS Chamber,College Station,,,,,the-bridge-yoga--bcs
"Fairwinds Human Resource Solutions, LLC",,,College Station,TX,77807,(979) 775-7800,https://destinationbryan.com/,info@lakewalktx.com,,Local Chamber Member,BCS Chamber,College Station,,,,,fairwinds-human-resource-solutions--llc
Peacock Legacy of Hope,,,College Station,TX,77802,(979) 201-5960,http://peacocklegacy.org/,info@peacocklegacy.org,,Local Chamber Member,BCS Chamber,College Station,,,,,peacock-legacy-of-hope
The Back Nine Golf - Aggieland,,,College Station,TX,77840,(979) 330-7275,https://thebackninegolf.com/college-station-tx-south,,,Local Chamber Member,BCS Chamber,College Station,,,,,the-back-nine-golf---aggieland
Texas Embroidery and Designs,,,College Station,TX,77807,(979) 775-7800,https://destinationbryan.com/,info@lakewalktx.com,,Local Chamber Member,BCS Chamber,College Station,,,,,texas-embroidery-and-designs
Dudley Engineering,,,College Station,TX,77845,(979) 777-0720,https://dudleyeng.com/,,,Local Chamber Member,BCS Chamber,College Station,,,,,dudley-engineering
"K & H Portable Toilets, Inc.",,,College Station,TX,77833,(979) 836-0552,http://khtoilets.com/,info@khtoilets.com,,Local Chamber Member,BCS Chamber,College Station,,,,,k---h-portable-toilets--inc
"Bluebonnet Abstract and Title, LLC",,,College Station,TX,77807,(979) 775-7800,https://destinationbryan.com/,info@lakewalktx.com,,Local Chamber Member,BCS Chamber,College Station,,,,,bluebonnet-abstract-and-title--llc
Easterwood Airport Management,,,College Station,TX,,,http://easterwoodairport.com/,,,Local Chamber Member,BCS Chamber,College Station,,,,,easterwood-airport-management
Farm Patch,,,College Station,TX,77807,(979) 775-7800,https://destinationbryan.com/,info@lakewalktx.com,,Local Chamber Member,BCS Chamber,College Station,,,,,farm-patch
"Price 4 Limo College Station | College Station Charter Bus, Party Bus, Limo Company",,,College Station,TX,77807,(979) 775-7800,https://destinationbryan.com/,info@lakewalktx.com,,Local Chamber Member,BCS Chamber,College Station,,,,,price-4-limo-college-station---college-station-charter-bus--party-bus--limo-company
Tim Hortons,Cafe,3706 Texas Avenue South,College Station,TX,77801,(979) 450-7434,https://locations.timhortons.com/en/tx/bryan/3706-s-texas-ave,,1.44,Local Independent/Franchise,"OpenStreetMap, BCS Chamber",College Station,30.637485,-96.3470097,osm:node:13531957704,1.0,tim-hortons
Dementia Friendly Bryan-College Station,,,College Station,TX,77802,(239) 452-3890,http://dementiafriendlybcs.org/,dementiafriendlybcs@gmail.com,,Local Chamber Member,BCS Chamber,College Station,,,,,dementia-friendly-bryan-college-station
DMILM,,,College Station,TX,77807,(979) 775-7800,https://destinationbryan.com/,info@lakewalktx.com,,Local Chamber Member,BCS Chamber,College Station,,,,,dmilm
"Listen Hear Audiology Center, LLC",,,College Station,TX,77802,(979) 776-4327,http://listenhearaudiology.com/,,,Local Chamber Member,BCS Chamber,College Station,,,,,listen-hear-audiology-center--llc
Dollar Floor Store,,,College Station,TX,,,https://dollarfloorstore.com/,,,Local Chamber Member,BCS Chamber,College Station,,,,,dollar-floor-store
"Edward Jones-David Smith, Financial Advisor ® AAMS®",,,College Station,TX,77845,(555) 555-5555,http://edwardjones.com/david-smith3,,,Local Chamber Member,BCS Chamber,College Station,,,,,edward-jones-david-smith--financial-advisor---aams
Fade Factory Barber Studio,,,College Station,TX,,,http://fade-factory.com/,,,Local Chamber Member,BCS Chamber,College Station,,,,,fade-factory-barber-studio
La Bodega Baja Taco Bar,,,College Station,TX,,,https://labodegabajatacobar.com/,,,Local Chamber Member,BCS Chamber,College Station,,,,,la-bodega-baja-taco-bar
KAMU TV/FM,,,College Station,TX,,,http://kamu.tamu.edu/,,,Local Chamber Member,BCS Chamber,College Station,,,,,kamu-tv-fm
Frittella Italian Cafe,,,College Station,TX,,,https://frittellacafe.com/,,,Local Chamber Member,BCS Chamber,College Station,,,,,frittella-italian-cafe
Partners in Building,,,College Station,TX,,(979) 337-8293,http://texascasualcottages.com/,,,Local Chamber Member,BCS Chamber,College Station,,,,,partners-in-building
"Kimley-Horn and Associates, Inc",,,College Station,TX,77807,(979) 775-7800,https://destinationbryan.com/,info@lakewalktx.com,,Local Chamber Member,BCS Chamber,College Station,,,,,kimley-horn-and-associates--inc
Dimassi’s,,,College Station,TX,,(713) 789-4444,http://dimassis.com/,info@dimassis.com,,Local Chamber Member,BCS Chamber,College Station,,,,,dimassi-s
Blue Moon Estate Sales USA (Brazos Valley),,,College Station,TX,77807,(979) 775-7800,https://destinationbryan.com/,info@lakewalktx.com,,Local Chamber Member,BCS Chamber,College Station,,,,,blue-moon-estate-sales-usa--brazos-valley
The Physicians Centre Hospital,,,College Station,TX,77802,(979) 731-3950,http://thephysicianscentre.com/,,,Local Chamber Member,BCS Chamber,College Station,30.6502444,-96.2979287,osm:way:408449115,0.84,the-physicians-centre-hospital
"Entec Pest Management, Inc.",,,College Station,TX,77801,(979) 553-6265,http://entecpest.com/,,,Local Chamber Member,BCS Chamber,College Station,,,,,entec-pest-management--inc
Family Promise of Bryan-College Station,,,College Station,TX,77842,(100) 008-4789,http://familypromisebcs.org/,,,Local Chamber Member,BCS Chamber,College Station,,,,,family-promise-of-bryan-college-station
Flying Penguin Ice,,,College Station,TX,77801,(979) 822-6924,http://flyingpenguinice.com/,,,Local Chamber Member,BCS Chamber,College Station,,,,,flying-penguin-ice
"Liere, Leslie",,,College Station,TX,77807,(979) 775-7800,https://destinationbryan.com/,info@lakewalktx.com,,Local Chamber Member,BCS Chamber,College Station,,,,,liere--leslie
Twin Liquors,,,College Station,TX,,(512) 872-4220,http://twinliquors.com/,store77@twinliquors.com,,Local Chamber Member,BCS Chamber,College Station,30.5836194,-96.3236638,osm:node:11575726663,0.84,twin-liquors
Brazos Valley Hobby & Games,,,College Station,TX,77802,(979) 485-1659,http://brazosvalleyhobbyandgames.com/,contact@brazosvalleyhobbyandgames.com,,Local Chamber Member,BCS Chamber,College Station,,,,,brazos-valley-hobby---games
"Dean, Harold",,,College Station,TX,77807,(979) 775-7800,https://destinationbryan.com/,info@lakewalktx.com,,Local Chamber Member,BCS Chamber,College Station,,,,,dean--harold
Field to Family LLC,,,College Station,TX,77807,(979) 775-7800,https://destinationbryan.com/,info@lakewalktx.com,,Local Chamber Member,BCS Chamber,College Station,,,,,field-to-family-llc
Kensington Management LLC,,,College Station,TX,77807,(979) 775-7800,https://destinationbryan.com/,info@lakewalktx.com,,Local Chamber Member,BCS Chamber,College Station,,,,,kensington-management-llc
Pink's Windows Bryan - College Station,,,College Station,TX,,,http://pinkswindows.com/,,,Local Chamber Member,BCS Chamber,College Station,,,,,pink-s-windows-bryan---college-station
Truist Briarcrest Branch,,,College Station,TX,,(200) 757-0826,http://bbt.com/,,,Local Chamber Member,BCS Chamber,College Station,,,,,truist-briarcrest-branch
"Flores, Bill",,,College Station,TX,77807,(979) 775-7800,https://destinationbryan.com/,info@lakewalktx.com,,Local Chamber Member,BCS Chamber,College Station,,,,,flores--bill
Maelee Construction & Services LLC,,,College Station,TX,,,http://maeleeconstruction.com/,,,Local Chamber Member,BCS Chamber,College Station,,,,,maelee-construction---services-llc
Ballem Harmony Clinic,,,College Station,TX,77802,(979) 316-1849,http://ballemharmonyclinic.com/,info@ballemharmonyclinic.com,,Local Chamber Member,BCS Chamber,College Station,,,,,ballem-harmony-clinic
Dealers Lighting,,,College Station,TX,,,http://dealerselectrical.com/,,,Local Chamber Member,BCS Chamber,College Station,,,,,dealers-lighting
EMRG Restoration Solutions,,,College Station,TX,77845,,http://emrgrestoration.com/,info@emrgrestoration.com,,Local Chamber Member,BCS Chamber,College Station,,,,,emrg-restoration-solutions
KWKT - FOX 44 KYLE - Y28,,,College Station,TX,,,https://fox44news.com/,,,Local Chamber Member,BCS Chamber,College Station,,,,,kwkt---fox-44-kyle---y28
Prosperity Bank - Bryan Main,,,College Station,TX,,(800) 531-1401,http://prosperitybankusa.com/,,,Local Chamber Member,BCS Chamber,College Station,,,,,prosperity-bank---bryan-main
Mpamah College Station LLC dba Lapels Cleaners,,,College Station,TX,,(781) 829-9935,http://mylapels.com/,,,Local Chamber Member,BCS Chamber,College Station,,,,,mpamah-college-station-llc-dba-lapels-cleaners
"Peters, Mervin",,,College Station,TX,77807,(979) 775-7800,https://destinationbryan.com/,info@lakewalktx.com,,Local Chamber Member,BCS Chamber,College Station,,,,,peters--mervin
"The Law Office of Shane Phelps, P.C.",,,College Station,TX,77803,(979) 596-6843,http://shanephelpslaw.com/,intake@shanephelpslaw.com,,Local Chamber Member,BCS Chamber,College Station,,,,,the-law-office-of-shane-phelps--p-c
Fiiz Drinks College Station,,,College Station,TX,,,http://fiizdrinks.com/,,,Local Chamber Member,BCS Chamber,College Station,,,,,fiiz-drinks-college-station
Carport,Cafe,701 University Drive,College Station,TX,77840,,https://caffeinatethepeople.com/,,0.43,Local Independent/Franchise,OpenStreetMap,Northgate,30.6205305,-96.3434901,osm:way:260848841,1.0,carport
Brazos Moving & Storage,,"Moving and Storage Services, Moving and Storage Services",College Station,TX,,,http://brazosmovingandstorage.com/,,,Local Chamber Member,BCS Chamber,College Station,30.5358984,-96.2320544,osm:way:717022625,0.877,brazos-moving---storage
"E6 Audiovisual, LLC",,,College Station,TX,,(979) 366-4111,http://e6av.com/,contactus@e6av.com,,Local Chamber Member,BCS Chamber,College Station,,,,,e6-audiovisual--llc
Brothers Plumbing Co.,,"Brothers Plumbing Co. delivers professional plumbing services in Bryan–College Station, including repairs, water heaters, drains, and emergency service., Brothers Plumbing Co. delivers professional plumbing services in Bryan–College Station, including repairs, water heaters, drains, and emergency service.",College Station,TX,77807,(979) 775-7800,https://destinationbryan.com/,info@lakewalktx.com,,Local Chamber Member,BCS Chamber,College Station,,,,,brothers-plumbing-co
Embassy Suites by Hilton College Station,,,College Station,TX,,,http://embassysuitescollegestation.com/,,,Local Chamber Member,BCS Chamber,College Station,,,,,embassy-suites-by-hilton-college-station
Padlock Escape Games: College Station,,,College Station,TX,77840,(979) 704-6494,http://padlockescapegames.com/,padlockescapegames@gmail.com,,Local Chamber Member,BCS Chamber,College Station,,,,,padlock-escape-games--college-station
Fundamental Wealth Advisors,,,College Station,TX,,,http://fundamentaladvice.com/,,,Local Chamber Member,BCS Chamber,College Station,,,,,fundamental-wealth-advisors
Brazos County ESD 1,,,College Station,TX,77807,(979) 775-7800,https://destinationbryan.com/,info@lakewalktx.com,,Local Chamber Member,BCS Chamber,College Station,,,,,brazos-county-esd-1
Emily Zieschang Interiors,,,College Station,TX,,(432) 934-3343,http://emilyzieschanginteriors.com/,info@emilyzieschanginteriors.com,,Local Chamber Member,BCS Chamber,College Station,,,,,emily-zieschang-interiors
Mai Shan Yun,Restaurant,103 South College Avenue,College Station,TX,77840,(979) 583-9868,https://maishanyun.com/,,0.4,Local Independent/Franchise,"OpenStreetMap, BCS Chamber",College Station,30.6226887,-96.3414335,osm:way:261313228,1.0,mai-shan-yun
Elwood Staffing,,,College Station,TX,,,http://elwoodstaffing.com/,,,Local Chamber Member,BCS Chamber,College Station,,,,,elwood-staffing
"Lanehart Cabinet Company, Inc.",,,College Station,TX,77807,(979) 775-7800,https://destinationbryan.com/,info@lakewalktx.com,,Local Chamber Member,BCS Chamber,College Station,,,,,lanehart-cabinet-company--inc
Brazos Flag and Flagpole,,,College Station,TX,,(979) 216-5300,http://brazosflag.com/,,,Local Chamber Member,BCS Chamber,College Station,,,,,brazos-flag-and-flagpole
McCulloch Homes,,,College Station,TX,77808,(979) 450-4100,https://mccullochhomes.com/,colton@mccullochhomes.com,,Local Chamber Member,BCS Chamber,College Station,,,,,mcculloch-homes
TJ Family & Implant Dentistry,,,College Station,TX,77807,(979) 775-7800,https://destinationbryan.com/,info@lakewalktx.com,,Local Chamber Member,BCS Chamber,College Station,,,,,tj-family---implant-dentistry
Family Foundation Services,,,College Station,TX,77802,(817) 554-3706,http://familyfoundationservices.com/,,,Local Chamber Member,BCS Chamber,College Station,,,,,family-foundation-services
"Kelly, Grace",,,College Station,TX,,,http://brazosvalleyspeeddating.com/,,,Local Chamber Member,BCS Chamber,College Station,,,,,kelly--grace
"Duane E. Peters, County Judge",,,College Station,TX,77807,(979) 775-7800,https://destinationbryan.com/,info@lakewalktx.com,,Local Chamber Member,BCS Chamber,College Station,,,,,duane-e--peters--county-judge
Peace Lutheran Church,,,College Station,TX,77845,(800) 346-6120,https://peacelutheranbcs.org/,office@peacelutheranbcs.org,,Local Chamber Member,BCS Chamber,College Station,30.592568,-96.3090074,osm:way:496810593,0.84,peace-lutheran-church
"Torch Technologies, Inc.",,,College Station,TX,,(256) 319-6000,https://torchtechnologies.com/,,,Local Chamber Member,BCS Chamber,College Station,,,,,torch-technologies--inc
Elite Oral & Facial Surgery,,,College Station,TX,,,http://oralstationcollegestation.com/,,,Local Chamber Member,BCS Chamber,College Station,,,,,elite-oral---facial-surgery
Fifth 'C' Fine Jewelry,,,College Station,TX,,(979) 255-8388,http://fifthcjewelry.com/,,,Local Chamber Member,BCS Chamber,College Station,,,,,fifth--c--fine-jewelry
Koll Interiors,,,College Station,TX,77807,(979) 775-7800,https://destinationbryan.com/,info@lakewalktx.com,,Local Chamber Member,BCS Chamber,College Station,,,,,koll-interiors
Body & Sol Integrated Medicine,,,College Station,TX,77802,(979) 217-1757,http://bodyandsolbcs.com/,contact@bodyandsolbcs.com,,Local Chamber Member,BCS Chamber,College Station,,,,,body---sol-integrated-medicine
KTEX-106.1,,,College Station,TX,,,http://ktex.com/,,,Local Chamber Member,BCS Chamber,College Station,,,,,ktex-106-1
Mercedes-Benz of College Station,,,College Station,TX,,,https://mbcollegestation.com/,,,Local Chamber Member,BCS Chamber,College Station,30.592993,-96.2879236,osm:way:1013629247,0.84,mercedes-benz-of-college-station
Polaris Fun Center,,,College Station,TX,77802,(979) 779-3000,http://polarisfuncenter.com/,,,Local Chamber Member,BCS Chamber,College Station,,,,,polaris-fun-center
El Mundo Del Taco,,,College Station,TX,77807,(979) 775-7800,https://destinationbryan.com/,info@lakewalktx.com,,Local Chamber Member,BCS Chamber,College Station,,,,,el-mundo-del-taco
Fuego Tortilla Grill,Fast Food,108 Poplar Street,College Station,TX,77840,(979) 703-1804,https://fuegotortillagrill.com/fuego-college-station-tx,,0.66,Local Independent/Franchise,"OpenStreetMap, BCS Chamber",College Station,30.6279085,-96.3334478,osm:way:280828414,1.0,fuego-tortilla-grill
"Fries Financial Services, LLC",,,College Station,TX,77801,(979) 846-8395,http://friesfinancial.com/,service@friesfinancial.com,,Local Chamber Member,BCS Chamber,College Station,,,,,fries-financial-services--llc
Prosperity Bank - Southwest Parkway,,,College Station,TX,,(800) 531-1401,http://prosperitybankusa.com/,,,Local Chamber Member,BCS Chamber,College Station,,,,,prosperity-bank---southwest-parkway
Kiddie Academy of College Station,,,College Station,TX,,,http://kiddieacademy.com/college-station,,,Local Chamber Member,BCS Chamber,College Station,,,,,kiddie-academy-of-college-station
Morgan Virtual Psychiatry,,,College Station,TX,77802,(888) 360-7587,http://morganvirtualpsychiatry.com/,,,Local Chamber Member,BCS Chamber,College Station,,,,,morgan-virtual-psychiatry
TAMU Athletic Department,,,College Station,TX,77843,(979) 862-6059,http://12thman.com/,jparker2@levyrestaurants.com,,Local Chamber Member,BCS Chamber,College Station,,,,,tamu-athletic-department
PNC Bank,,,College Station,TX,,,https://pnc.com/,,,Local Chamber Member,BCS Chamber,College Station,30.6086289,-96.3096259,osm:node:13394212340,0.84,pnc-bank
TNT Security Solutions,,,College Station,TX,,(833) 447-3868,http://tntsecuritysolutions.com/,,,Local Chamber Member,BCS Chamber,College Station,,,,,tnt-security-solutions
"Elite Electric, LP",,,College Station,TX,77845,(979) 703-6200,http://elitellp.net/,,,Local Chamber Member,BCS Chamber,College Station,,,,,elite-electric--lp
Razzoo's Cajun Cafe,Restaurant,820 University Drive East,College Station,TX,77840,(979) 260-4080,https://razzoos.com/collegestation,,1.23,Local Independent/Franchise,OpenStreetMap,Northgate,30.6337592,-96.3254418,osm:way:319032689,1.0,razzoo-s-cajun-cafe
"Kathleen Carter, C.P.A.",,,College Station,TX,77807,(979) 775-7800,https://destinationbryan.com/,info@lakewalktx.com,,Local Chamber Member,BCS Chamber,College Station,,,,,kathleen-carter--c-p-a
"Kristen Distributing Co., Inc.",,,College Station,TX,77807,(979) 775-6322,http://kristendistributing.com/,careers@kristendistributing.com,,Local Chamber Member,BCS Chamber,College Station,,,,,kristen-distributing-co---inc
Fatty's Liquor,,,College Station,TX,,(979) 704-5109,http://fattysliquor.com/,,,Local Chamber Member,BCS Chamber,College Station,,,,,fatty-s-liquor
Famous Famiglia Pizzeria,Restaurant,104 College Main Street,College Station,TX,77840,(979) 703-1690,https://famousfamiglia.com/,,0.55,Local Independent/Franchise,OpenStreetMap,Northgate,30.618672,-96.3456799,osm:node:4147713537,1.0,famous-famiglia-pizzeria
Make A Stand Bully Rescue,,,College Station,TX,,,http://masbullyrescue.org/,,,Local Chamber Member,BCS Chamber,College Station,,,,,make-a-stand-bully-rescue
Baylor Scott & White Health Clinics,,"Baylor Scott & White Health is the largest not-for-profit healthcare system in the state of Texas and one of the largest in the U.S., Baylor Scott & White Health is the largest not-for-profit healthcare system in the state of Texas and one of the largest in the U.S.",College Station,TX,77807,(979) 775-7800,https://destinationbryan.com/,info@lakewalktx.com,,Local Chamber Member,BCS Chamber,College Station,30.5827841,-96.2789869,osm:way:259554006,0.83,baylor-scott---white-health-clinics
La Botana Mexican Restaurant,,,College Station,TX,77802,(979) 774-8940,https://labotanamexicanrestaurant.com/,,,Local Chamber Member,BCS Chamber,College Station,,,,,la-botana-mexican-restaurant
Letterman Title,,,College Station,TX,,,http://lettermantitle.com/,,,Local Chamber Member,BCS Chamber,College Station,,,,,letterman-title
Element Retirement & Investment Consultants,,,College Station,TX,77842,,http://elementconsultants.com/,eric@elementconsultants.com,,Local Chamber Member,BCS Chamber,College Station,,,,,element-retirement---investment-consultants
Mission Ranch,,"College Station's first truly master-planned community Mission Ranch is a stunning, richly wooded estate community rooted in togetherness. Mission Ranch experience is only minutes from Texas A&M., College Station's first truly master-planned community Mission Ranch is a stunning, richly wooded estate community rooted in togetherness. Mission Ranch experience is only minutes from Texas A&M.",College Station,TX,77807,(979) 775-7800,https://destinationbryan.com/,info@lakewalktx.com,,Local Chamber Member,BCS Chamber,College Station,,,,,mission-ranch
Bock Realty Group,,,College Station,TX,77807,(979) 325-2134,http://bockrealtygroup.com/,,,Local Chamber Member,BCS Chamber,College Station,,,,,bock-realty-group
Equipment Depot,,,College Station,TX,,(888) 373-3768,http://eqdepot.com/,eqdhr@eqdepot.com,,Local Chamber Member,BCS Chamber,College Station,,,,,equipment-depot
"Texas Restaurant Association, Brazos Valley Chapter",,,College Station,TX,77807,(979) 775-7800,https://destinationbryan.com/,info@lakewalktx.com,,Local Chamber Member,BCS Chamber,College Station,,,,,texas-restaurant-association--brazos-valley-chapter
Golden Corral,Restaurant,,College Station,TX,,,http://goldencorral.com/,,1.09,Local Independent/Franchise,"OpenStreetMap, BCS Chamber",College Station,30.6329515,-96.3284972,osm:way:319032690,0.84,golden-corral
McDermott Construction,,,College Station,TX,77845,(979) 291-2199,http://mcdermottconstructiongroup.com/,info@mcdermottcg.com,,Local Chamber Member,BCS Chamber,College Station,,,,,mcdermott-construction
Pam Robertson,,,College Station,TX,77803,,http://brazoscountytx.gov/,countyjudge@brazoscountytx.gov,,Local Chamber Member,BCS Chamber,College Station,,,,,pam-robertson
Erin Foehlinger - The Platinum Group Real Estate,,"Real Estate, Real Estate",College Station,TX,77807,(979) 775-7800,https://destinationbryan.com/,info@lakewalktx.com,,Local Chamber Member,BCS Chamber,College Station,,,,,erin-foehlinger---the-platinum-group-real-estate
Eagle Five Stars Painting,,,College Station,TX,,(979) 895-3693,https://eaglefivestarspainting.com/,,,Local Chamber Member,BCS Chamber,College Station,,,,,eagle-five-stars-painting
Texas Professional Inspections,,,College Station,TX,77845,(979) 777-9401,http://texasproinspections.com/,info@texasproinspections.com,,Local Chamber Member,BCS Chamber,College Station,,,,,texas-professional-inspections
Brazos Valley Roofing LLC,,,College Station,TX,,,http://bvroofing.com/,,,Local Chamber Member,BCS Chamber,College Station,,,,,brazos-valley-roofing-llc
First Christian Church of Bryan/College Station,,,College Station,TX,77803,(979) 823-5451,http://firstchristianbcs.org/,firstchristianbcs@gmail.com,,Local Chamber Member,BCS Chamber,College Station,,,,,first-christian-church-of-bryan-college-station
Thorn Music Center,,,College Station,TX,77840,(979) 260-3200,http://thornmusiccenter.com/,info@thornmusiccenter.com,,Local Chamber Member,BCS Chamber,College Station,,,,,thorn-music-center
Faith Floors & More,,,College Station,TX,77845,(979) 694-7100,http://faithfloors.com/,,,Local Chamber Member,BCS Chamber,College Station,,,,,faith-floors---more
Elements Massage,,,College Station,TX,77802,(979) 774-4343,http://elementsmassage.com/bryan,,,Local Chamber Member,BCS Chamber,College Station,,,,,elements-massage
Polite Coffee & Kinderhill Brew Lab,,,College Station,TX,,,https://politecoffee.com/,,,Local Chamber Member,BCS Chamber,College Station,,,,,polite-coffee---kinderhill-brew-lab
McFerrin Center for Entrepreneurship,,,College Station,TX,77843,,https://mcferrin.tamu.edu/,mcferrincenter@tamu.edu,,Local Chamber Member,BCS Chamber,College Station,,,,,mcferrin-center-for-entrepreneurship
"EBCO General Contractor, Ltd.",,"EBCO General Contractor builds high-quality commercial, multifamily, and industrial projects across Texas with a focus on integrity, experience, and client satisfaction., EBCO General Contractor builds high-quality commercial, multifamily, and industrial projects across Texas with a focus on integrity, experience, and client satisfaction.",College Station,TX,77807,(979) 775-7800,https://destinationbryan.com/,info@lakewalktx.com,,Local Chamber Member,BCS Chamber,College Station,,,,,ebco-general-contractor--ltd
Express Oil Change & Tire Engineers,,,College Station,TX,,(123) 456-7890,http://expressoil.com/,,,Local Chamber Member,BCS Chamber,College Station,30.5783408,-96.3180276,osm:way:1279997985,0.84,express-oil-change---tire-engineers
Brazos Valley Museum Of Natural History,,,College Station,TX,77802,(979) 776-2195,http://brazosvalleymuseum.org/,events@brazosvalleymuseum.org,,Local Chamber Member,BCS Chamber,College Station,30.6667549,-96.3207373,osm:way:408487709,0.819,brazos-valley-museum-of-natural-history
Rosa's Cafe & Tortilla Factory,Restaurant,,College Station,TX,,(817) 377-6200,http://rosascafe.com/,,1.18,Local Independent/Franchise,"OpenStreetMap, BCS Chamber",College Station,30.6336982,-96.3269942,osm:way:319032709,0.84,rosa-s-cafe---tortilla-factory
Emma's Project,,,College Station,TX,,(979) 317-9829,http://emmasproject.org/,michael@emmasproject.com,,Local Chamber Member,BCS Chamber,College Station,,,,,emma-s-project
The Rife Law Firm,,,College Station,TX,,,http://rifelaw.com/,,,Local Chamber Member,BCS Chamber,College Station,,,,,the-rife-law-firm
Brazos Valley Cancer Center,,,College Station,TX,77802,(979) 776-2000,https://cancerclinic.com/,,,Local Chamber Member,BCS Chamber,College Station,,,,,brazos-valley-cancer-center
Frost Bank,,,College Station,TX,,(800) 513-7678,http://frostbank.com/,webhelp@frostbank.com,,Local Chamber Member,BCS Chamber,College Station,30.5623414,-96.259777,osm:way:1217921869,0.84,frost-bank
Napa Flats Wood-Fired Kitchen,Restaurant,1727 Texas Avenue South,College Station,TX,77840,(979) 383-2500,https://napaflats.com/,greatfood@napaflats.com,1.06,Local Independent/Franchise,OpenStreetMap,College Station,30.6161212,-96.3189264,osm:node:4102833573,1.0,napa-flats-wood-fired-kitchen
"Ecopools and Spas, LLC.",,,College Station,TX,,(979) 286-0443,http://ecopoolsbcs.com/,customerservice@ecopoolsbcs.com,,Local Chamber Member,BCS Chamber,College Station,,,,,ecopools-and-spas--llc
Luv Homes of Bryan,,,College Station,TX,77803,(979) 314-7575,http://luvhomesofbryan.com/,dalys.weihausen@luvhomes.com,,Local Chamber Member,BCS Chamber,College Station,,,,,luv-homes-of-bryan
Mike Green - Keller Williams Realty,,,College Station,TX,,,http://mikesellstxhomes.com/,,,Local Chamber Member,BCS Chamber,College Station,,,,,mike-green---keller-williams-realty
Bryan Creative Group,,,College Station,TX,77807,(979) 775-7800,https://destinationbryan.com/,info@lakewalktx.com,,Local Chamber Member,BCS Chamber,College Station,,,,,bryan-creative-group
Pete's Auto Care Center,,,College Station,TX,77807,(979) 775-7800,https://destinationbryan.com/,info@lakewalktx.com,,Local Chamber Member,BCS Chamber,College Station,,,,,pete-s-auto-care-center
Pinnacle Bank,,,College Station,TX,,(800) 227-7715,https://pinnbanktx.com/,paige.slate@pinnbank.com,,Local Chamber Member,BCS Chamber,College Station,,,,,pinnacle-bank
Estates at Panther Creek,,,College Station,TX,77807,(979) 775-7800,https://destinationbryan.com/,info@lakewalktx.com,,Local Chamber Member,BCS Chamber,College Station,,,,,estates-at-panther-creek
Terrace Pines Apartments,,,College Station,TX,77807,(979) 775-7800,https://destinationbryan.com/,info@lakewalktx.com,,Local Chamber Member,BCS Chamber,College Station,,,,,terrace-pines-apartments
"Elite Roofing Services, LLC",,,College Station,TX,,,http://elite-roofingservices.com/,,,Local Chamber Member,BCS Chamber,College Station,,,,,elite-roofing-services--llc
Jason's Deli,Restaurant,,College Station,TX,,,http://jasonsdeli.com/,,0.85,Local Independent/Franchise,"OpenStreetMap, BCS Chamber",College Station,30.6166535,-96.3223877,osm:node:4480983164,0.84,jason-s-deli
Texas Trading Post - Fun Texas Stuff,,,College Station,TX,,(979) 571-0445,http://txtraders.com/shop,txtraders192@gmail.com,,Local Chamber Member,BCS Chamber,College Station,,,,,texas-trading-post---fun-texas-stuff
Chicken Express,Fast Food,710 South Earl Rudder Freeway,College Station,TX,77840,,http://chickene.com/,,2.07,Local Independent/Franchise,"OpenStreetMap, BCS Chamber",College Station,30.6403722,-96.3124751,osm:way:319066756,1.0,chicken-express
"Linebarger Goggan Blair & Sampson, LLP",,,College Station,TX,,(512) 447-6675,http://lgbs.com/,cmsmedia@lgbs.com,,Local Chamber Member,BCS Chamber,College Station,,,,,linebarger-goggan-blair---sampson--llp
FIBERTOWN Data Centers and Disaster Recovery Offices,,,College Station,TX,77803,(979) 393-9100,http://fibertown.com/,info@fibertown.com,,Local Chamber Member,BCS Chamber,College Station,,,,,fibertown-data-centers-and-disaster-recovery-offices
McPherson Endodontics,,,College Station,TX,77807,(979) 775-7800,https://destinationbryan.com/,info@lakewalktx.com,,Local Chamber Member,BCS Chamber,College Station,,,,,mcpherson-endodontics
Barnes & Noble,Books,711 Texas Avenue South,College Station,TX,77840,,https://stores.barnesandnoble.com/store/2875,,0.64,Local Independent/Franchise,OpenStreetMap,College Station,30.6266397,-96.3309649,osm:node:2653005237,1.0,barnes---noble
"Linda Salvato, REALTOR®",,,College Station,TX,77807,(979) 775-7800,https://destinationbryan.com/,info@lakewalktx.com,,Local Chamber Member,BCS Chamber,College Station,,,,,linda-salvato--realtor
Poché’s Seafood Shoppe and Restaurant,,,College Station,TX,77845,(844) 534-2911,http://pochesseafoodshoppeandrestaurant.com/,nolan@1860italia.com,,Local Chamber Member,BCS Chamber,College Station,,,,,poché-s-seafood-shoppe-and-restaurant
"EOS - Randy McDougal, Expert EOS Implementer",,,College Station,TX,,,https://eosworldwide.com/randy-mcdougal,,,Local Chamber Member,BCS Chamber,College Station,,,,,eos---randy-mcdougal--expert-eos-implementer
Texas Archery,,,College Station,TX,77845,(979) 485-9950,http://texarchery.com/,,,Local Chamber Member,BCS Chamber,College Station,,,,,texas-archery
Brazos Home Care,,,College Station,TX,77803,(979) 388-7506,http://brazoshomecare.com/,info@brazoshomecare.com,,Local Chamber Member,BCS Chamber,College Station,,,,,brazos-home-care
FUJIFILM Biotechnologies,,,College Station,TX,,,http://fujifilmdiosynth.com/,,,Local Chamber Member,BCS Chamber,College Station,,,,,fujifilm-biotechnologies
La Caza Spirits,,,College Station,TX,,,https://lacazaspirits.com/,marketing@lacazaspirits.com,,Local Chamber Member,BCS Chamber,College Station,,,,,la-caza-spirits
"LeUnes, Judy",,"Wienerspiel is a 501c3 non-profit which fundraises for other 501c3 non-profits which help homeless, unwanted, neglected animals and those which support the human/animal bond., Wienerspiel is a 501c3 non-profit which fundraises for other 501c3 non-profits which help homeless, unwanted, neglected animals and those which support the human/animal bond.",College Station,TX,77807,(979) 775-7800,https://destinationbryan.com/,info@lakewalktx.com,,Local Chamber Member,BCS Chamber,College Station,,,,,leunes--judy
"Pitman Custom Homes, LP",,,College Station,TX,,,http://pitmancustomhomes.com/,,,Local Chamber Member,BCS Chamber,College Station,,,,,pitman-custom-homes--lp
Maroon U,,,College Station,TX,,,http://maroonu.com/,,,Local Chamber Member,BCS Chamber,College Station,,,,,maroon-u
Elliott Custom Homes L.L.C.,,,College Station,TX,,,http://elliottcustomhomes.com/,,,Local Chamber Member,BCS Chamber,College Station,,,,,elliott-custom-homes-l-l-c
"Enercon, LLC",,,College Station,TX,77801,(979) 823-3639,http://enerconllc.com/,brad@enerconllc.com,,Local Chamber Member,BCS Chamber,College Station,,,,,enercon--llc
Elia Cafe Tapas Bar,,,College Station,TX,,,http://eliabcs.com/,,,Local Chamber Member,BCS Chamber,College Station,,,,,elia-cafe-tapas-bar
Lock-N-Roll Storage,,,College Station,TX,,,http://locknrollstorage.com/,,,Local Chamber Member,BCS Chamber,College Station,,,,,lock-n-roll-storage
Memorial Funeral Chapel - College Station,,,College Station,TX,,,http://memorialfuneralchapel.com/,,,Local Chamber Member,BCS Chamber,College Station,30.5988912,-96.2974798,osm:way:946671080,0.84,memorial-funeral-chapel---college-station
Pepe's Mexican Cafe,,,College Station,TX,,,http://pepesmexicancafe.com/,,,Local Chamber Member,BCS Chamber,College Station,,,,,pepe-s-mexican-cafe
TexAgs,,,College Station,TX,,,http://texags.com/,,,Local Chamber Member,BCS Chamber,College Station,30.60533,-96.3377569,osm:way:405507545,0.84,texags
Brazos Valley Schools Credit Union,,,College Station,TX,,(281) 391-2149,http://bvscu.org/,info@bvscu.org,,Local Chamber Member,BCS Chamber,College Station,,,,,brazos-valley-schools-credit-union
"TDI-Brooks International, Inc.",,,College Station,TX,77845,(979) 693-3446,http://tdi-bi.com/,info@tdi-bi.com,,Local Chamber Member,BCS Chamber,College Station,,,,,tdi-brooks-international--inc
Elevated CBD,,,College Station,TX,77803,(979) 485-2604,http://elevatedcbdsmoke.com/,,,Local Chamber Member,BCS Chamber,College Station,,,,,elevated-cbd
Facets of College Station,,,College Station,TX,77845,(979) 693-4655,https://facetshome.com/facets_showrooms/college-station-tx-705,skholmes@facetshome.com,,Local Chamber Member,BCS Chamber,College Station,,,,,facets-of-college-station
E Squared Fire Protection LLC.,,,College Station,TX,77807,(979) 775-7800,https://destinationbryan.com/,info@lakewalktx.com,,Local Chamber Member,BCS Chamber,College Station,,,,,e-squared-fire-protection-llc
FERA Diagnostics and Biologicals Corp.,,,College Station,TX,77845,(979) 213-6470,http://feraah.com/,inquiry@feraah.com,,Local Chamber Member,BCS Chamber,College Station,,,,,fera-diagnostics-and-biologicals-corp
Layne's Chicken Fingers,Restaurant,106 Walton Drive,College Station,TX,,,https://layneschickenfingers.com/,,0.57,Local Independent/Franchise,"OpenStreetMap, BCS Chamber",College Station,30.6232027,-96.3285626,osm:way:405506618,1.0,layne-s-chicken-fingers
Fidium Business,,,College Station,TX,,,https:///www.fidiumbusiness.com,,,Local Chamber Member,BCS Chamber,College Station,,,,,fidium-business
MRH Benefits,,,College Station,TX,77845,(832) 642-4566,http://mrhbenefits.com/,mhippler@myhst.com,,Local Chamber Member,BCS Chamber,College Station,,,,,mrh-benefits
"Edward Jones-Brian Cobb, AAMS ® Financial Advisor",,,College Station,TX,,,http://edwardjones.com/,,,Local Chamber Member,BCS Chamber,College Station,,,,,edward-jones-brian-cobb--aams---financial-advisor
"Miles Construction and Development, LP",,,College Station,TX,,,http://milesconstructioncorp.com/,,,Local Chamber Member,BCS Chamber,College Station,,,,,miles-construction-and-development--lp
Prosperity Bank - Rock Prairie Road,,,College Station,TX,,(800) 531-1401,http://prosperitybankusa.com/,,,Local Chamber Member,BCS Chamber,College Station,,,,,prosperity-bank---rock-prairie-road
Limitless Tintworx,,,College Station,TX,77845,,http://limitlesstintworx.com/,limitlesstintworx@gmail.com,,Local Chamber Member,BCS Chamber,College Station,,,,,limitless-tintworx
Farrell Gjesdal Strategy Group,,,College Station,TX,,,http://farrellgjesdal.com/,,,Local Chamber Member,BCS Chamber,College Station,,,,,farrell-gjesdal-strategy-group
Nothing Bundt Cakes,Pastry,1713 Texas Avenue South,College Station,TX,77840,(979) 693-1222,http://nothingbundtcakes.com/,,1.09,Local Independent/Franchise,"OpenStreetMap, BCS Chamber",College Station,30.6167691,-96.3183345,osm:node:4934694953,1.0,nothing-bundt-cakes
Blo Blow Dry Bar College Station,,"North America's Original Blow Dry Bar! No cuts, No Color, Just Wash, Blo & Go!, North America's Original Blow Dry Bar! No cuts, No Color, Just Wash, Blo & Go!",College Station,TX,77845,(979) 201-5959,https://blomedry.com/blo-college-station,blocollegestation@bloblowdrybar.com,,Local Chamber Member,BCS Chamber,College Station,,,,,blo-blow-dry-bar-college-station
The Sleep Station #2,,,College Station,TX,77840,(979) 696-1255,http://thesleepstation.com/,jbm@thesleepstation.com,,Local Chamber Member,BCS Chamber,College Station,,,,,the-sleep-station--2
Ellen Fuller,,,College Station,TX,,,http://brazosvalleywaa.org/,,,Local Chamber Member,BCS Chamber,College Station,,,,,ellen-fuller
Texas A&M Health Science Center,,,College Station,TX,77807,(979) 436-9000,http://health.tamu.edu/,emartinez6270@tamu.edu,,Local Chamber Member,BCS Chamber,College Station,,,,,texas-a-m-health-science-center
Phil Adams Company,,,College Station,TX,77807,(979) 775-7800,https://destinationbryan.com/,info@lakewalktx.com,,Local Chamber Member,BCS Chamber,College Station,,,,,phil-adams-company
"Edward Jones - Jessica Harman, Financial Advisor",,,College Station,TX,77807,(979) 775-7800,https://destinationbryan.com/,info@lakewalktx.com,,Local Chamber Member,BCS Chamber,College Station,,,,,edward-jones---jessica-harman--financial-advisor
Freundschaft Ranch,,,College Station,TX,77831,(800) 307-1402,https://freundschaftranch.com/,info@mysite.com,,Local Chamber Member,BCS Chamber,College Station,,,,,freundschaft-ranch
Emerson & Co.,,,College Station,TX,77807,(979) 775-7800,https://destinationbryan.com/,info@lakewalktx.com,,Local Chamber Member,BCS Chamber,College Station,,,,,emerson---co
Texas A&M Transportation Institute,,,College Station,TX,,,https://tti.tamu.edu/,,,Local Chamber Member,BCS Chamber,College Station,,,,,texas-a-m-transportation-institute
Lucid Designs A/V-LLC,,,College Station,TX,,,http://luciddesignsav.com/,theratio_interior@mail.com,,Local Chamber Member,BCS Chamber,College Station,,,,,lucid-designs-a-v-llc
FASTSIGNS Brazos Valley,,,College Station,TX,77840,(979) 428-2389,http://fastsigns.com/465,,,Local Chamber Member,BCS Chamber,College Station,,,,,fastsigns-brazos-valley
Bryan Texas Utilities,,"Bryan Texas Utilities is a publicly owned electric utility that has been serving the citizens of Bryan since 1909., Bryan Texas Utilities is a publicly owned electric utility that has been serving the citizens of Bryan since 1909.",College Station,TX,77803,(979) 821-5700,http://btutilities.com/,transcoord@btutilities.com,,Local Chamber Member,BCS Chamber,College Station,,,,,bryan-texas-utilities
Fire Reconstruction Inc.,,,College Station,TX,77803,(346) 552-7577,http://fri24-7.com/,,,Local Chamber Member,BCS Chamber,College Station,,,,,fire-reconstruction-inc
Luminos Hospice and Palliative Care,,,College Station,TX,,(979) 291-0319,https://luminoshospice.com/,contact@luminoshospice.com,,Local Chamber Member,BCS Chamber,College Station,,,,,luminos-hospice-and-palliative-care
Lone Star Realty,,,College Station,TX,,,http://lonestarbcs.com/,,,Local Chamber Member,BCS Chamber,College Station,,,,,lone-star-realty
Patterson Architects,,,College Station,TX,77803,(979) 775-6036,http://pattersonarchitects.net/,design@patarch.com,,Local Chamber Member,BCS Chamber,College Station,,,,,patterson-architects
Frontier Title Company,,,College Station,TX,77807,(979) 775-7800,https://destinationbryan.com/,info@lakewalktx.com,,Local Chamber Member,BCS Chamber,College Station,,,,,frontier-title-company
Extraco Banks,,,College Station,TX,,,http://extracobanks.com/,,,Local Chamber Member,BCS Chamber,College Station,,,,,extraco-banks
Texas A&M Rec Sports,,,College Station,TX,,,http://recsports.tamu.edu/,,,Local Chamber Member,BCS Chamber,College Station,,,,,texas-a-m-rec-sports
Melrose Assisted Living,,,College Station,TX,77807,(979) 775-7800,https://destinationbryan.com/,info@lakewalktx.com,,Local Chamber Member,BCS Chamber,College Station,,,,,melrose-assisted-living
M.G. Cangelose & Associates,,,College Station,TX,77840,(979) 260-1300,http://mgcangelose.com/,,,Local Chamber Member,BCS Chamber,College Station,,,,,m-g--cangelose---associates
Lion Business Advisors,,,College Station,TX,,,https://lionbusinessbrokers.com/,,,Local Chamber Member,BCS Chamber,College Station,,,,,lion-business-advisors
First State Bank of Bedias,,,College Station,TX,77831,(936) 395-2141,http://bediasbank.com/,,,Local Chamber Member,BCS Chamber,College Station,,,,,first-state-bank-of-bedias
"Melissa Breedlove, Coldwell Banker Apex, Realtor",,,College Station,TX,,,http://mbreedlove.cbapex.com/,,,Local Chamber Member,BCS Chamber,College Station,,,,,melissa-breedlove--coldwell-banker-apex--realtor
BMW of College Station,,,College Station,TX,77807,(979) 775-7800,https://destinationbryan.com/,info@lakewalktx.com,,Local Chamber Member,BCS Chamber,College Station,30.5922402,-96.2875643,osm:way:1013629246,0.84,bmw-of-college-station
Brazos Valley Sewer Drain Service,,,College Station,TX,77802,(979) 774-1291,http://brazosvalleysewerdrainservice.com/,,,Local Chamber Member,BCS Chamber,College Station,,,,,brazos-valley-sewer-drain-service
Aggieland Outfitters,Clothes,208 George Bush Drive,College Station,TX,77843,(979) 703-1848,http://aggielandoutfitters.com/,to%3aaodonations@aggielandoutfitters.com,0.96,Local Independent/Franchise,"OpenStreetMap, BCS Chamber",College Station,30.6048716,-96.338312,osm:way:405507500,1.0,aggieland-outfitters
Brazos Valley CPR & Training LLC,,,College Station,TX,,,http://brazosvalleycprandtraining.com/,,,Local Chamber Member,BCS Chamber,College Station,,,,,brazos-valley-cpr---training-llc
Framestead,,"Custom Home Builder and Remodeler, Custom Home Builder and Remodeler",College Station,TX,,(832) 376-5130,https://framestead.com/,sales@framestead.com,,Local Chamber Member,BCS Chamber,College Station,,,,,framestead
Branding Iron Management,,"Full Service Advertising Agency - Save Time, Save Money and get measured return on investment without any increase in your current marketing budget., Full Service Advertising Agency - Save Time, Save Money and get measured return on investment without any increase in your current marketing budget.",College Station,TX,77807,(979) 775-7800,https://destinationbryan.com/,info@lakewalktx.com,,Local Chamber Member,BCS Chamber,College Station,,,,,branding-iron-management
Fish Daddy's Grill House,Restaurant,1611 University Drive East,College Station,TX,77840,(979) 260-1611,https://fishdaddysbcs.com/,,1.95,Local Independent/Franchise,"OpenStreetMap, BCS Chamber",Northgate,30.6390479,-96.3138598,osm:way:405509293,1.0,fish-daddy-s-grill-house
Bin There Dump That,,"Aggieland’s residential-friendly dumpster service. Clean, compact bins with quick delivery and pickup for any project., Aggieland’s residential-friendly dumpster service. Clean, compact bins with quick delivery and pickup for any project.",College Station,TX,77807,(979) 775-7800,https://destinationbryan.com/,info@lakewalktx.com,,Local Chamber Member,BCS Chamber,College Station,,,,,bin-there-dump-that
Farmhouse Frozen Yogurt,,,College Station,TX,,(979) 595-3861,http://farmhousebcs.com/,sweetfamilyblend@gmail.com,,Local Chamber Member,BCS Chamber,College Station,,,,,farmhouse-frozen-yogurt
EverLine Coatings and Services-College Station/Waco,,,College Station,TX,,(979) 353-0936,https://everlinecoatings.com/us/tx/college-station-waco,,,Local Chamber Member,BCS Chamber,College Station,,,,,everline-coatings-and-services-college-station-waco
Morningstar Storage,,,College Station,TX,77808,(800) 671-7552,https://morningstarstorage.com/location/327/tx/bryan/bryan-college-station,,,Local Chamber Member,BCS Chamber,College Station,30.6702495,-96.3247902,osm:way:784827713,0.84,morningstar-storage
Pet Supplies Plus,,,College Station,TX,,,http://petsuppliesplus.com/,,,Local Chamber Member,BCS Chamber,College Station,,,,,pet-supplies-plus
Forest Pines Apartments,,,College Station,TX,77807,(979) 704-5498,http://forestpinesapartments.com/,,,Local Chamber Member,BCS Chamber,College Station,,,,,forest-pines-apartments
Wings N' More,Restaurant,3230 Texas Avenue South,College Station,TX,77845,(979) 694-8966,https://wingsnmore.com/,partyroom@wingsnmore.com,1.87,Local Independent/Franchise,OpenStreetMap,College Station,30.5937777,-96.2936588,osm:way:415185336,0.968,wings-n--more
EMR Bryan - Brickyard Metal Recycling,,,College Station,TX,,,http://emrgroup.com/,,,Local Chamber Member,BCS Chamber,College Station,,,,,emr-bryan---brickyard-metal-recycling
Fedora Roofing Co.,,,College Station,TX,,(979) 204-8311,http://fedoraroofingco.com/,info@fedoraroofingco.com,,Local Chamber Member,BCS Chamber,College Station,,,,,fedora-roofing-co
Elizabeth House Maternity Home,,,College Station,TX,77840,(979) 318-2341,http://elizhouse.com/,amanda@elizhouse.com,,Local Chamber Member,BCS Chamber,College Station,,,,,elizabeth-house-maternity-home
Professional Choice Cleaning and Supply,,,College Station,TX,,(979) 450-3860,http://prochoicecleaningsupply.com/,liz.prochoicecleaning@gmail.com,,Local Chamber Member,BCS Chamber,College Station,,,,,professional-choice-cleaning-and-supply
BJ's,Restaurant,1520 Harvey Road,College Station,TX,77840,(979) 696-5700,https://bjsrestaurants.com/locations/tx/college-station,,2.11,Local Independent/Franchise,OpenStreetMap,College Station,30.6269464,-96.3022743,osm:way:405510334,1.0,bj-s
Lake Walk,,,College Station,TX,77807,(979) 314-1770,http://lakewalktx.com/,,,Local Chamber Member,BCS Chamber,College Station,,,,,lake-walk
Pepsi Beverages Co,,,College Station,TX,,,http://pbg.com/,,,Local Chamber Member,BCS Chamber,College Station,,,,,pepsi-beverages-co
First Financial Bank,,,College Station,TX,,,http://banktbt.com/,,,Local Chamber Member,BCS Chamber,College Station,30.6976784,-96.3582774,osm:node:9357052965,0.84,first-financial-bank
LUXE 20x50 Storage,,,College Station,TX,77808,(979) 553-7065,http://20x50storage.com/,,,Local Chamber Member,BCS Chamber,College Station,,,,,luxe-20x50-storage
First Baptist Church of CS,,,College Station,TX,77845,(979) 696-7000,http://fbccollegestation.com/,info@fbccollegestation.com,,Local Chamber Member,BCS Chamber,College Station,,,,,first-baptist-church-of-cs
"Poling, Bob",,,College Station,TX,77807,(979) 775-7800,https://destinationbryan.com/,info@lakewalktx.com,,Local Chamber Member,BCS Chamber,College Station,,,,,poling--bob
The Junkluggers of Brazos Valley,,,College Station,TX,,(979) 216-5112,http://junkluggers.com/brazos-valley,,,Local Chamber Member,BCS Chamber,College Station,,,,,the-junkluggers-of-brazos-valley
Breeze AV,,"We deliver professional audio, visual, and live-streaming for corporate meetings and events, partnering with businesses, organizations, and event professionals from planning through execution., We deliver professional audio, visual, and live-streaming for corporate meetings and events, partnering with businesses, organizations, and event professionals from planning through execution.",College Station,TX,,,http://breezeav.com/,,,Local Chamber Member,BCS Chamber,College Station,,,,,breeze-av
Engel & Völkers BCS/Sarah Miller,,,College Station,TX,,,http://bryancollegestation.evusa.com/,,,Local Chamber Member,BCS Chamber,College Station,,,,,engel---völkers-bcs-sarah-miller
Modern Barber & Beauty Institute,,,College Station,TX,77840,(979) 704-3033,http://imbarbering.com/,modernbbi1@gmail.com,,Local Chamber Member,BCS Chamber,College Station,,,,,modern-barber---beauty-institute
The Station on 29th,,,College Station,TX,,,http://bigdawgbarbecue.com/,,,Local Chamber Member,BCS Chamber,College Station,,,,,the-station-on-29th
McAlister's Deli - College Station South,,,College Station,TX,,,http://mcalistersdeli.com/,,,Local Chamber Member,BCS Chamber,College Station,,,,,mcalister-s-deli---college-station-south
Five & Two Marketing,,,College Station,TX,77807,(979) 775-7800,https://destinationbryan.com/,info@lakewalktx.com,,Local Chamber Member,BCS Chamber,College Station,,,,,five---two-marketing
Methodist Children's Home,,,College Station,TX,,(800) 964-9226,http://mch.org/,twagner@mch.org,,Local Chamber Member,BCS Chamber,College Station,,,,,methodist-children-s-home
Thornton Dental,,,College Station,TX,77802,(979) 977-1775,http://thorntondentalbcs.com/,,,Local Chamber Member,BCS Chamber,College Station,,,,,thornton-dental
Pecan Tree Veterinary Services,,,College Station,TX,77830,(936) 873-3000,https://pecantreevet.com/,info@pecantreevet.com,,Local Chamber Member,BCS Chamber,College Station,,,,,pecan-tree-veterinary-services
The Wood Group of Fairway Independent Mortgage Corporation,,,College Station,TX,,(254) 933-9500,http://woodgroupmortgage.com/bcs,customerservice@fairwaymc.com,,Local Chamber Member,BCS Chamber,College Station,,,,,the-wood-group-of-fairway-independent-mortgage-corporation
"Phillips, William F. ''Bill'', Jr.",,,College Station,TX,77807,(979) 775-7800,https://destinationbryan.com/,info@lakewalktx.com,,Local Chamber Member,BCS Chamber,College Station,,,,,phillips--william-f----bill----jr
"Laura Leon Law, PLLC",,,College Station,TX,77802,(331) 244-1480,http://lauraleonlaw.com/,info@lauraleonlaw.com,,Local Chamber Member,BCS Chamber,College Station,,,,,laura-leon-law--pllc
Beacon Restoration Services,,,College Station,TX,77807,(979) 775-7800,https://destinationbryan.com/,info@lakewalktx.com,,Local Chamber Member,BCS Chamber,College Station,,,,,beacon-restoration-services
First Security Janitorial,,,College Station,TX,,(832) 499-9710,https://firstsecurityjanitorial.com/,,,Local Chamber Member,BCS Chamber,College Station,,,,,first-security-janitorial
Escape Room BCS,,,College Station,TX,,,https://escaperoombcs.com/,,,Local Chamber Member,BCS Chamber,College Station,,,,,escape-room-bcs
Texas Avenue Medical Clinic,,,College Station,TX,,,http://texasavemedicalclinic.com/,,,Local Chamber Member,BCS Chamber,College Station,,,,,texas-avenue-medical-clinic
McAllisters Deli,Restaurant,,College Station,TX,,(214) 373-3400,http://thesaxtongroup.com/,w2@thesaxtongroup.com,1.43,Local Independent/Franchise,"OpenStreetMap, BCS Chamber",College Station,30.6354293,-96.3222152,osm:way:407788603,0.84,mcallisters-deli
Finis Welch Foundation,,,College Station,TX,,,http://finiswelchfoundation.org/,,,Local Chamber Member,BCS Chamber,College Station,,,,,finis-welch-foundation
First Choice Cleaning Services,,,College Station,TX,77807,(979) 775-7800,https://destinationbryan.com/,info@lakewalktx.com,,Local Chamber Member,BCS Chamber,College Station,,,,,first-choice-cleaning-services
"Lucky Paws BCS, LLC",,,College Station,TX,,(979) 551-3306,http://lucky-paws-bcs.com/,info@lucky-paws-bcs.com,,Local Chamber Member,BCS Chamber,College Station,,,,,lucky-paws-bcs--llc
Prosperity Bank - Tower Point,,,College Station,TX,,(800) 531-1401,http://prosperitybankusa.com/,,,Local Chamber Member,BCS Chamber,College Station,,,,,prosperity-bank---tower-point
Extra Mile Real Estate Group,,,College Station,TX,,,http://extramilerealestate.com/,,,Local Chamber Member,BCS Chamber,College Station,,,,,extra-mile-real-estate-group
Legacy Nursing & Rehabilitation,,,College Station,TX,,,http://legacy-nursing.com/,info@legacynursingrehab.com,,Local Chamber Member,BCS Chamber,College Station,,,,,legacy-nursing---rehabilitation
LeadersQ Consulting LLC,,,College Station,TX,,,http://leadersq.com/,,,Local Chamber Member,BCS Chamber,College Station,,,,,leadersq-consulting-llc
"Pilgrim Mortgage, LLC",,,College Station,TX,,,http://aggielender.com/,,,Local Chamber Member,BCS Chamber,College Station,,,,,pilgrim-mortgage--llc
Freddy's Frozen Custard & Steakburgers - Bryan,,,College Station,TX,,,http://freddysusa.com/,,,Local Chamber Member,BCS Chamber,College Station,,,,,freddy-s-frozen-custard---steakburgers---bryan
Bryan Coca-Cola Bottling Co,,,College Station,TX,,,http://enjoycareers.com/,,,Local Chamber Member,BCS Chamber,College Station,,,,,bryan-coca-cola-bottling-co
Harvest Coffee Bar,Cafe,101 North Main Street,Bryan,TX,77803,(979) 599-3236,https://harvestbcs.com/,,4.39,Local Independent/Franchise,OpenStreetMap,Downtown Bryan,30.6738796,-96.3730993,osm:node:5476786321,1.0,harvest-coffee-bar
Brand It Bandit,,,College Station,TX,,(979) 500-3388,https://branditbandittx.com/,info@branditbandittx.com,,Local Chamber Member,BCS Chamber,College Station,,,,,brand-it-bandit
Rudy's Country Store & Bar-B-Q,Restaurant,504 Harvey Road,College Station,TX,77840,(979) 696-7383,https://rudysbbq.com/location/detail/college-station-tx,,1.31,Local Independent/Franchise,OpenStreetMap,College Station,30.6183574,-96.3144097,osm:way:407839176,1.0,rudy-s-country-store---bar-b-q
"Bridges Counseling Services, PLLC",,,College Station,TX,77807,(979) 775-7800,https://destinationbryan.com/,info@lakewalktx.com,,Local Chamber Member,BCS Chamber,College Station,,,,,bridges-counseling-services--pllc
TAMU - Vice President of Student Affairs,,,College Station,TX,,,https://studentaffairs.tamu.edu/meet-our-staff,,,Local Chamber Member,BCS Chamber,College Station,,,,,tamu---vice-president-of-student-affairs
"EPMC Group, LLC",,,College Station,TX,77807,(979) 775-7800,https://destinationbryan.com/,info@lakewalktx.com,,Local Chamber Member,BCS Chamber,College Station,,,,,epmc-group--llc
Bubblelloon,,,College Station,TX,77845,(979) 204-4098,http://bubblelloon.com/,bubblelloon@gmail.com,,Local Chamber Member,BCS Chamber,College Station,,,,,bubblelloon
MidSouth Electric Co-op,,,College Station,TX,77868,(936) 825-5100,https://midsouthelectric.com/,,,Local Chamber Member,BCS Chamber,College Station,,,,,midsouth-electric-co-op
"Fiestas Mexicanas of B/CS, TX",,,College Station,TX,77806,(979) 575-2910,http://fiestaspatrias.org/,parade@fiestaspatrias.org,,Local Chamber Member,BCS Chamber,College Station,,,,,fiestas-mexicanas-of-b-cs--tx
Floor Coverings International,,,College Station,TX,77802,(979) 773-8397,https://floorcoveringsinternational.com/locations/us/tx/lexington,,,Local Chamber Member,BCS Chamber,College Station,,,,,floor-coverings-international
The First National Bank of Central Texas,,,College Station,TX,,(254) 772-9330,https://fnbct.bank/,,,Local Chamber Member,BCS Chamber,College Station,,,,,the-first-national-bank-of-central-texas
United Rentals,,"Construction equipment rental company with safety as our top priority. We deploy the best people, rental equipment and solutions to enable our customers to safely build a better future., Construction equipment rental company with safety as our top priority. We deploy the best people, rental equipment and solutions to enable our customers to safely build a better future.",College Station,TX,,,http://unitedrentals.com/,,,Local Chamber Member,BCS Chamber,College Station,,,,,united-rentals
Murdoch's Ranch & Home Supply,,,College Station,TX,,,http://murdochs.com/,,,Local Chamber Member,BCS Chamber,College Station,,,,,murdoch-s-ranch---home-supply
Culpepper Realty,,,College Station,TX,77840,(979) 696-1444,https://culpepperrealty.com/,info@culpepperrealty.com,,Local Chamber Member,BCS Chamber,College Station,,,,,culpepper-realty
Pioneer Steel & Pipe,,,College Station,TX,77808,(254) 754-2611,http://pioneerboys.com/,wzan@pioneerboys.com,,Local Chamber Member,BCS Chamber,College Station,,,,,pioneer-steel---pipe
Mid Towne Apartments,,,College Station,TX,77807,(979) 775-7800,https://destinationbryan.com/,info@lakewalktx.com,,Local Chamber Member,BCS Chamber,College Station,,,,,mid-towne-apartments
The Beauty Lab Suites,,,College Station,TX,77840,,http://thebeautylabsuites.com/,,,Local Chamber Member,BCS Chamber,College Station,,,,,the-beauty-lab-suites
Freddy's Frozen Custard & Steakburgers - College Station,,,College Station,TX,77807,(979) 775-7800,https://destinationbryan.com/,info@lakewalktx.com,,Local Chamber Member,BCS Chamber,College Station,,,,,freddy-s-frozen-custard---steakburgers---college-station
United Realty & Investment Co,,,College Station,TX,,,http://united-rico.com/,,,Local Chamber Member,BCS Chamber,College Station,,,,,united-realty---investment-co
William Cole Companies,,,College Station,TX,77807,(281) 580-2085,http://williamcoleinc.com/,info@williamcoleinc.com,,Local Chamber Member,BCS Chamber,College Station,,,,,william-cole-companies
The Bridge Ministries of Bryan Texas,,,College Station,TX,,,http://thebridgeministries.org/,,,Local Chamber Member,BCS Chamber,College Station,,,,,the-bridge-ministries-of-bryan-texas
Walker Partners,,,College Station,TX,77845,(254) 714-1402,http://walkerpartners.com/,nnichols@walkerpartners.com,,Local Chamber Member,BCS Chamber,College Station,,,,,walker-partners
College Station Noon Lions Club,,,College Station,TX,77807,(979) 775-7800,https://destinationbryan.com/,info@lakewalktx.com,,Local Chamber Member,BCS Chamber,College Station,,,,,college-station-noon-lions-club
Ubeo Business Services,,,College Station,TX,,,http://ubeo.com/,,,Local Chamber Member,BCS Chamber,College Station,,,,,ubeo-business-services
McLane Intelligent Solutions,,,College Station,TX,,(866) 551-4628,http://mclaneintel.com/,help@mclaneintel.com,,Local Chamber Member,BCS Chamber,College Station,,,,,mclane-intelligent-solutions
"TechBundle, LP",,,College Station,TX,77845,(979) 446-0580,http://techbundle.com/,,,Local Chamber Member,BCS Chamber,College Station,,,,,techbundle--lp
Catholic Charities of Central Texas,,,College Station,TX,77801,(512) 651-6100,http://ccctx.org/,,,Local Chamber Member,BCS Chamber,College Station,,,,,catholic-charities-of-central-texas
Ferguson Bath/Kitchen & Lighting Gallery,,,College Station,TX,,(888) 222-1785,http://ferguson.com/,customer.support@ferguson.com,,Local Chamber Member,BCS Chamber,College Station,,,,,ferguson-bath-kitchen---lighting-gallery
"Coldwell Banker, APEX",,,College Station,TX,,,http://chiltonbacakgroup.com/,info@chiltonbacakgroup.com,,Local Chamber Member,BCS Chamber,College Station,,,,,coldwell-banker--apex
Mustang Rental Services,,,College Station,TX,,(800) 256-1001,http://mustangcat.com/,credit@mustangcat.com,,Local Chamber Member,BCS Chamber,College Station,,,,,mustang-rental-services
Texas A&M University Transportation Services,,,College Station,TX,,,http://transport.tamu.edu/,,,Local Chamber Member,BCS Chamber,College Station,30.616472,-96.3377255,osm:way:91100311,0.84,texas-a-m-university-transportation-services
Mid South Baking,,,College Station,TX,,(800) 531-7912,http://chg.com/,customerservice@chg.com,,Local Chamber Member,BCS Chamber,College Station,,,,,mid-south-baking
"West, Webb, Allbritton & Gentry P.C.",,,College Station,TX,77845,(979) 694-7000,http://westwebblaw.com/,,,Local Chamber Member,BCS Chamber,College Station,,,,,west--webb--allbritton---gentry-p-c
Maroon City Valet,,,College Station,TX,,,http://marooncityvalet.com/,,,Local Chamber Member,BCS Chamber,College Station,,,,,maroon-city-valet
"Mark B. Lindsay, M.D.",,,College Station,TX,77802,(979) 776-2020,http://lindsayeyecare.com/,,,Local Chamber Member,BCS Chamber,College Station,,,,,mark-b--lindsay--m-d
Wedding Association of the Brazos Valley,,,College Station,TX,77842,,http://wabv.org/,info@wabv.org,,Local Chamber Member,BCS Chamber,College Station,,,,,wedding-association-of-the-brazos-valley
The Cut Axe Throwing,,,College Station,TX,77807,(979) 775-7800,https://destinationbryan.com/,info@lakewalktx.com,,Local Chamber Member,BCS Chamber,College Station,,,,,the-cut-axe-throwing
Unlimited Potential,,,College Station,TX,77840,(979) 485-1341,https://upbrazosvalley.org/,,,Local Chamber Member,BCS Chamber,College Station,,,,,unlimited-potential
Classic Rock Coffee Co. & Kitchen - Navasota,,,College Station,TX,77807,(979) 775-7800,https://destinationbryan.com/,info@lakewalktx.com,,Local Chamber Member,BCS Chamber,College Station,,,,,classic-rock-coffee-co----kitchen---navasota
Walton Ranch Bird Hunting,,,College Station,TX,77866,(979) 571-2191,http://huntwaltonranch.com/,,,Local Chamber Member,BCS Chamber,College Station,,,,,walton-ranch-bird-hunting
"Miller, Cindy L.",,,College Station,TX,77807,(979) 775-7800,https://destinationbryan.com/,info@lakewalktx.com,,Local Chamber Member,BCS Chamber,College Station,,,,,miller--cindy-l
Caprock Crossing Apartments,,,College Station,TX,77845,(979) 977-0358,http://caprockcrossingapts.com/,,,Local Chamber Member,BCS Chamber,College Station,,,,,caprock-crossing-apartments
WOW Talent Partners,,,College Station,TX,,(512) 878-7820,http://wowtalentpartners.com/,,,Local Chamber Member,BCS Chamber,College Station,,,,,wow-talent-partners
The Salvation Army,,,College Station,TX,77801,(979) 361-0618,https://salvationarmybcs.org/,,,Local Chamber Member,BCS Chamber,College Station,,,,,the-salvation-army
Messiah's Ranch,,,College Station,TX,,(303) 893-0552,http://messiahsranch.com/,,,Local Chamber Member,BCS Chamber,College Station,,,,,messiah-s-ranch
The REACH Project,,,College Station,TX,,,http://reach4home.org/,,,Local Chamber Member,BCS Chamber,College Station,,,,,the-reach-project
Unbound Now Bryan College Station,,,College Station,TX,,(979) 710-7758,https://unboundnow.org/bcs,,,Local Chamber Member,BCS Chamber,College Station,,,,,unbound-now-bryan-college-station
University Title Company,,,College Station,TX,,,http://utitle.com/,titleinfo@utitle.com,,Local Chamber Member,BCS Chamber,College Station,30.6365871,-96.3225223,osm:way:407835300,0.84,university-title-company
Warwick Partners,,,College Station,TX,,,http://warwickpartners.net/,,,Local Chamber Member,BCS Chamber,College Station,,,,,warwick-partners
Wayne Sanderson Farms,,,College Station,TX,,,http://waynesandersonfarms.com/,,,Local Chamber Member,BCS Chamber,College Station,,,,,wayne-sanderson-farms
United Companies,,,College Station,TX,77802,(979) 268-7663,http://united-inc.com/,info@united-inc.com,,Local Chamber Member,BCS Chamber,College Station,,,,,united-companies
The Association of Former Students,,,College Station,TX,77840,(979) 845-7514,http://aggienetwork.com/,fundraising@aggienetwork.com,,Local Chamber Member,BCS Chamber,College Station,,,,,the-association-of-former-students
Carrabba Industrial Park,,,College Station,TX,77807,(979) 775-7800,https://destinationbryan.com/,info@lakewalktx.com,,Local Chamber Member,BCS Chamber,College Station,,,,,carrabba-industrial-park
United Solutions,,,College Station,TX,77807,(979) 775-7800,https://destinationbryan.com/,info@lakewalktx.com,,Local Chamber Member,BCS Chamber,College Station,,,,,united-solutions
"Wonderful Words, LLC",,,College Station,TX,77803,(979) 810-0563,http://wonderfulwordsbookshoppe.com/,wonderfulwords2024@outlook.com,,Local Chamber Member,BCS Chamber,College Station,,,,,wonderful-words--llc
West Brazos Animal Center,,,College Station,TX,77803,(979) 823-5004,https://westbrazosvet.com/,office@westbrazosvet.com,,Local Chamber Member,BCS Chamber,College Station,30.6301931,-96.3791163,osm:way:1367436236,0.84,west-brazos-animal-center
"Texas Communications of Bryan, Inc.",,,College Station,TX,77803,(325) 695-6962,http://texascom.com/,,,Local Chamber Member,BCS Chamber,College Station,,,,,texas-communications-of-bryan--inc
College Station ISD,,,College Station,TX,77840,(979) 764-5400,http://csisd.org/,,,Local Chamber Member,BCS Chamber,College Station,30.6126363,-96.3277952,osm:way:259843449,0.84,college-station-isd
"Colonial Life – Baker Insurance Agency, LLC",,,College Station,TX,77807,(979) 775-7800,https://destinationbryan.com/,info@lakewalktx.com,,Local Chamber Member,BCS Chamber,College Station,,,,,colonial-life---baker-insurance-agency--llc
MDX Safety Training & Consulting,,,College Station,TX,,,http://mdxsafetyinc.com/,,,Local Chamber Member,BCS Chamber,College Station,,,,,mdx-safety-training---consulting
"Urban Rubbish, LLC",,,College Station,TX,77840,(979) 485-2126,http://urbanrubbish.com/,,,Local Chamber Member,BCS Chamber,College Station,,,,,urban-rubbish--llc
United Ag & Turf,,,College Station,TX,,,http://cptractor.com/,,,Local Chamber Member,BCS Chamber,College Station,30.6683245,-96.4098485,osm:way:1339969112,0.84,united-ag---turf
Morrow Energy,,,College Station,TX,,(432) 400-2233,http://morrowenergy.com/,,,Local Chamber Member,BCS Chamber,College Station,,,,,morrow-energy
Color Me Light,,,College Station,TX,,(979) 204-8709,https://colormelight.com/,colormelight@gmail.com,,Local Chamber Member,BCS Chamber,College Station,,,,,color-me-light
Christian Brothers Automotive - College Station,,,College Station,TX,,,http://cba.com/CollegeStation,,,Local Chamber Member,BCS Chamber,College Station,,,,,christian-brothers-automotive---college-station
Twin City Mission,,,College Station,TX,77801,(979) 822-7511,http://twincitymission.org/,info@twincitymission.org,,Local Chamber Member,BCS Chamber,College Station,,,,,twin-city-mission
The Ellison Firm,,,College Station,TX,77840,(979) 696-9889,https://ellisonlaw.com/,,,Local Chamber Member,BCS Chamber,College Station,,,,,the-ellison-firm
Urban Table,,,College Station,TX,77807,(979) 775-7800,https://destinationbryan.com/,info@lakewalktx.com,,Local Chamber Member,BCS Chamber,College Station,,,,,urban-table
WebUnlimited,,,College Station,TX,77840,(979) 696-2500,https://webunlimited.com/,,,Local Chamber Member,BCS Chamber,College Station,,,,,webunlimited
McDougal & Moore,,,College Station,TX,77807,(979) 764-4000,http://mcdougalco.com/,rmmoore@embarqmail.com,,Local Chamber Member,BCS Chamber,College Station,,,,,mcdougal---moore
MAIN STREET BARBERSHOP,,,College Station,TX,,,http://mainstreetbcs.com/,,,Local Chamber Member,BCS Chamber,College Station,,,,,main-street-barbershop
United Way of the Brazos Valley,,,College Station,TX,77802,(979) 696-4483,http://uwbv.org/,lhawkins@uwbv.org,,Local Chamber Member,BCS Chamber,College Station,,,,,united-way-of-the-brazos-valley
Trevino-Smith Funeral Home & Crematory,,,College Station,TX,77802,(979) 822-2424,http://trevinosmithfuneralhome.com/,,,Local Chamber Member,BCS Chamber,College Station,,,,,trevino-smith-funeral-home---crematory
"UBS Financial Services, Inc.",,,College Station,TX,,,http://ubs.com/,,,Local Chamber Member,BCS Chamber,College Station,,,,,ubs-financial-services--inc
Century Home Care Partners,,,College Station,TX,77845,(979) 330-4544,http://centuryhomecarepartners.com/,,,Local Chamber Member,BCS Chamber,College Station,,,,,century-home-care-partners
Catalena Hatters and Texas Rose Boutique,,,College Station,TX,77803,(979) 822-4423,http://catalenahats.com/,,,Local Chamber Member,BCS Chamber,College Station,,,,,catalena-hatters-and-texas-rose-boutique
We Pump it Septic Service,,,College Station,TX,77859,(979) 906-1792,http://wepumpitsepticservice.com/,,,Local Chamber Member,BCS Chamber,College Station,,,,,we-pump-it-septic-service
What's the Buzz Coffee Co. & Bakery,,,College Station,TX,77807,(979) 775-7800,https://destinationbryan.com/,info@lakewalktx.com,,Local Chamber Member,BCS Chamber,College Station,,,,,what-s-the-buzz-coffee-co----bakery
Morningstar Storage of College Station,,,College Station,TX,,(800) 671-7552,https://morningstarstorage.com/location/357/tx/college-station/college-station,,,Local Chamber Member,BCS Chamber,College Station,,,,,morningstar-storage-of-college-station
College Station Firefighters Association,,,College Station,TX,,,http://collegestationfirefighters.org/,,,Local Chamber Member,BCS Chamber,College Station,,,,,college-station-firefighters-association
Texas ENT & Allergy,,,College Station,TX,77833,(979) 693-6000,http://texasentandallergy.com/,,,Local Chamber Member,BCS Chamber,College Station,30.5800531,-96.2864379,osm:way:415387923,0.84,texas-ent---allergy
"The Wendy Flynn Team, Keller Williams Bryan College Station",,,College Station,TX,77845,(979) 324-1138,http://aggielandhomesearch.com/,wendyflynn@kw.com,,Local Chamber Member,BCS Chamber,College Station,,,,,the-wendy-flynn-team--keller-williams-bryan-college-station
To the Walls Bar & Event Services,,,College Station,TX,,(979) 412-1930,http://tothewallsbarservices.com/,tothewalls.barservices@gmail.com,,Local Chamber Member,BCS Chamber,College Station,,,,,to-the-walls-bar---event-services
Callaway-Jones Funeral Home & Crematory,,,College Station,TX,,(270) 237-3114,https://callawayjones.com/,twcrow@nctc.com,,Local Chamber Member,BCS Chamber,College Station,,,,,callaway-jones-funeral-home---crematory
Cotton Commercial USA Inc,,,College Station,TX,,(877) 511-2962,http://cottoncompanies.com/,mediarelations@cottonteam.com,,Local Chamber Member,BCS Chamber,College Station,,,,,cotton-commercial-usa-inc
US Modules,,,College Station,TX,77845,,http://usmodules.com/,,,Local Chamber Member,BCS Chamber,College Station,,,,,us-modules
WG Event Production,,,College Station,TX,77842,(979) 246-2826,https://wgeventproduction.com/,info@wieghatgraphics.com,,Local Chamber Member,BCS Chamber,College Station,,,,,wg-event-production
UniFirst,,,College Station,TX,,,http://unifirst.com/,,,Local Chamber Member,BCS Chamber,College Station,,,,,unifirst
Women's Council of Realtors Brazos Valley,,,College Station,TX,77807,(979) 775-7800,https://destinationbryan.com/,info@lakewalktx.com,,Local Chamber Member,BCS Chamber,College Station,,,,,women-s-council-of-realtors-brazos-valley
Urban Optics,,,College Station,TX,77845,(979) 690-0888,http://urban-optics.com/,,,Local Chamber Member,BCS Chamber,College Station,,,,,urban-optics
Morningstar Storage of FM2818,,,College Station,TX,77807,(800) 671-7552,https://morningstarstorage.com/location/390/tx/bryan/fm-2818,,,Local Chamber Member,BCS Chamber,College Station,,,,,morningstar-storage-of-fm2818
"What's Happening In Bryan/ College Station, Powered by GetDesky",,,College Station,TX,77807,(979) 775-7800,https://destinationbryan.com/,info@lakewalktx.com,,Local Chamber Member,BCS Chamber,College Station,,,,,what-s-happening-in-bryan--college-station--powered-by-getdesky
Village Foods & Pharmacy,,,College Station,TX,,,http://villagefoods.com/,,,Local Chamber Member,BCS Chamber,College Station,30.6551657,-96.3425453,osm:node:13535059601,0.84,village-foods---pharmacy
"McNeill, Cal",,,College Station,TX,77807,(979) 775-7800,https://destinationbryan.com/,info@lakewalktx.com,,Local Chamber Member,BCS Chamber,College Station,,,,,mcneill--cal
Ment Marketing & Creative Services,,,College Station,TX,,(979) 725-2210,http://mentservices.com/,,,Local Chamber Member,BCS Chamber,College Station,,,,,ment-marketing---creative-services
Manny's Appliance,,,College Station,TX,,(979) 492-3634,https://mannysappliancebcs.com/,,,Local Chamber Member,BCS Chamber,College Station,,,,,manny-s-appliance
Vital Care of College Station,,,College Station,TX,77845,,https://vitalcare.com/locations/collegestationtx,,,Local Chamber Member,BCS Chamber,College Station,,,,,vital-care-of-college-station
Wilton's OfficeWorks,,,College Station,TX,,,http://wiltons.com/,,,Local Chamber Member,BCS Chamber,College Station,30.647639,-96.31764,osm:way:1013640222,0.84,wilton-s-officeworks
White Rose Builders,,,College Station,TX,77845,(979) 575-8421,https://whiterosebuilders.com/,office@whiterosebuilders.com,,Local Chamber Member,BCS Chamber,College Station,,,,,white-rose-builders
The Dunlap Group,,,College Station,TX,,,http://dunlapgrouptx.com/,,,Local Chamber Member,BCS Chamber,College Station,30.6540037,-96.292298,osm:way:862846778,0.84,the-dunlap-group
Colt Excavation LLC,,,College Station,TX,,,http://coltexcavation.com/,,,Local Chamber Member,BCS Chamber,College Station,,,,,colt-excavation-llc
The Tap Grill and Bar,,,College Station,TX,,,http://thetapbcs.com/,,,Local Chamber Member,BCS Chamber,College Station,,,,,the-tap-grill-and-bar
Carriage Inn,,,College Station,TX,77802,(979) 977-2084,https://carriageinnbryan.com/,,,Local Chamber Member,BCS Chamber,College Station,,,,,carriage-inn
Microtel Inn & Suites,,,College Station,TX,,(844) 405-4141,https://wyndhamhotels.com/microtel/college-station-texas/microtel-inn-and-suites-by-wyndham-college%20station/overview,accessibility@wyndham.com,,Local Chamber Member,BCS Chamber,College Station,30.5879891,-96.2891932,osm:way:635024673,0.84,microtel-inn---suites
C&J Bar-B-Que Harvey Road,,,College Station,TX,77840,(979) 776-8969,http://cjbbq.com/,,,Local Chamber Member,BCS Chamber,College Station,,,,,c-j-bar-b-que-harvey-road
The 100 Club,,,College Station,TX,,(713) 952-0100,https://the100club.org/,info@the100club.org,,Local Chamber Member,BCS Chamber,College Station,,,,,the-100-club
Yellowstone Landscape,,,College Station,TX,,(877) 785-6685,http://yellowstonelandscape.com/,,,Local Chamber Member,BCS Chamber,College Station,,,,,yellowstone-landscape
"Vorenkamp Travel Agency, LLC",,,College Station,TX,,,http://vorenkamptravel.com/,,,Local Chamber Member,BCS Chamber,College Station,,,,,vorenkamp-travel-agency--llc
City Bank Mortgage,,,College Station,TX,,,http://joy-arthur.com/,,,Local Chamber Member,BCS Chamber,College Station,,,,,city-bank-mortgage
Marketing Heroes,,,College Station,TX,77840,(979) 364-0584,http://mheroes.com/,sales@mheroes.com,,Local Chamber Member,BCS Chamber,College Station,,,,,marketing-heroes
TAMU Office of Vice President for Finance & Admin,,,College Station,TX,,,http://vpfac.tamu.edu/,,,Local Chamber Member,BCS Chamber,College Station,,,,,tamu-office-of-vice-president-for-finance---admin
YMCA of Brazos Valley,,,College Station,TX,,,https://ymcactx.org/locations/brazos-valley,,,Local Chamber Member,BCS Chamber,College Station,,,,,ymca-of-brazos-valley
The Corner Bar & Grill,,,College Station,TX,77801,(979) 823-1294,http://thecornerbcs.com/,thecornercrew@gmail.com,,Local Chamber Member,BCS Chamber,College Station,,,,,the-corner-bar---grill
Xpedient Mail,,,College Station,TX,,,http://xpedientmail.com/,,,Local Chamber Member,BCS Chamber,College Station,,,,,xpedient-mail
"The Prenatal Clinic (Brazos Maternal & Child Health Clinic, Inc)",,,College Station,TX,77802,(979) 595-1780,http://bcsprenatal.org/,,,Local Chamber Member,BCS Chamber,College Station,,,,,the-prenatal-clinic--brazos-maternal---child-health-clinic--inc
MADE IN THE SHADE AGGIELAND,,,College Station,TX,,(979) 412-9233,http://mitsaggieland.com/,,,Local Chamber Member,BCS Chamber,College Station,,,,,made-in-the-shade-aggieland
Voco Hotel,,,College Station,TX,,,https://ihg.com/voco/hotels/us/en/college-station/cllcs/hoteldetail,,,Local Chamber Member,BCS Chamber,College Station,,,,,voco-hotel
"MYCON General Contractors, Inc.",,,College Station,TX,,,http://mycon.com/,,,Local Chamber Member,BCS Chamber,College Station,,,,,mycon-general-contractors--inc
Childs Dermatology Clinic,,,College Station,TX,77845,(979) 696-4444,http://childsdermatology.com/,,,Local Chamber Member,BCS Chamber,College Station,,,,,childs-dermatology-clinic
"Mattco Commercial Services, LLC",,,College Station,TX,77845,(833) 628-8261,http://mattcogroup.com/,info@mattcogroup.com,,Local Chamber Member,BCS Chamber,College Station,,,,,mattco-commercial-services--llc
Mutual of Omaha,,,College Station,TX,,(888) 350-4738,http://mutualofomaha.com/,newsroom@mutualofomaha.com,,Local Chamber Member,BCS Chamber,College Station,,,,,mutual-of-omaha
Texas 4-H Youth Development Foundation,,,College Station,TX,,(979) 845-1213,http://texas4hfoundation.org/,sydney.pennington@ag.tamu.edu,,Local Chamber Member,BCS Chamber,College Station,,,,,texas-4-h-youth-development-foundation
Veritas Roofing,,,College Station,TX,77840,(877) 455-4552,http://veritasroofingtx.com/,,,Local Chamber Member,BCS Chamber,College Station,,,,,veritas-roofing
ZochNet,,,College Station,TX,,(979) 542-9200,http://zochnet.com/,info@zochnet.com,,Local Chamber Member,BCS Chamber,College Station,,,,,zochnet
Vantage Hospice,,,College Station,TX,77802,(979) 321-4008,http://vantagehospicebcs.com/,,,Local Chamber Member,BCS Chamber,College Station,,,,,vantage-hospice
Culligan Water,,,College Station,TX,,,http://bcsculligan.com/,,,Local Chamber Member,BCS Chamber,College Station,,,,,culligan-water
"Van Dyke, Rankin & Co. Inc.",,,College Station,TX,77833,(979) 836-5636,http://vandykerankin.com/,mail@vandykerankin.com,,Local Chamber Member,BCS Chamber,College Station,,,,,van-dyke--rankin---co--inc
Vaughn Construction,,,College Station,TX,77803,,http://vaughnconstruction.com/,,,Local Chamber Member,BCS Chamber,College Station,,,,,vaughn-construction
Millican Reserve,,,College Station,TX,77807,(979) 775-7800,https://destinationbryan.com/,info@lakewalktx.com,,Local Chamber Member,BCS Chamber,College Station,,,,,millican-reserve
Mir Senior Care Management & Care Consultants Inc.,,,College Station,TX,,,http://mircareconsultants.com/,,,Local Chamber Member,BCS Chamber,College Station,,,,,mir-senior-care-management---care-consultants-inc
Zeal Design Studio,,"Local freelance graphic designer with 18 years of experience working with businesses and non profits. Specializing in logo and print design., Local freelance graphic designer with 18 years of experience working with businesses and non profits. Specializing in logo and print design.",College Station,TX,,,http://zealdesignstudio.com/,,,Local Chamber Member,BCS Chamber,College Station,,,,,zeal-design-studio
"Magruder Homes, LP",,,College Station,TX,77845,,http://magruderhomes.com/,lindsey@magruderhomes.com,,Local Chamber Member,BCS Chamber,College Station,,,,,magruder-homes--lp
Travis B. Bryan Park,,,College Station,TX,77803,(979) 209-5000,http://bryantx.gov/,,,Local Chamber Member,BCS Chamber,College Station,,,,,travis-b--bryan-park
Texas Farm Bureau- Garrett Martinez,,,College Station,TX,,,https://txfb-ins.com/county/details/brazos/b,,,Local Chamber Member,BCS Chamber,College Station,,,,,texas-farm-bureau--garrett-martinez
"Twin City Properties Mgmt, Inc.",,,College Station,TX,77802,,http://twincityproperties.com/,,,Local Chamber Member,BCS Chamber,College Station,,,,,twin-city-properties-mgmt--inc
Museum of the American G.I.,,,College Station,TX,77845,(979) 690-0501,http://americangimuseum.org/,,,Local Chamber Member,BCS Chamber,College Station,,,,,museum-of-the-american-g-i
Texas Farm Bureau - Tatum Morgan,,,College Station,TX,,,https://txfb-ins.com/county/details/brazos,,,Local Chamber Member,BCS Chamber,College Station,,,,,texas-farm-bureau---tatum-morgan
Young Professionals of Aggieland,,,College Station,TX,77807,(979) 775-7800,https://destinationbryan.com/,info@lakewalktx.com,,Local Chamber Member,BCS Chamber,College Station,,,,,young-professionals-of-aggieland
VALOR AGENCY,,,College Station,TX,77802,(979) 450-7820,http://valoragencybcs.com/,valorinsurance@outlook.com,,Local Chamber Member,BCS Chamber,College Station,,,,,valor-agency
Caldwell Country,,,College Station,TX,77807,(979) 775-7800,https://destinationbryan.com/,info@lakewalktx.com,,Local Chamber Member,BCS Chamber,College Station,,,,,caldwell-country
The Palace Theater,,,College Station,TX,77807,(979) 775-7800,https://destinationbryan.com/,info@lakewalktx.com,,Local Chamber Member,BCS Chamber,College Station,,,,,the-palace-theater
Zwernemann Flooring,,,College Station,TX,77803,(979) 776-2800,http://zfloors.net/,,,Local Chamber Member,BCS Chamber,College Station,,,,,zwernemann-flooring
"VeraBank, N.A.",,,College Station,TX,77833,(877) 566-2621,http://verabank.com/,contactus@verabank.com,,Local Chamber Member,BCS Chamber,College Station,,,,,verabank--n-a
City of College Station Parks & Recreation,,,College Station,TX,77807,(979) 775-7800,https://destinationbryan.com/,info@lakewalktx.com,,Local Chamber Member,BCS Chamber,College Station,,,,,city-of-college-station-parks---recreation
Texas A&M Hotel and Conference Center,,,College Station,TX,,,http://texasamhotelcc.com/,,,Local Chamber Member,BCS Chamber,College Station,30.6109774,-96.3428915,osm:way:569775667,0.84,texas-a-m-hotel-and-conference-center
Mustang CAT,,,College Station,TX,,(800) 256-1001,http://mustangcat.com/,credit@mustangcat.com,,Local Chamber Member,BCS Chamber,College Station,,,,,mustang-cat
Coleman & Patterson Real Estate & Auctioneers,,,College Station,TX,77808,(979) 703-1863,http://colemanandpatterson.com/,txbroker@therealbrokerage.com,,Local Chamber Member,BCS Chamber,College Station,,,,,coleman---patterson-real-estate---auctioneers
Zweiacker & Associates Real Estate,,,College Station,TX,77802,(979) 450-0455,http://zarealestate.com/,info@zarealestate.com,,Local Chamber Member,BCS Chamber,College Station,,,,,zweiacker---associates-real-estate
Caprock Construction,,,College Station,TX,77845,(979) 492-0425,http://caprocktxconstruction.com/,,,Local Chamber Member,BCS Chamber,College Station,,,,,caprock-construction
NorthField Hauling LLC,,"Family-owned, faith-driven moving company in Brazos Valley offering local & statewide moves, junk hauling, and packing. We serve with integrity-because every move is about people and new beginnings., Family-owned, faith-driven moving company in Brazos Valley offering local & statewide moves, junk hauling, and packing. We serve with integrity-because every move is about people and new beginnings.",College Station,TX,77807,(979) 589-7689,http://northfieldhaul.com/,,,Local Chamber Member,BCS Chamber,College Station,,,,,northfield-hauling-llc
Valley Valve and Pipe Supply,,,College Station,TX,77801,(979) 779-7042,http://valleyvalveandpipe.com/,valleysupplybryan@gmail.com,,Local Chamber Member,BCS Chamber,College Station,,,,,valley-valve-and-pipe-supply
7F Lodge and Events,,,College Station,TX,,,http://7flodge.com/,,,Local Chamber Member,BCS Chamber,College Station,,,,,7f-lodge-and-events
VoiceSurge,,,College Station,TX,77840,(979) 431-4960,http://voicesurge.com/,,,Local Chamber Member,BCS Chamber,College Station,,,,,voicesurge
NextHome Realty Solutions BCS,,,College Station,TX,,,http://nexthomebcs.com/,,,Local Chamber Member,BCS Chamber,College Station,,,,,nexthome-realty-solutions-bcs
Visiting Angels Home Care,,,College Station,TX,77840,(979) 209-0027,http://visitingangels.com/brazosvalley,,,Local Chamber Member,BCS Chamber,College Station,,,,,visiting-angels-home-care
The Texas Bucket List Store and Studio,,,College Station,TX,,,http://thetexasbucketlist.com/,,,Local Chamber Member,BCS Chamber,College Station,,,,,the-texas-bucket-list-store-and-studio
7th Inning Stretch & Wellness,,,College Station,TX,,,http://7thstretch.com/,joey@7th-stretch.com,,Local Chamber Member,BCS Chamber,College Station,,,,,7th-inning-stretch---wellness
Truist University Branch,,,College Station,TX,,(200) 757-0826,http://bbt.com/,,,Local Chamber Member,BCS Chamber,College Station,,,,,truist-university-branch
ZenBusiness,,,College Station,TX,77807,(979) 775-7800,https://destinationbryan.com/,info@lakewalktx.com,,Local Chamber Member,BCS Chamber,College Station,,,,,zenbusiness
"Vance, William R. ''Bill''",,,College Station,TX,77807,(979) 775-7800,https://destinationbryan.com/,info@lakewalktx.com,,Local Chamber Member,BCS Chamber,College Station,,,,,vance--william-r----bill
1874 Cattle,,,College Station,TX,,,http://1874cattle.com/,,,Local Chamber Member,BCS Chamber,College Station,,,,,1874-cattle
"Navasota Abstract & Title Company, Inc.",,,College Station,TX,77868,(936) 825-6405,http://navasotaabstract.com/,preclosing@navtitle.com,,Local Chamber Member,BCS Chamber,College Station,,,,,navasota-abstract---title-company--inc
"Crystal Clear Cleaning, LLC",,,College Station,TX,77807,(979) 775-7800,https://destinationbryan.com/,info@lakewalktx.com,,Local Chamber Member,BCS Chamber,College Station,,,,,crystal-clear-cleaning--llc
5th Avenue Travel Adventures,,,College Station,TX,,,http://5thavenuetravel.com/,becky@5thavenuetravel.com,,Local Chamber Member,BCS Chamber,College Station,,,,,5th-avenue-travel-adventures
"Correa, Evette",,,College Station,TX,77807,(979) 775-7800,https://destinationbryan.com/,info@lakewalktx.com,,Local Chamber Member,BCS Chamber,College Station,,,,,correa--evette
VP Insurance Group & More Private Senior Services,,,College Station,TX,,,http://na/,,,Local Chamber Member,BCS Chamber,College Station,,,,,vp-insurance-group---more-private-senior-services
1st Alliance Mortgage,,,College Station,TX,,,http://6941000.com/,,,Local Chamber Member,BCS Chamber,College Station,,,,,1st-alliance-mortgage
National MS Society,,,College Station,TX,,(855) 372-1331,http://bikemstexas150.org/,fundraisingsupport@nmss.org,,Local Chamber Member,BCS Chamber,College Station,,,,,national-ms-society
Camp Allen,,,College Station,TX,77868,(936) 825-7175,http://campallen.org/,,,Local Chamber Member,BCS Chamber,College Station,,,,,camp-allen
Unity in Strings,,,College Station,TX,,(979) 258-1056,http://unityinstrings.org/,info@unityinstrings.org,,Local Chamber Member,BCS Chamber,College Station,,,,,unity-in-strings
Veranda,,,College Station,TX,,(979) 731-8155,http://the-veranda.com/,,,Local Chamber Member,BCS Chamber,College Station,,,,,veranda
"Zdunkewicz, Cindy",,,College Station,TX,77807,(979) 775-7800,https://destinationbryan.com/,info@lakewalktx.com,,Local Chamber Member,BCS Chamber,College Station,,,,,zdunkewicz--cindy
Nurocoach,,,College Station,TX,77807,(979) 775-7800,https://destinationbryan.com/,info@lakewalktx.com,,Local Chamber Member,BCS Chamber,College Station,,,,,nurocoach
"The Heritage at Dartmouth, Ltd.",,,College Station,TX,77807,(979) 775-7800,https://destinationbryan.com/,info@lakewalktx.com,,Local Chamber Member,BCS Chamber,College Station,,,,,the-heritage-at-dartmouth--ltd
"DuBose Business Solutions, LLC.",,"We help management increase efficiencies through sound bookkeeping practices, accurate data entry and business assistance at competitive rates., We help management increase efficiencies through sound bookkeeping practices, accurate data entry and business assistance at competitive rates.",College Station,TX,,(512) 757-2343,http://dubosebusinesssolutions.com/,amy@dubosebusinesssolutions.com,,Local Chamber Member,BCS Chamber,College Station,,,,,dubose-business-solutions--llc
Central Texas Endoscopy Center,,,College Station,TX,77807,(979) 775-7800,https://destinationbryan.com/,info@lakewalktx.com,,Local Chamber Member,BCS Chamber,College Station,,,,,central-texas-endoscopy-center
Visit College Station,,,College Station,TX,77807,(979) 775-7800,https://destinationbryan.com/,info@lakewalktx.com,,Local Chamber Member,BCS Chamber,College Station,,,,,visit-college-station
Brazos Oaks,,,College Station,TX,,,http://brazosoaksapts.com/,,,Local Chamber Member,BCS Chamber,College Station,,,,,brazos-oaks
"NetCo Investments, Inc.",,,College Station,TX,,,http://netcoinvestments.com/,,,Local Chamber Member,BCS Chamber,College Station,,,,,netco-investments--inc
NewPhase Home Builders,,,College Station,TX,77840,(979) 218-1000,https://newphasetx.com/,,,Local Chamber Member,BCS Chamber,College Station,,,,,newphase-home-builders
"Thompson, Derrig & Craig, P.C.",,,College Station,TX,,,http://tdccpa.com/,,,Local Chamber Member,BCS Chamber,College Station,,,,,thompson--derrig---craig--p-c
University Chiropractic,,,College Station,TX,77840,(979) 446-0075,https://universitychiropractic.com/,,,Local Chamber Member,BCS Chamber,College Station,,,,,university-chiropractic
Northwestern Mutual,,,College Station,TX,,,http://caseywright.nm.com/,,,Local Chamber Member,BCS Chamber,College Station,30.6456796,-96.2905752,osm:way:862856698,0.84,northwestern-mutual
Thrivent Financial,,,College Station,TX,,,http://https:\\www.thrivent.com/fr/david.bronstad,,,Local Chamber Member,BCS Chamber,College Station,,,,,thrivent-financial
Brazos Valley Recycling,,,College Station,TX,77833,(979) 260-0006,https://bvrwasteandrecycling.com/,info@bigcompany.com,,Local Chamber Member,BCS Chamber,College Station,,,,,brazos-valley-recycling
Saint Andrew's Episcopal Church,,,College Station,TX,77803,(979) 822-5176,http://standrewsbcs.org/,office@standrewsbcs.org,,Local Chamber Member,BCS Chamber,College Station,30.6735572,-96.3748064,osm:way:416785087,0.827,saint-andrew-s-episcopal-church
Montelongo's Fine Jewelry,,,College Station,TX,,,http://montelongos.com/,,,Local Chamber Member,BCS Chamber,College Station,30.6305403,-96.3323185,osm:way:407788594,0.84,montelongo-s-fine-jewelry
"Coulson, Eddie",,,College Station,TX,77807,(979) 775-7800,https://destinationbryan.com/,info@lakewalktx.com,,Local Chamber Member,BCS Chamber,College Station,,,,,coulson--eddie
NAMI Brazos Valley,,,College Station,TX,77803,(800) 273-8255,http://namibv.org/,,,Local Chamber Member,BCS Chamber,College Station,,,,,nami-brazos-valley
Carney's Pub and Grill,Bar,3410 South College Avenue,Bryan,TX,77801,,http://carneyspubandgrill.com/,,1.69,Local Independent/Franchise,"OpenStreetMap, BCS Chamber",Bryan,30.636424,-96.3560994,osm:way:720954602,1.0,carney-s-pub-and-grill
Bryan College Station Toyota,,,College Station,TX,,,https://bcstoyota.com/,,,Local Chamber Member,BCS Chamber,College Station,30.6681548,-96.3304688,osm:way:416769681,0.84,bryan-college-station-toyota
Tarleton State University,,,College Station,TX,,,http://tarleton.edu/Waco,,,Local Chamber Member,BCS Chamber,College Station,,,,,tarleton-state-university
"Schulte Roofing, Inc.",,,College Station,TX,,,http://schulteroofing.com/,,,Local Chamber Member,BCS Chamber,College Station,,,,,schulte-roofing--inc
Daniel Stark Injury Lawyers,,,College Station,TX,,,https://danielstark.com/bryan,,,Local Chamber Member,BCS Chamber,College Station,,,,,daniel-stark-injury-lawyers
Dukes Seamless Gutters LLC,,,College Station,TX,,(936) 727-8567,http://dukesseamlessgutters.com/,dukesseamlessguttersllc@outlook.com,,Local Chamber Member,BCS Chamber,College Station,,,,,dukes-seamless-gutters-llc
Meyer Custom Bootmakers,,,College Station,TX,,(713) 864-3808,http://meyerranchboots.com/,,,Local Chamber Member,BCS Chamber,College Station,,,,,meyer-custom-bootmakers
"BVSWMA, Inc - Landfill",,,College Station,TX,,,http://twinoakslandfill.com/,,,Local Chamber Member,BCS Chamber,College Station,,,,,bvswma--inc---landfill
Connor Timber & Wildlife LLC,,,College Station,TX,77807,(979) 775-7800,https://destinationbryan.com/,info@lakewalktx.com,,Local Chamber Member,BCS Chamber,College Station,,,,,connor-timber---wildlife-llc
Kolache Rolf’s,Bakery,2307 Texas Avenue South,College Station,TX,77840,(979) 696-0099,https://kolacherolfs.com/,eat@kolacherolfs.com,1.52,Local Independent/Franchise,OpenStreetMap,College Station,30.6109183,-96.3125565,osm:node:5505983821,1.0,kolache-rolf-s
Napa Flats Bistro,,,College Station,TX,77845,(979) 431-1488,http://lepetitcochonbcs.com/,greatfood@napaflatsbistro.com,,Local Chamber Member,BCS Chamber,College Station,,,,,napa-flats-bistro
"Custom Fabricators & Repairs, Inc",,,College Station,TX,,,http://bcscustomfab.com/,,,Local Chamber Member,BCS Chamber,College Station,,,,,custom-fabricators---repairs--inc
1876 Roofing & Construction,,,College Station,TX,77807,(979) 775-7800,https://destinationbryan.com/,info@lakewalktx.com,,Local Chamber Member,BCS Chamber,College Station,,,,,1876-roofing---construction
Spiegelhauer Law,,,College Station,TX,77803,(979) 450-7250,http://spiegllegal.com/,jake@spiegllegal.com,,Local Chamber Member,BCS Chamber,College Station,,,,,spiegelhauer-law
Venus Pest Company,,,College Station,TX,77845,(979) 774-0486,http://venuspest.com/,,,Local Chamber Member,BCS Chamber,College Station,,,,,venus-pest-company
Madison Metals,,,College Station,TX,77807,(979) 775-7800,https://destinationbryan.com/,info@lakewalktx.com,,Local Chamber Member,BCS Chamber,College Station,,,,,madison-metals
Brazos Christian School,,,College Station,TX,77807,(979) 823-1000,http://bcseagles.org/,brazoschristian@bcseagles.org,,Local Chamber Member,BCS Chamber,College Station,30.6150507,-96.4018697,osm:way:1034278628,0.84,brazos-christian-school
Anytime Fitness,Fitness Centre,951 William D. Fitch Parkway,College Station,TX,77845,(979) 690-8463,https://anytimefitness.com/gyms/2939/college-station-tx-77845,mediainquiries@sebrands.com,6.12,Local Independent/Franchise,OpenStreetMap,College Station,30.5583923,-96.261055,osm:node:5622046654,1.0,anytime-fitness
Southern Smiles Family and Cosmetic Dentistry,,"Cosmetic and General Dentistry, Cosmetic and General Dentistry",College Station,TX,77807,(979) 775-7800,https://destinationbryan.com/,info@lakewalktx.com,,Local Chamber Member,BCS Chamber,College Station,,,,,southern-smiles-family-and-cosmetic-dentistry
The Queen Theater,Cinema,110 South Main Street,Bryan,TX,77803,,https://queenbryantx.com/,,4.37,Local Independent/Franchise,"OpenStreetMap, BCS Chamber",Downtown Bryan,30.6732433,-96.3737987,osm:way:738592588,1.0,the-queen-theater
D&D Pest Services LLC.,,,College Station,TX,77807,(979) 775-7800,https://destinationbryan.com/,info@lakewalktx.com,,Local Chamber Member,BCS Chamber,College Station,,,,,d-d-pest-services-llc
"Schultz Engineering, LLC",,,College Station,TX,77840,(979) 764-3900,http://schultzeng.com/,,,Local Chamber Member,BCS Chamber,College Station,,,,,schultz-engineering--llc
Miramont Country Club,,,College Station,TX,77802,(979) 774-7474,http://miramont.cc/,,,Local Chamber Member,BCS Chamber,College Station,30.6732371,-96.3060651,osm:way:676771771,0.84,miramont-country-club
"Dowling Electric, Inc.",,,College Station,TX,77808,(979) 774-3745,http://dowlingelectric.com/,,,Local Chamber Member,BCS Chamber,College Station,,,,,dowling-electric--inc
Comfort Suites University Drive,,,College Station,TX,,,https://choicehotels.com/texas/college-station/comfort-suites-hotels/tx761?mc=llgoxxpx,,,Local Chamber Member,BCS Chamber,Northgate,,,,,comfort-suites-university-drive
The Joint Chiropractic,,,College Station,TX,77845,(979) 325-8132,http://thejoint.com/28098,,,Local Chamber Member,BCS Chamber,College Station,,,,,the-joint-chiropractic
New Jerusalem Missionary Baptist Church of the BV,,,College Station,TX,77807,(979) 775-7800,https://destinationbryan.com/,info@lakewalktx.com,,Local Chamber Member,BCS Chamber,College Station,,,,,new-jerusalem-missionary-baptist-church-of-the-bv
Phillips Events Center at Briarcrest,Events Venue,1929 Country Club Drive,Bryan,TX,77802,(979) 776-0133,https://phillipsevents.com/,glenda@phillipsevents.com,2.79,Local Independent/Franchise,"OpenStreetMap, BCS Chamber",Bryan,30.6590818,-96.3362281,osm:way:784822158,1.0,phillips-events-center-at-briarcrest
Dean & Draper Insurance,,,College Station,TX,77845,(979) 694-1555,https://deandraper.com/brazos-valley-location,,,Local Chamber Member,BCS Chamber,College Station,,,,,dean---draper-insurance
"Sharpe Law, PC",,,College Station,TX,,,https://lonestarlawoffice.com/,,,Local Chamber Member,BCS Chamber,College Station,,,,,sharpe-law--pc
Maidpro BCS,,,College Station,TX,77807,(979) 775-7800,https://destinationbryan.com/,info@lakewalktx.com,,Local Chamber Member,BCS Chamber,College Station,,,,,maidpro-bcs
Napa Flats,,,College Station,TX,,(979) 383-2500,http://napaflats.com/,greatfood@napaflats.com,,Local Chamber Member,BCS Chamber,College Station,,,,,napa-flats
USHEALTH Advisors,,,College Station,TX,,,http://ushagent.com/RandyHildebrandt,,,Local Chamber Member,BCS Chamber,College Station,,,,,ushealth-advisors
Duddley's Draw,,,College Station,TX,77807,(979) 775-7800,https://destinationbryan.com/,info@lakewalktx.com,,Local Chamber Member,BCS Chamber,College Station,,,,,duddley-s-draw
"Thunder Elite Cheerleading, Gymnastics and Dance",Fitness Centre,4260 Boonville Road,Bryan,TX,77802,(979) 774-2914,https://thunderelitecollegestation.com/,,3.54,Local Independent/Franchise,OpenStreetMap,Bryan,30.6617857,-96.3043694,osm:way:784916139,1.0,thunder-elite-cheerleading--gymnastics-and-dance
The Inner Mind,,,College Station,TX,,(281) 503-1553,http://theinnermind.org/,info@theinnermind.org,,Local Chamber Member,BCS Chamber,College Station,,,,,the-inner-mind
Nextlink Internet,,,College Station,TX,,(855) 698-5465,http://nextlinkinternet.com/,corporate@team.nxlink.com,,Local Chamber Member,BCS Chamber,College Station,,,,,nextlink-internet
My Mobile Oil Changes LLC,,,College Station,TX,,,http://mymobileoilchanges.com/,,,Local Chamber Member,BCS Chamber,College Station,,,,,my-mobile-oil-changes-llc
The Golf Club at Texas A&M,,,College Station,TX,,,http://golfclubtamu.com/,,,Local Chamber Member,BCS Chamber,College Station,30.6174947,-96.3295689,osm:way:381345053,0.84,the-golf-club-at-texas-a-m
CAVA,Restaurant,1099 University Drive,College Station,TX,77840,(936) 571-1751,https://cava.com/locations/college-station-tx,,0.43,Local Independent/Franchise,OpenStreetMap,Northgate,30.6244897,-96.339366,osm:node:6193684318,1.0,cava
"Nichols, John P.",,,College Station,TX,77807,(979) 775-7800,https://destinationbryan.com/,info@lakewalktx.com,,Local Chamber Member,BCS Chamber,College Station,,,,,nichols--john-p
"Nesbitt & Ask, LLP",,,College Station,TX,,,http://dmnacpas.com/,dmna@dmnacpas.com,,Local Chamber Member,BCS Chamber,College Station,,,,,nesbitt---ask--llp
Texas Oil and Lube,,,College Station,TX,77807,(979) 775-7800,https://destinationbryan.com/,info@lakewalktx.com,,Local Chamber Member,BCS Chamber,College Station,,,,,texas-oil-and-lube
BCS Junk Removal,,,College Station,TX,,(979) 985-6541,http://bcsjunkremoval.com/,,,Local Chamber Member,BCS Chamber,College Station,,,,,bcs-junk-removal
Deitz Consulting LLC,,,College Station,TX,77802,(979) 383-2985,http://deitzconsulting.com/,,,Local Chamber Member,BCS Chamber,College Station,,,,,deitz-consulting-llc
Daylight Donuts,Fast Food,4248 Boonville Road,Bryan,TX,77802,,https://daylightdonuts.com/find-your-daylight,,3.57,Local Independent/Franchise,OpenStreetMap,Bryan,30.6617815,-96.3034981,osm:way:784916140,1.0,daylight-donuts
The Hair Court,,,College Station,TX,,,http://thehaircourt.com/,,,Local Chamber Member,BCS Chamber,College Station,,,,,the-hair-court
S.D.S. Plumbing LLC,,,College Station,TX,77845,(979) 255-3166,http://sds-plumbing.com/,,,Local Chamber Member,BCS Chamber,College Station,,,,,s-d-s--plumbing-llc
"Neutral Posture, Inc.",,,College Station,TX,77807,(979) 775-7800,https://destinationbryan.com/,info@lakewalktx.com,,Local Chamber Member,BCS Chamber,College Station,,,,,neutral-posture--inc
"SEnergy, Powered by Schneider Engineering",,,College Station,TX,77807,(979) 775-7800,https://destinationbryan.com/,info@lakewalktx.com,,Local Chamber Member,BCS Chamber,College Station,,,,,senergy--powered-by-schneider-engineering
Snap Fitness,Fitness Centre,4282 Boonville Road,Bryan,TX,77802,(979) 776-7627,https://snapfitness.com/us/gyms/bryan-tx,bryantx@snapfitness.com,3.57,Local Independent/Franchise,OpenStreetMap,Bryan,30.6616658,-96.303265,osm:way:784916141,1.0,snap-fitness
The BEE Community,,,College Station,TX,77807,(979) 775-7800,https://destinationbryan.com/,info@lakewalktx.com,,Local Chamber Member,BCS Chamber,College Station,,,,,the-bee-community
Martha's Bloomers,,,College Station,TX,77868,(936) 825-7400,http://marthasbloomers.com/,funjob@marthasbloomers.com,,Local Chamber Member,BCS Chamber,College Station,,,,,martha-s-bloomers
Brazos Valley Bombers,,,College Station,TX,77801,,http://bvbombers.com/,,,Local Chamber Member,BCS Chamber,College Station,,,,,brazos-valley-bombers
Senior Helpers,,,College Station,TX,77802,(979) 314-9771,http://seniorhelpers.com/tx/bryan-college-station,,,Local Chamber Member,BCS Chamber,College Station,,,,,senior-helpers
The Ranch Harley-Davidson,,,College Station,TX,,,http://theranchhd.com/,,,Local Chamber Member,BCS Chamber,College Station,,,,,the-ranch-harley-davidson
Motel 6 - Bryan,,,College Station,TX,,,http://motel6.com/,,,Local Chamber Member,BCS Chamber,College Station,,,,,motel-6---bryan
MPS Egg Farms,,,College Station,TX,77807,(979) 775-7800,https://destinationbryan.com/,info@lakewalktx.com,,Local Chamber Member,BCS Chamber,College Station,,,,,mps-egg-farms
Tilted Pint,Restaurant,4248 Boonville Road,Bryan,TX,77802,(979) 485-2360,https://tiltedpintpub.com/,,3.58,Local Independent/Franchise,OpenStreetMap,Bryan,30.6626858,-96.304725,osm:way:847343396,1.0,tilted-pint
Bryan-College Station Sister Cities International Association,,,College Station,TX,77805,,http://bcssistercities.org/,bcssistercities@gmail.com,,Local Chamber Member,BCS Chamber,College Station,,,,,bryan-college-station-sister-cities-international-association
Piada Italian Street Food,Restaurant,1025 University Drive,College Station,TX,77845,(979) 307-7611,https://mypiada.com/locations/college-station,,0.43,Local Independent/Franchise,OpenStreetMap,Northgate,30.6242523,-96.3396205,osm:node:6193684319,1.0,piada-italian-street-food
"Dennis Christiansen, P.E.",,,College Station,TX,,,http://none/,,,Local Chamber Member,BCS Chamber,College Station,,,,,dennis-christiansen--p-e
The Law Office of Fred A. Medina PLLC,,,College Station,TX,,,https://fredmedinabrazoslaw.com/,,,Local Chamber Member,BCS Chamber,College Station,,,,,the-law-office-of-fred-a--medina-pllc
Newk's Eatery,,,College Station,TX,,,http://newks.com/,,,Local Chamber Member,BCS Chamber,College Station,,,,,newk-s-eatery
"Downtown Event Services, LLC",,,College Station,TX,,(979) 822-1999,http://aggielandphotobooths.com/,,,Local Chamber Member,BCS Chamber,College Station,,,,,downtown-event-services--llc
Brazos de Dios Harley Owners Group Foundation,,,College Station,TX,,,https://theranchhd.com/local-hog-chapter,,,Local Chamber Member,BCS Chamber,College Station,,,,,brazos-de-dios-harley-owners-group-foundation
Synergy HomeCare of College Station,,"Professional in-home care backed by healthcare leadership experience, helping seniors in Bryan–College Station live safely and comfortably at home., Professional in-home care backed by healthcare leadership experience, helping seniors in Bryan–College Station live safely and comfortably at home.",College Station,TX,77802,(979) 321-8237,https://synergyhomecare.com/tx-bryan-77802,,,Local Chamber Member,BCS Chamber,College Station,,,,,synergy-homecare-of-college-station
"Burditt Consultants, LLC",,,College Station,TX,,,http://burditt.com/,,,Local Chamber Member,BCS Chamber,College Station,,,,,burditt-consultants--llc
Gate 12 Bar & Grill,Restaurant,1770 George Bush Drive West,College Station,TX,77845,(979) 775-9925,https://gate12barandgrill.com/,fohmanager@gate12barandgrill.com,2.38,Local Independent/Franchise,"OpenStreetMap, BCS Chamber",College Station,30.589927,-96.3586028,osm:way:870548424,1.0,gate-12-bar---grill
Domain Northgate,,,College Station,TX,,,http://domainnorthgate.com/,,,Local Chamber Member,BCS Chamber,Northgate,,,,,domain-northgate
Malek,,,College Station,TX,77845,(979) 446-0296,http://malekservice.com/,info@malekservice.com,,Local Chamber Member,BCS Chamber,College Station,,,,,malek
"Barker's Heating & Cooling, Inc.",,,College Station,TX,77807,(979) 775-7800,https://destinationbryan.com/,info@lakewalktx.com,,Local Chamber Member,BCS Chamber,College Station,,,,,barker-s-heating---cooling--inc
"Blinn College Foundation, Inc.",,,College Station,TX,77833,(404) 679-4500,http://blinn.edu/,chancellor@blinn.edu,,Local Chamber Member,BCS Chamber,College Station,,,,,blinn-college-foundation--inc
The George Hotel,,,College Station,TX,77840,(979) 500-6020,http://thegeorgetexas.com/,,,Local Chamber Member,BCS Chamber,College Station,,,,,the-george-hotel
Tiff's Treats,Restaurant,1099 University Drive,College Station,TX,77840,(936) 257-6005,https://cookiedelivery.com/,,0.43,Local Independent/Franchise,OpenStreetMap,Northgate,30.6244377,-96.3394303,osm:node:6193684321,1.0,tiff-s-treats
Nettles Law,,,College Station,TX,,,http://none/,,,Local Chamber Member,BCS Chamber,College Station,,,,,nettles-law
Star Cinema Grill,Cinema,1037 University Drive,College Station,TX,77840,(979) 431-3800,https://starcinemagrill.net/?field_theater_location=26,,0.46,Local Independent/Franchise,OpenStreetMap,Northgate,30.6247327,-96.3397973,osm:node:6193684323,1.0,star-cinema-grill
Dexter & Co. Insurance,,,College Station,TX,,(214) 526-5646,http://dexterinsurance.com/,hr@dextercompany.com,,Local Chamber Member,BCS Chamber,College Station,,,,,dexter---co--insurance
Memorial Funeral Chapel - Bryan,,,College Station,TX,,,http://memorialfuneralchapelbryan.com/,,,Local Chamber Member,BCS Chamber,College Station,,,,,memorial-funeral-chapel---bryan
"NGIN, LLC",,,College Station,TX,77805,(979) 721-9147,http://ngin.us/,curtis@ngin.us,,Local Chamber Member,BCS Chamber,College Station,,,,,ngin--llc
The Carlson Law Firm,,,College Station,TX,,,https://carlsonattorneys.com/locations/bryan,,,Local Chamber Member,BCS Chamber,College Station,,,,,the-carlson-law-firm
Brazos Valley African American Museum,,,College Station,TX,77803,(979) 775-3961,http://bvaam.org/,museum@bvaam.org,,Local Chamber Member,BCS Chamber,College Station,30.6790059,-96.3675721,osm:way:875624364,0.84,brazos-valley-african-american-museum
Polo Road Rec Center,Fitness Centre,322 Polo Road,College Station,TX,77843,,https://recsports.tamu.edu/polo-road-rec-center,,0.33,Local Independent/Franchise,OpenStreetMap,College Station,30.62322838512405,-96.33752363659374,osm:way:916117346,1.0,polo-road-rec-center
Hopdoddy Burger Bar,Restaurant,144 Century Court,College Station,TX,77840,(979) 272-2337,https://hopdoddy.com/locations/collegestation,,0.48,Local Independent/Franchise,OpenStreetMap,College Station,30.6253321,-96.3390535,osm:node:6193684324,1.0,hopdoddy-burger-bar
Mattress SleepCenters,,,College Station,TX,,(979) 696-3900,http://mattresssleepcenters.net/,sleepcenter05@gmail.com,,Local Chamber Member,BCS Chamber,College Station,,,,,mattress-sleepcenters
Sour Apple Repair,,"Sour Apple Repair is Located in College Station-Bryan. We are a leading, locally owned service provider. We are your local one-stop tech sales and service center., Sour Apple Repair is Located in College Station-Bryan. We are a leading, locally owned service provider. We are your local one-stop tech sales and service center.",College Station,TX,77840,(844) 768-7349,http://itsourtech.com/,hello@itsourtech.com,,Local Chamber Member,BCS Chamber,College Station,,,,,sour-apple-repair
"Maniord, Joyce",,,College Station,TX,77807,(979) 775-7800,https://destinationbryan.com/,info@lakewalktx.com,,Local Chamber Member,BCS Chamber,College Station,,,,,maniord--joyce
Dickerson Landscape,,,College Station,TX,,(979) 282-3469,http://dickersonlandscape.com/,,,Local Chamber Member,BCS Chamber,College Station,,,,,dickerson-landscape
Bluebonnet Equine Humane Society,,,College Station,TX,77841,(888) 542-5163,http://bluebonnetequine.org/,expo@bluebonnetequine.org,,Local Chamber Member,BCS Chamber,College Station,,,,,bluebonnet-equine-humane-society
Sodalis College Station - Assisted Living and Memory Care,,,College Station,TX,,,https://sodalissenior.com/college-station,,,Local Chamber Member,BCS Chamber,College Station,,,,,sodalis-college-station---assisted-living-and-memory-care
"NexPath Coaching, LLC",,,College Station,TX,77807,(979) 775-7800,https://destinationbryan.com/,info@lakewalktx.com,,Local Chamber Member,BCS Chamber,College Station,,,,,nexpath-coaching--llc
NPT Network,,,College Station,TX,77803,(979) 933-5013,http://npt-network.com/,info@npt-network.com,,Local Chamber Member,BCS Chamber,College Station,,,,,npt-network
Britt Rice Electric L.P.,,,College Station,TX,77842,(979) 693-4076,http://briceco.net/,info@carrollsystems.com,,Local Chamber Member,BCS Chamber,College Station,,,,,britt-rice-electric-l-p
Maria Mia Tex Mex Cantina,,,College Station,TX,77845,(979) 446-0074,http://mariamiatexmexcantina.com/,,,Local Chamber Member,BCS Chamber,College Station,,,,,maria-mia-tex-mex-cantina
Freddy's,Fast Food,930 North Earl Rudder Freeway,College Station,TX,77802,(979) 776-3549,https://freddys.com/location/bryan-tx,,6.14,Local Independent/Franchise,OpenStreetMap,College Station,30.6742473,-96.3379187,osm:way:1351161424,1.0,freddy-s
Blaze Pizza,Restaurant,143 Century Square Drive,College Station,TX,77840,,https://blazepizza.com/locations/TX/College-Station,,0.5,Local Independent/Franchise,OpenStreetMap,Century Square,30.6257015,-96.3385963,osm:node:6193684325,1.0,blaze-pizza
DWS Development Inc,,,College Station,TX,77807,(979) 775-7800,https://destinationbryan.com/,info@lakewalktx.com,,Local Chamber Member,BCS Chamber,College Station,,,,,dws-development-inc
DSC Web Services,,,College Station,TX,77802,(979) 351-9400,https://dsc-webservices.com/,,,Local Chamber Member,BCS Chamber,College Station,,,,,dsc-web-services
TAMU University Club,,,College Station,TX,,,http://universityclub.tamu.edu/catering.tamu.edu,,,Local Chamber Member,BCS Chamber,College Station,,,,,tamu-university-club
Texas Regional Eye Center,,,College Station,TX,77802,(979) 774-0498,http://texasregionaleye.com/,,,Local Chamber Member,BCS Chamber,College Station,30.6527265,-96.296169,osm:way:427888063,0.84,texas-regional-eye-center
Brazos Valley Landscape,,,College Station,TX,77845,(979) 690-9086,https://bvlandscape.com/,,,Local Chamber Member,BCS Chamber,College Station,,,,,brazos-valley-landscape
Sweet Paris Crêperie & Café,Restaurant,143 Century Square Drive,College Station,TX,77840,(979) 704-6200,https://sweetparis.com/locations/century-square-college-station-texas,,0.5,Local Independent/Franchise,"OpenStreetMap, BCS Chamber",Century Square,30.6257461,-96.338673,osm:node:6193684326,1.0,sweet-paris-crêperie---café
Marr-Kirkland Eye Center,,,College Station,TX,77845,(979) 776-7564,http://marreyecenter.com/,reyna.sauseda@marr-kirklandeyecenter.com,,Local Chamber Member,BCS Chamber,College Station,,,,,marr-kirkland-eye-center
Southern Star Roofing and Seamless Gutters,,,College Station,TX,77807,(979) 775-7800,https://destinationbryan.com/,info@lakewalktx.com,,Local Chamber Member,BCS Chamber,College Station,,,,,southern-star-roofing-and-seamless-gutters
MHMR Authority Of Brazos Valley,,,College Station,TX,77801,(979) 822-6467,http://mhmrabv.org/,clientrights@mhmrabv.org,,Local Chamber Member,BCS Chamber,College Station,,,,,mhmr-authority-of-brazos-valley
"Oldham Goodwin Group, LLC",,"Real Estate Simplified. At Oldham Goodwin we make investing, managing, and developing Texas real estate accessible and reliable., Real Estate Simplified. At Oldham Goodwin we make investing, managing, and developing Texas real estate accessible and reliable.",College Station,TX,,,http://oldhamgoodwin.com/,,,Local Chamber Member,BCS Chamber,College Station,,,,,oldham-goodwin-group--llc
The Stella Hotel - Autograph Collection Hotels,,,College Station,TX,,,http://thestellahotel.com/,,,Local Chamber Member,BCS Chamber,College Station,,,,,the-stella-hotel---autograph-collection-hotels
D1 Training,Fitness Centre,3121 University Drive East,Bryan,TX,77802,(979) 279-8936,https://d1training.com/,,3.09,Local Independent/Franchise,OpenStreetMap,Northgate,30.6491842,-96.2983979,osm:way:966370658,1.0,d1-training
David Gardner's Jewelers,,,College Station,TX,,,http://davidgardnersjewelers.com/,,,Local Chamber Member,BCS Chamber,College Station,30.6360584,-96.323587,osm:way:407835297,0.84,david-gardner-s-jewelers
Bryan ISD Education Foundation,,,College Station,TX,77803,(979) 209-1145,http://bryanisdfoundation.org/,foundation@bryanisd.org,,Local Chamber Member,BCS Chamber,College Station,,,,,bryan-isd-education-foundation
The Republic Steakhouse,Restaurant,701 University Drive East,College Station,TX,77840,(979) 260-4120,https://therepublicsteakhouse.com/,manager@therepublicsteakhouse.com,1.14,Local Independent/Franchise,"OpenStreetMap, BCS Chamber",Northgate,30.6338704,-96.3289892,osm:way:966848968,1.0,the-republic-steakhouse
"Baylor Scott & White EMS, Inc.",,,College Station,TX,,,http://scottandwhiteems.org/,,,Local Chamber Member,BCS Chamber,College Station,,,,,baylor-scott---white-ems--inc
Messina Hof Winery and Resort,,,College Station,TX,,,http://messinahof.com/,vip@messinahof.com,,Local Chamber Member,BCS Chamber,College Station,,,,,messina-hof-winery-and-resort
Optimum Business,,,College Station,TX,,,http://mysuddenlinknusiness.com/,,,Local Chamber Member,BCS Chamber,College Station,,,,,optimum-business
Texas A&M Foundation,,,College Station,TX,,,http://giving.tamu.edu/,,,Local Chamber Member,BCS Chamber,College Station,30.6072674,-96.3373802,osm:way:91084656,0.84,texas-a-m-foundation
"Monica D. Brown, DDS",,,College Station,TX,77807,(979) 775-7800,https://destinationbryan.com/,info@lakewalktx.com,,Local Chamber Member,BCS Chamber,College Station,,,,,monica-d--brown--dds
"Neelley, Charles",,,College Station,TX,77807,(979) 775-7800,https://destinationbryan.com/,info@lakewalktx.com,,Local Chamber Member,BCS Chamber,College Station,,,,,neelley--charles
Direct Auto Insurance,,,College Station,TX,,(800) 403-1077,http://directauto.com/,media@directauto.com,,Local Chamber Member,BCS Chamber,College Station,,,,,direct-auto-insurance
"MESS Waffles, Etc.",Restaurant,170 Century Square Drive,College Station,TX,77840,(979) 704-5200,https://messwaffles.com/,info@messwaffles.com,0.53,Local Independent/Franchise,OpenStreetMap,Century Square,30.6262682,-96.3379308,osm:node:6193684328,1.0,mess-waffles--etc
M&M Apparel,,,College Station,TX,77845,(979) 693-7773,http://m-mapparel.com/,sales@m-mapparel.com,,Local Chamber Member,BCS Chamber,College Station,,,,,m-m-apparel
Sunshine Fun Pools,,,College Station,TX,77845,(979) 690-3343,http://sunshinefunpools.com/,,,Local Chamber Member,BCS Chamber,College Station,,,,,sunshine-fun-pools
Optimum Media,,,College Station,TX,,(929) 418-4190,http://a4media.com/,sales@optimum.media,,Local Chamber Member,BCS Chamber,College Station,,,,,optimum-media
Marta Nicole Photography,,,College Station,TX,,(979) 465-2881,http://martanicolephotography.com/,marta@martanicolephotography.com,,Local Chamber Member,BCS Chamber,College Station,,,,,marta-nicole-photography
Omni-Pros Restoration,,,College Station,TX,77845,(979) 450-4504,http://omni-pros.com/,,,Local Chamber Member,BCS Chamber,College Station,,,,,omni-pros-restoration
Serenity at Briarcrest,,"Serenity at Briarcrest is a 55+ independent senior community featuring comfortable apartment homes ranging from one and two bedrooms. Choose from a variety of senior-friendly apartment sizes and floor, Serenity at Briarcrest is a 55+ independent senior community featuring comfortable apartment homes ranging from one and two bedrooms. Choose from a variety of senior-friendly apartment sizes and floor",College Station,TX,77807,(979) 775-7800,https://destinationbryan.com/,info@lakewalktx.com,,Local Chamber Member,BCS Chamber,College Station,,,,,serenity-at-briarcrest
Test Business,,,College Station,TX,77807,(979) 775-7800,https://destinationbryan.com/,info@lakewalktx.com,,Local Chamber Member,BCS Chamber,College Station,,,,,test-business
STV Inc.,,,College Station,TX,,,http://cpyi.com/,,,Local Chamber Member,BCS Chamber,College Station,,,,,stv-inc
Drury Plaza Hotel College Station,,,College Station,TX,,,http://druryhotels.com/,,,Local Chamber Member,BCS Chamber,College Station,30.6346561,-96.3289651,osm:way:1469006943,0.84,drury-plaza-hotel-college-station
Optimum Communications,,,College Station,TX,,,http://suddenlink.com/,,,Local Chamber Member,BCS Chamber,College Station,,,,,optimum-communications
Two Men and a Truck - College Station,,,College Station,TX,,(877) 720-0411,https://twomenandatruck.com/movers/tx/college-station,,,Local Chamber Member,BCS Chamber,College Station,,,,,two-men-and-a-truck---college-station
"Sustainable Roofing, LLC",,,College Station,TX,77807,(979) 775-7800,https://destinationbryan.com/,info@lakewalktx.com,,Local Chamber Member,BCS Chamber,College Station,,,,,sustainable-roofing--llc
Bubba’s 33,,,College Station,TX,,,http://bubbas33.com/,,,Local Chamber Member,BCS Chamber,College Station,,,,,bubba-s-33
MetroNet,,,College Station,TX,,(888) 885-3427,https://metronetinc.com/,customer_service@metronet.com,,Local Chamber Member,BCS Chamber,College Station,,,,,metronet
The Kimbell Cultural Event Center,,,College Station,TX,77803,(979) 202-1953,http://thekimbell.com/,events@thekimbell.com,,Local Chamber Member,BCS Chamber,College Station,,,,,the-kimbell-cultural-event-center
StataCorp LLC,,,College Station,TX,77845,(800) 782-8272,http://stata.com/,,,Local Chamber Member,BCS Chamber,College Station,,,,,statacorp-llc
Benn Law Group,,,College Station,TX,77845,(979) 393-0345,http://mytexaslawyer.net/,,,Local Chamber Member,BCS Chamber,College Station,,,,,benn-law-group
"DDD Exploration, Inc.",,,College Station,TX,77845,(806) 371-0515,http://dddexploration.com/,,,Local Chamber Member,BCS Chamber,College Station,,,,,ddd-exploration--inc
South Land Title,,,College Station,TX,,,http://southlandtitlebcs.com/,,,Local Chamber Member,BCS Chamber,College Station,30.6531802,-96.2958441,osm:way:966370649,0.84,south-land-title
"Binford Insect Control, Inc.",,,College Station,TX,77803,(979) 822-5524,http://binfordinsectcontrol.net/,contact@binfordinsectcontrol.net,,Local Chamber Member,BCS Chamber,College Station,,,,,binford-insect-control--inc
Omega Builders,,,College Station,TX,,(254) 239-0366,http://omegabuilders.com/,sponsorships@omegabuilders.com,,Local Chamber Member,BCS Chamber,College Station,,,,,omega-builders
OpEx Property Services,,,College Station,TX,,,http://opexpropertyservices.com/,,,Local Chamber Member,BCS Chamber,College Station,,,,,opex-property-services
Druery's Flat Fixing & Road Service,,,College Station,TX,,,http://do not have one yet/,,,Local Chamber Member,BCS Chamber,College Station,,,,,druery-s-flat-fixing---road-service
Mobley Pool Company,,,College Station,TX,77802,(979) 776-5557,http://mobleypools.com/,,,Local Chamber Member,BCS Chamber,College Station,,,,,mobley-pool-company
"Terracon Consultants, Inc",,,College Station,TX,,,http://terracon.com/,,,Local Chamber Member,BCS Chamber,College Station,,,,,terracon-consultants--inc
Secure Overhead Door,,,College Station,TX,77833,(979) 383-2445,http://secureoverhead.com/,derick@secureoverhead.com,,Local Chamber Member,BCS Chamber,College Station,,,,,secure-overhead-door
Tenant First,,,College Station,TX,77845,(979) 690-8068,http://tenant1.com/,info@tenant1.com,,Local Chamber Member,BCS Chamber,College Station,,,,,tenant-first
"Davis Jr., Robert S.",,,College Station,TX,77807,(979) 775-7800,https://destinationbryan.com/,info@lakewalktx.com,,Local Chamber Member,BCS Chamber,College Station,,,,,davis-jr---robert-s
Oscar & Sons Body Shop,,,College Station,TX,77808,(979) 778-6736,http://oscarandsons.com/,,,Local Chamber Member,BCS Chamber,College Station,,,,,oscar---sons-body-shop
Paolo's Italian Kitchen,Restaurant,809 University Drive East,College Station,TX,77840,(979) 485-2704,https://paolositaliankitchen.com/,,1.33,Local Independent/Franchise,OpenStreetMap,Northgate,30.635565,-96.3258714,osm:way:1089544161,1.0,paolo-s-italian-kitchen
Rough Draught Whiskey Bar,Pub,313 Church Avenue,College Station,TX,77840,(979) 704-6352,http://roughdraughtbcs.com/,info@roughdraught.com,0.63,Local Independent/Franchise,"OpenStreetMap, BCS Chamber",Northgate,30.6188177,-96.3470339,osm:node:6223353901,1.0,rough-draught-whiskey-bar
"Newman, Louis M., III",,,College Station,TX,77807,(979) 775-7800,https://destinationbryan.com/,info@lakewalktx.com,,Local Chamber Member,BCS Chamber,College Station,,,,,newman--louis-m---iii
MasFajitas,,,College Station,TX,77836,(512) 989-3232,http://masfajitas.com/,,,Local Chamber Member,BCS Chamber,College Station,,,,,masfajitas
StayAPT Suites College Station,,"Apartment-Style Hotel, Apartment-Style Hotel",College Station,TX,77807,(979) 775-7800,https://destinationbryan.com/,info@lakewalktx.com,,Local Chamber Member,BCS Chamber,College Station,,,,,stayapt-suites-college-station
Madole Equipment Rental & Sales Inc,,,College Station,TX,,,https://madolerental.com/,,,Local Chamber Member,BCS Chamber,College Station,,,,,madole-equipment-rental---sales-inc
TAMU George Bush School of Govt. & Public Service,,,College Station,TX,77843,(979) 862-3469,http://bush.tamu.edu/,jxr007@tamu.edu,,Local Chamber Member,BCS Chamber,College Station,,,,,tamu-george-bush-school-of-govt----public-service
Southside Rec Center,Fitness Centre,633 Bizzell Street,College Station,TX,77843,(979) 845-7826,https://recsports.tamu.edu/,,0.28,Local Independent/Franchise,OpenStreetMap,College Station,30.615858627009548,-96.33350512942744,osm:way:1099383188,1.0,southside-rec-center
Down Syndrome Association of Brazos Valley,,,College Station,TX,,,http://dsabv.org/,,,Local Chamber Member,BCS Chamber,College Station,,,,,down-syndrome-association-of-brazos-valley
"Derrig, Andrea",,,College Station,TX,77807,(979) 775-7800,https://destinationbryan.com/,info@lakewalktx.com,,Local Chamber Member,BCS Chamber,College Station,,,,,derrig--andrea
Tonkaway Ranch,,,College Station,TX,,(979) 776-1476,http://tonkaway.com/,,,Local Chamber Member,BCS Chamber,College Station,,,,,tonkaway-ranch
Billy's Grille & Bar,,,College Station,TX,77803,(979) 721-9989,http://billysgrillebryan.com/,,,Local Chamber Member,BCS Chamber,College Station,,,,,billy-s-grille---bar
Signature Care Emergency Center- College Station,,,College Station,TX,77840,(832) 787-0296,http://ercare24.com/college-station,,,Local Chamber Member,BCS Chamber,College Station,,,,,signature-care-emergency-center--college-station
Office of Senator Charles Schwertner,,,College Station,TX,,,http://https:/www.senate.texas.gov/member.php?d=5,,,Local Chamber Member,BCS Chamber,College Station,,,,,office-of-senator-charles-schwertner
Margie's Bar and Grill,Restaurant,320 North Main Street,Bryan,TX,77803,(979) 822-8422,https://margiesbcs.com/,,4.55,Local Independent/Franchise,OpenStreetMap,Downtown Bryan,30.676325,-96.373379,osm:way:1119484686,1.0,margie-s-bar-and-grill
Days Inn Of College Station,,,College Station,TX,,(844) 405-4141,http://daysinn.com/,accessibility@wyndham.com,,Local Chamber Member,BCS Chamber,College Station,,,,,days-inn-of-college-station
Security Finance,,,College Station,TX,,,http://securityfinance.com/,,,Local Chamber Member,BCS Chamber,College Station,,,,,security-finance
"Traditions Wealth Advisors, LLC",,,College Station,TX,,,http://traditionswealthadvisors.com/,,,Local Chamber Member,BCS Chamber,College Station,,,,,traditions-wealth-advisors--llc
Brazos Valley Rehabilitation Center,,,College Station,TX,,(555) 555-5555,http://brazostherapy.org/,mymail@mailservice.com,,Local Chamber Member,BCS Chamber,College Station,,,,,brazos-valley-rehabilitation-center
Brazos County Farm Bureau,,,College Station,TX,77807,(979) 775-7800,https://destinationbryan.com/,info@lakewalktx.com,,Local Chamber Member,BCS Chamber,College Station,,,,,brazos-county-farm-bureau
Old Bryan Marketplace,,,College Station,TX,,(979) 779-3245,http://oldbryan.com/,nicole@oldbryan.com,,Local Chamber Member,BCS Chamber,College Station,,,,,old-bryan-marketplace
Siegert Heating & A/C,,,College Station,TX,77807,(979) 775-7800,https://destinationbryan.com/,info@lakewalktx.com,,Local Chamber Member,BCS Chamber,College Station,,,,,siegert-heating---a-c
"Mariott Homes, Inc.",,,College Station,TX,77845,(979) 696-1787,http://mariotthomes.com/,,,Local Chamber Member,BCS Chamber,College Station,,,,,mariott-homes--inc
Southwood Valley Animal Hospital,,,College Station,TX,77845,(979) 693-9898,http://southwoodvalleyvet.com/,info@southwoodvalleyvet.com,,Local Chamber Member,BCS Chamber,College Station,,,,,southwood-valley-animal-hospital
Destination Bryan,,,College Station,TX,77807,(979) 775-7800,http://destinationbryan.com/,info@lakewalktx.com,,Local Chamber Member,BCS Chamber,College Station,,,,,destination-bryan
TK Sales,,,College Station,TX,77808,(979) 778-8555,http://tksales.net/,,,Local Chamber Member,BCS Chamber,College Station,,,,,tk-sales
"Beal, Oren W. Jr.",,,College Station,TX,,,http://bealinsurance.com/,,,Local Chamber Member,BCS Chamber,College Station,,,,,beal--oren-w--jr
Brazos Valley American Heart Association,,,College Station,TX,,,http://brazoscountyheartball.heart.org/,,,Local Chamber Member,BCS Chamber,College Station,,,,,brazos-valley-american-heart-association
Snelling Staffing,,,College Station,TX,,(843) 723-7400,http://snelling.com/,,,Local Chamber Member,BCS Chamber,College Station,,,,,snelling-staffing
Polite Coffee Roasters,Cafe,800 South Bryan Avenue,Bryan,TX,77803,(979) 775-8375,https://politecoffee.com/,,4.02,Local Independent/Franchise,OpenStreetMap,Bryan,30.6665072,-96.3751658,osm:way:1134395026,1.0,polite-coffee-roasters
The Good Bull Icehouse,,,College Station,TX,77807,(979) 775-7800,https://destinationbryan.com/,info@lakewalktx.com,,Local Chamber Member,BCS Chamber,College Station,,,,,the-good-bull-icehouse
The Hispanic Forum of Bryan/College Station,,,College Station,TX,77802,,http://hispanicforumbcs.org/,info@hispanicforumbcs.org,,Local Chamber Member,BCS Chamber,College Station,,,,,the-hispanic-forum-of-bryan-college-station
"Service Insurance Group, Inc",,,College Station,TX,,,http://sigbcs.com/,,,Local Chamber Member,BCS Chamber,College Station,,,,,service-insurance-group--inc
Office of Congressman Michael McCaul,,,College Station,TX,77840,(322) 815-3846,http://mccaul.house.gov/,,,Local Chamber Member,BCS Chamber,College Station,,,,,office-of-congressman-michael-mccaul
Bridgeway Home Health,,,College Station,TX,,,http://cornerstonehh.org/,,,Local Chamber Member,BCS Chamber,College Station,,,,,bridgeway-home-health
Motel 6 / Studio 6,,,College Station,TX,77807,(979) 775-7800,https://destinationbryan.com/,info@lakewalktx.com,,Local Chamber Member,BCS Chamber,College Station,,,,,motel-6---studio-6
Oishi sushi asian fusion,,,College Station,TX,77845,(979) 680-0888,http://oishisushi.kwickmenu.com/,,,Local Chamber Member,BCS Chamber,College Station,,,,,oishi-sushi-asian-fusion
Big Barn Dance Music Festival,,,College Station,TX,77807,(979) 775-7800,https://destinationbryan.com/,info@lakewalktx.com,,Local Chamber Member,BCS Chamber,College Station,,,,,big-barn-dance-music-festival
TAMU Procurement Services,,,College Station,TX,,,http://purchasing.tamu.edu/ssps,,,Local Chamber Member,BCS Chamber,College Station,,,,,tamu-procurement-services
Declaration Church,,,College Station,TX,77802,(979) 353-1158,http://declarationchurch.net/,connect@declarationchurch.net,,Local Chamber Member,BCS Chamber,College Station,30.6632362,-96.307614,osm:way:847343402,0.84,declaration-church
Casa do Brasil,Restaurant,1665 Greens Prairie Road West,College Station,TX,77845,,http://casadobrasil.com/,,6.34,Local Independent/Franchise,"OpenStreetMap, BCS Chamber",College Station,30.553942,-96.2608968,osm:way:1147778211,1.0,casa-do-brasil
Medi Weightloss,,,College Station,TX,77802,(979) 393-0369,https://mediweightloss.com/locations/collegestation,,,Local Chamber Member,BCS Chamber,College Station,,,,,medi-weightloss
MidSouth Fiber Internet,,,College Station,TX,77868,(936) 825-5100,http://midsouthfiber.com/,hello@midsouthfiber.com,,Local Chamber Member,BCS Chamber,College Station,,,,,midsouth-fiber-internet
Carter's Burgers,Restaurant,3105 Texas Avenue South,Bryan,TX,77802,(979) 779-7000,https://cartersburgerbryan.com/,,1.88,Local Independent/Franchise,OpenStreetMap,Bryan,30.6426659,-96.3515629,osm:node:8223259461,1.0,carter-s-burgers
B/CS Chamber of Commerce,,,College Station,TX,77807,(979) 775-7800,https://destinationbryan.com/,info@lakewalktx.com,,Local Chamber Member,BCS Chamber,College Station,,,,,b-cs-chamber-of-commerce
MSC OPAS,,,College Station,TX,,,http://mscopas.org/,,,Local Chamber Member,BCS Chamber,College Station,,,,,msc-opas
"Dailey Company, Inc",,,College Station,TX,77845,(979) 260-2020,http://godailey.com/,,,Local Chamber Member,BCS Chamber,College Station,,,,,dailey-company--inc
ORO Realty,,,College Station,TX,77836,(979) 567-5309,http://ororealty.com/,kristen@ororealtytx.com,,Local Chamber Member,BCS Chamber,College Station,,,,,oro-realty
THE SPORTS FACILITIES COMPANIES,,,College Station,TX,,(800) 658-1655,http://rcisportsmanagement.com/,,,Local Chamber Member,BCS Chamber,College Station,,,,,the-sports-facilities-companies
Scotty's House BV Child Advocacy Center,,,College Station,TX,77802,(800) 252-5400,http://scottyshouse.org/,,,Local Chamber Member,BCS Chamber,College Station,,,,,scotty-s-house-bv-child-advocacy-center
"Drake Environmental, LLC",,,College Station,TX,,,http://drakeenv.com/,info@drakeenv.com,,Local Chamber Member,BCS Chamber,College Station,,,,,drake-environmental--llc
Hometown Chinese Restaurant,Restaurant,3105 Texas Avenue South,Bryan,TX,77802,(979) 779-8885,http://hometownbryan.com/,,1.89,Local Independent/Franchise,OpenStreetMap,Bryan,30.6427969,-96.3517131,osm:node:8223259463,1.0,hometown-chinese-restaurant
Brazos Valley Imagination Library,,,College Station,TX,,(979) 595-4887,http://bvil.org/,bvil.info@gmail.com,,Local Chamber Member,BCS Chamber,College Station,,,,,brazos-valley-imagination-library
1860 Italia,Restaurant,1295 Arrington Road,College Station,TX,77845,(979) 977-0750,http://1860italia.com/,johnny@1860italia.com,6.07,Local Independent/Franchise,"OpenStreetMap, BCS Chamber",College Station,30.5559398,-96.2650121,osm:way:1147778612,1.0,1860-italia
D.R. Horton,,,College Station,TX,77845,(251) 447-0329,https://drhorton.com/texas/brazos-valley,,,Local Chamber Member,BCS Chamber,College Station,,,,,d-r--horton
Zan's Persian Kebabs,Restaurant,3105 Texas Avenue South,Bryan,TX,77802,(979) 822-4444,https://zandspersiankebab.com/,nfo@zandspersiankebab.com,1.9,Local Independent/Franchise,OpenStreetMap,Bryan,30.6428292,-96.3517486,osm:node:8223259462,1.0,zan-s-persian-kebabs
Morgan Stanley,,,College Station,TX,,,http://morganstanley.com/,,,Local Chamber Member,BCS Chamber,College Station,,,,,morgan-stanley
"Onyx Diamond, LLC",,,College Station,TX,77807,(979) 775-7800,https://destinationbryan.com/,info@lakewalktx.com,,Local Chamber Member,BCS Chamber,College Station,,,,,onyx-diamond--llc
Black Tie Concierge Inc,,,College Station,TX,,,http://blacktiecars.com/,,,Local Chamber Member,BCS Chamber,College Station,,,,,black-tie-concierge-inc
Over The Moon Beverages,,,College Station,TX,,,http://overthemoonbeverages.com/,,,Local Chamber Member,BCS Chamber,College Station,,,,,over-the-moon-beverages
The Blood Center of Brazos Valley,,,College Station,TX,,,http://giveblood.org/,,,Local Chamber Member,BCS Chamber,College Station,,,,,the-blood-center-of-brazos-valley
Melissa Kubeczka—Coldwell Banker Apex/Realtor,,,College Station,TX,,,https://melissakubeczka.exprealty.com/,,,Local Chamber Member,BCS Chamber,College Station,,,,,melissa-kubeczka-coldwell-banker-apex-realtor
Soiree Shop,,,College Station,TX,,(979) 985-0771,http://soireeshoptx.com/,soireeshoptx@gmail.com,,Local Chamber Member,BCS Chamber,College Station,,,,,soiree-shop
Cold Stone Creamery,Ice Cream,1408 Texas Avenue South,College Station,TX,77840,(979) 693-1702,https://coldstonecreamery.com/stores/20687,mycoldstoneclub@kahalamgmt.com,0.77,Local Independent/Franchise,OpenStreetMap,College Station,30.6179782,-96.3235656,osm:node:8226340374,1.0,cold-stone-creamery
"On-line Real Estate Services, Inc.",,,College Station,TX,77802,(979) 268-8620,http://bcsonlinerealestate.com/,ric@bcsonlinerealestate.com,,Local Chamber Member,BCS Chamber,College Station,,,,,on-line-real-estate-services--inc
Brazos Valley AC Services & Repair,,,College Station,TX,77845,(979) 213-8737,http://bvacservices.com/,office@bvacservices.com,,Local Chamber Member,BCS Chamber,College Station,,,,,brazos-valley-ac-services---repair
Outlook Wealth Advisors,,,College Station,TX,,(281) 872-1515,https://outlookwealth.com/,info@outlookwealth.com,,Local Chamber Member,BCS Chamber,College Station,,,,,outlook-wealth-advisors
Truist Home Mortgage,,,College Station,TX,77802,(979) 599-7082,http://bbt.com/dfifer,danielle.fifer@truist.com,,Local Chamber Member,BCS Chamber,College Station,,,,,truist-home-mortgage
DEGALLERY Corporation,,,College Station,TX,77807,(979) 775-7800,https://destinationbryan.com/,info@lakewalktx.com,,Local Chamber Member,BCS Chamber,College Station,,,,,degallery-corporation
"Mazurkiewicz, Dr. Jim",,,College Station,TX,77807,(979) 775-7800,https://destinationbryan.com/,info@lakewalktx.com,,Local Chamber Member,BCS Chamber,College Station,,,,,mazurkiewicz--dr--jim
Dealers Electrical Supply,,,College Station,TX,,,http://dealerselectrical.com/,,,Local Chamber Member,BCS Chamber,College Station,,,,,dealers-electrical-supply
Simmons Bank,,,College Station,TX,,(866) 246-2400,http://simmonsbank.com/,,,Local Chamber Member,BCS Chamber,College Station,,,,,simmons-bank
"Stracener, James",,,College Station,TX,,(979) 764-2080,http://sustainment.net/,,,Local Chamber Member,BCS Chamber,College Station,,,,,stracener--james
Decker Financial Group,,,College Station,TX,,,http://raymondjames.com/DavidDecker,,,Local Chamber Member,BCS Chamber,College Station,,,,,decker-financial-group
Superior Auto Service,,,College Station,TX,77807,(979) 775-7800,https://destinationbryan.com/,info@lakewalktx.com,,Local Chamber Member,BCS Chamber,College Station,,,,,superior-auto-service
Baylor Scott & White - Texas Brain & Spine Institute,,,College Station,TX,77845,(979) 207-7400,http://txbsi.com/,infotbsi@bswhealth.org,,Local Chamber Member,BCS Chamber,College Station,,,,,baylor-scott---white---texas-brain---spine-institute
Walk-On’s Sports Bistreaux,Restaurant,,College Station,TX,,,http://walk-ons.com/,,5.58,Local Independent/Franchise,"OpenStreetMap, BCS Chamber",College Station,30.5650554,-96.2664087,osm:way:1150565766,0.84,walk-on-s-sports-bistreaux
"Mitchell & Morgan, LLP",,,College Station,TX,,(979) 260-6963,http://mitchellandmorgan.com/,info@mitchellandmorgan.com,,Local Chamber Member,BCS Chamber,College Station,,,,,mitchell---morgan--llp
Premier Countertop Design,,,College Station,TX,,,https://premiercountertopdesign.com/,,,Local Chamber Member,BCS Chamber,College Station,30.5684919,-96.3091191,osm:way:1216153408,0.84,premier-countertop-design
Oakwell Academy,,,College Station,TX,77845,(979) 326-8819,http://oakwellacademy.org/,info@oakwellacademy.org,,Local Chamber Member,BCS Chamber,College Station,,,,,oakwell-academy
Texas FilmWorks,,,College Station,TX,,,http://txfilmworks.com/,info@txfilmworks.com,,Local Chamber Member,BCS Chamber,College Station,,,,,texas-filmworks
David Williams,,,College Station,TX,77807,(979) 775-7800,https://destinationbryan.com/,info@lakewalktx.com,,Local Chamber Member,BCS Chamber,College Station,,,,,david-williams
State Farm - Cole Campbell,,,College Station,TX,77845,(979) 703-6655,http://colecampbellteam.com/,,,Local Chamber Member,BCS Chamber,College Station,,,,,state-farm---cole-campbell
Imperial Chinese and Sushi,Restaurant,980 North Earl Rudder Freeway,Bryan,TX,77802,(979) 774-7888,https://imperialbcs.com/,,3.92,Local Independent/Franchise,OpenStreetMap,Bryan,30.6754575,-96.3390869,osm:node:11532305366,1.0,imperial-chinese-and-sushi
Onward Reserve,Clothes,166 Century Court,College Station,TX,77840,(979) 485-5247,https://onwardreserve.com/pages/college-station-tx,collegestation@onwardreserve.com,0.48,Local Independent/Franchise,OpenStreetMap,College Station,30.6251007,-96.3395298,osm:node:11537297797,1.0,onward-reserve
Miles Pusateri State Farm,,,College Station,TX,77807,(979) 775-7800,https://destinationbryan.com/,info@lakewalktx.com,,Local Chamber Member,BCS Chamber,College Station,,,,,miles-pusateri-state-farm
Hudson Trails Apartments,,,College Station,TX,77802,,http://hudsontrailsapts.com/,accessibility@apartments247.com,,Local Chamber Member,BCS Chamber,College Station,,,,,hudson-trails-apartments
C.C. Creations,,"C.C. Creations provides custom designed and decorated products in screen print, embroidery, promotional products, signs and banners, and trophies and awards to a diverse range of customers., C.C. Creations provides custom designed and decorated products in screen print, embroidery, promotional products, signs and banners, and trophies and awards to a diverse range of customers.",College Station,TX,,,http://cccreationsusa.com/,,,Local Chamber Member,BCS Chamber,College Station,,,,,c-c--creations
"Dudley Construction, Ltd.",,,College Station,TX,77845,(979) 776-2135,http://rmdudleyconstruction.com/,bids@rmdudleyconstruction.com,,Local Chamber Member,BCS Chamber,College Station,,,,,dudley-construction--ltd
The Draconian Lounge,Bar,211 University Drive,College Station,TX,77840,,https://draconianlounge.com/,,0.66,Local Independent/Franchise,OpenStreetMap,Northgate,30.6169424,-96.3473538,osm:node:11537299948,1.0,the-draconian-lounge
"Hernandez Law Firm, P.C.",,,College Station,TX,77802,(956) 369-4480,http://hdzfirm.com/,hello@martinez.ai,,Local Chamber Member,BCS Chamber,College Station,,,,,hernandez-law-firm--p-c
Oakwood Custom Homes Group,,,College Station,TX,77845,(979) 690-1504,http://oakchb.com/,oakwoodcustomhomesinfo@gmail.com,,Local Chamber Member,BCS Chamber,College Station,,,,,oakwood-custom-homes-group
Quicker Sticker,,"Quicker Sticker is College Station’s trusted, full-service auto repair and maintenance center. We specialize in brake repair, suspension service, AC repair, and engine work for all makes & models., Quicker Sticker is College Station’s trusted, full-service auto repair and maintenance center. We specialize in brake repair, suspension service, AC repair, and engine work for all makes & models.",College Station,TX,77845,(979) 693-8512,http://quickerstickertx.com/,,,Local Chamber Member,BCS Chamber,College Station,,,,,quicker-sticker
MOD Pizza,Fast Food,11655 Wellborn Road,College Station,TX,77840,(979) 639-5540,https://locations.modpizza.com/usa/tx/college-station/11655-fm-2154,,2.53,Local Independent/Franchise,OpenStreetMap,College Station,30.5837839,-96.3234627,osm:node:11575726664,1.0,mod-pizza
Capital Title of Texas -Bryan/ College Station,,,College Station,TX,,,https://ctot.com/locations/central-texas/office-map/bryan-college-station,,,Local Chamber Member,BCS Chamber,College Station,,,,,capital-title-of-texas--bryan--college-station
Sterling Kia,,,College Station,TX,77807,(979) 775-7800,https://destinationbryan.com/,info@lakewalktx.com,,Local Chamber Member,BCS Chamber,College Station,30.6488147,-96.318007,osm:way:1013640223,0.84,sterling-kia
Quinntastic Bites,,,College Station,TX,,,http://quinntastic.com/,,,Local Chamber Member,BCS Chamber,College Station,,,,,quinntastic-bites
Higginbotham Insurance - Brown Team,,,College Station,TX,,,http://bcins.net/,,,Local Chamber Member,BCS Chamber,College Station,,,,,higginbotham-insurance---brown-team
Oak Creek Home Center,,,College Station,TX,,,http://oakcreekbryan.com/bryan,,,Local Chamber Member,BCS Chamber,College Station,,,,,oak-creek-home-center
Holiday Inn Hotel & Suites Aggieland,,,College Station,TX,,,http://holiday-inn.com/,,,Local Chamber Member,BCS Chamber,College Station,,,,,holiday-inn-hotel---suites-aggieland
Brazos Valley Endodontic Associates,,,College Station,TX,77807,(979) 775-7800,https://destinationbryan.com/,info@lakewalktx.com,,Local Chamber Member,BCS Chamber,College Station,,,,,brazos-valley-endodontic-associates
Home Instead,,,College Station,TX,77802,(979) 268-6880,http://homeinstead.com/bcs,,,Local Chamber Member,BCS Chamber,College Station,,,,,home-instead
"Razen Thomas & Rick Gray, REALTORS®",,"Comprehensive real estate services specializing in the Brazos Valley., Comprehensive real estate services specializing in the Brazos Valley.",College Station,TX,,,https://debrajanesluxury.com/about,,,Local Chamber Member,BCS Chamber,College Station,,,,,razen-thomas---rick-gray--realtors
C.E. Borman & Associates,,,College Station,TX,,,http://ceborman.com/,,,Local Chamber Member,BCS Chamber,College Station,,,,,c-e--borman---associates
Quiddity Engineering,,"Quiddity is an award-winning, full-service civil engineering, planning, surveying, and consulting firm. Our mission is simple: to enhance lives through engineering excellence., Quiddity is an award-winning, full-service civil engineering, planning, surveying, and consulting firm. Our mission is simple: to enhance lives through engineering excellence.",College Station,TX,77845,(713) 777-5337,https://quiddity.com/,,,Local Chamber Member,BCS Chamber,College Station,,,,,quiddity-engineering
"College Station Ford Lincoln, LLC",,,College Station,TX,77845,(979) 431-3389,http://collegestationford.com/,,,Local Chamber Member,BCS Chamber,College Station,,,,,college-station-ford-lincoln--llc
Rivers Family Dentistry,,,College Station,TX,77801,(979) 710-2216,https://riversdentistry.com/,,,Local Chamber Member,BCS Chamber,College Station,,,,,rivers-family-dentistry
Cactus Claim Service LLC,,,College Station,TX,,,https://cactusclaims.com/,,,Local Chamber Member,BCS Chamber,College Station,,,,,cactus-claim-service-llc
"HOTWORX Bryan, TX",,,College Station,TX,77802,(802) 979-3141,https://hotworx.net/studio/bryan-universitydriveeast,studio.tx0191@hotworx.net,,Local Chamber Member,BCS Chamber,College Station,,,,,hotworx-bryan--tx
PJ's Coffee,,,College Station,TX,77845,(979) 450-7955,https://locations.pjscoffee.com/tx/collegestation/coffee-shop-tx0071.html,,,Local Chamber Member,BCS Chamber,College Station,,,,,pj-s-coffee
Burger Mojo,Fast Food,209 University Drive East,College Station,TX,77840,,https://burgermojo.com/,,2.17,Local Independent/Franchise,"OpenStreetMap, BCS Chamber",Northgate,30.6295576,-96.3336503,osm:way:866792673,1.0,burger-mojo
TSB Social Media Agency LLC,,,College Station,TX,77807,(979) 775-7800,https://destinationbryan.com/,info@lakewalktx.com,,Local Chamber Member,BCS Chamber,College Station,,,,,tsb-social-media-agency-llc
Heritage Row Chiropractic,,,College Station,TX,,,http://heritagerowchiro.com/,,,Local Chamber Member,BCS Chamber,College Station,,,,,heritage-row-chiropractic
Canvas & Easel Insurance,,,College Station,TX,,,https://healthsherpa.com/?_agent_id=samantha-chamberlain,,,Local Chamber Member,BCS Chamber,College Station,,,,,canvas---easel-insurance
Realty One Group Amplified,,,College Station,TX,,,http://realtyonegroupamplified.com/,,,Local Chamber Member,BCS Chamber,College Station,,,,,realty-one-group-amplified
Precision Garage Door Service of Bryan-College Station,,,College Station,TX,77845,(979) 216-5190,https://precisiondoorbrazosvalley.com/,,,Local Chamber Member,BCS Chamber,College Station,,,,,precision-garage-door-service-of-bryan-college-station
PlanNorth Architectural Co.,,,College Station,TX,77833,(979) 421-8003,http://plannorth.com/,,,Local Chamber Member,BCS Chamber,College Station,,,,,plannorth-architectural-co
Conlee-Garrett Moving & Storage,,"Commercial & Residential Moving & Storage Services, Commercial & Residential Moving & Storage Services",College Station,TX,77801,(979) 779-1341,http://cgcmoving.com/,,,Local Chamber Member,BCS Chamber,College Station,,,,,conlee-garrett-moving---storage
Shun De Mom,Restaurant,717 University Drive,College Station,TX,77840,(979) 696-9288,https://sdmomexpress.m988.com/phone/pages/home.html,,0.42,Local Independent/Franchise,OpenStreetMap,Northgate,30.6215053,-96.3426852,osm:node:11705095327,1.0,shun-de-mom
"Rail & Rye, LLC",,,College Station,TX,,,http://railandrye.com/,,,Local Chamber Member,BCS Chamber,College Station,,,,,rail---rye--llc
Highland Villas,,,College Station,TX,,,http://highland-villas.com/,,,Local Chamber Member,BCS Chamber,College Station,,,,,highland-villas
"Capital Farm Credit, ACA",,"A trusted lender offering loans and financial services to Texas agriculture and rural communities., A trusted lender offering loans and financial services to Texas agriculture and rural communities.",College Station,TX,,,http://capitalfarmcredit.com/,,,Local Chamber Member,BCS Chamber,College Station,,,,,capital-farm-credit--aca
Raven Homes,,,College Station,TX,77801,(979) 229-4382,http://ravenhomes.net/,,,Local Chamber Member,BCS Chamber,College Station,,,,,raven-homes
Protocol IT Solutions,,,College Station,TX,77805,(979) 314-4118,https://pro-it.com/,,,Local Chamber Member,BCS Chamber,College Station,,,,,protocol-it-solutions
PopStroke,,,College Station,TX,,(561) 203-7974,http://popstroke.com/,info@popstroke.com,,Local Chamber Member,BCS Chamber,College Station,30.6250363,-96.3425392,osm:way:1352139140,0.84,popstroke
Hudson Creek Alzheimer's Special Care Center,,,College Station,TX,,(800) 254-9442,http://jeaseniorliving.com/,vendorinquiries@sincerisl.com,,Local Chamber Member,BCS Chamber,College Station,,,,,hudson-creek-alzheimer-s-special-care-center
Nick The Greek,Fast Food,1411 Wellborn Road,College Station,TX,77840,(979) 703-1196,https://nickthegreek.com/wellborn,,1.85,Local Independent/Franchise,OpenStreetMap,College Station,30.592404,-96.3306479,osm:node:11910477659,1.0,nick-the-greek
"Hickman, Royce",,,College Station,TX,77807,(979) 775-7800,https://destinationbryan.com/,info@lakewalktx.com,,Local Chamber Member,BCS Chamber,College Station,,,,,hickman--royce
Raging Bull Street Tacos,,,College Station,TX,,(979) 551-5116,http://ragingbullstreettacos.com/,,,Local Chamber Member,BCS Chamber,College Station,,,,,raging-bull-street-tacos
RoadStar Moving,,"Professional Movers Who Care | Aggie Owned & Operated | Licensed & Insured | Local & Long Distance | Commercial | Packing Services, Professional Movers Who Care | Aggie Owned & Operated | Licensed & Insured | Local & Long Distance | Commercial | Packing Services",College Station,TX,,,http://roadstarmoving.com/,,,Local Chamber Member,BCS Chamber,College Station,,,,,roadstar-moving
Playfly Max,,,College Station,TX,,,https://playfly.com/,,,Local Chamber Member,BCS Chamber,College Station,,,,,playfly-max
Pluckers Wing Bar,Restaurant,990 University Drive East,College Station,TX,77840,(979) 380-9464,https://pluckers.com/location/college-station,stishgart@pluckers.net,1.38,Local Independent/Franchise,OpenStreetMap,Northgate,30.6346112,-96.3223946,osm:node:12399559523,1.0,pluckers-wing-bar
Brazos Valley Hospitality Association,,,College Station,TX,77807,(979) 775-7800,https://destinationbryan.com/,info@lakewalktx.com,,Local Chamber Member,BCS Chamber,College Station,,,,,brazos-valley-hospitality-association
Right At Home,,,College Station,TX,,,http://rahcentex.com/,,,Local Chamber Member,BCS Chamber,College Station,,,,,right-at-home
Pink Alliance,,,College Station,TX,77805,(979) 587-1342,http://pinkalliance.org/,tmpaine2008@gmail.com,,Local Chamber Member,BCS Chamber,College Station,,,,,pink-alliance
Nautical Bowls,Fast Food,717 University Drive,College Station,TX,77840,,http://nauticalbowls.com/,,0.42,Local Independent/Franchise,"OpenStreetMap, BCS Chamber",Northgate,30.6215978,-96.3428047,osm:node:12511051517,1.0,nautical-bowls
"CGM Home Builders, Inc.",,,College Station,TX,77845,(979) 764-6701,http://cgmhomes.com/,cgmhomes@cgmhomes.com,,Local Chamber Member,BCS Chamber,College Station,,,,,cgm-home-builders--inc
Calm Waters Plumbing,,,College Station,TX,,,https://callcalmwaters.com/,,,Local Chamber Member,BCS Chamber,College Station,,,,,calm-waters-plumbing
"Ozarka Bottled Water/Lange Distributing Company, Inc",,,College Station,TX,77807,(979) 775-7800,https://destinationbryan.com/,info@lakewalktx.com,,Local Chamber Member,BCS Chamber,College Station,,,,,ozarka-bottled-water-lange-distributing-company--inc
Sun Beam Bagels & Coffee,Coffee,315 South Main Street,College Station,TX,77803,,http://sunbeambagles.com/,,4.25,Local Independent/Franchise,OpenStreetMap,College Station,30.6715411,-96.3731216,osm:node:12516400101,1.0,sun-beam-bagels---coffee
CDM Smith,,,College Station,TX,,(617) 452-6000,http://cdmsmith.com/,,,Local Chamber Member,BCS Chamber,College Station,,,,,cdm-smith
Hilton Garden Inn Bryan/College Station,,,College Station,TX,,,http://collegestation.hgi.com/,,,Local Chamber Member,BCS Chamber,College Station,,,,,hilton-garden-inn-bryan-college-station
Recalibrate Performance and Rehab,,,College Station,TX,77840,(979) 221-6673,http://i-need-pt.com/,dochartley@i-need-pt.com,,Local Chamber Member,BCS Chamber,College Station,,,,,recalibrate-performance-and-rehab
Holleman Tavern,,,College Station,TX,,,https://hollemantavern.com/,,,Local Chamber Member,BCS Chamber,College Station,,,,,holleman-tavern
Plygem Windows and Extrusion,,,College Station,TX,,,http://plygem.com/,,,Local Chamber Member,BCS Chamber,College Station,,,,,plygem-windows-and-extrusion
Crunch Fitness,,,College Station,TX,77840,(979) 314-9333,https://crunch.com/locations/college-station,info@crunchcollegestationtx.com,,Local Chamber Member,BCS Chamber,College Station,,,,,crunch-fitness
"Hammatt, Rob",,,College Station,TX,,,http://huyett.com/,,,Local Chamber Member,BCS Chamber,College Station,,,,,hammatt--rob
House Doctors,,,College Station,TX,77868,(979) 493-5074,http://housedoctors.com/collegestation,,,Local Chamber Member,BCS Chamber,College Station,,,,,house-doctors
College Station Hyundai,,,College Station,TX,,,http://collegestationhyundai.com/,,,Local Chamber Member,BCS Chamber,College Station,30.5946415,-96.2885991,osm:way:1013629249,0.822,college-station-hyundai
Oliver Brothers Transmissions,,,College Station,TX,,(254) 547-8034,http://oliverbrotherstransmissions.com/,oliverbrostransmissions@gmail.com,,Local Chamber Member,BCS Chamber,College Station,,,,,oliver-brothers-transmissions
Bleyl Engineering,,,College Station,TX,77807,(979) 775-7800,https://destinationbryan.com/,info@lakewalktx.com,,Local Chamber Member,BCS Chamber,College Station,,,,,bleyl-engineering
Rotary Club of Aggieland,,,College Station,TX,77845,,https://portal.clubrunner.ca/3795,,,Local Chamber Member,BCS Chamber,College Station,,,,,rotary-club-of-aggieland
PACT Design Studio,,,College Station,TX,77803,(979) 704-6894,http://pactdesignstudio.com/,info@pactdesignstudio.com,,Local Chamber Member,BCS Chamber,College Station,,,,,pact-design-studio
Candor Roofing Solutions,,,College Station,TX,77807,(979) 775-7800,https://destinationbryan.com/,info@lakewalktx.com,,Local Chamber Member,BCS Chamber,College Station,,,,,candor-roofing-solutions
"Central Texas Sports Medicine & Orthopaedics, PA",,,College Station,TX,77802,(979) 776-0169,http://centexsportsmedicine.com/,info@centexsportsmedicine.com,,Local Chamber Member,BCS Chamber,College Station,,,,,central-texas-sports-medicine---orthopaedics--pa
College Station Wyndham Garden Hotel,,,College Station,TX,77845,(844) 405-4141,https://wyndhamhotels.com/wyndham-garden/college-station-texas/wyndham-garden-college-station/overview,accessibility@wyndham.com,,Local Chamber Member,BCS Chamber,College Station,,,,,college-station-wyndham-garden-hotel
R&S Leasing,,,College Station,TX,77845,(979) 846-6300,http://rsleasingbcs.com/,,,Local Chamber Member,BCS Chamber,College Station,,,,,r-s-leasing
Retreat & Co. Design Build,,,College Station,TX,,,http://retreatandco.com/,,,Local Chamber Member,BCS Chamber,College Station,,,,,retreat---co--design-build
Pilger's Tire & Auto Center,,,College Station,TX,77840,(979) 696-1729,http://pilgerstire.com/,,,Local Chamber Member,BCS Chamber,College Station,30.6301559,-96.3317045,osm:way:407800661,0.84,pilger-s-tire---auto-center
Project Control of Texas,,,College Station,TX,,,http://projectcontrol.com/,,,Local Chamber Member,BCS Chamber,College Station,,,,,project-control-of-texas
Positive Recovery Centers Bryan-College Station,,,College Station,TX,77807,(979) 775-7800,https://destinationbryan.com/,info@lakewalktx.com,,Local Chamber Member,BCS Chamber,College Station,,,,,positive-recovery-centers-bryan-college-station
Hampton Inn & Suites,,,College Station,TX,,,http://hamptoninn.com/,,,Local Chamber Member,BCS Chamber,College Station,30.6400399,-96.3068099,osm:way:319043476,0.84,hampton-inn---suites
Hush & Whisper Distilling,,,College Station,TX,,,http://hushandwhisper.com/,,,Local Chamber Member,BCS Chamber,College Station,,,,,hush---whisper-distilling
Clean Eatz,,,College Station,TX,,,http://cleaneatz.com/,,,Local Chamber Member,BCS Chamber,College Station,,,,,clean-eatz
Container Source Storage and Roll-Off,,,College Station,TX,77833,(979) 830-5350,http://containersourceinc.com/,office@containersourceinc.com,,Local Chamber Member,BCS Chamber,College Station,,,,,container-source-storage-and-roll-off
"Reveille Real Estate Appraisal, LLC",,,College Station,TX,77845,(979) 777-9157,http://reveilleappraisal.com/,john.cox@reveilleappraisal.com,,Local Chamber Member,BCS Chamber,College Station,,,,,reveille-real-estate-appraisal--llc
"Hughes, Billy",,,College Station,TX,77807,(979) 775-7800,https://destinationbryan.com/,info@lakewalktx.com,,Local Chamber Member,BCS Chamber,College Station,,,,,hughes--billy
Half Baked Goodness - College Station,,,College Station,TX,77840,(479) 553-7330,http://halfbakedgoodness.com/,mueschke@halfbakedgoodness.com,,Local Chamber Member,BCS Chamber,College Station,,,,,half-baked-goodness---college-station
Producers Cooperative Association,,,College Station,TX,77803,(254) 266-7501,http://producerscooperative.com/,producers@producerscooperative.com,,Local Chamber Member,BCS Chamber,College Station,,,,,producers-cooperative-association
Hotworx College Station (South),,,College Station,TX,77845,(979) 703-1545,https://hotworx.net/studio/collegestation-south,studio.tx0090@hotworx.net,,Local Chamber Member,BCS Chamber,College Station,,,,,hotworx-college-station--south
Another Broken Egg Cafe,Restaurant,,College Station,TX,,,https://anotherbrokenegg.com/about,,2.5,Local Independent/Franchise,"OpenStreetMap, BCS Chamber",College Station,30.5840171,-96.3244759,osm:node:12732396294,0.84,another-broken-egg-cafe
Hays Behavioral Health Group,,,College Station,TX,77840,(281) 882-3706,http://haysbehavioral.com/,,,Local Chamber Member,BCS Chamber,College Station,,,,,hays-behavioral-health-group
RNL Homes,,,College Station,TX,77845,(979) 977-5803,http://rnlhomes.com/,,,Local Chamber Member,BCS Chamber,College Station,,,,,rnl-homes
Rotary Club of College Station,,,College Station,TX,,,http://csrotaryclub.org/,,,Local Chamber Member,BCS Chamber,College Station,,,,,rotary-club-of-college-station
Project Unity,,,College Station,TX,77805,(979) 595-2900,http://projectunitytx.org/,info@project-unity.org,,Local Chamber Member,BCS Chamber,College Station,,,,,project-unity
"Russell, Korrina",,,College Station,TX,,,http://krussell.cbapex.com/,,,Local Chamber Member,BCS Chamber,College Station,,,,,russell--korrina
Chicken Salad Chick,Fast Food,,College Station,TX,,,http://chickensaladchick.com/,,2.52,Local Independent/Franchise,"OpenStreetMap, BCS Chamber",College Station,30.5837603,-96.3241982,osm:node:12732396295,0.84,chicken-salad-chick
"Compass Environmental Solutions, LLC",,,College Station,TX,,(832) 595-9064,https://compassenvsolutions.com/,info@compassenvs.com,,Local Chamber Member,BCS Chamber,College Station,,,,,compass-environmental-solutions--llc
Premiere Events,,,College Station,TX,,,https://premiereeventsonline.com/,,,Local Chamber Member,BCS Chamber,College Station,,,,,premiere-events
Pye-Barker,,,College Station,TX,,(512) 251-7888,http://koetterfire.com/,,,Local Chamber Member,BCS Chamber,College Station,,,,,pye-barker
Pebble Creek Country Club,,,College Station,TX,77845,(979) 690-0996,http://pebblecreek.cc/,,,Local Chamber Member,BCS Chamber,College Station,30.567672,-96.2354869,osm:way:485208729,0.84,pebble-creek-country-club
Red Wing Shoes,,,College Station,TX,,,http://bryan.redwingshoestore.com/,,,Local Chamber Member,BCS Chamber,College Station,,,,,red-wing-shoes
Cashion Dental,,,College Station,TX,77845,(979) 693-6723,http://cashiondental.com/,info@cashiondental.com,,Local Chamber Member,BCS Chamber,College Station,,,,,cashion-dental
CoolVu of BCS,,,College Station,TX,,(844) 426-6588,http://coolvu.com/collegestation,,,Local Chamber Member,BCS Chamber,College Station,,,,,coolvu-of-bcs
RNR Tire Express Texas,,,College Station,TX,,,http://rnrwheels.com/,,,Local Chamber Member,BCS Chamber,College Station,,,,,rnr-tire-express-texas
Hampton Inn,,,College Station,TX,,,http://collegestation.hamptoninn.com/,,,Local Chamber Member,BCS Chamber,College Station,,,,,hampton-inn
Charlie Rhea - EOS Worldwide,,,College Station,TX,,,https://eosworldwide.com/charlie-rhea,,,Local Chamber Member,BCS Chamber,College Station,,,,,charlie-rhea---eos-worldwide
Roni's Mac Bar,,,College Station,TX,,,http://ronismacbar.com/,hello@ronismacbar.com,,Local Chamber Member,BCS Chamber,College Station,,,,,roni-s-mac-bar
Hancock Whitney Bank,,,College Station,TX,,(800) 448-8812,http://hancockwhitney.com/,,,Local Chamber Member,BCS Chamber,College Station,,,,,hancock-whitney-bank
Oak Forest Management,,,College Station,TX,,,http://oakforestmanagement.com/,,,Local Chamber Member,BCS Chamber,College Station,,,,,oak-forest-management
Paragon Financial Advisors,,,College Station,TX,77845,(979) 693-3907,http://paragon-adv.com/,info@paragon-adv.com,,Local Chamber Member,BCS Chamber,College Station,,,,,paragon-financial-advisors
"Rhodes, Sabrina K.",,,College Station,TX,,,http://fa.ml.com/rhodes_group,,,Local Chamber Member,BCS Chamber,College Station,,,,,rhodes--sabrina-k
"ProStar Industries, Inc.",,,College Station,TX,77803,(800) 262-7104,http://prostarindustries.com/,info@prostarind.com,,Local Chamber Member,BCS Chamber,College Station,,,,,prostar-industries--inc
Perry,,,College Station,TX,,(800) 234-6605,http://perrytexas.com/,,,Local Chamber Member,BCS Chamber,College Station,,,,,perry
Rowdy Paws' Pet Lodge,,,College Station,TX,77803,(979) 977-7170,https://rowdypawspetlodge.com/,howdy@rowdypawspetlodge.com,,Local Chamber Member,BCS Chamber,College Station,,,,,rowdy-paws--pet-lodge
Costco Wholesale,,,College Station,TX,,,http://costco.com/,,,Local Chamber Member,BCS Chamber,College Station,,,,,costco-wholesale
Post Oak Mall,,,College Station,TX,77840,(979) 764-0060,http://postoakmall.com/,,,Local Chamber Member,BCS Chamber,College Station,30.6241726,-96.3034636,osm:way:259835716,0.84,post-oak-mall
Harmony Science Academy - B/CS,,,College Station,TX,77802,(979) 779-2100,http://hsabryan.harmonytx.org/,enroll@harmonytx.org,,Local Chamber Member,BCS Chamber,College Station,,,,,harmony-science-academy---b-cs
Principal Financial Group,,,College Station,TX,77807,(979) 775-7800,https://destinationbryan.com/,info@lakewalktx.com,,Local Chamber Member,BCS Chamber,College Station,,,,,principal-financial-group
Home2 Suites College Station,,,College Station,TX,,,http://collegestation.home2suites.com/,,,Local Chamber Member,BCS Chamber,College Station,,,,,home2-suites-college-station
"Pain in the Rear View, LLC",,,College Station,TX,,,http://painintherearview.com/,,,Local Chamber Member,BCS Chamber,College Station,,,,,pain-in-the-rear-view--llc
Cirka Outdoors,,,College Station,TX,,(979) 218-9183,http://cirkaoutdoors.com/,ryan@cirkaoutdoors.com,,Local Chamber Member,BCS Chamber,College Station,,,,,cirka-outdoors
Rx Pizza & Bar - Downtown Bryan,,,College Station,TX,,,http://rxpizza.com/,,,Local Chamber Member,BCS Chamber,College Station,,,,,rx-pizza---bar---downtown-bryan
H&R Cleaning,,,College Station,TX,77801,(979) 485-5260,http://handrcleaning.com/,info@handrcleaning.com,,Local Chamber Member,BCS Chamber,College Station,,,,,h-r-cleaning
Rudy's Texas BBQ,,,College Station,TX,77807,(979) 775-7800,https://destinationbryan.com/,info@lakewalktx.com,,Local Chamber Member,BCS Chamber,College Station,,,,,rudy-s-texas-bbq
Hyatt House Bryan/College Station,,,College Station,TX,,,https://hyatt.com/en-US/hotel/texas/hyatt-house-bryan-college-station/iahxb,,,Local Chamber Member,BCS Chamber,College Station,30.664147,-96.3240502,osm:way:1106789768,0.84,hyatt-house-bryan-college-station
The Angry Elephant,Pub,4282 Boonville Road,College Station,TX,77802,(979) 485-2450,https://theangryelephantbar.com/bryan,,3.57,Local Independent/Franchise,OpenStreetMap,College Station,30.6618245,-96.3034614,osm:node:12988493001,1.0,the-angry-elephant
Circle P Feed & Supply,,,College Station,TX,,,http://circlepfeedstore.com/,,,Local Chamber Member,BCS Chamber,College Station,,,,,circle-p-feed---supply
Rock Lake Retreats & Events,,,College Station,TX,,(936) 873-2700,http://rocklakeretreatsevents.com/,info@rocklakeretreatsevents.com,,Local Chamber Member,BCS Chamber,College Station,,,,,rock-lake-retreats---events
"Hicks, David C.",,,College Station,TX,77807,(979) 775-7800,https://destinationbryan.com/,info@lakewalktx.com,,Local Chamber Member,BCS Chamber,College Station,,,,,hicks--david-c
Prosperity Bank - Wellborn Road,,,College Station,TX,,,http://prosperitybank.usa.com/,,,Local Chamber Member,BCS Chamber,College Station,,,,,prosperity-bank---wellborn-road
Holiday Inn Express Hotel & Suites,,,College Station,TX,,,http://hiexpress.com/,,,Local Chamber Member,BCS Chamber,College Station,,,,,holiday-inn-express-hotel---suites
"Holman's Quality Plumbing, LP",,,College Station,TX,77807,(979) 775-7800,https://destinationbryan.com/,info@lakewalktx.com,,Local Chamber Member,BCS Chamber,College Station,,,,,holman-s-quality-plumbing--lp
Renner Academy,,,College Station,TX,77807,(979) 775-7800,https://destinationbryan.com/,info@lakewalktx.com,,Local Chamber Member,BCS Chamber,College Station,,,,,renner-academy
Charity The Clown,,,College Station,TX,77808,(979) 255-6482,http://charitytheclown.com/,charitytheclown@yahoo.com,,Local Chamber Member,BCS Chamber,College Station,,,,,charity-the-clown
"Riverstone Companies, LLC",,,College Station,TX,77840,(979) 431-4400,http://riverstonecos.com/,info@riverstonecos.com,,Local Chamber Member,BCS Chamber,College Station,,,,,riverstone-companies--llc
Pride Cleaners,,,College Station,TX,77854,(979) 676-4400,http://pridecleaners.net/,,,Local Chamber Member,BCS Chamber,College Station,,,,,pride-cleaners
Tanaka Ramen,Restaurant,1617 Texas Avenue South,College Station,TX,77840,(979) 704-5060,https://tanakaramencollegestation.com/,,0.95,Local Independent/Franchise,OpenStreetMap,College Station,30.6185222,-96.3205758,osm:node:13276911679,1.0,tanaka-ramen
CMC Construction Services dba Shepler's,,,College Station,TX,,,http://cmcconstructionservices.com/,,,Local Chamber Member,BCS Chamber,College Station,,,,,cmc-construction-services-dba-shepler-s
"HOOPER CUSTOM HOMES, LLC",,,College Station,TX,,(979) 402-2749,http://hoopercustomhomes.com/,build@hoopercustomhomes.com,,Local Chamber Member,BCS Chamber,College Station,,,,,hooper-custom-homes--llc
Cocktails 4 U,,"Cocktails 4 U is an event bar service offering the best customer service available. Contact us at Cocktails 4 U to help take the stress out of your event planning., Cocktails 4 U is an event bar service offering the best customer service available. Contact us at Cocktails 4 U to help take the stress out of your event planning.",College Station,TX,77807,(979) 775-7800,https://destinationbryan.com/,info@lakewalktx.com,,Local Chamber Member,BCS Chamber,College Station,,,,,cocktails-4-u
Renewal By Andersen,,,College Station,TX,,(833) 456-0066,http://rbahouston.com/,isclead@rbahouston.com,,Local Chamber Member,BCS Chamber,College Station,,,,,renewal-by-andersen
"Howdy Hangout, LLC",,,College Station,TX,,,http://howdyhangout.com/,,,Local Chamber Member,BCS Chamber,College Station,,,,,howdy-hangout--llc
Hidden Creek RV Resort,,,College Station,TX,77808,(979) 778-1200,http://hiddencreekrv.com/,,,Local Chamber Member,BCS Chamber,College Station,,,,,hidden-creek-rv-resort
Physician's Premier ER,,,College Station,TX,,(361) 980-0911,http://mdpremier.com/,medicalrecords@mdpremier.com,,Local Chamber Member,BCS Chamber,College Station,,,,,physician-s-premier-er
Caldwell Companies,,"Commercial Real Estate - Brokerage, Development, Investment, and Property Management, Commercial Real Estate - Brokerage, Development, Investment, and Property Management",College Station,TX,77807,(979) 775-7800,https://destinationbryan.com/,info@lakewalktx.com,,Local Chamber Member,BCS Chamber,College Station,,,,,caldwell-companies
The Scout Guide Brazos Valley,,"TSG Brazos Valley is the newest print publication in the area, dedicated to highlighting, showcasing, and supporting the finest local businesses through our annual guidebook., TSG Brazos Valley is the newest print publication in the area, dedicated to highlighting, showcasing, and supporting the finest local businesses through our annual guidebook.",College Station,TX,,,http://thescoutguide.com/brazos-valley,,,Local Chamber Member,BCS Chamber,College Station,,,,,the-scout-guide-brazos-valley
Holiday Inn Express - Bryan,,,College Station,TX,77807,(979) 775-7800,https://destinationbryan.com/,info@lakewalktx.com,,Local Chamber Member,BCS Chamber,College Station,,,,,holiday-inn-express---bryan
Ranger Home Builders,,,College Station,TX,77808,(979) 324-8089,http://rangerhomebuilders.com/,martha@rangerhomebuilders.com,,Local Chamber Member,BCS Chamber,College Station,,,,,ranger-home-builders
SMART Vending Solutions,,,College Station,TX,,,http://n/A,,,Local Chamber Member,BCS Chamber,College Station,,,,,smart-vending-solutions
Greater Texas Foundation,,,College Station,TX,,,http://greatertexasfoundation.org/,,,Local Chamber Member,BCS Chamber,College Station,,,,,greater-texas-foundation
Aggieland Bartending,,,College Station,TX,,(979) 220-1141,http://aggielandbartending.com/,laura@aggielandbartending.com,,Local Chamber Member,BCS Chamber,College Station,,,,,aggieland-bartending
Pizarro Allen,,,College Station,TX,77807,(979) 775-7800,https://destinationbryan.com/,info@lakewalktx.com,,Local Chamber Member,BCS Chamber,College Station,,,,,pizarro-allen
Aggieland Financial Solutions,,,College Station,TX,,(512) 501-8211,https://gtfcu.org/financial-solutions,gretamessarra@aggielandcu.org,,Local Chamber Member,BCS Chamber,College Station,,,,,aggieland-financial-solutions
Garver,,,College Station,TX,,,http://garverusa.com/,,,Local Chamber Member,BCS Chamber,College Station,,,,,garver
Texas Disposal Systems,,,College Station,TX,,(800) 375-8375,https://texasdisposal.com/,,,Local Chamber Member,BCS Chamber,College Station,,,,,texas-disposal-systems
GFG Wealth Advisors,,,College Station,TX,77845,(979) 985-3004,http://gfgwealth.com/,sgreen@gfgwealth.com,,Local Chamber Member,BCS Chamber,College Station,,,,,gfg-wealth-advisors
Starlight Bar & Event Services,,,College Station,TX,77803,(979) 218-5596,https://starlightbarandevents.com/,starlightbarandevents@gmail.com,,Local Chamber Member,BCS Chamber,College Station,,,,,starlight-bar---event-services
Guaranty Bank & Trust - Tower Point,,,College Station,TX,,,http://gnty.com/,,,Local Chamber Member,BCS Chamber,College Station,,,,,guaranty-bank---trust---tower-point
Armstrong Properties,,,College Station,TX,77836,(979) 567-7653,https://armstrongpropertiestx.com/,info@armstrongpropertiestx.com,,Local Chamber Member,BCS Chamber,College Station,,,,,armstrong-properties
The Backyard on Northgate,,,College Station,TX,,,http://backyardonnorthgate.com/,,,Local Chamber Member,BCS Chamber,Northgate,,,,,the-backyard-on-northgate
Avonley Homes,,,College Station,TX,,(979) 635-4800,http://avonleyhomes.com/,,,Local Chamber Member,BCS Chamber,College Station,,,,,avonley-homes
The Rudder Association,,,College Station,TX,77840,,http://therudderassociation.org/,,,Local Chamber Member,BCS Chamber,College Station,,,,,the-rudder-association
Cruise Planners,,,College Station,TX,77807,(979) 775-7800,https://destinationbryan.com/,info@lakewalktx.com,,Local Chamber Member,BCS Chamber,College Station,,,,,cruise-planners
The Payne Law Group,,,College Station,TX,,,http://txonecall.com/,,,Local Chamber Member,BCS Chamber,College Station,30.655079,-96.2948083,osm:way:992329470,0.84,the-payne-law-group
Rowdy Dog Liquor Emporium,,,College Station,TX,77807,(979) 775-7800,https://destinationbryan.com/,info@lakewalktx.com,,Local Chamber Member,BCS Chamber,College Station,,,,,rowdy-dog-liquor-emporium
Schaefer Custom Homes,,,College Station,TX,77845,(979) 575-4180,http://schaefercustomhomes.net/,info@schaefercustomhomes.net,,Local Chamber Member,BCS Chamber,College Station,30.5335353,-96.2574929,osm:way:908938654,0.84,schaefer-custom-homes
Trey Wharton For Texas,,,College Station,TX,,(936) 661-5863,http://whartonfortexas.com/,trey@whartonfortexas.com,,Local Chamber Member,BCS Chamber,College Station,,,,,trey-wharton-for-texas
House of Tires,,,College Station,TX,77807,(979) 775-7800,https://destinationbryan.com/,info@lakewalktx.com,,Local Chamber Member,BCS Chamber,College Station,,,,,house-of-tires
Schooley Mitchell,,,College Station,TX,77802,(979) 610-1885,https://schooleymitchell.com/office/rwalton,,,Local Chamber Member,BCS Chamber,College Station,,,,,schooley-mitchell
City of College Station Council,,,College Station,TX,77807,(979) 775-7800,https://destinationbryan.com/,info@lakewalktx.com,,Local Chamber Member,BCS Chamber,College Station,,,,,city-of-college-station-council
Texas Aggie Corps of Cadets Association,,,College Station,TX,77801,(979) 221-1998,https://corpsofcadets.org/,contact@corpsofcadets.org,,Local Chamber Member,BCS Chamber,College Station,,,,,texas-aggie-corps-of-cadets-association
Summers Cook And Company,,,College Station,TX,,(903) 757-8686,http://summerscook.com/,someone@somewhere.com,,Local Chamber Member,BCS Chamber,College Station,,,,,summers-cook-and-company
Astin Mansion,,,College Station,TX,77803,(979) 822-9999,http://astinmansion.com/,astinmansion@gmail.com,,Local Chamber Member,BCS Chamber,College Station,,,,,astin-mansion
"Garza EMC, LLC",,,College Station,TX,,(512) 298-3284,http://garzaemc.com/,info@garzaemc.com,,Local Chamber Member,BCS Chamber,College Station,,,,,garza-emc--llc
AVIR at Bryan,,,College Station,TX,,(888) 939-2847,http://avirhg.com/,,,Local Chamber Member,BCS Chamber,College Station,,,,,avir-at-bryan
SRA Strategic Realty Advisors,,,College Station,TX,77840,(979) 431-5566,http://txsra.com/,robertyoung@txsra.com,,Local Chamber Member,BCS Chamber,College Station,,,,,sra-strategic-realty-advisors
"Smith Dairy Queens, Ltd.",,,College Station,TX,77802,(979) 846-2222,http://smithdq.com/,,,Local Chamber Member,BCS Chamber,College Station,,,,,smith-dairy-queens--ltd
Pure Barre College Station,,,College Station,TX,77807,(979) 775-7800,https://destinationbryan.com/,info@lakewalktx.com,,Local Chamber Member,BCS Chamber,College Station,,,,,pure-barre-college-station
Rainbow Restoration of Magnolia TX,,,College Station,TX,77807,(979) 775-7800,https://destinationbryan.com/,info@lakewalktx.com,,Local Chamber Member,BCS Chamber,College Station,,,,,rainbow-restoration-of-magnolia-tx
Goosehead Insurance,,,College Station,TX,,(833) 779-4090,http://goosehead.com/,,,Local Chamber Member,BCS Chamber,College Station,,,,,goosehead-insurance
Guaranty Bank & Trust - Crystal Park Plaza,,,College Station,TX,,,http://gnty.com/,,,Local Chamber Member,BCS Chamber,College Station,,,,,guaranty-bank---trust---crystal-park-plaza
Seidel Schroeder,,,College Station,TX,77833,(979) 836-6131,http://ssccpa.com/,,,Local Chamber Member,BCS Chamber,College Station,30.6467241,-96.2926596,osm:way:862856692,0.84,seidel-schroeder
Peters Pasture to Plate,,,College Station,TX,77807,(979) 775-7800,https://destinationbryan.com/,info@lakewalktx.com,,Local Chamber Member,BCS Chamber,College Station,,,,,peters-pasture-to-plate
"Specialties Photography, Inc.",,,College Station,TX,77802,(979) 696-9898,http://specialphoto.com/,,,Local Chamber Member,BCS Chamber,College Station,,,,,specialties-photography--inc
Traditions Club,,,College Station,TX,77807,(979) 779-1007,http://traditionsclub.com/,,,Local Chamber Member,BCS Chamber,College Station,,,,,traditions-club
Texas A&M University-College of Education and Human Development,,,College Station,TX,,,http://education.tamu.edu/,,,Local Chamber Member,BCS Chamber,College Station,,,,,texas-a-m-university-college-of-education-and-human-development
Aggieland Pregnancy Outreach,,,College Station,TX,77845,(979) 764-6636,https://pregnancyoutreach.org/,tracy@pregnancyoutreach.org,,Local Chamber Member,BCS Chamber,College Station,,,,,aggieland-pregnancy-outreach
Galleria Spa Salon - Rock Prairie,,,College Station,TX,77840,(979) 822-5756,http://galleriaspasalon.com/,,,Local Chamber Member,BCS Chamber,College Station,,,,,galleria-spa-salon---rock-prairie
Chase Bank,,,College Station,TX,77807,(979) 775-7800,https://destinationbryan.com/,info@lakewalktx.com,,Local Chamber Member,BCS Chamber,College Station,,,,,chase-bank
The Tool Guys,,,College Station,TX,77842,(979) 764-8665,http://toolguysbcs.com/,,,Local Chamber Member,BCS Chamber,College Station,,,,,the-tool-guys
Affordable Dentures and Implants,,,College Station,TX,,,https://affordabledentures.com/,communications@affordablecare.com,,Local Chamber Member,BCS Chamber,College Station,,,,,affordable-dentures-and-implants
Systems Office Furniture,,,College Station,TX,77807,(979) 775-7800,https://destinationbryan.com/,info@lakewalktx.com,,Local Chamber Member,BCS Chamber,College Station,,,,,systems-office-furniture
St. Joseph Health College Station Hospital,,,College Station,TX,,,http://st-joseph.org/,,,Local Chamber Member,BCS Chamber,College Station,30.5808923,-96.289868,osm:way:408625837,0.84,st--joseph-health-college-station-hospital
Gilmore Electric Express,,,College Station,TX,77801,(979) 775-4448,https://gilmoreelectricexpress.com/,,,Local Chamber Member,BCS Chamber,College Station,,,,,gilmore-electric-express
Travis Materials,,,College Station,TX,,,http://n/a,,,Local Chamber Member,BCS Chamber,College Station,,,,,travis-materials
Stella Ranch,,,College Station,TX,77808,(979) 315-2060,http://stellaranchtx.com/,info@stellaranchtx.com,,Local Chamber Member,BCS Chamber,College Station,,,,,stella-ranch
GRAINGER,,,College Station,TX,,,http://grainger.com/,,,Local Chamber Member,BCS Chamber,College Station,,,,,grainger
Audio Video Security,,,College Station,TX,77807,(979) 775-7800,https://destinationbryan.com/,info@lakewalktx.com,,Local Chamber Member,BCS Chamber,College Station,,,,,audio-video-security
TXB (Texas Born),,,College Station,TX,,(903) 583-7484,http://txbstores.com/,,,Local Chamber Member,BCS Chamber,College Station,,,,,txb--texas-born
"Garlo Ward, P.C.",,,College Station,TX,,(512) 302-1103,http://garloward.com/,info@garloward.com,,Local Chamber Member,BCS Chamber,College Station,,,,,garlo-ward--p-c
The Wild Grain cafe,,,College Station,TX,77802,(972) 762-3927,http://wildgraincafe.com/,,,Local Chamber Member,BCS Chamber,College Station,,,,,the-wild-grain-cafe
HILAND DAIRY FOODS,,,College Station,TX,,,http://hilanddairy.com/,,,Local Chamber Member,BCS Chamber,College Station,,,,,hiland-dairy-foods
Stibbs & Co. Attorneys,,,College Station,TX,77845,(281) 367-2222,http://stibbsco.com/,,,Local Chamber Member,BCS Chamber,College Station,,,,,stibbs---co--attorneys
Truist,,,College Station,TX,,(200) 757-0826,http://bbt.com/,,,Local Chamber Member,BCS Chamber,College Station,30.6017055,-96.3007811,osm:node:12544654562,0.84,truist
SoCo Head Spa,,,College Station,TX,,(979) 261-0499,http://socoheadspas.com/,headspa@socodrybar.com,,Local Chamber Member,BCS Chamber,College Station,,,,,soco-head-spa
"Garza, Tamara",,,College Station,TX,77807,(979) 775-7800,https://destinationbryan.com/,info@lakewalktx.com,,Local Chamber Member,BCS Chamber,College Station,,,,,garza--tamara
Higginbotham Insurance,,,College Station,TX,,,http://higginbotham.com/,,,Local Chamber Member,BCS Chamber,College Station,,,,,higginbotham-insurance
The Rose,,,College Station,TX,,(281) 484-4708,http://therose.org/,,,Local Chamber Member,BCS Chamber,College Station,,,,,the-rose
GATX Rail,,,College Station,TX,77807,(979) 775-7800,https://destinationbryan.com/,info@lakewalktx.com,,Local Chamber Member,BCS Chamber,College Station,,,,,gatx-rail
HealthScansBCS,,,College Station,TX,77802,(979) 321-7555,https://healthscansbcs.com/,,,Local Chamber Member,BCS Chamber,College Station,,,,,healthscansbcs
Happy Paws 4 a Cause Inc.,,,College Station,TX,,,https://zeffy.com/en-US/donation-form/donate-to-change-lives-2626,,,Local Chamber Member,BCS Chamber,College Station,,,,,happy-paws-4-a-cause-inc
Transystems,,,College Station,TX,,(800) 233-1055,https://transystems.com/,hrdept@gfnet.com,,Local Chamber Member,BCS Chamber,College Station,,,,,transystems
South 40 Veterinary Hospital,,,College Station,TX,77845,(979) 977-0711,http://40vet.com/,,,Local Chamber Member,BCS Chamber,College Station,30.5622895,-96.2551516,osm:way:1216154187,0.84,south-40-veterinary-hospital
Aggieland Barber & Beauty Supply,,,College Station,TX,77807,(979) 775-7800,https://destinationbryan.com/,info@lakewalktx.com,,Local Chamber Member,BCS Chamber,College Station,,,,,aggieland-barber---beauty-supply
"ASAP Equipment, LLC",,,College Station,TX,77845,(979) 690-1106,http://asapequip.com/,,,Local Chamber Member,BCS Chamber,College Station,,,,,asap-equipment--llc
Servpro of Brazos Valley,,,College Station,TX,,(800) 737-8776,http://servpro.com/,,,Local Chamber Member,BCS Chamber,College Station,,,,,servpro-of-brazos-valley
Third River Health,,,College Station,TX,77840,(979) 426-4325,http://thirdriverhealth.com/,,,Local Chamber Member,BCS Chamber,College Station,,,,,third-river-health
Allied Land & Ranch,,,College Station,TX,,(979) 777-6561,http://alliedlandranch.com/,info@alliedlandranch.com,,Local Chamber Member,BCS Chamber,College Station,,,,,allied-land---ranch
HP Landscaping,,,College Station,TX,77845,(979) 701-2229,https://hplandscapingllc.com/,operations@hp-landscaping.com,,Local Chamber Member,BCS Chamber,College Station,,,,,hp-landscaping
American Business Women's Association (ABWA) - Bryan/College Station Charter Chapter,,,College Station,TX,,,http://bcsabwa.com/,,,Local Chamber Member,BCS Chamber,College Station,,,,,american-business-women-s-association--abwa----bryan-college-station-charter-chapter
American Red Cross,,,College Station,TX,77807,(979) 775-7800,https://destinationbryan.com/,info@lakewalktx.com,,Local Chamber Member,BCS Chamber,College Station,30.6626155,-96.305088,osm:way:847343397,0.84,american-red-cross
Great American Cookies - Post Oak Mall,,,College Station,TX,77807,(979) 775-7800,https://destinationbryan.com/,info@lakewalktx.com,,Local Chamber Member,BCS Chamber,College Station,,,,,great-american-cookies---post-oak-mall
Sevcik's Service Center,,,College Station,TX,77845,(979) 696-0065,http://sevciksservicecenter.com/,service@sevciksservicecenter.com,,Local Chamber Member,BCS Chamber,College Station,,,,,sevcik-s-service-center
TAMU Office of the President,,,College Station,TX,,(979) 862-6700,http://collaborations.tamu.edu/,communityengagement@tamu.edu,,Local Chamber Member,BCS Chamber,College Station,,,,,tamu-office-of-the-president
Hilland Landscaping and Lawn Care LLC,,,College Station,TX,,(979) 464-5573,http://hillandlandscaping.com/,,,Local Chamber Member,BCS Chamber,College Station,,,,,hilland-landscaping-and-lawn-care-llc
The Ranch RV,,,College Station,TX,77845,(979) 690-1669,http://theranchrv.com/,,,Local Chamber Member,BCS Chamber,College Station,,,,,the-ranch-rv
Hotchkiss Insurance,,,College Station,TX,,,https://hotchkissinsurance.com/,info@hotchkissinsurance.com,,Local Chamber Member,BCS Chamber,College Station,,,,,hotchkiss-insurance
Texas Landscape Creations,,,College Station,TX,,(979) 776-8873,http://texaslandscapecreations.com/,tlc@txlandscaper.com,,Local Chamber Member,BCS Chamber,College Station,,,,,texas-landscape-creations
Save Our Streets (S.O.S.) Ministries,,,College Station,TX,77803,(979) 775-5357,http://saveourstreetsministries.org/,craig@saveourstreetsministries.org,,Local Chamber Member,BCS Chamber,College Station,,,,,save-our-streets--s-o-s---ministries
The Aria,,,College Station,TX,77840,(979) 977-2339,https://theariastudentliving.com/,,,Local Chamber Member,BCS Chamber,College Station,,,,,the-aria
Harvest House,,,College Station,TX,,,http://bookharvesthouse.com/,,,Local Chamber Member,BCS Chamber,College Station,,,,,harvest-house
THE LEASING SPOT LLC,,,College Station,TX,77802,(979) 431-3822,http://theleasingspot.com/,,,Local Chamber Member,BCS Chamber,College Station,,,,,the-leasing-spot-llc
Admiral Catering,,,College Station,TX,77807,(979) 775-7800,https://destinationbryan.com/,info@lakewalktx.com,,Local Chamber Member,BCS Chamber,College Station,,,,,admiral-catering
A-MAX Insurance,,,College Station,TX,77807,(979) 775-7800,https://destinationbryan.com/,info@lakewalktx.com,,Local Chamber Member,BCS Chamber,College Station,,,,,a-max-insurance
Haus of Travertine,,,College Station,TX,,,http://hausoftravertine.com/,,,Local Chamber Member,BCS Chamber,College Station,,,,,haus-of-travertine
Advanced Care Endodontics of Bryan/College Station,,,College Station,TX,77802,(979) 846-2626,http://advancedcareendo.com/,,,Local Chamber Member,BCS Chamber,College Station,,,,,advanced-care-endodontics-of-bryan-college-station
The Arts Center of Brazos Valley,,,College Station,TX,,,http://acbv.org/,,,Local Chamber Member,BCS Chamber,College Station,,,,,the-arts-center-of-brazos-valley
Stinson and Stinson Roofing LLC,,,College Station,TX,77807,(979) 329-8743,http://stinsonroofs.com/,,,Local Chamber Member,BCS Chamber,College Station,,,,,stinson-and-stinson-roofing-llc
Aggieland Golf Cars,,,College Station,TX,,,http://aggielandgolfcars.com/,,,Local Chamber Member,BCS Chamber,College Station,,,,,aggieland-golf-cars
Aggieland Credit Union - Tower Point,,,College Station,TX,77840,(800) 749-9732,http://aggielandcu.org/,,,Local Chamber Member,BCS Chamber,College Station,,,,,aggieland-credit-union---tower-point
Spirit Ice Arena,,,College Station,TX,,(979) 693-3900,http://spiriticearena.com/,,,Local Chamber Member,BCS Chamber,College Station,30.6172627,-96.3095357,osm:way:137627838,0.84,spirit-ice-arena
"Aldrich, Steve LIFE MEMBER",,,College Station,TX,77807,(979) 775-7800,https://destinationbryan.com/,info@lakewalktx.com,,Local Chamber Member,BCS Chamber,College Station,,,,,aldrich--steve-life-member
Timoney Media,,,College Station,TX,,,http://timoneymedia.com/,,,Local Chamber Member,BCS Chamber,College Station,,,,,timoney-media
Topgolf Bryan,,,College Station,TX,77801,(979) 321-6538,https://topgolf.com/us/bryan,,,Local Chamber Member,BCS Chamber,College Station,,,,,topgolf-bryan
"Sunbelt Equipment Marketing, Inc.",,,College Station,TX,77868,(800) 524-2591,http://semicrawlers.com/,,,Local Chamber Member,BCS Chamber,College Station,,,,,sunbelt-equipment-marketing--inc
"HBi Office Solutions, Inc.",,,College Station,TX,77803,(936) 295-5708,http://hbi-inc.com/,info@hbi-inc.com,,Local Chamber Member,BCS Chamber,College Station,,,,,hbi-office-solutions--inc
Aggieland Automotive,,,College Station,TX,,,http://aggielandautomotive.com/,,,Local Chamber Member,BCS Chamber,College Station,,,,,aggieland-automotive
Homewood Suites by Hilton,,"Extended stay hotel featuring 1 and 2 bedroom suites, a full hot breakfast served daily, and a complimentary evening reception served Monday through Thursday., Extended stay hotel featuring 1 and 2 bedroom suites, a full hot breakfast served daily, and a complimentary evening reception served Monday through Thursday.",College Station,TX,,,http://collegestation.homewoodsuites.com/,,,Local Chamber Member,BCS Chamber,College Station,30.6334045,-96.323167,osm:way:235388389,0.893,homewood-suites-by-hilton
"Simpson, Scott",,,College Station,TX,77807,(979) 775-7800,https://destinationbryan.com/,info@lakewalktx.com,,Local Chamber Member,BCS Chamber,College Station,,,,,simpson--scott
HAP Insurance Agency,,,College Station,TX,77845,(979) 946-1430,http://hollypritchard.fullslate.com/,,,Local Chamber Member,BCS Chamber,College Station,,,,,hap-insurance-agency
Spherion,,,College Station,TX,,,http://spherion.com/,pharvey@allpointspr.com,,Local Chamber Member,BCS Chamber,College Station,,,,,spherion
The Warehouse at C.C. Creations,,,College Station,TX,,,https://cccreationsusa.com/,,,Local Chamber Member,BCS Chamber,College Station,,,,,the-warehouse-at-c-c--creations
SoCo Blow Dry Bar,,,College Station,TX,77845,(979) 985-5588,https://socodrybar.com/,,,Local Chamber Member,BCS Chamber,College Station,,,,,soco-blow-dry-bar
BCS Medical,,,College Station,TX,,,http://bcs-medical.com/,,,Local Chamber Member,BCS Chamber,College Station,,,,,bcs-medical
Aire Serv of Aggieland,,,College Station,TX,,,http://aireserv.com/aggieland,,,Local Chamber Member,BCS Chamber,College Station,,,,,aire-serv-of-aggieland
"Hall Homes, LLC",,,College Station,TX,,(979) 450-0107,http://hallhomestx.com/,info@hallhomestx.com,,Local Chamber Member,BCS Chamber,College Station,,,,,hall-homes--llc
Travel at Great Rates Travel Agency,,,College Station,TX,,,http://travelatgreatrates.net/,,,Local Chamber Member,BCS Chamber,College Station,,,,,travel-at-great-rates-travel-agency
Ashley Furniture Outlet,,,College Station,TX,77807,(979) 775-7800,https://destinationbryan.com/,info@lakewalktx.com,,Local Chamber Member,BCS Chamber,College Station,,,,,ashley-furniture-outlet
Truist Downtown Branch,,,College Station,TX,,(200) 757-0826,http://bbt.com/,,,Local Chamber Member,BCS Chamber,College Station,,,,,truist-downtown-branch
"Alpha-Omega Properties, Inc",,,College Station,TX,,,http://alphaomegaproperties.com/,,,Local Chamber Member,BCS Chamber,College Station,,,,,alpha-omega-properties--inc
Hotel McCoy,,,College Station,TX,77845,(844) 782-9622,https://hotelmccoy.com/,collegestation@hotelmccoy.com,,Local Chamber Member,BCS Chamber,College Station,,,,,hotel-mccoy
Texas Commercial Waste,,,College Station,TX,77807,(979) 314-3238,http://texascommercialwaste.com/,,,Local Chamber Member,BCS Chamber,College Station,,,,,texas-commercial-waste
All Heart Inc,,,College Station,TX,77807,(979) 775-7800,https://destinationbryan.com/,info@lakewalktx.com,,Local Chamber Member,BCS Chamber,College Station,,,,,all-heart-inc
Hilton College Station,,,College Station,TX,,,https://hiltoncs.com/,,,Local Chamber Member,BCS Chamber,College Station,,,,,hilton-college-station
Bed & Breakfast Assoc. of BV,,,College Station,TX,77803,(979) 703-7916,http://bbabv.com/,lroberts1950@yahoo.com,,Local Chamber Member,BCS Chamber,College Station,,,,,bed---breakfast-assoc--of-bv
The Brazos Center,,,College Station,TX,,,http://thebrazoscenter.com/,,,Local Chamber Member,BCS Chamber,College Station,,,,,the-brazos-center
Stewart Smiles,,,College Station,TX,77845,(979) 310-5987,http://stewartsmiles.com/,,,Local Chamber Member,BCS Chamber,College Station,,,,,stewart-smiles
Signarama - BCS,,,College Station,TX,,,http://signarama-collegestation.com/,,,Local Chamber Member,BCS Chamber,College Station,,,,,signarama---bcs
"Hillier Funeral, Cremation and Bereavement Specialists Bryan",,,College Station,TX,,,http://hillierfuneralhome.com/,,,Local Chamber Member,BCS Chamber,College Station,,,,,hillier-funeral--cremation-and-bereavement-specialists-bryan
Scout Title BCS,,,College Station,TX,77845,(844) 726-8889,https://scouttitletx.com/,,,Local Chamber Member,BCS Chamber,College Station,,,,,scout-title-bcs
"H2B, Inc.",,"Project Management, Civil and Structural Engineers, Building Design, Project Management, Civil and Structural Engineers, Building Design",College Station,TX,77845,(713) 864-2900,http://h2bengineers.com/,,,Local Chamber Member,BCS Chamber,College Station,,,,,h2b--inc
Sterling Auto Group,,,College Station,TX,,,http://sterlingautogroup.net/,,,Local Chamber Member,BCS Chamber,College Station,,,,,sterling-auto-group
Aggieland Outfitters Southgate,,,College Station,TX,77807,(979) 775-7800,https://destinationbryan.com/,info@lakewalktx.com,,Local Chamber Member,BCS Chamber,College Station,,,,,aggieland-outfitters-southgate
Holley's Home Interiors,,,College Station,TX,,,https://holleyshomeinteriors.com/,,,Local Chamber Member,BCS Chamber,College Station,,,,,holley-s-home-interiors
SZS ARCHITECTURE LLP,,,College Station,TX,77801,(979) 779-5757,http://szsarchitecture.com/,info@szsarchitecture.com,,Local Chamber Member,BCS Chamber,College Station,,,,,szs-architecture-llp
"Smith, Don A.",,,College Station,TX,77807,(979) 775-7800,https://destinationbryan.com/,info@lakewalktx.com,,Local Chamber Member,BCS Chamber,College Station,,,,,smith--don-a
Brazos WiFi,,,College Station,TX,,(979) 999-7000,http://brazoswifi.com/,info@brazoswifi.com,,Local Chamber Member,BCS Chamber,College Station,30.6350383,-96.2451962,osm:node:7533137352,0.84,brazos-wifi
The Blue House Group,,,College Station,TX,,,http://bluehousebcs.com/,,,Local Chamber Member,BCS Chamber,College Station,,,,,the-blue-house-group
Hospice Brazos Valley,,,College Station,TX,77803,(800) 824-2326,http://hospicebrazosvalley.org/,info@hospicebv.org,,Local Chamber Member,BCS Chamber,College Station,,,,,hospice-brazos-valley
Triangle Storage,,,College Station,TX,77801,(979) 846-3000,http://trianglestoragebcs.com/,,,Local Chamber Member,BCS Chamber,College Station,,,,,triangle-storage
Bright Beginnings Pre-School,,,College Station,TX,77802,(979) 774-7750,http://mybrightbeginner.com/,info@mybrightbeginner.com,,Local Chamber Member,BCS Chamber,College Station,,,,,bright-beginnings-pre-school
TAMU Marketing & Communications,,,College Station,TX,,,http://marcomm.tamu.edu/,,,Local Chamber Member,BCS Chamber,College Station,,,,,tamu-marketing---communications
BCS Shipping LLC,,,College Station,TX,77840,(979) 495-2232,http://bcstxshipping.com/,,,Local Chamber Member,BCS Chamber,College Station,,,,,bcs-shipping-llc
Loyalty Plumbing LLC,,,College Station,TX,77801,(832) 662-2687,http://loyaltyplumbingllc.net/,info@loyaltyplumbingllc.com,,Local Chamber Member,BCS Chamber,College Station,,,,,loyalty-plumbing-llc
Howdy Garage Doors,,,College Station,TX,77845,(979) 977-2504,https://howdygaragedoors.com/,,,Local Chamber Member,BCS Chamber,College Station,,,,,howdy-garage-doors
"Bell Fence of South Central Texas, Inc.",,,College Station,TX,,(409) 835-2597,http://bellfence.com/,info@bellfence.com,,Local Chamber Member,BCS Chamber,College Station,,,,,bell-fence-of-south-central-texas--inc
Symank Energy Co.,,,College Station,TX,77864,(361) 418-1533,http://jandbpropane.com/,,,Local Chamber Member,BCS Chamber,College Station,,,,,symank-energy-co
Amarillo National Bank - Villa Maria Branch,,,College Station,TX,77807,(979) 775-7800,https://destinationbryan.com/,info@lakewalktx.com,,Local Chamber Member,BCS Chamber,College Station,,,,,amarillo-national-bank---villa-maria-branch
Staffing Texas LLC,,,College Station,TX,77802,(936) 494-4473,http://staffing-texas.com/,,,Local Chamber Member,BCS Chamber,College Station,,,,,staffing-texas-llc
"SIG Insurance Services, LLC",,,College Station,TX,,,http://sig4you.com/,,,Local Chamber Member,BCS Chamber,College Station,,,,,sig-insurance-services--llc
Community Builders Advisory Services,,,College Station,TX,,(713) 817-0218,https://cbashome.com/,vogrady@cbashome.com,,Local Chamber Member,BCS Chamber,College Station,,,,,community-builders-advisory-services
Brazos Dispute Resolution Center,,,College Station,TX,77803,(979) 822-6947,http://brazosdrc.org/,brazosvalleydrc@gmail.com,,Local Chamber Member,BCS Chamber,College Station,,,,,brazos-dispute-resolution-center
Aggieland Storage,,,College Station,TX,77808,(979) 255-6369,http://aggielandstorage.com/,aggielandstorage@aol.com,,Local Chamber Member,BCS Chamber,College Station,,,,,aggieland-storage
Budget Blinds of College Station,,,College Station,TX,,(866) 787-6616,http://budgetblinds.com/,,,Local Chamber Member,BCS Chamber,College Station,,,,,budget-blinds-of-college-station
Sergio Paz,,,College Station,TX,77807,(979) 775-7800,https://destinationbryan.com/,info@lakewalktx.com,,Local Chamber Member,BCS Chamber,College Station,,,,,sergio-paz
CWC Custom Home and Barndominiums,,,College Station,TX,,,https://cwccustomhomestx.com/,emily@cwcbarndominiums.com,,Local Chamber Member,BCS Chamber,College Station,,,,,cwc-custom-home-and-barndominiums
St. Joseph Catholic School,,,College Station,TX,,,http://stjosephschoolbcs.org/,,,Local Chamber Member,BCS Chamber,College Station,,,,,st--joseph-catholic-school
H. Bond Construction inc.,,,College Station,TX,77807,(979) 775-7800,https://destinationbryan.com/,info@lakewalktx.com,,Local Chamber Member,BCS Chamber,College Station,,,,,h--bond-construction-inc
Aloft College Station,,,College Station,TX,,,http://aloftcollegestation.com/,,,Local Chamber Member,BCS Chamber,College Station,,,,,aloft-college-station
HealthQuest Home Health,,,College Station,TX,,,http://healthquest home health.com/,,,Local Chamber Member,BCS Chamber,College Station,,,,,healthquest-home-health
"Holladay & Associates, Inc.",,,College Station,TX,77802,(979) 704-6264,http://holladayassociates.com/,info@holladayassociates.com,,Local Chamber Member,BCS Chamber,College Station,,,,,holladay---associates--inc
Simmons Services,,,College Station,TX,,,http://simmonsservicetx.com/,,,Local Chamber Member,BCS Chamber,College Station,,,,,simmons-services
Cinnaholic (College Station),,,College Station,TX,,(833) 246-3726,http://cinnaholic.com/,contact@cinnaholic.com,,Local Chamber Member,BCS Chamber,College Station,,,,,cinnaholic--college-station
Laramide Resources,,,College Station,TX,,(855) 599-7363,http://laramide.com/,,,Local Chamber Member,BCS Chamber,College Station,,,,,laramide-resources
Vineyard Court Designer Suites Hotel,,,College Station,TX,,(979) 693-1220,http://vineyardcourt.com/,stay@vineyardcourt.com,,Local Chamber Member,BCS Chamber,College Station,,,,,vineyard-court-designer-suites-hotel
Brazos Valley Pools & Spas,,,College Station,TX,,,"http://www,brazosvalleypools.com/",,,Local Chamber Member,BCS Chamber,College Station,,,,,brazos-valley-pools---spas
Awards & More,,,College Station,TX,77833,(979) 696-3886,http://awardsandmoreinc.com/,,,Local Chamber Member,BCS Chamber,College Station,,,,,awards---more
Blackstone Homes,,,College Station,TX,77845,(979) 696-4663,http://blackstonehomes.com/,,,Local Chamber Member,BCS Chamber,College Station,,,,,blackstone-homes
Brazos County Youth Livestock Show Association,,,College Station,TX,77805,(979) 324-1200,http://bcyla.net/,bcyla@outlook.com,,Local Chamber Member,BCS Chamber,College Station,,,,,brazos-county-youth-livestock-show-association
Sunnd125,,,College Station,TX,,,http://n/A,,,Local Chamber Member,BCS Chamber,College Station,,,,,sunnd125
Longmire Learning Center,,,College Station,TX,77845,(979) 764-2718,http://longmirelearning.com/,info@longmirelearning.com,,Local Chamber Member,BCS Chamber,College Station,,,,,longmire-learning-center
Vital Caring Home Health & Hospice,,,College Station,TX,,(833) 483-2273,http://traditionshealth.com/,hlytle@tctcares.com,,Local Chamber Member,BCS Chamber,College Station,,,,,vital-caring-home-health---hospice
Brazos Valley Roofing Experts,,,College Station,TX,77807,(979) 775-7800,https://destinationbryan.com/,info@lakewalktx.com,,Local Chamber Member,BCS Chamber,College Station,,,,,brazos-valley-roofing-experts
Brazos Valley Bookkeeping,,,College Station,TX,,(979) 219-4366,http://brazosvalleybookkeeping.com/,,,Local Chamber Member,BCS Chamber,College Station,,,,,brazos-valley-bookkeeping
Allen Academy,,,College Station,TX,,,http://allenacademy.org/,,,Local Chamber Member,BCS Chamber,College Station,30.6713625,-96.3158415,osm:way:408482854,0.84,allen-academy
Bobcat of the Brazos Valley,,,College Station,TX,,,http://bobcatofhouston.com/,,,Local Chamber Member,BCS Chamber,College Station,,,,,bobcat-of-the-brazos-valley
LoneStar Metalcraft LLC,,,College Station,TX,77808,(979) 485-3381,http://lonestarmetalcraft.com/,contact@lonestarmetalcraft.com,,Local Chamber Member,BCS Chamber,College Station,,,,,lonestar-metalcraft-llc
Whiskey Charlie’s Liquor #2,,,College Station,TX,,,http://whiskeycharlies.com/,,,Local Chamber Member,BCS Chamber,College Station,,,,,whiskey-charlie-s-liquor--2
Summit Title Group,,,College Station,TX,,,https://summittitlegroup.com/,,,Local Chamber Member,BCS Chamber,College Station,,,,,summit-title-group
BCS Pure Water Corp,,"BCS Pure Water is a locally Veteran and Woman owned and operated business. We offer premium filtration services, machines and bottle-less water coolers for commercial, residential and restaurants., BCS Pure Water is a locally Veteran and Woman owned and operated business. We offer premium filtration services, machines and bottle-less water coolers for commercial, residential and restaurants.",College Station,TX,77807,(979) 775-7800,https://destinationbryan.com/,info@lakewalktx.com,,Local Chamber Member,BCS Chamber,College Station,,,,,bcs-pure-water-corp
Highpoint Signs & Apparel,,,College Station,TX,,,http://highpointtx.com/,,,Local Chamber Member,BCS Chamber,College Station,,,,,highpoint-signs---apparel
"Concho Hearts Hospice, LLC",,,College Station,TX,,(325) 482-0129,http://conchoheartshospice.com/,,,Local Chamber Member,BCS Chamber,College Station,,,,,concho-hearts-hospice--llc
"Starnes, Rick",,,College Station,TX,77807,(979) 775-7800,https://destinationbryan.com/,info@lakewalktx.com,,Local Chamber Member,BCS Chamber,College Station,,,,,starnes--rick
Blue Bell Creameries,,,College Station,TX,77834,(979) 836-7977,http://bluebell.com/,media@bluebell.com,,Local Chamber Member,BCS Chamber,College Station,,,,,blue-bell-creameries
Texas A&M University Office of the Provost,,,College Station,TX,77807,(979) 775-7800,https://destinationbryan.com/,info@lakewalktx.com,,Local Chamber Member,BCS Chamber,College Station,,,,,texas-a-m-university-office-of-the-provost
Boys & Girls Clubs Of BV,,,College Station,TX,77806,(979) 822-7516,http://bgcbv.org/,,,Local Chamber Member,BCS Chamber,College Station,,,,,boys---girls-clubs-of-bv
Liere Insurance,,,College Station,TX,77845,(979) 776-2300,http://myliere.com/,,,Local Chamber Member,BCS Chamber,College Station,30.6459998,-96.2891977,osm:way:862856702,0.84,liere-insurance
Waterloo Turf College Station,,,College Station,TX,,,https://waterlooturf.com/collegestation,,,Local Chamber Member,BCS Chamber,College Station,,,,,waterloo-turf-college-station
Stellar Roofing Specialties,,,College Station,TX,,,http://stellarroofs.com/,,,Local Chamber Member,BCS Chamber,College Station,,,,,stellar-roofing-specialties
Aggieland Autism Center,,,College Station,TX,,,http://aggielandautismcenter.com/,,,Local Chamber Member,BCS Chamber,College Station,,,,,aggieland-autism-center
Blinn College,,,College Station,TX,77833,(404) 679-4500,http://blinn.edu/,chancellor@blinn.edu,,Local Chamber Member,BCS Chamber,College Station,30.6627315,-96.3490677,osm:way:1208963030,0.84,blinn-college
Aggie Mom's Cleaning LLC,,,College Station,TX,77807,(979) 775-7800,https://destinationbryan.com/,info@lakewalktx.com,,Local Chamber Member,BCS Chamber,College Station,,,,,aggie-mom-s-cleaning-llc
"Hoelscher, Lipsey, Elmore & Turnbill, P.C.",,,College Station,TX,,,http://hle.com/,,,Local Chamber Member,BCS Chamber,College Station,,,,,hoelscher--lipsey--elmore---turnbill--p-c
Star Furniture,,,College Station,TX,,,http://starfurniture.com/,,,Local Chamber Member,BCS Chamber,College Station,,,,,star-furniture
Brazos Transit District,,,College Station,TX,77803,(979) 778-0607,http://btd.org/,customercare@btd.org,,Local Chamber Member,BCS Chamber,College Station,30.6731363,-96.3717679,osm:node:11066608640,0.84,brazos-transit-district
Brazos Valley Orthodontics,,,College Station,TX,77845,(979) 693-3751,http://bvorthodontics.com/,,,Local Chamber Member,BCS Chamber,College Station,,,,,brazos-valley-orthodontics
Capitol Bearing Service,,,College Station,TX,,(800) 259-9481,http://capitolbearing.net/,info@capitolbearing.com,,Local Chamber Member,BCS Chamber,College Station,,,,,capitol-bearing-service
"Brazos Valley Livestock Commission Co, Inc.",,,College Station,TX,77807,(979) 775-7800,https://destinationbryan.com/,info@lakewalktx.com,,Local Chamber Member,BCS Chamber,College Station,,,,,brazos-valley-livestock-commission-co--inc
Cubby Hole Texas 2,,,College Station,TX,,,http://cubbyholeusa.com/,,,Local Chamber Member,BCS Chamber,College Station,,,,,cubby-hole-texas-2
"Boss Firearms Company, LLC",,,College Station,TX,,,http://bossfirearms.com/,,,Local Chamber Member,BCS Chamber,College Station,,,,,boss-firearms-company--llc
Lawyers Title Co. of Brazos County,,,College Station,TX,,,http://ltc-bc.com/,,,Local Chamber Member,BCS Chamber,College Station,,,,,lawyers-title-co--of-brazos-county
Aggieland Credit Union - College Station,,,College Station,TX,77840,(800) 749-9732,http://aggielandcu.org/,,,Local Chamber Member,BCS Chamber,College Station,,,,,aggieland-credit-union---college-station
"Lone-Star Roof Systems, LP",,,College Station,TX,77845,(800) 317-1939,http://myaggieroofer.com/,optout@lonestarroofsystems.com,,Local Chamber Member,BCS Chamber,College Station,,,,,lone-star-roof-systems--lp
WYATT WEALTH MANAGEMENT,,,College Station,TX,,,http://wyattwealth.com/,,,Local Chamber Member,BCS Chamber,College Station,,,,,wyatt-wealth-management
Alycia Hooper Real Estate Team,,,College Station,TX,,,http://alyciahooper.com./,,,Local Chamber Member,BCS Chamber,College Station,,,,,alycia-hooper-real-estate-team
HealthPoint,,,College Station,TX,,(979) 693-7400,https://healthpoint-tx.com/,compliance@healthpoint-tx.com,,Local Chamber Member,BCS Chamber,College Station,,,,,healthpoint
"Brewer, Eyeington, Patout & Co., LLP",,,College Station,TX,77803,(979) 268-1350,http://bepcocpa.com/,,,Local Chamber Member,BCS Chamber,College Station,,,,,brewer--eyeington--patout---co---llp
La Familia Taqueria LLC,,,College Station,TX,,,http://n/A,,,Local Chamber Member,BCS Chamber,College Station,,,,,la-familia-taqueria-llc
"Voices For Children, Inc.",,,College Station,TX,77807,(979) 775-7800,https://destinationbryan.com/,info@lakewalktx.com,,Local Chamber Member,BCS Chamber,College Station,,,,,voices-for-children--inc
Cookie Dough Bliss,,,College Station,TX,,,http://cookiedoughbliss.com/,,,Local Chamber Member,BCS Chamber,College Station,,,,,cookie-dough-bliss
Watercrest at Bryan,,,College Station,TX,,,http://watercrestbryan.com/,,,Local Chamber Member,BCS Chamber,College Station,,,,,watercrest-at-bryan
Wind Dancer Retreat,,,College Station,TX,,,http://winddancerretreat.com/,,,Local Chamber Member,BCS Chamber,College Station,,,,,wind-dancer-retreat
Brazos County 911,,,College Station,TX,77806,(979) 361-3888,http://bc911.org/,pcorley@bc911.org,,Local Chamber Member,BCS Chamber,College Station,,,,,brazos-county-911
Copy Corner MSC,,,College Station,TX,,,http://copycorner.com/msc,,,Local Chamber Member,BCS Chamber,College Station,,,,,copy-corner-msc
Southern District Sotheby's International Realty,,,College Station,TX,77833,(979) 530-2714,http://teamsoutherndistrict.com/,,,Local Chamber Member,BCS Chamber,College Station,,,,,southern-district-sotheby-s-international-realty
Audio Video,,,College Station,TX,77840,(979) 268-6010,http://audiovideobcs.com/,sales@audiovideobcs.com,,Local Chamber Member,BCS Chamber,College Station,,,,,audio-video
Lone Star Exclusives - Furniture | Mattress,,,College Station,TX,77807,(979) 775-7800,https://destinationbryan.com/,info@lakewalktx.com,,Local Chamber Member,BCS Chamber,College Station,,,,,lone-star-exclusives---furniture---mattress
Walsh & Mangan Premier Real Estate Group,,,College Station,TX,,,http://walshmangan.com/,,,Local Chamber Member,BCS Chamber,College Station,,,,,walsh---mangan-premier-real-estate-group
ARCpoint Labs,,,College Station,TX,,,https://arcpointlabs.com/college-station,,,Local Chamber Member,BCS Chamber,College Station,,,,,arcpoint-labs
Hartt's Barbecue,,,College Station,TX,77807,(979) 775-7800,https://destinationbryan.com/,info@lakewalktx.com,,Local Chamber Member,BCS Chamber,College Station,,,,,hartt-s-barbecue
Aggieland Chevrolet,,,College Station,TX,77807,(979) 775-7800,https://destinationbryan.com/,info@lakewalktx.com,,Local Chamber Member,BCS Chamber,College Station,,,,,aggieland-chevrolet
C&J Bar-B-Que Southwest Parkway,,,College Station,TX,77840,(979) 776-8969,http://cjbbq.com/,,,Local Chamber Member,BCS Chamber,College Station,,,,,c-j-bar-b-que-southwest-parkway
Blck Vine Co. LLC,,,College Station,TX,,,http://blckvineco.com/,orders@blckvine.com,,Local Chamber Member,BCS Chamber,College Station,,,,,blck-vine-co--llc
Boardwalk Homes,,,College Station,TX,77840,(979) 587-8444,https://boardwalkhomes.net/,,,Local Chamber Member,BCS Chamber,College Station,,,,,boardwalk-homes
College Station Utilities,,,College Station,TX,77807,(979) 775-7800,https://destinationbryan.com/,info@lakewalktx.com,,Local Chamber Member,BCS Chamber,College Station,30.6066264,-96.3021071,osm:way:414542429,0.84,college-station-utilities
Heath Family Dentistry,,,College Station,TX,77845,(979) 696-1121,http://heathfamilydentistrytx.com/,info@heathfamilydentistrytx.com,,Local Chamber Member,BCS Chamber,College Station,,,,,heath-family-dentistry
Still Creek Ranch,,,College Station,TX,77808,(979) 589-3206,http://stillcreekranch.org/,,,Local Chamber Member,BCS Chamber,College Station,,,,,still-creek-ranch
Window Hero College Station,,,College Station,TX,77845,(979) 321-8191,https://windowhero.com/locations/college-station,,,Local Chamber Member,BCS Chamber,College Station,,,,,window-hero-college-station
Walker Consulting Group,,"Leadership development, Board Training, Nonprofit consulting, Fundraising expertise, Executive Coaching, Leadership development, Board Training, Nonprofit consulting, Fundraising expertise, Executive Coaching",College Station,TX,77807,(979) 775-7800,https://destinationbryan.com/,info@lakewalktx.com,,Local Chamber Member,BCS Chamber,College Station,,,,,walker-consulting-group
Bank of Brenham,,,College Station,TX,77807,(979) 775-7800,https://destinationbryan.com/,info@lakewalktx.com,,Local Chamber Member,BCS Chamber,College Station,,,,,bank-of-brenham
Coco Shrimp,,,College Station,TX,,,http://cocoshrimp.com/,,,Local Chamber Member,BCS Chamber,College Station,,,,,coco-shrimp
Brazos County Bank,,,College Station,TX,,(936) 295-5701,http://fnbhuntsvilletx.bank/,,,Local Chamber Member,BCS Chamber,College Station,30.6552375,-96.2909741,osm:way:862846792,0.84,brazos-county-bank
"Stephen Gustitis, Criminal Defense Attorney",,,College Station,TX,77807,(979) 775-7800,https://destinationbryan.com/,info@lakewalktx.com,,Local Chamber Member,BCS Chamber,College Station,,,,,stephen-gustitis--criminal-defense-attorney
Hudson Oaks Active Adult Living,,,College Station,TX,,,http://livehudsonoaks.com/,,,Local Chamber Member,BCS Chamber,College Station,,,,,hudson-oaks-active-adult-living
Los Cucos College Station,,,College Station,TX,,,http://loscucos.com/,,,Local Chamber Member,BCS Chamber,College Station,,,,,los-cucos-college-station
Waste Falcon Dumpster Rentals,,,College Station,TX,,(877) 779-2783,https://wastefalcon.com/,,,Local Chamber Member,BCS Chamber,College Station,,,,,waste-falcon-dumpster-rentals
Brazos Valley Blessings,,,College Station,TX,77802,(979) 291-5276,http://bvblessings.org/,brazosvalleyblessings@gmail.com,,Local Chamber Member,BCS Chamber,College Station,,,,,brazos-valley-blessings
Blackout Construction Solutions,,,College Station,TX,77807,(979) 775-7800,https://destinationbryan.com/,info@lakewalktx.com,,Local Chamber Member,BCS Chamber,College Station,,,,,blackout-construction-solutions
Allen Honda,,,College Station,TX,77840,(979) 415-3496,http://allenhonda.com/,,,Local Chamber Member,BCS Chamber,College Station,30.619381,-96.2977369,osm:way:621259313,0.84,allen-honda
Larry Young Paving,,,College Station,TX,77807,(979) 823-4888,http://larryyoungpaving.com/,,,Local Chamber Member,BCS Chamber,College Station,,,,,larry-young-paving
Heart of Texas Goodwill Industries,,,College Station,TX,,,http://hotgoodwill.org/,,,Local Chamber Member,BCS Chamber,College Station,,,,,heart-of-texas-goodwill-industries
Apex Health Clinic,,,College Station,TX,77845,(979) 213-5218,https://apexhealthclinic.com/,feelgood@apexhealthclinic.com,,Local Chamber Member,BCS Chamber,College Station,,,,,apex-health-clinic
SpawGlass Construction,,,College Station,TX,77845,(512) 719-5251,http://spawglass.com/,,,Local Chamber Member,BCS Chamber,College Station,,,,,spawglass-construction
Lions Pride Sports- The Lions Den Professional Wrestling Training Facility,,,College Station,TX,77802,,https://lionsprideproductions.com/,houston@lionsprideproductions.com,,Local Chamber Member,BCS Chamber,College Station,,,,,lions-pride-sports--the-lions-den-professional-wrestling-training-facility
"Hatcher, Mary Mike",,,College Station,TX,77807,(979) 775-7800,https://destinationbryan.com/,info@lakewalktx.com,,Local Chamber Member,BCS Chamber,College Station,,,,,hatcher--mary-mike
"Woodhill Studios, Inc.",,,College Station,TX,77866,(979) 255-9943,http://woodhill-studios.com/,sean@woodhill-studios.com,,Local Chamber Member,BCS Chamber,College Station,,,,,woodhill-studios--inc
Blackwater Draw Brewing Co.,,,College Station,TX,77803,(979) 704-6191,http://blackwaterbrew.com/,info@blackwaterbrew.com,,Local Chamber Member,BCS Chamber,College Station,,,,,blackwater-draw-brewing-co
Health for All,,,College Station,TX,77802,(979) 774-4176,http://hlth4all.org/,,,Local Chamber Member,BCS Chamber,College Station,,,,,health-for-all
Buddy's Brazos Appliance,,,College Station,TX,77807,(979) 775-7800,https://destinationbryan.com/,info@lakewalktx.com,,Local Chamber Member,BCS Chamber,College Station,,,,,buddy-s-brazos-appliance
Stone Co. Climbing,,,College Station,TX,77845,(979) 446-9410,http://stonecoclimbing.com/,info@stonecoclimbing.com,,Local Chamber Member,BCS Chamber,College Station,,,,,stone-co--climbing
Brazos Valley Small Business Development Center,,,College Station,TX,77802,(979) 260-5222,https://sbdc.uh.edu/sbdc/Brazos_Valley_SBDC.asp,bvsbdc@uh.edu,,Local Chamber Member,BCS Chamber,College Station,,,,,brazos-valley-small-business-development-center
Brazos Fellowship,,,College Station,TX,,(979) 680-8888,http://brazosfellowship.com/,,,Local Chamber Member,BCS Chamber,College Station,,,,,brazos-fellowship
Aggieland Scuba,,,College Station,TX,77840,(979) 703-7949,http://aggielandscuba.com/,aggielandscuba@aggielandscuba.com,,Local Chamber Member,BCS Chamber,College Station,,,,,aggieland-scuba
Howell Service Corporation,,,College Station,TX,77802,(979) 823-1775,http://howellservicecorp.com/,info@howellservicecorp.com,,Local Chamber Member,BCS Chamber,College Station,,,,,howell-service-corporation
CardioQuip,,,College Station,TX,77807,(979) 775-7800,https://destinationbryan.com/,info@lakewalktx.com,,Local Chamber Member,BCS Chamber,College Station,,,,,cardioquip
Bryan Broadcasting,,,College Station,TX,,,http://bryanbroadcasting.com/,,,Local Chamber Member,BCS Chamber,College Station,,,,,bryan-broadcasting
Comfort Keepers,,,College Station,TX,,(866) 959-2969,http://comfortkeepers.com/,,,Local Chamber Member,BCS Chamber,College Station,,,,,comfort-keepers
College Station ISD Education Foundation,,,College Station,TX,77840,(979) 694-5615,http://givetokids.csisd.org/,givetokids@csisd.org,,Local Chamber Member,BCS Chamber,College Station,,,,,college-station-isd-education-foundation
WRI Tractors,,"We provide the equipment that keeps industries moving. With top brands like Massey Ferguson, Fendt, Kawasaki, and Takeuchi, we ensure our customers get the best tools for the job., We provide the equipment that keeps industries moving. With top brands like Massey Ferguson, Fendt, Kawasaki, and Takeuchi, we ensure our customers get the best tools for the job.",College Station,TX,77807,(979) 822-6800,http://writractors.com/,sales@writractors.com,,Local Chamber Member,BCS Chamber,College Station,,,,,wri-tractors
Hungry Howie's Pizza,,,College Station,TX,,,http://hungryhowies.com/,,,Local Chamber Member,BCS Chamber,College Station,,,,,hungry-howie-s-pizza
Lamar Advertising,,,College Station,TX,77807,(979) 775-7800,https://destinationbryan.com/,info@lakewalktx.com,,Local Chamber Member,BCS Chamber,College Station,,,,,lamar-advertising
Accuplan Design & Architecture,,,College Station,TX,,,http://accuplandesignanddrafting.com/,,,Local Chamber Member,BCS Chamber,College Station,,,,,accuplan-design---architecture
Cross Timbers Construction,,,College Station,TX,77802,(469) 236-5135,https://crosstimbersconstruction.com/,info@crosstimbersconstruction.com,,Local Chamber Member,BCS Chamber,College Station,,,,,cross-timbers-construction
State Representative Paul Dyson - HD14,,,College Station,TX,,,http://dysonfortexas.com/,contact@dysonfortexas.com,,Local Chamber Member,BCS Chamber,College Station,,,,,state-representative-paul-dyson---hd14
WC Tractor & Rentals,,,College Station,TX,,,http://wctractor.com/,,,Local Chamber Member,BCS Chamber,College Station,,,,,wc-tractor---rentals
St. Joseph Health Cancer Center,,,College Station,TX,,,http://chistjoseph.org/,,,Local Chamber Member,BCS Chamber,College Station,,,,,st--joseph-health-cancer-center
"Shellenberger, David",,,College Station,TX,77807,(979) 775-7800,https://destinationbryan.com/,info@lakewalktx.com,,Local Chamber Member,BCS Chamber,College Station,,,,,shellenberger--david
Borrowed & Blue Events Co.,,,College Station,TX,,,https://borrowedblueeventsco.com/,,,Local Chamber Member,BCS Chamber,College Station,,,,,borrowed---blue-events-co
"Happ, John",,,College Station,TX,77807,(979) 775-7800,https://destinationbryan.com/,info@lakewalktx.com,,Local Chamber Member,BCS Chamber,College Station,,,,,happ--john
Boots Beverages,,,College Station,TX,77807,(979) 775-6322,https://kristendistributing.com/,careers@kristendistributing.com,,Local Chamber Member,BCS Chamber,College Station,,,,,boots-beverages
Cedar Frame,,,College Station,TX,77845,(979) 922-5544,http://cedarframe.com/,info@cedarframe.com,,Local Chamber Member,BCS Chamber,College Station,,,,,cedar-frame
Bryan Yard Dogs,,,College Station,TX,77801,(682) 777-1877,https://bryanyarddogs.com/,joey@bryanyarddogs.com,,Local Chamber Member,BCS Chamber,College Station,,,,,bryan-yard-dogs
Woodspring Suites,,,College Station,TX,,(844) 974-6835,https://woodspring.com/extended-stay-hotels/locations/texas/college-station/woodspring-suites-co,,,Local Chamber Member,BCS Chamber,College Station,30.666563,-96.3281027,osm:way:619919421,0.84,woodspring-suites
Sunstate Equipment Company,,,College Station,TX,,(888) 456-4560,http://sunstateequip.com/,,,Local Chamber Member,BCS Chamber,College Station,,,,,sunstate-equipment-company
Legacy Outdoor Services,,,College Station,TX,77808,(979) 575-6019,http://legacyoutdoortx.com/,office@legacyoutdoortx.com,,Local Chamber Member,BCS Chamber,College Station,,,,,legacy-outdoor-services
"Lance Snider, State Farm",,,College Station,TX,77802,(979) 703-1011,http://agentsnider.com/,,,Local Chamber Member,BCS Chamber,College Station,,,,,lance-snider--state-farm
Brazos County RV Park,,,College Station,TX,,,http://brazoscountyrvpark.com/,,,Local Chamber Member,BCS Chamber,College Station,,,,,brazos-county-rv-park
Crestview Retirement Community,,,College Station,TX,,(281) 363-2600,http://mrcaff.org/,jobs@mrcaff.org,,Local Chamber Member,BCS Chamber,College Station,,,,,crestview-retirement-community
Los Cucos Bryan,,,College Station,TX,,,http://loscucos.com/,,,Local Chamber Member,BCS Chamber,College Station,,,,,los-cucos-bryan
Woodland Cottages of College Station,,,College Station,TX,,,http://woodlandcottages.com/,,,Local Chamber Member,BCS Chamber,College Station,,,,,woodland-cottages-of-college-station
Brenham National Bank,,,College Station,TX,77833,(888) 622-6103,http://bnbank.com/,,,Local Chamber Member,BCS Chamber,College Station,30.6175093,-96.296037,osm:node:6712450479,0.84,brenham-national-bank
Isle at Watercrest,,,College Station,TX,,,https://integratedseniorlifestyles.com/senior-living/tx/bryan/isle-at-watercrest-bryan,,,Local Chamber Member,BCS Chamber,College Station,,,,,isle-at-watercrest
Courtyard By Marriott College Station,,,College Station,TX,,,http://courtyard.com/cllcy,,,Local Chamber Member,BCS Chamber,College Station,,,,,courtyard-by-marriott-college-station
Waggie Pet Zone,,,College Station,TX,,(979) 693-9663,http://waggiepetzone.com/,info@waggiepetzone.com,,Local Chamber Member,BCS Chamber,College Station,30.5667418,-96.3149849,osm:way:1216153461,0.84,waggie-pet-zone
Blue Kangaroo Packoutz,,,College Station,TX,,(866) 252-6427,http://bluekangaroopackoutz.com/,,,Local Chamber Member,BCS Chamber,College Station,,,,,blue-kangaroo-packoutz
"Axis Pipe and Tube, Inc.",,,College Station,TX,77807,(979) 599-7600,http://axispipeandtube.com/,axissales@axispipeandtube.com,,Local Chamber Member,BCS Chamber,College Station,,,,,axis-pipe-and-tube--inc
Binkley & Barfield | DCCM,,,College Station,TX,,(713) 874-9162,http://binkleybarfield.com/,,,Local Chamber Member,BCS Chamber,College Station,,,,,binkley---barfield---dccm
B/CS Apartment Association,,,College Station,TX,77802,(979) 260-9842,http://bcsaa.com/,,,Local Chamber Member,BCS Chamber,College Station,,,,,b-cs-apartment-association
Hathaway Technologies LLC,,,College Station,TX,77807,(979) 775-7800,https://destinationbryan.com/,info@lakewalktx.com,,Local Chamber Member,BCS Chamber,College Station,,,,,hathaway-technologies-llc
LBAA,,,College Station,TX,77807,(979) 775-7800,https://destinationbryan.com/,info@lakewalktx.com,,Local Chamber Member,BCS Chamber,College Station,,,,,lbaa
Intersections Textile Learning Center & Gallery,,,College Station,TX,,(979) 822-5684,http://weavebrazos.org/,weavebrazos@gmail.com,,Local Chamber Member,BCS Chamber,College Station,,,,,intersections-textile-learning-center---gallery
Amarillo National Bank - University Branch,,,College Station,TX,77845,(806) 378-8000,https://anb.com/Branch-ANB-University.aspx,,,Local Chamber Member,BCS Chamber,College Station,,,,,amarillo-national-bank---university-branch
BODY20 Aggieland,,,College Station,TX,,(979) 216-9524,http://body20.com/Aggieland,aggieland@body20.com,,Local Chamber Member,BCS Chamber,College Station,,,,,body20-aggieland
Bullseye Site Service,,,College Station,TX,,,http://bullseyesiteservices.com/,,,Local Chamber Member,BCS Chamber,College Station,,,,,bullseye-site-service
Butler Livestock,,,College Station,TX,77807,(979) 775-7800,https://destinationbryan.com/,info@lakewalktx.com,,Local Chamber Member,BCS Chamber,College Station,,,,,butler-livestock
Cilantro Mexican Grill,,,College Station,TX,,,http://cilantrobcs.com/,,,Local Chamber Member,BCS Chamber,College Station,,,,,cilantro-mexican-grill
Inn At Quarry Ridge,,,College Station,TX,77808,(979) 823-1822,http://innatquarryridge.com/,info@innatquarryridge.com,,Local Chamber Member,BCS Chamber,College Station,,,,,inn-at-quarry-ridge
Alzheimer's Association,,,College Station,TX,,(800) 272-3900,http://alz.org/,media@alz.org,,Local Chamber Member,BCS Chamber,College Station,,,,,alzheimer-s-association
"Integrity Striping Solutions, Inc.",,,College Station,TX,77807,(979) 775-7800,https://destinationbryan.com/,info@lakewalktx.com,,Local Chamber Member,BCS Chamber,College Station,,,,,integrity-striping-solutions--inc
BENCOR,,,College Station,TX,77807,(979) 775-7800,https://destinationbryan.com/,info@lakewalktx.com,,Local Chamber Member,BCS Chamber,College Station,,,,,bencor
Swearingen Law Firm,,,College Station,TX,77845,(979) 680-9993,http://swearingenlaw.com/,,,Local Chamber Member,BCS Chamber,College Station,,,,,swearingen-law-firm
Weitzman,,,College Station,TX,,,http://weitzmangroup.com/,,,Local Chamber Member,BCS Chamber,College Station,,,,,weitzman
Aggieland Spectacles,,,College Station,TX,,,http://aggielandspectacles.com/,,,Local Chamber Member,BCS Chamber,College Station,,,,,aggieland-spectacles
LKG Realty Advisors,,,College Station,TX,77842,(979) 221-2929,http://lkgra.com/,jhardin@lkgra.com,,Local Chamber Member,BCS Chamber,College Station,,,,,lkg-realty-advisors
Lap of Luxury Scrubs LLC,,,College Station,TX,,,http://lapofluxuryscrubs.com/,contact@lapofluxuryscrubs.com,,Local Chamber Member,BCS Chamber,College Station,,,,,lap-of-luxury-scrubs-llc
Acara Hospice Foundation,,,College Station,TX,77807,(979) 775-7800,https://destinationbryan.com/,info@lakewalktx.com,,Local Chamber Member,BCS Chamber,College Station,,,,,acara-hospice-foundation
Sabi Boutique,,,College Station,TX,,(979) 224-8595,http://sabiboutique.com/,sabi@sabiboutique.com,,Local Chamber Member,BCS Chamber,College Station,,,,,sabi-boutique
"Samson, Peggy A.",,,College Station,TX,77807,(979) 775-7800,https://destinationbryan.com/,info@lakewalktx.com,,Local Chamber Member,BCS Chamber,College Station,,,,,samson--peggy-a
Cadence Bank/Huntington Bank,,,College Station,TX,,,http://cadencebank.com/,,,Local Chamber Member,BCS Chamber,College Station,,,,,cadence-bank-huntington-bank
BCS Together,,,College Station,TX,,(979) 353-0008,http://bcstogether.org/,info@bcstogether.org,,Local Chamber Member,BCS Chamber,College Station,,,,,bcs-together
Any Lab Test Now!,,,College Station,TX,,,https://anylabtestnow.com/college-station-77845,,,Local Chamber Member,BCS Chamber,College Station,,,,,any-lab-test-now
Brazos Valley Symphony Society & Orchestra,,,College Station,TX,,(979) 696-6100,http://bvso.org/,services@bvso.org,,Local Chamber Member,BCS Chamber,College Station,,,,,brazos-valley-symphony-society---orchestra
Sexual Assault Resource Center,,,College Station,TX,77805,(979) 731-1000,http://sarcbv.org/,marketing@sarcbv.org,,Local Chamber Member,BCS Chamber,College Station,,,,,sexual-assault-resource-center
"International Electrical & Security, Inc.",,,College Station,TX,77842,(979) 690-1812,http://internationalsecuritytexas.com/,,,Local Chamber Member,BCS Chamber,College Station,,,,,international-electrical---security--inc
Watson Motors,,,College Station,TX,77803,(979) 823-0918,http://watsonmotorsinc.com/,,,Local Chamber Member,BCS Chamber,College Station,,,,,watson-motors
Level-C Solutions,,,College Station,TX,77840,(214) 213-6649,http://levelcsolutions.com/,,,Local Chamber Member,BCS Chamber,College Station,,,,,level-c-solutions
Bryan Rotary Club,,,College Station,TX,77802,,http://bryan-rotary.org/,bunnypratt95@gmail.com,,Local Chamber Member,BCS Chamber,College Station,,,,,bryan-rotary-club
Libations,,,College Station,TX,,,http://libationsliquor.com/,,,Local Chamber Member,BCS Chamber,College Station,,,,,libations
Lone Star Property Services,,,College Station,TX,77845,(979) 314-5008,https://ilovelonestar.com/,,,Local Chamber Member,BCS Chamber,College Station,,,,,lone-star-property-services
Sago Commercial Real Estate,,,College Station,TX,77845,(979) 260-5000,http://sagocre.com/,info@sagocre.com,,Local Chamber Member,BCS Chamber,College Station,,,,,sago-commercial-real-estate
BlueForge Alliance,,,College Station,TX,77807,(833) 258-3674,https://blueforgealliance.us/,,,Local Chamber Member,BCS Chamber,College Station,30.5990126,-96.3830777,osm:way:408442929,0.84,blueforge-alliance
WoodmenLife Insurance,,,College Station,TX,77807,(979) 775-7800,https://destinationbryan.com/,info@lakewalktx.com,,Local Chamber Member,BCS Chamber,College Station,,,,,woodmenlife-insurance
City of Bryan,,,College Station,TX,77803,(979) 209-5000,http://bryantx.gov/,,,Local Chamber Member,BCS Chamber,College Station,30.6558085,-96.3314635,osm:way:496810563,0.84,city-of-bryan
International Leadership of Texas,,,College Station,TX,,,http://iltexascsk8.org/,,,Local Chamber Member,BCS Chamber,College Station,30.5766909,-96.2853681,osm:way:1219905329,0.84,international-leadership-of-texas
Sport Clips (TX 290),,,College Station,TX,77807,(979) 775-7800,https://destinationbryan.com/,info@lakewalktx.com,,Local Chamber Member,BCS Chamber,College Station,,,,,sport-clips--tx-290
Wings 'N More SouthWood Valley,,,College Station,TX,77840,(979) 691-2100,http://wingsnmore.com/,partyroom@wingsnmore.com,,Local Chamber Member,BCS Chamber,College Station,,,,,wings--n-more-southwood-valley
Integrity Urgent Care,,,College Station,TX,,,http://integrityuc.com/,,,Local Chamber Member,BCS Chamber,College Station,30.6266662,-96.3369669,osm:way:485227152,0.84,integrity-urgent-care
Brazos Valley Fair & Rodeo,,,College Station,TX,77807,(979) 821-1450,http://brazosvalleyfair.com/,info@brazosvalleyfair.com,,Local Chamber Member,BCS Chamber,College Station,,,,,brazos-valley-fair---rodeo
Boxwood Homes,,,College Station,TX,77845,(979) 217-1162,https://boxwoodrealestate.com/,,,Local Chamber Member,BCS Chamber,College Station,,,,,boxwood-homes
"Live Oak Pet Services, Inc.",,,College Station,TX,77830,(936) 873-2564,http://liveoakpetservices.com/,liveoakpetservices@hotmail.com,,Local Chamber Member,BCS Chamber,College Station,,,,,live-oak-pet-services--inc
"Capsher Technology, Inc.",,,College Station,TX,,,http://capsher.com/,,,Local Chamber Member,BCS Chamber,College Station,,,,,capsher-technology--inc
"Acme Glass Company, Inc.",,,College Station,TX,,,http://acmeglass.com/,,,Local Chamber Member,BCS Chamber,College Station,,,,,acme-glass-company--inc
Brazos Valley Oral & Maxillofacial Surgery and Dental Implant Center,,,College Station,TX,77845,(979) 764-7101,http://bvoms.com/,,,Local Chamber Member,BCS Chamber,College Station,,,,,brazos-valley-oral---maxillofacial-surgery-and-dental-implant-center
Woodson Lumber & Hardware Inc.,,,College Station,TX,77836,(979) 567-3212,http://woodsonlumber.com/,info@woodsonlumber.com,,Local Chamber Member,BCS Chamber,College Station,,,,,woodson-lumber---hardware-inc
Workforce Solutions Brazos Valley Board,,,College Station,TX,77802,(979) 595-2800,http://bvjobs.org/,vmorrison@bvcog.org,,Local Chamber Member,BCS Chamber,College Station,,,,,workforce-solutions-brazos-valley-board
Brazos County A&M Club,,,College Station,TX,77841,,http://bcamc.org/,howdy@bcamc.org,,Local Chamber Member,BCS Chamber,College Station,,,,,brazos-county-a-m-club
Inbetween Coffee Company LLC,,,College Station,TX,,,http://inbetweencoffeeco.com/,inbetweencoffeeco@gmail.com,,Local Chamber Member,BCS Chamber,College Station,,,,,inbetween-coffee-company-llc
ANCO Investment Services,,,College Station,TX,,,https://raymondjames.com/ancoinvestmentservices,,,Local Chamber Member,BCS Chamber,College Station,,,,,anco-investment-services
Brazos Valley Council of Governments,,,College Station,TX,77802,(800) 735-2989,http://bvcog.org/,info@bvcog.org,,Local Chamber Member,BCS Chamber,College Station,,,,,brazos-valley-council-of-governments
Chosen - Bryan/College Station Pavilion,,,College Station,TX,77803,(985) 146-9796,http://chosen210.com/,kristen@chosen210.com,,Local Chamber Member,BCS Chamber,College Station,,,,,chosen---bryan-college-station-pavilion
Lucky Goat Coffee,,,College Station,TX,,(850) 422-0300,http://luckygoatcoffee.com/,,,Local Chamber Member,BCS Chamber,College Station,,,,,lucky-goat-coffee
Brazos Valley Society for Human Resource Mgmt/BV-SHRM,,,College Station,TX,,,https://bv-shrm.shrm.org/,,,Local Chamber Member,BCS Chamber,College Station,,,,,brazos-valley-society-for-human-resource-mgmt-bv-shrm
City of Navasota,,,College Station,TX,77868,(936) 825-6475,http://navasotatx.gov/,media@navasotatx.gov,,Local Chamber Member,BCS Chamber,College Station,,,,,city-of-navasota
"Wonderful Events, DBA ; Wonderfully Wed, LLC",,,College Station,TX,,(979) 450-4329,http://wonderfuleventstx.com/,erin@wonderfuleventstx.com,,Local Chamber Member,BCS Chamber,College Station,,,,,wonderful-events--dba---wonderfully-wed--llc
Sotera Health LLC,,,College Station,TX,77802,(979) 693-3208,http://soterahomehealth.com/,soteracare@gmail.com,,Local Chamber Member,BCS Chamber,College Station,,,,,sotera-health-llc
Los Agaves Mexican Food,,,College Station,TX,77807,(979) 775-7800,https://destinationbryan.com/,info@lakewalktx.com,,Local Chamber Member,BCS Chamber,College Station,,,,,los-agaves-mexican-food
"Iron Legion, LLC",,,College Station,TX,,,http://tbd - we will update later/,,,Local Chamber Member,BCS Chamber,College Station,,,,,iron-legion--llc
Woodhouse Spa Bryan-College Station,,,College Station,TX,77807,(979) 428-4772,http://collegestation.woodhousespas.com/,bryancollegestation@woodhousespas.com,,Local Chamber Member,BCS Chamber,College Station,,,,,woodhouse-spa-bryan-college-station
Impact Group Marketing,,,College Station,TX,77845,(979) 383-2965,https://impactgroupmarketing.com/,info@impactgroupmarketing.com,,Local Chamber Member,BCS Chamber,College Station,,,,,impact-group-marketing
Bryan Business Council,,,College Station,TX,77807,(979) 775-7800,https://destinationbryan.com/,info@lakewalktx.com,,Local Chamber Member,BCS Chamber,College Station,,,,,bryan-business-council
Chicken Express - Wellborn,,,College Station,TX,,,http://chickene.com/,,,Local Chamber Member,BCS Chamber,College Station,,,,,chicken-express---wellborn
"Beal & Winn Insurance Agency, LLC",,,College Station,TX,,,http://bealinsurance.com/,,,Local Chamber Member,BCS Chamber,College Station,,,,,beal---winn-insurance-agency--llc
Aggieland Moving,,,College Station,TX,77807,(979) 775-7800,https://destinationbryan.com/,info@lakewalktx.com,,Local Chamber Member,BCS Chamber,College Station,,,,,aggieland-moving
Brazos County Go Texan,,,College Station,TX,,,https://brazosgotexan.com/,,,Local Chamber Member,BCS Chamber,College Station,,,,,brazos-county-go-texan
"Andrews Myers, P.C.",,,College Station,TX,,(866) 535-2329,http://andrewsmyers.com/,info@andrewsmyers.com,,Local Chamber Member,BCS Chamber,College Station,,,,,andrews-myers--p-c
Integrity Urgent Care- Jones Crossing,,,College Station,TX,,,http://integrityuc.com/,,,Local Chamber Member,BCS Chamber,College Station,,,,,integrity-urgent-care--jones-crossing
LB Rejuven8 Aesthetics and Wellness,,,College Station,TX,77845,(254) 413-0667,http://lbrejuven8.com/,,,Local Chamber Member,BCS Chamber,College Station,,,,,lb-rejuven8-aesthetics-and-wellness
Skybreak Church,,,College Station,TX,77845,,http://skybreakchurch.com/,info@skybreakchurch.com,,Local Chamber Member,BCS Chamber,College Station,,,,,skybreak-church
BrightStar Care of Bryan/College Station,,,College Station,TX,,,http://brightstarecare.com/,,,Local Chamber Member,BCS Chamber,College Station,,,,,brightstar-care-of-bryan-college-station
Aggieland Lighting & Design,,,College Station,TX,,,http://aggielandlighting.com/,,,Local Chamber Member,BCS Chamber,College Station,,,,,aggieland-lighting---design
Brazos Valley Business Intelligence,,,College Station,TX,,(979) 431-4888,http://brazosvalleybi.com/,morrell@brazosvalleybi.com,,Local Chamber Member,BCS Chamber,College Station,,,,,brazos-valley-business-intelligence
"CSB Construction, LLC",,,College Station,TX,,,http://csb-construction.com/,,,Local Chamber Member,BCS Chamber,College Station,,,,,csb-construction--llc
Celebrity Spa & Salon,,,College Station,TX,77845,(979) 690-6200,http://celebrityspa.net/,director@celebrityspa.net,,Local Chamber Member,BCS Chamber,College Station,,,,,celebrity-spa---salon
Allen Samuels Chevrolet GMC,,,College Station,TX,77807,(979) 775-7800,https://destinationbryan.com/,info@lakewalktx.com,,Local Chamber Member,BCS Chamber,College Station,,,,,allen-samuels-chevrolet-gmc
Slovacek Sausage Co.,,,College Station,TX,77878,(979) 272-3333,http://slovacek.com/,laura@slovacek.com,,Local Chamber Member,BCS Chamber,College Station,,,,,slovacek-sausage-co
wrinsy,,,College Station,TX,,,http://wrinsy.com/,,,Local Chamber Member,BCS Chamber,College Station,,,,,wrinsy
Law by ME,,,College Station,TX,77803,(979) 821-2110,http://lawbyme.com/,,,Local Chamber Member,BCS Chamber,College Station,,,,,law-by-me
Wellmann Insurance Agency,,,College Station,TX,,(800) 836-3613,http://wellmanninsurance.com/,amayer@wellmanninsurance.com,,Local Chamber Member,BCS Chamber,College Station,,,,,wellmann-insurance-agency
Agave Catering,,,College Station,TX,,(979) 217-1710,https://agavecatering.org/,contact@agavecatering.org,,Local Chamber Member,BCS Chamber,College Station,,,,,agave-catering
St. Joseph Health,,,College Station,TX,,,http://st-joseph.org/,,,Local Chamber Member,BCS Chamber,College Station,,,,,st--joseph-health
Brookshire Brothers,,,College Station,TX,,,https://brookshirebrothers.com/,,,Local Chamber Member,BCS Chamber,College Station,30.6002635,-96.3421693,osm:way:1257690101,0.84,brookshire-brothers
Lamar National Bank,,,College Station,TX,77802,(903) 785-0701,http://lamarnational.com/,,,Local Chamber Member,BCS Chamber,College Station,,,,,lamar-national-bank
Collins Welding and Construction,,,College Station,TX,77807,(979) 775-7800,https://destinationbryan.com/,info@lakewalktx.com,,Local Chamber Member,BCS Chamber,College Station,,,,,collins-welding-and-construction
Sheriff Wayne Dicky,,,College Station,TX,77807,(979) 775-7800,https://destinationbryan.com/,info@lakewalktx.com,,Local Chamber Member,BCS Chamber,College Station,,,,,sheriff-wayne-dicky
Shipwreck Grill LP,,,College Station,TX,77807,(979) 775-7800,https://destinationbryan.com/,info@lakewalktx.com,,Local Chamber Member,BCS Chamber,College Station,,,,,shipwreck-grill-lp
Lee's Lady Lab,,,College Station,TX,,,http://leesladylab.com/,maneleebeauty@gmail.com,,Local Chamber Member,BCS Chamber,College Station,,,,,lee-s-lady-lab
"Ingram, Wallis & Company, P.C.",,,College Station,TX,77802,(603) 331-3202,http://ingram-wallis.com/,iwc@ingram-wallis.com,,Local Chamber Member,BCS Chamber,College Station,,,,,ingram--wallis---company--p-c
ILTexas Aggieland High School,,,College Station,TX,77845,(979) 701-2455,https://aggielandhs.iltexas.org/,,,Local Chamber Member,BCS Chamber,College Station,,,,,iltexas-aggieland-high-school
Integrated Technologies Group LLC,,,College Station,TX,,(979) 341-5500,http://intechgrouptx.com/,,,Local Chamber Member,BCS Chamber,College Station,,,,,integrated-technologies-group-llc
iHeartMedia,,,College Station,TX,77802,(979) 329-7616,https://aggie96.iheart.com/contact,amelialesniak@iheartmedia.com,,Local Chamber Member,BCS Chamber,College Station,,,,,iheartmedia
Wellborn Special Utility District,,,College Station,TX,77845,(979) 690-9799,http://wellbornsud.com/,,,Local Chamber Member,BCS Chamber,College Station,,,,,wellborn-special-utility-district
Circle C Barn Venue,,,College Station,TX,77836,(281) 389-8061,http://circlecbarnvenue.com/,,,Local Chamber Member,BCS Chamber,College Station,,,,,circle-c-barn-venue
Ashley & Co.,,,College Station,TX,,,http://ashleyandcompany.com/,,,Local Chamber Member,BCS Chamber,College Station,,,,,ashley---co
Benjamin Knox Gallery/Art Gallery,,,College Station,TX,77840,(979) 696-5669,http://benjaminknox.com/,info@benjaminknox.com,,Local Chamber Member,BCS Chamber,College Station,,,,,benjamin-knox-gallery-art-gallery
Shackelford Consulting,,,College Station,TX,77807,(979) 775-7800,https://destinationbryan.com/,info@lakewalktx.com,,Local Chamber Member,BCS Chamber,College Station,,,,,shackelford-consulting
Little Guys Movers,,,College Station,TX,,(940) 484-8964,http://littleguys.com/,nationalhq@littleguys.com,,Local Chamber Member,BCS Chamber,College Station,,,,,little-guys-movers
Wright Naeger Dentistry,,,College Station,TX,77845,(979) 776-4843,http://wrightnaegerdentistry.com/,office@wrightnaegerdentistry.com,,Local Chamber Member,BCS Chamber,College Station,,,,,wright-naeger-dentistry
ABWA - Leading Women Express Network (ABWA LWEN),,,College Station,TX,77807,(979) 775-7800,https://destinationbryan.com/,info@lakewalktx.com,,Local Chamber Member,BCS Chamber,College Station,,,,,abwa---leading-women-express-network--abwa-lwen
"Clark Isenhour Real Estate Services, LLC",,,College Station,TX,77808,(979) 268-6840,http://clarkisenhour.com/,frontdesk@clarkisenhour.com,,Local Chamber Member,BCS Chamber,College Station,,,,,clark-isenhour-real-estate-services--llc
"Brazos Valley Detachment #1391, Marine Corps League, Inc.",,,College Station,TX,77807,(979) 775-7800,https://destinationbryan.com/,info@lakewalktx.com,,Local Chamber Member,BCS Chamber,College Station,,,,,brazos-valley-detachment--1391--marine-corps-league--inc
Brazos Valley Council on Alcohol & Substance Abuse (BVCASA),,,College Station,TX,77806,(979) 846-3560,http://bvcasa.org/,info@bvcasa.org,,Local Chamber Member,BCS Chamber,College Station,,,,,brazos-valley-council-on-alcohol---substance-abuse--bvcasa
"Aldrich, Lisa",,,College Station,TX,77807,(979) 775-7800,https://destinationbryan.com/,info@lakewalktx.com,,Local Chamber Member,BCS Chamber,College Station,,,,,aldrich--lisa
Lisam America Inc,,,College Station,TX,,,http://lisam.com/,,,Local Chamber Member,BCS Chamber,College Station,,,,,lisam-america-inc
Integ,,,College Station,TX,77802,(254) 751-1012,http://integdoes.com/,austin@integdoes.com,,Local Chamber Member,BCS Chamber,College Station,,,,,integ
Bayliss Law,,,College Station,TX,77807,(979) 775-7800,https://destinationbryan.com/,info@lakewalktx.com,,Local Chamber Member,BCS Chamber,College Station,,,,,bayliss-law
St. Joseph Health Rehab Hospital,,,College Station,TX,,(877) 298-1086,http://healthsouth.com/,media@encompasshealth.com,,Local Chamber Member,BCS Chamber,College Station,,,,,st--joseph-health-rehab-hospital
Impact Fire Services,,,College Station,TX,,,http://impactfireservices.com/,,,Local Chamber Member,BCS Chamber,College Station,,,,,impact-fire-services
Wings 'N More University,,,College Station,TX,77840,(979) 691-2100,http://wingsnmore.com/,partyroom@wingsnmore.com,,Local Chamber Member,BCS Chamber,College Station,,,,,wings--n-more-university
Brazos Executive Transportation,,,College Station,TX,,,http://brazosexecutivetransportation.com/,,,Local Chamber Member,BCS Chamber,College Station,,,,,brazos-executive-transportation
CamWesT Traditions,,,College Station,TX,77807,(979) 775-7800,https://destinationbryan.com/,info@lakewalktx.com,,Local Chamber Member,BCS Chamber,College Station,,,,,camwest-traditions
"Brazos Valley Food Bank, Inc.",,,College Station,TX,77807,(979) 775-7800,https://destinationbryan.com/,info@lakewalktx.com,,Local Chamber Member,BCS Chamber,College Station,,,,,brazos-valley-food-bank--inc
Lithia Chrysler Dodge Jeep of Bryan,,,College Station,TX,,,http://lithia.com/,,,Local Chamber Member,BCS Chamber,College Station,,,,,lithia-chrysler-dodge-jeep-of-bryan
All Appliance & Refrigeration LLC,,,College Station,TX,,,http://allappliance.net/,,,Local Chamber Member,BCS Chamber,College Station,,,,,all-appliance---refrigeration-llc
"Wright, Ernie",,,College Station,TX,77807,(979) 775-7800,https://destinationbryan.com/,info@lakewalktx.com,,Local Chamber Member,BCS Chamber,College Station,,,,,wright--ernie
W3IT,,,College Station,TX,,,http://w3it.us/,,,Local Chamber Member,BCS Chamber,College Station,,,,,w3it
Brazos Valley Women's Center,,,College Station,TX,77845,(979) 776-5602,http://bvwc.com/,,,Local Chamber Member,BCS Chamber,College Station,,,,,brazos-valley-women-s-center
Ben E Keith Beverages,,,College Station,TX,,,http://greatbrewers.com/,,,Local Chamber Member,BCS Chamber,College Station,,,,,ben-e-keith-beverages
Summit Fire & Security,,,College Station,TX,,,http://summitcompanies.com/,,,Local Chamber Member,BCS Chamber,College Station,,,,,summit-fire---security
Community Foundation of the Brazos Valley,,,College Station,TX,,(979) 589-4305,http://cfbv.org/,president@cfbv.org,,Local Chamber Member,BCS Chamber,College Station,,,,,community-foundation-of-the-brazos-valley
"Laser Answering Service, LLC",,,College Station,TX,77807,(979) 775-7800,https://destinationbryan.com/,info@lakewalktx.com,,Local Chamber Member,BCS Chamber,College Station,,,,,laser-answering-service--llc
Aggieland Credit Union - Northgate,,,College Station,TX,77840,(800) 749-9732,http://aggielandcu.org/,,,Local Chamber Member,BCS Chamber,Northgate,,,,,aggieland-credit-union---northgate
Ashley Furniture Homestore,,,College Station,TX,,,http://ashleyfurniturehomestore.com/,,,Local Chamber Member,BCS Chamber,College Station,,,,,ashley-furniture-homestore
Criswell Distributing Co.,,,College Station,TX,77802,(979) 985-2509,http://criswellclary.com/,,,Local Chamber Member,BCS Chamber,College Station,,,,,criswell-distributing-co
"BCS Print, Signs, and Graphics",,,College Station,TX,77807,(979) 775-7800,https://destinationbryan.com/,info@lakewalktx.com,,Local Chamber Member,BCS Chamber,College Station,,,,,bcs-print--signs--and-graphics
Commanders Cove,,,College Station,TX,,,http://commanderscove.com/,,,Local Chamber Member,BCS Chamber,College Station,,,,,commanders-cove
Frame by Frame/Essential Media,,,College Station,TX,,(979) 690-6956,http://fxfinc.com/,gregsphelps@gmail.com,,Local Chamber Member,BCS Chamber,College Station,,,,,frame-by-frame-essential-media
Waxing the City,,,College Station,TX,,,http://waxingthecity.com/,mediainquiries@sebrands.com,,Local Chamber Member,BCS Chamber,College Station,,,,,waxing-the-city
LM2 Business Solutions LLC,,,College Station,TX,77802,(512) 937-2883,http://lm2biz.com/,,,Local Chamber Member,BCS Chamber,College Station,,,,,lm2-business-solutions-llc
Reece & Jouett Radiant Exceptional Dentistry,,,College Station,TX,77802,(979) 846-6515,https://radiantdentistry.com/,,,Local Chamber Member,BCS Chamber,College Station,,,,,reece---jouett-radiant-exceptional-dentistry
12th Man Foundation,,,College Station,TX,77841,(979) 846-8892,http://12thmanfoundation.com/,customersupport@12thmanfoundation.com,,Local Chamber Member,BCS Chamber,College Station,,,,,12th-man-foundation
All Green Lawn Care Services,,,College Station,TX,77807,(979) 775-7800,https://destinationbryan.com/,info@lakewalktx.com,,Local Chamber Member,BCS Chamber,College Station,,,,,all-green-lawn-care-services
Anytime Pest Elimination College Station,,,College Station,TX,,,http://anytimepesteliminationcollegestation.com/,,,Local Chamber Member,BCS Chamber,College Station,,,,,anytime-pest-elimination-college-station
Suzie Q Bakes,,,College Station,TX,77807,(979) 775-7800,https://destinationbryan.com/,info@lakewalktx.com,,Local Chamber Member,BCS Chamber,College Station,,,,,suzie-q-bakes
Galleria Village Office Building Leasing,,,College Station,TX,77802,(979) 691-7150,http://galleriavillage.com/,,,Local Chamber Member,BCS Chamber,College Station,,,,,galleria-village-office-building-leasing
G-CON Manufacturing Inc.,,"G-CON Manufacturing Inc. designs, produces and installs prefabricated cleanroom PODs., G-CON Manufacturing Inc. designs, produces and installs prefabricated cleanroom PODs.",College Station,TX,,,http://gconbio.com/,,,Local Chamber Member,BCS Chamber,College Station,,,,,g-con-manufacturing-inc
979 Nutrition,,,College Station,TX,,,https://979nutrition.com/,,,Local Chamber Member,BCS Chamber,College Station,,,,,979-nutrition
"Ike's Small Engines, LLC",,,College Station,TX,77801,(979) 775-2124,http://ikesllc.com/,,,Local Chamber Member,BCS Chamber,College Station,,,,,ike-s-small-engines--llc
Collier Construction,,,College Station,TX,77833,(979) 836-4477,http://collierconstruction.com/,maceyt@collierconstruction.com,,Local Chamber Member,BCS Chamber,College Station,,,,,collier-construction
Ally Business Solutions,,"Ally Business Solutions specializes in providing the best cloud-based, full-service bookkeeping and payroll solutions for our clients!, Ally Business Solutions specializes in providing the best cloud-based, full-service bookkeeping and payroll solutions for our clients!",College Station,TX,,(979) 402-8545,https://ally-biz.com/,,,Local Chamber Member,BCS Chamber,College Station,,,,,ally-business-solutions
Brazos Valley Floor and Design,,,College Station,TX,77807,(979) 775-7800,https://destinationbryan.com/,info@lakewalktx.com,,Local Chamber Member,BCS Chamber,College Station,,,,,brazos-valley-floor-and-design
Grace Travel and Moore,,,College Station,TX,,,http://gracetravelandmoore.com/,,,Local Chamber Member,BCS Chamber,College Station,,,,,grace-travel-and-moore
Reece Homes,,,College Station,TX,,(979) 635-4800,http://reece-homes.com/,,,Local Chamber Member,BCS Chamber,College Station,,,,,reece-homes
12th Man Technology,,,College Station,TX,77845,(979) 314-0537,http://12thmantechnology.com/,msc@12thmantechnology.com,,Local Chamber Member,BCS Chamber,College Station,,,,,12th-man-technology
Ag Solar Guard Inc.,,,College Station,TX,77802,(979) 846-5091,http://agsolarguard.com/,agsolarguard1@gmail.com,,Local Chamber Member,BCS Chamber,College Station,,,,,ag-solar-guard-inc
"Clarke & Wyndham, Inc.",,,College Station,TX,,,http://clarkewyndham.com/,,,Local Chamber Member,BCS Chamber,College Station,,,,,clarke---wyndham--inc
Dutch Bros. Coffee,Cafe,12065 Wellborn Road,College Station,TX,77845,,https://locations.dutchbros.com/dutch-bros-coffee-f33531806ef3,,3.09,Local Independent/Franchise,OpenStreetMap,College Station,30.5773418,-96.3168922,osm:way:1216153654,1.0,dutch-bros--coffee
"State Farm, Courtney Boring, Agent",,,College Station,TX,77807,(979) 775-7800,https://destinationbryan.com/,info@lakewalktx.com,,Local Chamber Member,BCS Chamber,College Station,,,,,state-farm--courtney-boring--agent
12th Park RV Resort,,,College Station,TX,,,http://12thpark.com/,,,Local Chamber Member,BCS Chamber,College Station,,,,,12th-park-rv-resort
River of Life Chiropractic,,,College Station,TX,77845,(979) 383-2105,http://riveroflifechirocare.com/,schedule@riveroflifechirocare.com,,Local Chamber Member,BCS Chamber,College Station,,,,,river-of-life-chiropractic
"Brazos Industries, LLC",,,College Station,TX,77807,(979) 775-7800,https://destinationbryan.com/,info@lakewalktx.com,,Local Chamber Member,BCS Chamber,College Station,,,,,brazos-industries--llc
Asher College Station,,,College Station,TX,77845,(979) 589-5995,https://asherlivingtx.com/college-station,,,Local Chamber Member,BCS Chamber,College Station,,,,,asher-college-station
AUTOTRUST REPAIRS LLC,,"Autotrust Repairs, Autotrust Repairs",College Station,TX,,(936) 582-0301,http://autotrustrepairs.com/,navasota@autotrustrepairs.com,,Local Chamber Member,BCS Chamber,College Station,,,,,autotrust-repairs-llc
Graze & Gala Charcuterie,,,College Station,TX,77807,(940) 535-4459,http://grazeandgala.com/,info@grazeandgala.com,,Local Chamber Member,BCS Chamber,College Station,,,,,graze---gala-charcuterie
Chilton Bacak Group,,,College Station,TX,,,http://chiltonbacakgroup.com/,info@chiltonbacakgroup.com,,Local Chamber Member,BCS Chamber,College Station,,,,,chilton-bacak-group
"Redtail Equipment Rental, LLC",,,College Station,TX,,,http://redtailrental.com/,,,Local Chamber Member,BCS Chamber,College Station,,,,,redtail-equipment-rental--llc
3rd On Main,,,College Station,TX,77803,(979) 353-4112,http://3rdonmain.com/,hello@3rdonmain.com,,Local Chamber Member,BCS Chamber,College Station,,,,,3rd-on-main
4.0 Cuts Barber Salon - Texas A&M,,,College Station,TX,77845,(979) 704-6440,http://40cuts.com/,,,Local Chamber Member,BCS Chamber,College Station,,,,,4-0-cuts-barber-salon---texas-a-m
Afresh Vision Enterprises,,,College Station,TX,,,http://afresh.vision/,,,Local Chamber Member,BCS Chamber,College Station,,,,,afresh-vision-enterprises
4.0 Cuts Barber Salon,,,College Station,TX,77845,(979) 704-6440,http://40cuts.com/,,,Local Chamber Member,BCS Chamber,College Station,,,,,4-0-cuts-barber-salon
"Charles Durr, Jr",,,College Station,TX,77807,(979) 775-7800,https://destinationbryan.com/,info@lakewalktx.com,,Local Chamber Member,BCS Chamber,College Station,,,,,charles-durr--jr
George's Paint & Body LLC,,,College Station,TX,,(979) 775-3712,http://georgespaintandbody.com/,info@georgespaintandbody.com,,Local Chamber Member,BCS Chamber,College Station,,,,,george-s-paint---body-llc
Re/Max 20|20,,,College Station,TX,,,http://2020bcs.com/,,,Local Chamber Member,BCS Chamber,College Station,,,,,re-max-20-20
Community Development Services,,,College Station,TX,77803,(979) 209-5000,http://bryantx.gov/,,,Local Chamber Member,BCS Chamber,College Station,,,,,community-development-services
Row House College Station,,,College Station,TX,,,http://therowhouse.com/,marketing@therowhouse.com,,Local Chamber Member,BCS Chamber,College Station,,,,,row-house-college-station
Andy's Frozen Custard,Ice Cream,104 Southwest Parkway,College Station,TX,77840,(417) 881-3500,http://eatandys.com/,marketing@eatandys.com,1.94,Local Independent/Franchise,"OpenStreetMap, BCS Chamber",College Station,30.5912954,-96.3295574,osm:way:1279749419,1.0,andy-s-frozen-custard
Grassroots LLC,,,College Station,TX,,(979) 703-8412,http://grassrootsbcs.com/,info@grassrootsbcs.com,,Local Chamber Member,BCS Chamber,College Station,,,,,grassroots-llc
G & S Custom Pools LLC,,,College Station,TX,,(979) 933-8400,http://gandscustompools.com/,,,Local Chamber Member,BCS Chamber,College Station,,,,,g---s-custom-pools-llc
180 Degrees Consulting,,,College Station,TX,,,https://180dctamu.com/,kprimeaux@180dc.org,,Local Chamber Member,BCS Chamber,College Station,,,,,180-degrees-consulting
"George's Auto Glass, LLC",,,College Station,TX,77803,(979) 977-6150,http://georgesauto.glass/,info@georgesauto.glass,,Local Chamber Member,BCS Chamber,College Station,,,,,george-s-auto-glass--llc
Comcast Business / Xfinity,,,College Station,TX,,,https://texas.comcast.com/bcs,,,Local Chamber Member,BCS Chamber,College Station,,,,,comcast-business---xfinity
St. Joseph Health Express Care College Station,,,College Station,TX,77807,(979) 775-7800,https://destinationbryan.com/,info@lakewalktx.com,,Local Chamber Member,BCS Chamber,College Station,,,,,st--joseph-health-express-care-college-station
Gringo's Mexican Kitchen,Restaurant,4300 South Highway 6,College Station,TX,77845,(979) 485-1483,https://gringostexmex.com/gringos-locations/gringos-college-station,gmk12@gringostexmex.com,5.53,Local Independent/Franchise,"OpenStreetMap, BCS Chamber",College Station,30.5655282,-96.2670682,osm:way:1337113838,1.0,gringo-s-mexican-kitchen
"Guarantee Mortgage, LLC",,"Guarantee Mortgage Company, College Station, Texas mortgage broker. Hundreds of mortgage options under one roof. Start an application to see your best option., Guarantee Mortgage Company, College Station, Texas mortgage broker. Hundreds of mortgage options under one roof. Start an application to see your best option.",College Station,TX,,(979) 977-3900,http://guaranteemcs.com/,team@guaranteemc.com,,Local Chamber Member,BCS Chamber,College Station,,,,,guarantee-mortgage--llc
B&B Automotive Services,,,College Station,TX,77807,(979) 775-7800,https://destinationbryan.com/,info@lakewalktx.com,,Local Chamber Member,BCS Chamber,College Station,,,,,b-b-automotive-services
Robwiththehat,,,College Station,TX,,,http://djrob.co/,,,Local Chamber Member,BCS Chamber,College Station,,,,,robwiththehat
Cotton Patch Cafe,Cafe,940 North Earl Rudder Freeway,Bryan,TX,77802,,https://cottonpatch.com/locations/bryan,,3.87,Local Independent/Franchise,OpenStreetMap,Bryan,30.6746292,-96.3383552,osm:way:1351161422,1.0,cotton-patch-cafe
Renner Chiropractic,,,College Station,TX,77802,(979) 774-6337,http://rennerchiropractic.com/,,,Local Chamber Member,BCS Chamber,College Station,,,,,renner-chiropractic
City Bank,,,College Station,TX,,,http://citybanktexas.com/,,,Local Chamber Member,BCS Chamber,College Station,30.638039,-96.3172241,osm:way:407979784,0.84,city-bank
7 Brew,Restaurant,612 East Villa Maria Road,Bryan,TX,,,https://7brew.com/location/texas-bryan-000215,,2.03,Local Independent/Franchise,OpenStreetMap,Bryan,30.6443354,-96.3530503,osm:way:1367457277,1.0,7-brew
ABC Supply,,,College Station,TX,,,http://abcsupply.com/,,,Local Chamber Member,BCS Chamber,College Station,,,,,abc-supply
College Station Tent & Event,,,College Station,TX,77803,(210) 748-9775,http://cstattent.com/,info@cstattent.com,,Local Chamber Member,BCS Chamber,College Station,,,,,college-station-tent---event
Ronald McDonald House Charities of Central Texas,,,College Station,TX,77807,(979) 775-7800,https://destinationbryan.com/,info@lakewalktx.com,,Local Chamber Member,BCS Chamber,College Station,,,,,ronald-mcdonald-house-charities-of-central-texas
Casa Monarca,,,College Station,TX,77807,(979) 775-7800,https://destinationbryan.com/,info@lakewalktx.com,,Local Chamber Member,BCS Chamber,College Station,,,,,casa-monarca
Good Company Construction,,"Transforming homes and businesses in Texas, Good Company Construction excels in innovative remodeling, dedicated craftsmanship, and customer satisfaction., Transforming homes and businesses in Texas, Good Company Construction excels in innovative remodeling, dedicated craftsmanship, and customer satisfaction.",College Station,TX,77802,(979) 201-8841,http://goodcompanyconstruction.com/,,,Local Chamber Member,BCS Chamber,College Station,,,,,good-company-construction
Twin Peaks,Restaurant,768 North Earl Rudder Freeway,Bryan,TX,77802,(979) 393-0430,https://twinpeaksrestaurant.com/locations/bryan,,3.55,Local Independent/Franchise,"OpenStreetMap, BCS Chamber",Bryan,30.6700586,-96.3347127,osm:way:1368022181,1.0,twin-peaks
"Riley, Shawn",,,College Station,TX,77807,(979) 775-7800,https://destinationbryan.com/,info@lakewalktx.com,,Local Chamber Member,BCS Chamber,College Station,,,,,riley--shawn
"Rodriguez & Gimbert, PLLC",,,College Station,TX,,,http://rglawyer.com/,,,Local Chamber Member,BCS Chamber,College Station,,,,,rodriguez---gimbert--pllc
CTWP,,,College Station,TX,77807,(979) 775-7800,https://destinationbryan.com/,info@lakewalktx.com,,Local Chamber Member,BCS Chamber,College Station,,,,,ctwp
Arrow S Pest Control,,,College Station,TX,77805,(979) 314-9386,http://arrowspestcontrol.com/,,,Local Chamber Member,BCS Chamber,College Station,,,,,arrow-s-pest-control
Greater Brazos Partnership,,,College Station,TX,,,http://greaterbrazos.org/,,,Local Chamber Member,BCS Chamber,College Station,,,,,greater-brazos-partnership
Atmos Energy,,,College Station,TX,,(866) 322-8667,http://atmosenergy.com/,,,Local Chamber Member,BCS Chamber,College Station,,,,,atmos-energy
Giddy Up Glamour,,,College Station,TX,77845,,http://gugonline.com/,,,Local Chamber Member,BCS Chamber,College Station,,,,,giddy-up-glamour
Richard Wayne Pollard Education Foundation,,,College Station,TX,77802,(979) 574-0540,http://rwpef.org/,info@rwpef.org,,Local Chamber Member,BCS Chamber,College Station,,,,,richard-wayne-pollard-education-foundation
Aqua-Tots Swim Schools,,,College Station,TX,77802,(979) 314-9879,https://aqua-tots.com/bryan-college-station,,,Local Chamber Member,BCS Chamber,College Station,,,,,aqua-tots-swim-schools
"Cargill, Lee",,,College Station,TX,77807,(979) 775-7800,https://destinationbryan.com/,info@lakewalktx.com,,Local Chamber Member,BCS Chamber,College Station,,,,,cargill--lee
REVELxp,,,College Station,TX,,(979) 775-1700,https://revelxp.com/texas-a-m,brook.neumeyer@revelxp.com,,Local Chamber Member,BCS Chamber,College Station,,,,,revelxp
Adobe Acrobat,,,College Station,TX,77807,(979) 775-7800,https://destinationbryan.com/,info@lakewalktx.com,,Local Chamber Member,BCS Chamber,College Station,,,,,adobe-acrobat
Aggieland Construction,,,College Station,TX,,(979) 393-0080,http://aggielandconstruction.com/,bids@aggielandconstruction.com,,Local Chamber Member,BCS Chamber,College Station,,,,,aggieland-construction
AG Workers Insurance,,,College Station,TX,,,http://agworkers.com/,,,Local Chamber Member,BCS Chamber,College Station,,,,,ag-workers-insurance
Apricot Lane Boutique,,,College Station,TX,,,https://apricotlaneboutique.com/store/collegestation,,,Local Chamber Member,BCS Chamber,College Station,,,,,apricot-lane-boutique
Charles Schwab & Co,,,College Station,TX,77840,(979) 599-5140,https://client.schwab.com/Public/BranchLocator/branchdetails.aspx?branchid=1956,,,Local Chamber Member,BCS Chamber,College Station,,,,,charles-schwab---co
GreenPrint Real Estate Group,,,College Station,TX,77845,(979) 213-5101,http://greenprintrealestate.com/,hello@greenprintrealestate.com,,Local Chamber Member,BCS Chamber,College Station,,,,,greenprint-real-estate-group
Citizens Bank,,,College Station,TX,,(903) 984-8671,http://citizensbanktx.com/,,,Local Chamber Member,BCS Chamber,College Station,30.6482618,-96.2992397,osm:way:966370659,0.84,citizens-bank
"Aggieland Apartment Finders, LLC",,,College Station,TX,77840,(979) 289-1911,http://aggielandapartmentfinders.com/,,,Local Chamber Member,BCS Chamber,College Station,,,,,aggieland-apartment-finders--llc
Cavalier Cigar Company,,,College Station,TX,77840,(979) 693-6734,http://txcigar.com/,,,Local Chamber Member,BCS Chamber,College Station,,,,,cavalier-cigar-company
GLS,,,College Station,TX,,,http://glstexas.com/,cmezzano@glstexas.com,,Local Chamber Member,BCS Chamber,College Station,,,,,gls
Christian Brothers Automotive - Bryan,,,College Station,TX,77808,(979) 325-3348,http://cbac.com/Bryan,,,Local Chamber Member,BCS Chamber,College Station,,,,,christian-brothers-automotive---bryan
CREI Partners,,,College Station,TX,77802,(979) 895-4222,http://creipartners.com/,invest@creipartners.com,,Local Chamber Member,BCS Chamber,College Station,,,,,crei-partners
C&J Barbeque Bryan,,,College Station,TX,77807,(979) 775-7800,https://destinationbryan.com/,info@lakewalktx.com,,Local Chamber Member,BCS Chamber,College Station,,,,,c-j-barbeque-bryan
Arlene Campbell Humanitarian Foundation,,,College Station,TX,77872,,http://arlenecampbell.org/,info@arlenecampbell.org,,Local Chamber Member,BCS Chamber,College Station,,,,,arlene-campbell-humanitarian-foundation
Great Escapes Bryan College Station,,,College Station,TX,,,http://greatescapesbcs.com/,,,Local Chamber Member,BCS Chamber,College Station,,,,,great-escapes-bryan-college-station
Ramada by Wyndham College Station,,,College Station,TX,77840,(844) 405-4141,https://wyndhamhotels.com/hotels/23896,accessibility@wyndham.com,,Local Chamber Member,BCS Chamber,College Station,,,,,ramada-by-wyndham-college-station
"American Fire Protection Group, Inc.",,,College Station,TX,77807,(979) 775-7800,https://destinationbryan.com/,info@lakewalktx.com,,Local Chamber Member,BCS Chamber,College Station,30.5670541,-96.2979136,osm:way:1180585667,0.84,american-fire-protection-group--inc
"Goode-Haddock, Celia",,,College Station,TX,77807,(979) 775-7800,https://destinationbryan.com/,info@lakewalktx.com,,Local Chamber Member,BCS Chamber,College Station,,,,,goode-haddock--celia
Casa Mangiare,,,College Station,TX,,,http://casamangiare.com/,,,Local Chamber Member,BCS Chamber,College Station,,,,,casa-mangiare
"Ruffino, J.J.",,,College Station,TX,,(140) 866-2825,http://jjspackage.com/,,,Local Chamber Member,BCS Chamber,College Station,,,,,ruffino--j-j
Ron Gay Financial Services,,,College Station,TX,77807,(979) 775-7800,https://destinationbryan.com/,info@lakewalktx.com,,Local Chamber Member,BCS Chamber,College Station,,,,,ron-gay-financial-services
George Bush Presidential Library and Museum,,,College Station,TX,77841,(979) 862-2251,http://bush41.org/,bush.foundation@bush41.org,,Local Chamber Member,BCS Chamber,College Station,30.5963132,-96.35312,osm:way:52723782,0.84,george-bush-presidential-library-and-museum
Refrigeration Vessels & Systems Corporation,,,College Station,TX,,,http://rvscorp.com/,,,Local Chamber Member,BCS Chamber,College Station,,,,,refrigeration-vessels---systems-corporation
Gage Gandy Bail Bonds,,,College Station,TX,77803,(979) 821-2663,http://gagegandybailbonds.com/,agent@gagegandybailbonds.com,,Local Chamber Member,BCS Chamber,College Station,,,,,gage-gandy-bail-bonds
Charles & Sue's School of Hair Design,,,College Station,TX,77802,(979) 776-4375,http://charlesandsues.com/,admissions@charlesandsues.com,,Local Chamber Member,BCS Chamber,College Station,,,,,charles---sue-s-school-of-hair-design
Gooseneck Trailer Manufacturing,,,College Station,TX,,,http://gooseneck.net/,,,Local Chamber Member,BCS Chamber,College Station,,,,,gooseneck-trailer-manufacturing
Avinext,,,College Station,TX,,,http://avinext.com/,,,Local Chamber Member,BCS Chamber,College Station,,,,,avinext
Club Car Wash,,,College Station,TX,,,https://clubcarwash.com/,,,Local Chamber Member,BCS Chamber,College Station,30.6306445,-96.3812032,osm:way:1367457279,0.84,club-car-wash
"Rodgers, Miller, Rodriguez & Fusco, P.C.",,,College Station,TX,77802,(979) 260-9911,http://rodgersmiller.com/,,,Local Chamber Member,BCS Chamber,College Station,,,,,rodgers--miller--rodriguez---fusco--p-c
Griffin Locksmith,,,College Station,TX,77801,(979) 822-2705,http://griffinlocksmith.com/,griffinlocks@gmail.com,,Local Chamber Member,BCS Chamber,College Station,,,,,griffin-locksmith
"AGG General Contracting, LLC",,"Remodeling, Bathroom Remodeling, Kitchen Remodeling, Residential Remodeling, Roofing, Flooring, Drywall, Painting, Carpentry, Window Replacement, Door Replacement, Remodeling, Bathroom Remodeling, Kitchen Remodeling, Residential Remodeling, Roofing, Flooring, Drywall, Painting, Carpentry, Window Replacement, Door Replacement",College Station,TX,77807,(979) 775-7800,https://destinationbryan.com/,info@lakewalktx.com,,Local Chamber Member,BCS Chamber,College Station,,,,,agg-general-contracting--llc
Restorative Physical Therapy,,,College Station,TX,77807,(979) 775-7800,https://destinationbryan.com/,info@lakewalktx.com,,Local Chamber Member,BCS Chamber,College Station,,,,,restorative-physical-therapy
ANCO Insurance,,,College Station,TX,,(800) 749-1733,http://anco.com/,info@anco.com,,Local Chamber Member,BCS Chamber,College Station,,,,,anco-insurance
Rollo Insurance Group,,,College Station,TX,,,https://rolloinsurance.com/,,,Local Chamber Member,BCS Chamber,College Station,,,,,rollo-insurance-group
Guaranty Bank & Trust,,,College Station,TX,,,http://gnty.com/,,,Local Chamber Member,BCS Chamber,College Station,30.5534519,-96.2633766,osm:way:544924410,0.84,guaranty-bank---trust
Amarillo National Bank - Fitch Branch,,,College Station,TX,77845,(806) 378-8000,https://anb.com/Branch-ANB-Fitch.aspx,,,Local Chamber Member,BCS Chamber,College Station,,,,,amarillo-national-bank---fitch-branch
RV Station Ltd,,,College Station,TX,,,http://rvstationonline.com/,,,Local Chamber Member,BCS Chamber,College Station,,,,,rv-station-ltd
Aggieland Christmas Lights,,"Professional custom Christmas light installation. Transform your home, business, or event with custom lighting. Book your custom lighting now!, Professional custom Christmas light installation. Transform your home, business, or event with custom lighting. Book your custom lighting now!",College Station,TX,,(979) 450-9572,http://aggielandchristmaslights.com/,operations@aggielandchristmaslights.com,,Local Chamber Member,BCS Chamber,College Station,,,,,aggieland-christmas-lights
Cavalry Court Hotel,,,College Station,TX,77840,(844) 313-7337,http://cavalrycourt.com/,,,Local Chamber Member,BCS Chamber,College Station,,,,,cavalry-court-hotel
AT&T,,,College Station,TX,77840,(979) 329-6556,https://att.com/stores/texas/college-station/81396,,,Local Chamber Member,BCS Chamber,College Station,30.5574354,-96.261429,osm:way:409367371,0.84,at-t
AirMedCare Network,,,College Station,TX,77807,(979) 775-7800,https://destinationbryan.com/,info@lakewalktx.com,,Local Chamber Member,BCS Chamber,College Station,,,,,airmedcare-network
Residence Inn by Marriott,,,College Station,TX,,,http://marriott.com/cllri,,,Local Chamber Member,BCS Chamber,College Station,30.6328504,-96.3259727,osm:way:319032688,0.84,residence-inn-by-marriott
G&A Partners,,,College Station,TX,,(800) 253-8562,http://gnapartners.com/,,,Local Chamber Member,BCS Chamber,College Station,,,,,g-a-partners
Chicken Express Bryan,,,College Station,TX,,,http://chickene.com/,,,Local Chamber Member,BCS Chamber,College Station,,,,,chicken-express-bryan
Allied Property Tax Advisors,,,College Station,TX,,(979) 777-6561,http://alliedpropertytax.com/,protest@alliedpropertytax.com,,Local Chamber Member,BCS Chamber,College Station,,,,,allied-property-tax-advisors
"RELLIS Campus Data and Research Center, LLC",,,College Station,TX,,,http://rellisdrc.com/,,,Local Chamber Member,BCS Chamber,College Station,,,,,rellis-campus-data-and-research-center--llc
Aggieland Travel,,,College Station,TX,77807,(979) 775-7800,https://destinationbryan.com/,info@lakewalktx.com,,Local Chamber Member,BCS Chamber,College Station,,,,,aggieland-travel
"Green Teams, Inc",,,College Station,TX,,,http://greenteamsinc.com/,info@greenteamsinc.com,,Local Chamber Member,BCS Chamber,College Station,,,,,green-teams--inc
ALPHAGRAPHICS BCS,,"AlphaGraphics Bryan/College Station is a custom manufacturer of print and marketing communications. Formerly Tops Printing, we have been successfully servicing the Brazos Valley and surrounding areas., AlphaGraphics Bryan/College Station is a custom manufacturer of print and marketing communications. Formerly Tops Printing, we have been successfully servicing the Brazos Valley and surrounding areas.",College Station,TX,77802,(979) 779-1234,http://alphagraphicsbcs.com/,us758@alphagraphics.com,,Local Chamber Member,BCS Chamber,College Station,,,,,alphagraphics-bcs
"Reese, Bob C.",,,College Station,TX,77807,(979) 775-7800,https://destinationbryan.com/,info@lakewalktx.com,,Local Chamber Member,BCS Chamber,College Station,,,,,reese--bob-c
Cleary Zimmermann Engineers,,,College Station,TX,,,http://clearyzimmermann.com/,,,Local Chamber Member,BCS Chamber,College Station,,,,,cleary-zimmermann-engineers
Allumine Home Health & Hospice,,,College Station,TX,77807,(979) 775-7800,https://destinationbryan.com/,info@lakewalktx.com,,Local Chamber Member,BCS Chamber,College Station,,,,,allumine-home-health---hospice
Glenn Shepard Seminars,,,College Station,TX,,(615) 353-7125,http://glennshepard.com/,,,Local Chamber Member,BCS Chamber,College Station,,,,,glenn-shepard-seminars
Restore Hyper Wellness - College Station,,,College Station,TX,77845,(197) 939-8312,https://restore.com/locations/tx-college-station-tx112,frontdesktx112@restore.com,,Local Chamber Member,BCS Chamber,College Station,,,,,restore-hyper-wellness---college-station
Amplified Digital Agency / The Eagle,,,College Station,TX,77843,(979) 776-4444,http://theeagle.com/,aumcbryan@gmail.com,,Local Chamber Member,BCS Chamber,College Station,,,,,amplified-digital-agency---the-eagle
All Star Towing,,,College Station,TX,77807,(979) 775-7800,https://destinationbryan.com/,info@lakewalktx.com,,Local Chamber Member,BCS Chamber,College Station,,,,,all-star-towing
Global Foodcraft,,,College Station,TX,,,http://globalfoodcraft.com/,,,Local Chamber Member,BCS Chamber,College Station,,,,,global-foodcraft
Rabine Compacted Concrete,,,College Station,TX,77808,(979) 329-3781,http://rabinecompactedconcrete.com/,info@rabinecompactedconcrete.com,,Local Chamber Member,BCS Chamber,College Station,,,,,rabine-compacted-concrete
Aggieland Humane Society,,,College Station,TX,77807,(979) 775-5755,http://aggielandhumane.org/,,,Local Chamber Member,BCS Chamber,College Station,,,,,aggieland-humane-society
Cellular Sales Verizon retailer,,,College Station,TX,,,http://cellularsales.com/,,,Local Chamber Member,BCS Chamber,College Station,,,,,cellular-sales-verizon-retailer
Aegis Electric,,,College Station,TX,77807,(979) 775-7800,https://destinationbryan.com/,info@lakewalktx.com,,Local Chamber Member,BCS Chamber,College Station,,,,,aegis-electric
All Creative Promotional Plus LLC,,"All Creative Promotional Plus provides custom promotional products, branded apparel, and marketing merchandise designed to help businesses increase brand visibility and leave a lasting impression., All Creative Promotional Plus provides custom promotional products, branded apparel, and marketing merchandise designed to help businesses increase brand visibility and leave a lasting impression.",College Station,TX,77845,(979) 823-6911,http://acpromoplus.com/,sales@acpromoplus.com,,Local Chamber Member,BCS Chamber,College Station,,,,,all-creative-promotional-plus-llc
Republican Party of Brazos County,,,College Station,TX,77802,(979) 268-2308,http://brazosgop.org/,,,Local Chamber Member,BCS Chamber,College Station,,,,,republican-party-of-brazos-county
"Arambula Law Firm, P.C.",,,College Station,TX,,,http://alfpc-law.com/,,,Local Chamber Member,BCS Chamber,College Station,,,,,arambula-law-firm--p-c
"Cangelose Roofing and Restoration, LLC",,,College Station,TX,77807,(979) 775-7800,https://destinationbryan.com/,info@lakewalktx.com,,Local Chamber Member,BCS Chamber,College Station,,,,,cangelose-roofing-and-restoration--llc
Greenbelt Group II,,,College Station,TX,,,http://none/,,,Local Chamber Member,BCS Chamber,College Station,,,,,greenbelt-group-ii
Good Life Family Medicine,,,College Station,TX,77845,,http://goodlifefamilymedicine.com/,info@goodlifefamilymedicine.com,,Local Chamber Member,BCS Chamber,College Station,,,,,good-life-family-medicine
Admail,,,College Station,TX,77807,(979) 775-7800,https://destinationbryan.com/,info@lakewalktx.com,,Local Chamber Member,BCS Chamber,College Station,,,,,admail
Amada Senior Care College Station,,,College Station,TX,,,https://amadaseniorcare.com/college-station-senior-care,,,Local Chamber Member,BCS Chamber,College Station,,,,,amada-senior-care-college-station
"Chad Jones Law, PC",,,College Station,TX,77845,(866) 462-5224,http://chadjoneslaw.com/,,,Local Chamber Member,BCS Chamber,College Station,,,,,chad-jones-law--pc
Colliers Engineering & Design,,,College Station,TX,,(877) 627-3772,https://colliersengineering.com/,projects@colliers.com,,Local Chamber Member,BCS Chamber,College Station,,,,,colliers-engineering---design
Alvarenga Family Insurance Agencies,,,College Station,TX,77807,(979) 775-7800,https://destinationbryan.com/,info@lakewalktx.com,,Local Chamber Member,BCS Chamber,College Station,,,,,alvarenga-family-insurance-agencies
Rik-Mar LP,,,College Station,TX,,,http://rik-mar.com/,mrodriguez821@gmail.com,,Local Chamber Member,BCS Chamber,College Station,,,,,rik-mar-lp
Remarkable Realty Group | COMPASS,,,College Station,TX,,,http://compass.com/jodiwarner,,,Local Chamber Member,BCS Chamber,College Station,,,,,remarkable-realty-group---compass
Arthritis & Osteoporosis Clinic of Brazos Valley,,,College Station,TX,77845,(979) 696-8000,http://aocbv.com/,,,Local Chamber Member,BCS Chamber,College Station,,,,,arthritis---osteoporosis-clinic-of-brazos-valley
Republic Pain Specialists,,,College Station,TX,,,http://republicpainsp.com/,,,Local Chamber Member,BCS Chamber,College Station,,,,,republic-pain-specialists
Community Impact,,,College Station,TX,,(512) 989-6808,http://communityimpact.com/,,,Local Chamber Member,BCS Chamber,College Station,,,,,community-impact
Audible Hearing Center,,,College Station,TX,77802,(979) 779-3070,http://audiblehearing.com/,,,Local Chamber Member,BCS Chamber,College Station,,,,,audible-hearing-center
Glo Premier Auto Spa,,,College Station,TX,,(979) 291-1848,http://glopremierautospa.com/,,,Local Chamber Member,BCS Chamber,College Station,,,,,glo-premier-auto-spa
G-COUR EXCAVATION,,,College Station,TX,,,http://n/A,,,Local Chamber Member,BCS Chamber,College Station,,,,,g-cour-excavation
American Plumbing Company,,"Trusted local plumbers serving Bryan & College Station. Expert repairs, water heaters, gas lines, & more. Quality service with integrity., Trusted local plumbers serving Bryan & College Station. Expert repairs, water heaters, gas lines, & more. Quality service with integrity.",College Station,TX,,(979) 324-7611,http://americanplumbingcompany.net/,jarrid@americanplumbingcompany.net,,Local Chamber Member,BCS Chamber,College Station,,,,,american-plumbing-company
ABC Home & Commercial Services,,,College Station,TX,,,http://abchomeandcommercial.com/,,,Local Chamber Member,BCS Chamber,College Station,,,,,abc-home---commercial-services
Crust Pizza Co,,,College Station,TX,77807,(979) 775-7800,https://destinationbryan.com/,info@lakewalktx.com,,Local Chamber Member,BCS Chamber,College Station,,,,,crust-pizza-co
Residence at Oakmont,,,College Station,TX,,,http://residenceatoakmontapts.com/,,,Local Chamber Member,BCS Chamber,College Station,,,,,residence-at-oakmont
Andrew & Emme Lopez - Dream Vacations,,,College Station,TX,,,http://atlopez.dreamvacations.com/,,,Local Chamber Member,BCS Chamber,College Station,,,,,andrew---emme-lopez---dream-vacations
"Cooper's Old Time Pit Bar-B-Que Aggieland, LLC",,,College Station,TX,77840,(979) 485-5227,http://coopersbbqcollegestation.com/,,,Local Chamber Member,BCS Chamber,College Station,,,,,cooper-s-old-time-pit-bar-b-que-aggieland--llc
Readfield Meats and Deli,,,College Station,TX,77802,(979) 822-1594,http://readfieldmeats.com/,,,Local Chamber Member,BCS Chamber,College Station,,,,,readfield-meats-and-deli
Denovo Designs LLC.,,,College Station,TX,77803,(979) 431-0406,https://denovodesignsbcs.com/,lfox@denovodesignsllc.com,,Local Chamber Member,BCS Chamber,College Station,,,,,denovo-designs-llc
Association Services BCS,,,College Station,TX,77840,(979) 822-4443,http://associationservicesbcs.com/,,,Local Chamber Member,BCS Chamber,College Station,,,,,association-services-bcs
Century Square,,,College Station,TX,77840,(713) 304-9253,https://century-square.com/,leasing@100parkliving.com,,Local Chamber Member,BCS Chamber,Century Square,,,,,century-square
Aggieland Roofing,,,College Station,TX,77807,(979) 704-3266,http://roofergirl.com/,office@aggielandroofing.com,,Local Chamber Member,BCS Chamber,College Station,,,,,aggieland-roofing
American Momentum Bank,,,College Station,TX,,,http://americanmomentumbank.com/,,,Local Chamber Member,BCS Chamber,College Station,30.6506429,-96.2901083,osm:way:408449145,0.84,american-momentum-bank
Dougherty Dental Group,,,College Station,TX,77840,(979) 457-1287,http://doughertydentalgroup.com/,,,Local Chamber Member,BCS Chamber,College Station,,,,,dougherty-dental-group
"ABA Services, LLC",,,College Station,TX,77845,(979) 704-3077,http://abas.build/,info@abas.build,,Local Chamber Member,BCS Chamber,College Station,,,,,aba-services--llc
Ace Handyman Services Bryan College Station,,"Bring the friendly & helpful Ace team to you! Local & Aggie owned & operated one-stop-shop for all things commercial and residential maintenance, repairs, upgrades, and remodels., Bring the friendly & helpful Ace team to you! Local & Aggie owned & operated one-stop-shop for all things commercial and residential maintenance, repairs, upgrades, and remodels.",College Station,TX,77807,(979) 775-7800,https://destinationbryan.com/,info@lakewalktx.com,,Local Chamber Member,BCS Chamber,College Station,,,,,ace-handyman-services-bryan-college-station
"D&D Moving and Storage, Inc.",,,College Station,TX,,,http://ddmovers.com/,,,Local Chamber Member,BCS Chamber,College Station,,,,,d-d-moving-and-storage--inc
Aggieland Credit Union,,,College Station,TX,77807,(979) 775-7800,https://destinationbryan.com/,info@lakewalktx.com,,Local Chamber Member,BCS Chamber,College Station,30.6193157,-96.3447666,osm:way:155052700,0.84,aggieland-credit-union
Greater Brazos Valley Builders Association,,,College Station,TX,77840,(979) 696-0272,http://gbvbuilders.org/,,,Local Chamber Member,BCS Chamber,College Station,,,,,greater-brazos-valley-builders-association
"RVision Homes, LTD",,,College Station,TX,,(281) 844-2887,https://rvisionhomes.com/,sales@rvisionhomes.com,,Local Chamber Member,BCS Chamber,College Station,,,,,rvision-homes--ltd
"Adams, Jack",,,College Station,TX,77807,(979) 775-7800,https://destinationbryan.com/,info@lakewalktx.com,,Local Chamber Member,BCS Chamber,College Station,,,,,adams--jack
All Western Mortgage,,"I help buyers, homeowners, and investors with clear, trusted lending solutions—built on integrity, transparency, and guidance that supports your goals today and long term., I help buyers, homeowners, and investors with clear, trusted lending solutions—built on integrity, transparency, and guidance that supports your goals today and long term.",College Station,TX,77807,(979) 775-7800,https://destinationbryan.com/,info@lakewalktx.com,,Local Chamber Member,BCS Chamber,College Station,,,,,all-western-mortgage
Aggieland Carpet One,,,College Station,TX,77845,(979) 690-6766,http://aggielandcarpetone.com/,,,Local Chamber Member,BCS Chamber,College Station,,,,,aggieland-carpet-one
Galleria Spa Salon Boutique,,,College Station,TX,77807,(979) 775-7800,https://destinationbryan.com/,info@lakewalktx.com,,Local Chamber Member,BCS Chamber,College Station,,,,,galleria-spa-salon-boutique
"Aggieland Grass & Stone, LLC",,,College Station,TX,77807,(979) 775-7800,https://destinationbryan.com/,info@lakewalktx.com,,Local Chamber Member,BCS Chamber,College Station,,,,,aggieland-grass---stone--llc
Generator Supercenter of College Station,,,College Station,TX,77845,(979) 820-0162,http://generatorsupercenterofcollegestation.com/,,,Local Chamber Member,BCS Chamber,College Station,,,,,generator-supercenter-of-college-station
America's Choice Roofing,,,College Station,TX,77845,(979) 776-5292,http://americaschoiceroofers.com/,,,Local Chamber Member,BCS Chamber,College Station,,,,,america-s-choice-roofing
George and Barbara Bush Foundation,,,College Station,TX,77841,(979) 862-2251,http://georgeandbarbarabush.org/,bush.foundation@bush41.org,,Local Chamber Member,BCS Chamber,College Station,,,,,george-and-barbara-bush-foundation
"R.E.C. Industries, Inc.",,,College Station,TX,77807,(979) 775-7800,https://destinationbryan.com/,info@lakewalktx.com,,Local Chamber Member,BCS Chamber,College Station,,,,,r-e-c--industries--inc
