id,name,overall_rating,total_reviews
VGVhY2hlci0xODU5MDQ2,Dwight Roblyer,3.9,1403
VGVhY2hlci0yMDI1MzEz,Daniel Collins,3.8,1258
VGVhY2hlci0xMzc2MjI2,Jason Smith,4.2,1004
VGVhY2hlci0yNTEzNTYz,Aitor Cruzado Garcia,4.8,956
VGVhY2hlci0xOTMwNTkw,Stephanie McCartney,3.3,914
VGVhY2hlci01MjczODY=,Phaik Lim,3.6,870
VGVhY2hlci0yMTYyNjg2,Jonathan Meer,3.5,818
VGVhY2hlci0xOTQyNjEy,Ryan  Bethel ,4.0,808
VGVhY2hlci0xOTU0NDcy,Megan Dyer,2.9,759
VGVhY2hlci0yMjI2ODk5,Todd Schrader,4.7,656
VGVhY2hlci0xOTEwNzc5,Asha Rao,3.3,644
VGVhY2hlci01MjI0MjQ=,Andrew Tag,3.6,605
VGVhY2hlci04Nzc5OTk=,Kendra Kilmer,3.4,577
VGVhY2hlci01ODI5OA==,Kathryn Bollinger,2.6,569
VGVhY2hlci0xODQ2MjA3,Theresa Phinney,3.2,557
VGVhY2hlci0yNTkwNTQx,Alicia Altemose,2.9,555
VGVhY2hlci0xNzczMjc2,Sinjini Sengupta,4.3,550
VGVhY2hlci0xOTEzNDU4,Christopher Lee,4.1,549
VGVhY2hlci0yNjIwNjAx,Bret Lockhart,3.5,529
VGVhY2hlci0yMTk2NTcy,Muhammad Ijaz,1.9,521
VGVhY2hlci02NjIyODk=,Rachel Hull,4.5,509
VGVhY2hlci0yMzU3MjA0,Angela Hawkins,4.8,497
VGVhY2hlci01NDI5NDQ=,Elmo Mawk,2.4,488
VGVhY2hlci02NjEwMzQ=,Erik Prout,2.6,486
VGVhY2hlci0yMDgyMDU5,Alex Hernandez,3.9,483
VGVhY2hlci01MjI0MzI=,Vickie Williamson,4.1,480
VGVhY2hlci0xMTI4MjE3,Pamela Edens,4.6,473
VGVhY2hlci0yNTE2NjEy,Samantha Fletcher,3.9,473
VGVhY2hlci0xODU3NDcy,Rosanna Pearlstein,2.5,470
VGVhY2hlci0xOTQxMjgw,Natela Ostrovskaya,2.8,466
VGVhY2hlci03MzI2NDE=,Angela Allen,4.6,464
VGVhY2hlci0xMzcyOTcy,Sandra Lampo,2.1,448
VGVhY2hlci0xNjY0NDA2,David Barondeau,3.2,443
VGVhY2hlci0xNzA4Mw==,Amy Austin,4.6,438
VGVhY2hlci03NTMyOTg=,Joe Kahlig,4.3,431
VGVhY2hlci0yMTY1NjE1,Craig Spears,4.5,430
VGVhY2hlci0yODM3MTk2,Zachary Martinez,4.2,421
VGVhY2hlci0xODUxOTU3,Sang Lee,4.6,419
VGVhY2hlci0zNTA2Nzc=,Jon Bond,2.3,413
VGVhY2hlci0yNTg3MDMw,Philip Hemmer,4.9,412
VGVhY2hlci02ODI4Nzk=,Keith Swim,2.9,410
VGVhY2hlci0yMDA4Nzg4,Patrick  Orchard,3.2,409
VGVhY2hlci04NDIyNDc=,Sally Guyton,3.1,402
VGVhY2hlci0yNjc4NDQz,Donna Janes,3.8,400
VGVhY2hlci0xOTQyNzU4,Constantin Onica,3.6,398
VGVhY2hlci0yMzk2Mjk2,Catherine Serrano,3.4,392
VGVhY2hlci0yNTA1Njk0,Dawson Nodurft,4.8,389
VGVhY2hlci0xOTQ4NDEz,Jorge Ruiz,2.4,389
VGVhY2hlci0yMDYzNTI0,Wanda Curtsinger,3.2,386
VGVhY2hlci0xNDc3NzYz,Joanna Goodey,4.3,383
VGVhY2hlci02NjYyNzA=,Krishan Ponnamperuma,3.7,375
VGVhY2hlci0yMDAyNDAz,Jacques Richard,2.0,371
VGVhY2hlci0xOTYyMzM4,Richard Johnson,3.8,362
VGVhY2hlci0xNTA3MTY2,Bryant Miles,2.6,362
VGVhY2hlci0xNjE4MzU4,Damon Bach,4.1,361
VGVhY2hlci0xMDI5OTc0,David Manuel,4.3,361
VGVhY2hlci0yNzExNjUw,Jaren Crist,4.8,354
VGVhY2hlci0xNzM1NTgw,Paul Lindahl,2.1,353
VGVhY2hlci0xNzc0OTM3,Verity McInnis,4.3,352
VGVhY2hlci0xODMyNTUy,Christine Mullen,3.2,352
VGVhY2hlci0yODI2MDY3,Josh Edwards,4.8,351
VGVhY2hlci0yMDQwMTI1,Rebecca Creasy,4.6,340
VGVhY2hlci0xNjMxNzQ0,William Cohn,4.1,327
VGVhY2hlci0yMjgyMzM3,Robert Rahm,2.8,327
VGVhY2hlci0yMDYyNTYx,Richard Kurwitz,2.1,326
VGVhY2hlci0xMDk4NzMz,Adrienne Brundage,4.6,323
VGVhY2hlci0xNjg1MjY2,Anne Quackenbush,4.5,322
VGVhY2hlci0xODIzMDk5,Joung Kim,4.7,321
VGVhY2hlci0xMDkzMDEx,Charles Brooks,3.9,318
VGVhY2hlci0yNDAwMzgw,Vanessa Coffelt,3.6,316
VGVhY2hlci0xNDM3NzQ2,Christine Lipsmeyer,3.6,313
VGVhY2hlci0yODI1ODk2,Rachel Wright,3.5,313
VGVhY2hlci0yNTkxMDUy,Sara Dowd,4.8,307
VGVhY2hlci0yODMwNjIy,Chris Weitzel,4.5,305
VGVhY2hlci02NjA2Mjk=,David Reed,4.2,304
VGVhY2hlci0yMjc2MTE4,Arthur Laganowsky,3.0,303
VGVhY2hlci0yMjIwOTAx,Justin Cantu,5.0,302
VGVhY2hlci0yNzE4Mzgx,Kevin McGlone,4.6,301
VGVhY2hlci0yNjM5NzU1,Carmen Brysch,4.0,299
VGVhY2hlci0yMDI0NDE5,Stephen Caffey,3.9,299
VGVhY2hlci02MDkxMDE=,Teresa Leyk,3.1,299
VGVhY2hlci04Mjky,James Pennington,3.9,294
VGVhY2hlci0yNzIzODQw,Juan Cornejo,4.3,292
VGVhY2hlci0yNDI0MDcx,Bradley Wesner,2.6,292
VGVhY2hlci0yMDAxNDc1,Jack Waas,3.4,288
VGVhY2hlci0zMTE4MDE=,Jennifer Lewis,2.1,287
VGVhY2hlci0xODExMDEw,Dave Toback,4.0,287
VGVhY2hlci0xMDkyMDc=,Jeff Edwardson,4.4,281
VGVhY2hlci0yMTc3NzQ1,Chavela Carr,2.4,280
VGVhY2hlci0yMjk1NDc2,Andrea Imhoff,3.9,280
VGVhY2hlci0xMDUyNjY2,Keith Hatfield,3.2,278
VGVhY2hlci0yMTMwOTEx,Rene Elms,4.9,266
VGVhY2hlci0xMTg2MTQ5,Jay Schumacher,3.6,266
VGVhY2hlci0yMTAxNzUy,Bruce Hanik,4.2,264
VGVhY2hlci0zMDczNTQ=,William (Bill) Bassichis,2.6,263
VGVhY2hlci0xNjAwNDM0,Mariya Vorobets,3.6,262
VGVhY2hlci0xNzExNTg1,Wendy Patzewitsch,3.5,261
VGVhY2hlci0xMzkwMjU5,Christian Hilty,2.5,260
VGVhY2hlci0yMTU2NjEz,Douglas Kingman,4.0,259
VGVhY2hlci0yMDc1Mjgy,Julie Loisel,4.6,254
VGVhY2hlci0xOTMzMDQ2,Kamran Reihani,2.2,254
VGVhY2hlci0xOTUxODkx,Matthew Sheldon,3.8,254
VGVhY2hlci0yMTkyNDk2,Irma Magallanes,2.3,253
VGVhY2hlci0yNjIzNzQz,Lauren Coheley,2.4,250
VGVhY2hlci0xNzM1Nzg0,William Collopy,4.9,250
VGVhY2hlci0yMDEyODg5,Philip Ritchey,2.1,250
VGVhY2hlci0yNzMwMTU4,John Fisk,4.7,248
VGVhY2hlci0yOTUwMjk2,Rashid Ghanbaripour,4.6,248
VGVhY2hlci0yODE4MjAx,Matthew Haydon,3.1,248
VGVhY2hlci0yNDgzMzc0,Alexandra Foran,4.5,247
VGVhY2hlci0yMDIyNTE3,Brittany Perry,4.7,247
VGVhY2hlci0xNzcwMzI4,Nataliya Pakhotina,3.0,246
VGVhY2hlci0yNzM2Njcy,Abigail Songok,2.6,246
VGVhY2hlci0yODQyOTcy,Jesse Chupp,5.0,245
VGVhY2hlci0yMDA5NzA0,Maya Johnson,3.8,242
VGVhY2hlci05NTEyMDE=,Tatiana Erukhimova,4.9,238
VGVhY2hlci0xOTk5MDkz,Camille Hailey,3.7,238
VGVhY2hlci0xNjY0NDA0,Jonathan Smith,2.8,238
VGVhY2hlci0yOTgzNzcx,Afroz Karim,5.0,237
VGVhY2hlci0yODQyOTQ5,Samarpita Basu,3.4,236
VGVhY2hlci0yOTQyMDE5,Andrew Seely,3.6,235
VGVhY2hlci0xMzE2ODQy,Patricio Santander,3.6,232
VGVhY2hlci0yMzI3MTE4,Robert Lightfoot,3.2,230
VGVhY2hlci0yNTE5MDg3,Prasenjit Ghosh,3.0,227
VGVhY2hlci0yNzcwMDA1,Christian Lynch,4.7,227
VGVhY2hlci0xNDk2NDcx,Jack Bodden,4.0,226
VGVhY2hlci0yMzA0OTE5,Richard Abel,3.2,224
VGVhY2hlci02ODM1NDg=,Natalie Allen,3.8,223
VGVhY2hlci0yOTUwNjMy,Lin Zhu,4.8,220
VGVhY2hlci0xOTE4OTcy,David Tarvin,4.7,219
VGVhY2hlci0xNjAyMzIx,Scott Crawford,4.9,215
VGVhY2hlci0yMDM1NzE5,Darrell Lynch,4.5,214
VGVhY2hlci0yNTEwNzIz,Susan Ritchey,4.8,213
VGVhY2hlci0zMDQxNDc4,Shreyas Kumar,4.9,212
VGVhY2hlci0xMTcxMTgz,Larry Brown,3.6,211
VGVhY2hlci0yOTYyMjYx,Minchul Kang,2.2,211
VGVhY2hlci0yNDAzMDYw,Mohamed Saber,2.7,211
VGVhY2hlci0yMDYzMTc4,Charles Hall,4.9,210
VGVhY2hlci0yMDYwODkz,Rayna  Dexter,4.0,208
VGVhY2hlci0xNTY4NTM0,Walter Kemp,2.9,208
VGVhY2hlci0yMDQ2MjU0,Hyunyoung Lee,2.6,208
VGVhY2hlci0yNTM0NTUx,Elissa Morris,4.6,208
VGVhY2hlci0xMjE0NTc4,Steve Wiggins,3.2,208
VGVhY2hlci0xODM0MDg3,Jorge Vanegas,1.8,206
VGVhY2hlci0xMDE1NDQ3,Ben Aurispa,4.8,205
VGVhY2hlci0yOTE5OTA3,Runshi Xie,3.8,205
VGVhY2hlci0xOTY3MjY3,Aakash Tyagi,4.8,204
VGVhY2hlci0yMjcyNjg4,Adam Bajan,3.9,202
VGVhY2hlci0yMzAwMTAw,Shawn Lupoli,2.6,201
VGVhY2hlci0xOTc5Mzg2,Tracy Fullerton,3.6,198
VGVhY2hlci0yMjExMDEx,Melissa Fogarty,5.0,195
VGVhY2hlci0xNzQxNDg3,James Erickson,2.8,194
VGVhY2hlci02ODMxMTk=,Shawn Ramsey,3.9,194
VGVhY2hlci0yNTEzMDQ3,Jessica Tripode,4.3,194
VGVhY2hlci0yNTY2MjA4,Annamarie Bokelmann,2.4,193
VGVhY2hlci0yMDkxODA2,Dale Cope,3.8,193
VGVhY2hlci0xNzE1MjE2,Steven Smith,4.4,193
VGVhY2hlci0xOTM5MDM1,Timothy Woods,3.8,193
VGVhY2hlci0yNTMzNTI0,Cory Lafevers,4.8,192
VGVhY2hlci0yMDQ2ODcz,Sara Fehr,4.8,190
VGVhY2hlci0yMTc3NzQ4,Michelle Pozzi,4.1,188
VGVhY2hlci0yMjI2NjE1,Michale Sferra,4.7,187
VGVhY2hlci02NzQ0MDc=,Michael Alvard,2.9,185
VGVhY2hlci0yMDIxNjc3,Nancy Klein,4.7,185
VGVhY2hlci0yMDQyNjg1,Ali Ozmetin,3.2,185
VGVhY2hlci0yNTc0NDQw,Selina Stasi,2.7,185
VGVhY2hlci0xNzcxMzQ0,Don Conlee,4.2,184
VGVhY2hlci0xODA4MjIy,Courtney Foster,2.1,184
VGVhY2hlci0yMDA3MDA3,Susan Sutherland,2.9,184
VGVhY2hlci0xMzI5NzQw,Leslie Winemiller,4.1,182
VGVhY2hlci0xODUyODIw,Barun Dhar,4.3,179
VGVhY2hlci0xOTQwODAx,Tanya Dugat-Wickliff,3.2,178
VGVhY2hlci0yNzM1NzUx,Matthew Morte,4.5,176
VGVhY2hlci0xODI1NDMw,Coran Watanabe,3.3,175
VGVhY2hlci0xOTU1NDk4,Leslie Frenzel,4.6,174
VGVhY2hlci0yODQxNzQ3,Marco Iskander,4.9,174
VGVhY2hlci0yMzA3NTQw,Dominique Lewis,4.8,174
VGVhY2hlci0yMjcxNDQ4,Melissa McCoul,3.9,174
VGVhY2hlci0yMzI3OTM5,Oscar Tamayo,2.8,173
VGVhY2hlci0yMDk4Njcx,Tamara Carter,4.0,171
VGVhY2hlci0yMDg5ODc1,Mian  Riaz,4.0,170
VGVhY2hlci0xMjc5MzA1,Stacy Aschenbeck,3.5,168
VGVhY2hlci0yMTI3NjEz,Yen Wang,1.6,168
VGVhY2hlci0yODE5MDc2,Ahmed El-Hashash,4.2,167
VGVhY2hlci0xOTQ1Njk0,Oliver Frauenfeld,4.3,167
VGVhY2hlci0yODQ4MzIx,Konstantinos Karathanasis,4.9,166
VGVhY2hlci0xOTcyNzE1,Timothy Logan,4.1,166
VGVhY2hlci0xNTU1MTQ0,Rachel Smallman,3.6,166
VGVhY2hlci0yMzA0MzEw,Gwendolyn Wilkins,2.5,164
VGVhY2hlci0yMzM3NTgw,Edward Lee,2.9,163
VGVhY2hlci0xNTY4MzQ5,Tryon Wickersham,4.5,163
VGVhY2hlci0yMTkyMDM2,Patrick Bolger,3.5,162
VGVhY2hlci0yMTQ0OTU2,Scott Miller,3.9,161
VGVhY2hlci05NzY0ODU=,Adel Varghese,2.9,161
VGVhY2hlci0yMjQ3ODQ1,Kun Wang,3.3,161
VGVhY2hlci0yNTczMTY1,Kristopher Watkins,3.0,161
VGVhY2hlci0yNTkxMTc0,Seongbaek Yi,1.8,161
VGVhY2hlci0xODQ4NzM=,Janice Epstein,2.3,160
VGVhY2hlci0yNDc5NzU1,JD Kim,4.7,160
VGVhY2hlci0yMjIxNTIx,Ki Hwan Yum,1.8,160
VGVhY2hlci0xODM0NTk0,Chris Skaggs,4.3,159
VGVhY2hlci0yNDA0NTQ=,Terry Anderson,3.8,158
VGVhY2hlci0yMTY1ODM0,Lawrence Brown,3.8,156
VGVhY2hlci0yOTI3MTY5,Christopher Sze,4.0,156
VGVhY2hlci03MjQ1MjI=,Nancy Street,3.4,155
VGVhY2hlci0xOTc2MTI5,John Haglund,2.8,153
VGVhY2hlci0xNDE3NjMy,Charles Folden,4.3,152
VGVhY2hlci0xOTc1NzQ4,Jessica Havens,2.9,152
VGVhY2hlci0yNDMyODU1,Anthony Ives,4.3,151
VGVhY2hlci0yNDMyOTc3,Leslie Cizmas,4.0,150
VGVhY2hlci0yNzIxNTY0,Thy Dao,2.0,149
VGVhY2hlci0yMjAxMTMw,Jennifer Griffith,4.4,149
VGVhY2hlci0yNzM1NzI3,Reed Stevens,4.9,149
VGVhY2hlci0xODI1MDM4,Philip Yasskin,2.4,149
VGVhY2hlci0xMTczNzQw,Shoshana Eitan,3.5,148
VGVhY2hlci0xODEwOTc3,Mariana Gariazzo,4.8,148
VGVhY2hlci0yNDQxNTY3,David Houngninou,3.8,148
VGVhY2hlci0yNzE1MTc3,Scott Lenfest,3.0,148
VGVhY2hlci0xMDE5,Greg Klein,3.0,147
VGVhY2hlci0xMzY4NTU2,Jacqueline Knoop,4.8,147
VGVhY2hlci0yMjY4MzA3,Rita Moyes,2.4,147
VGVhY2hlci0yNzkzNjc1,Margaret Ray,1.5,147
VGVhY2hlci0xNjAwNzYy,Philip Smith,4.0,147
VGVhY2hlci0yNTUwNzY2,Tom Burton,5.0,146
VGVhY2hlci0yMDM0Mjg2,Lilia Campana,3.5,146
VGVhY2hlci0yNDI1NDcw,Trevor Hale,2.2,146
VGVhY2hlci0yODMyOTUy,Nathan Holt,3.6,146
VGVhY2hlci0xOTQwNzk4,Vitaly Kocharovsky,2.5,146
VGVhY2hlci0yNTE5MTQ0,Michael Kordell,3.5,146
VGVhY2hlci03MzYzNTU=,Heather Ramsey,4.5,146
VGVhY2hlci0yNzcyODAx,Abigael Songok,2.6,146
VGVhY2hlci0yNTY2NDMz,Kristopher (Kris) Watkins,3.2,145
VGVhY2hlci0yMDA3MDc3,Gabriela Campagnol,4.0,144
VGVhY2hlci0yMzczMjky,Nicholas Kilmer,5.0,144
VGVhY2hlci0yMjg3NjI0,Mike Rold,4.6,144
VGVhY2hlci0yNTI5MTg5,Elizabeth Breyer,4.7,143
VGVhY2hlci04OTgwOTE=,Chris Menzel,3.2,143
VGVhY2hlci0yMjc2MTIx,Lynsey Parsons,3.1,143
VGVhY2hlci0yNDAwNTA2,Neil Sanger,4.8,143
VGVhY2hlci0xMzk4NDA1,Tamas Erdelyi,2.3,142
VGVhY2hlci03Mjg3MjM=,Arnold Leunes,3.2,142
VGVhY2hlci0yMjA4OTgz,Richard Lynch,4.5,142
VGVhY2hlci0xNTE5OTMy,Franco Marcantonio,4.4,142
VGVhY2hlci0xMzIwNDk0,Wei Wan,3.3,142
VGVhY2hlci03MjU1MTg=,Thomas Schlumprecht,3.5,141
VGVhY2hlci04NDI2Nw==,Natarajan Sivakumar,4.5,141
VGVhY2hlci0xNDE0Mjk3,Robert Resch,2.5,140
VGVhY2hlci0xODA3OTYy,Albert Broussard,3.5,139
VGVhY2hlci0xNzA2NTE2,Sara Rowe,3.0,139
VGVhY2hlci0xOTQ5NDAz,Rhonda Rahn,4.9,138
VGVhY2hlci0xNjUyODg3,Dwayne Raymond,3.0,138
VGVhY2hlci0yMzU2NzM1,Joanna San Pedro,4.2,138
VGVhY2hlci0yMTk5NDM5,Matthew Del Ciampo,3.7,137
VGVhY2hlci0yMTQ4ODc0,Taylor Lathrop,2.4,137
VGVhY2hlci0yMjA4ODIy,Amber Schaefer,3.6,137
VGVhY2hlci0yNTIyMzcw,Amanda Adams,2.9,136
VGVhY2hlci0yMjcyNzE5,Nicholas Arnet,4.8,136
VGVhY2hlci0xNjExNjk0,Kimberly Kattari,4.2,136
VGVhY2hlci0yNjQ2NDI0,Todd Kent,3.9,136
VGVhY2hlci0xMjYwNDA0,John Lenihan,3.5,136
VGVhY2hlci0yNjE5MDQ4,Paul Taele,4.5,136
VGVhY2hlci0xODc4OTY4,Manuel Teodoro,4.1,136
VGVhY2hlci04OTUxMw==,Art Belmonte,2.2,135
VGVhY2hlci0xMDc3NjQz,Ricardo Gutierrez-Osuna,1.6,135
VGVhY2hlci0xMzMxOTg5,Rupak Mahapatra,3.2,135
VGVhY2hlci05MTIxNjE=,Harvey Tucker,2.1,135
VGVhY2hlci0yMTMzMDIy,James Abbey,2.8,134
VGVhY2hlci0xMjg4MTg3,Sudarsan Rangan,3.1,134
VGVhY2hlci0xOTEzNDU1,Kathryn Ryan,2.5,134
VGVhY2hlci0yMDg0NzQw, Livia  Stoenescu,4.5,134
VGVhY2hlci0xODUwMTQz,Karen Geismar,4.0,133
VGVhY2hlci0xNjEyODU4,Anthony Stranges,3.5,133
VGVhY2hlci0yNDY3MjAy,Pauline Wade,1.7,133
VGVhY2hlci0xOTUxNzE1,Patrick Clifford,3.5,132
VGVhY2hlci0yMDc0NTgz,Ben Lynch,4.1,131
VGVhY2hlci0yOTQzMjgy,Sana Kazemi,4.5,130
VGVhY2hlci0xOTc2MTMy,Matilda Tillie McVay,4.5,130
VGVhY2hlci0yMTg5MTQ0,Jason Sylvan,4.0,130
VGVhY2hlci0yMzcyOTM5,David Gomillion,2.9,129
VGVhY2hlci0yNTU3OTE0,Koen Groot,4.7,129
VGVhY2hlci0yNTg2MjQy,Jonathan Guajardo,4.9,129
VGVhY2hlci0yODQyMjMz,Larry Faulk,3.2,128
VGVhY2hlci0yNzQwNDgw,Noni Gaylord-Harden,4.9,128
VGVhY2hlci0yODE2MTk1,Johnathan Meer,3.2,128
VGVhY2hlci03MzQ1OTE=,Armando Alonzo,2.1,127
VGVhY2hlci0xNjI1ODc4,Weiping Shi,2.0,127
VGVhY2hlci0xODM3ODky,Rich Cooper,4.1,126
VGVhY2hlci0yOTQ3ODc2,Saud Hussein,3.0,126
VGVhY2hlci0yMTMwMzE4,Dale Hyatt,4.9,126
VGVhY2hlci0yNzIzMDE4,Larry Lemmons,3.8,126
VGVhY2hlci0yOTUwMzMz,Kristin Schaefer,1.8,126
VGVhY2hlci0yMTAxOTAw,Gary Boldt,4.5,125
VGVhY2hlci0yODE2OTA5,Ryan Fletcher,4.3,125
VGVhY2hlci0xOTg2OTEx,Isaac Bustos,3.0,124
VGVhY2hlci0yNTIwMzk2,Martin Carlisle,4.1,124
VGVhY2hlci0xNzEwNjU5,James Mjelde,1.5,124
VGVhY2hlci0xOTc0NDU2,Morgan Moore,3.0,124
VGVhY2hlci0yMDAwMDQy,Elizabeth Robinson,3.6,124
VGVhY2hlci0xODI4NTA2,David Vaught,4.0,124
VGVhY2hlci0yNTk1ODkw,John Weeks,4.6,124
VGVhY2hlci0xNTU5MjA4,Guy Battle,3.5,123
VGVhY2hlci0yMDA4ODc5,Michael Moore,2.8,123
VGVhY2hlci0yMjcxNjg=,Craig Coates,3.5,122
VGVhY2hlci0xOTM3MTg5,Lorien Foote,4.6,122
VGVhY2hlci0yMzY2Mjgx,Dzmitry Kurouski,3.4,122
VGVhY2hlci0xNDczNzUx,Tom Ellis,3.3,121
VGVhY2hlci0xMzM4NzYx,Kevin Krisciunas,3.1,120
VGVhY2hlci0yNTc2Nzg0,Michael Moench,2.8,120
VGVhY2hlci0yMDE3MjU5,Michael Sandlin,4.7,120
VGVhY2hlci0yODM0MDc0,Saya Susindar,3.3,120
VGVhY2hlci0yMTQ1NTI2,Kevin Glowacki,4.4,119
VGVhY2hlci0xOTAwMzc0,Stephanie Perez,2.7,119
VGVhY2hlci0yMjc1NDA2,Rodolfo Aramayo,3.5,118
VGVhY2hlci0yMTQyMDcx,Andrew Billingsley,3.6,118
VGVhY2hlci0yMjI5NjE0,Gwan Choi,1.8,118
VGVhY2hlci0zMDU3Njg4,Christy Jean,2.1,118
VGVhY2hlci0yNDg0MTUw,Gladys Lee Ko,2.2,118
VGVhY2hlci0yMjE5OTI3,Robert Mackin,3.9,118
VGVhY2hlci0yMjY2MDUw,Katherine Carson,4.9,117
VGVhY2hlci0xODg3NTc0,Craig Epifanio,3.9,117
VGVhY2hlci0yMTkyMjQ3,Kyle Gammenthaler,4.9,117
VGVhY2hlci0yODMwNzYw,Joy DeLeon,3.0,116
VGVhY2hlci0xMjkwOTY5,Lewis Ford,3.7,116
VGVhY2hlci0yNjg3Njky,Bradford Garcia,4.5,116
VGVhY2hlci0yMzI2Nzgy,Shaida Kalbasi,2.6,116
VGVhY2hlci0yNzM1NTIw,Ali Kaya,4.5,116
VGVhY2hlci0yMTAzNDY3,Kylene Wesner,3.1,116
VGVhY2hlci0yNDY1MjM0,Caroline Arnosky,3.9,115
VGVhY2hlci0yMDAxMjIw,Kevin Heinz,2.9,115
VGVhY2hlci0xOTQ5NDk2,Noemi Mendoza Diaz,3.0,115
VGVhY2hlci0yMDgxNTk1,Kati Stoddard,4.4,115
VGVhY2hlci0yMDcxMTky,Paul Kellstedt,1.6,114
VGVhY2hlci0zMTQ1OTM=,Charles Lafon,3.5,114
VGVhY2hlci04OTkyOTA=,Joanna Pellois,4.0,114
VGVhY2hlci0yMjU3MjIz,Tammie Preston-Cunningham,2.0,114
VGVhY2hlci0xODA1NTQy,Joseph Bernardo,2.4,113
VGVhY2hlci0yMTk0MTEz,Nathan Crick,4.5,113
VGVhY2hlci0yMjgwMzY1,Galina Tsvetkova,3.2,113
VGVhY2hlci0yMTY2NzYw,David Cameron,3.7,112
VGVhY2hlci0yMzI0NzQy,Moumita Karmakar,2.5,112
VGVhY2hlci0yMTkzMzc0,Quinita Ogletree,4.2,112
VGVhY2hlci0xNjYyMTM1,Kathleen O'Reilly,3.4,112
VGVhY2hlci0yNTc4NjQ1,David Roach,5.0,112
VGVhY2hlci0yMTY1MDI0,David Wright,2.3,111
VGVhY2hlci0yMDY0NzQ0,Kathrin Dunlap,4.4,110
VGVhY2hlci0xODE2NTcw,Ricardo Eusebi,3.8,110
VGVhY2hlci0xOTI4MzI3,Glenn Lahodny,4.6,110
VGVhY2hlci0yMTYxNzYy,Ryan Larkin,4.7,110
VGVhY2hlci0yMTY3Nzcw,Daniil Leiderman,3.6,110
VGVhY2hlci0xOTYwNDE5,Joan Wolf,2.8,110
VGVhY2hlci0yMzI4MjM=,David Bergbreiter,4.1,109
VGVhY2hlci0yNjQzNDM1,Erik Nielsen,4.6,109
VGVhY2hlci0yNjkxMjU2,Sanny Rivera,4.8,109
VGVhY2hlci05NzM0MDc=,John Tyler,3.9,109
VGVhY2hlci0yMDU3NzU5,Xiuren Zhang,2.6,109
VGVhY2hlci0xMzk2OTEz,Alex Pacek,4.9,108
VGVhY2hlci02OTIzNTU=,Patrice Poage,4.8,108
VGVhY2hlci0yNDM5ODg4,Michelle Simms,3.6,108
VGVhY2hlci0xNzQ5NzIy,Michael Stollenz,2.3,108
VGVhY2hlci0yODY4NjI5,Sandeep Kumar,2.5,107
VGVhY2hlci0yMDk3MTU5,Michael Nippe,2.0,106
VGVhY2hlci0yMDAzMTcx,Evan Vestal,4.7,106
VGVhY2hlci0yODY5MTk5,Danielle Krueger,4.4,105
VGVhY2hlci0yMjc0Nzc3,Brigitte LeBoeuf,3.1,105
VGVhY2hlci0yODE4Mjc1,Kyle Thicke,4.7,105
VGVhY2hlci0xNjYyMzMz,Rebecca Thomas,4.0,105
VGVhY2hlci0yMDYwNzE0,Craig Gin,4.6,104
VGVhY2hlci02OTUzOTI=,Rodney Hill,4.6,104
VGVhY2hlci0yNjcyNjE4,Jong Lee,4.5,104
VGVhY2hlci0yMjAxNTQx,Lawrence MacNamara,4.6,104
VGVhY2hlci0yNjgzNDY3,Larry May,4.5,104
VGVhY2hlci0yNDE5MTA1,Richard Mercier,2.9,104
VGVhY2hlci0xODc4Nzc3,Henry Musoma,3.9,104
VGVhY2hlci0xODcxODc0,Dylan Shell,2.9,104
VGVhY2hlci0xODc3OTkw,Allen Godwin,4.3,103
VGVhY2hlci0yMjgyNTU=,Ganesa Gopalakrishnan,4.2,103
VGVhY2hlci0yMTg1Nzk5,Jeremy Holt,4.9,103
VGVhY2hlci04NTU5NDQ=,Igor Lyuksyutov,2.7,103
VGVhY2hlci0xMjY1MjI3,Jason Parker,3.4,103
VGVhY2hlci0yMjE4NTEx,Phanourios Tamamis,2.8,103
VGVhY2hlci0yMjIzMzEw,Mark Holtzapple,3.4,102
VGVhY2hlci0yMDg2NTcx,Hwa Chi Liang,3.0,102
VGVhY2hlci0yNTUxMzI4,Chad Mashuga,2.3,102
VGVhY2hlci0xNzkyNDA1,Dimple Nair,4.1,102
VGVhY2hlci0yNDIwMzAw,Denise Woodard,2.9,102
VGVhY2hlci0zMDk3MDUy,Reza  Langari,1.1,101
VGVhY2hlci0yODE1MDE1,Brandi Lenz,4.8,101
VGVhY2hlci0yODM1NTgy,Akshay Sarathi,4.9,101
VGVhY2hlci0xOTQxNTU2,Wenhao Wu,2.1,101
VGVhY2hlci0xNTk3OTU3,Thomas Yancey,3.2,101
VGVhY2hlci0xMjkxMTM5,Jeannie Barrett,4.4,100
VGVhY2hlci0yODUyMzQx,Matthew Campbell,3.2,100
VGVhY2hlci0zNTA2ODA=,Marco Roque-Sol,1.9,100
VGVhY2hlci0xOTcwNTEy,Winfried  Teizer ,2.4,100
VGVhY2hlci0yNjM5NzY4,Grace Adinku,4.2,99
VGVhY2hlci0xNTEzMjQ1,Catharina Laporte,4.7,99
VGVhY2hlci0yNDQyNTI4,Melanie Parry,2.8,99
VGVhY2hlci0yNjM0Mjgw,Tianna Uchacz,3.7,99
VGVhY2hlci0xMjMzNDIy,Marian Eide,4.7,98
VGVhY2hlci03Mjc1NTQ=,Wendy Moore,3.5,98
VGVhY2hlci0yMTc5ODQ5,Naomi Nagaya,3.9,98
VGVhY2hlci0xMzc1NDk2,Rebecca Schlegel,4.9,98
VGVhY2hlci0yMDA1MzUz,Ciriaco Valdez-Flores,2.7,98
VGVhY2hlci0yNTg4NjQ1,Xin Yan,4.8,98
VGVhY2hlci0zMTIxOTkz,Sungyub Han,2.0,97
VGVhY2hlci0yMzY2NTI4,Rusty Harris,1.6,97
VGVhY2hlci0yMzA3MTcx,Astrid Layton,1.6,97
VGVhY2hlci0xNzIzNTQ5,Wesley Ramsey,3.8,97
VGVhY2hlci0yMTk1NTk5,Michael Eller,3.1,96
VGVhY2hlci0xOTc4MzAy,Maria Escobar-Lemmon,3.1,96
VGVhY2hlci0xNzcwNDMx,Erin Fry,2.9,96
VGVhY2hlci0xNTAwMTM5,David Hudson,4.2,96
VGVhY2hlci0xOTUwMTc0,Cary Nederman,4.7,96
VGVhY2hlci0yMTQ5NTE5,Laura Osborne,4.7,96
VGVhY2hlci0xNTcxNjk1,Hongmin Qin,3.0,96
VGVhY2hlci0zMDQwMDAx,Min Ranabhat,4.6,96
VGVhY2hlci0xMjE3OTE2,Jennifer Whitfield,4.4,96
VGVhY2hlci0yMTAyOTcx,Andrew Dessler,4.4,94
VGVhY2hlci0xOTk5MDc2,Amy Glass,2.4,94
VGVhY2hlci0xNzU5OTky,Andrew Kirkendall,2.7,94
VGVhY2hlci0yODk5NTMy,Johnathan McKenzie,3.7,94
VGVhY2hlci0xODY0NTM4,Dusty Menzies,4.7,94
VGVhY2hlci0yNTg1NjYy,Alexander Roiterchtein,4.0,94
VGVhY2hlci0yNTkzNzM4,Chelsea Strickland,3.7,94
VGVhY2hlci0xOTk3OTMx,Jacob White,3.1,94
VGVhY2hlci0yMzY2Mzcw,Eileen Huey,4.1,93
VGVhY2hlci0yMDA3MTgz,Wayne Saslow,1.4,93
VGVhY2hlci0xODU4MzE3,Karen Beathard,3.3,92
VGVhY2hlci0yMjA4NzA0,James Grau,3.5,92
VGVhY2hlci0xNzQwMTgz,Justin Lake,4.4,92
VGVhY2hlci0yMTk4Mjgx,Natalia Pakhotina,3.2,92
VGVhY2hlci0yMzMzMjI5,Nancy Parish,3.9,92
VGVhY2hlci0yNDIxMzEz,Robin Roe,2.9,92
VGVhY2hlci0yNTE2NjE1,Kenneth Small,3.9,92
VGVhY2hlci0yMjU1NTEx,Ted Boone,2.4,91
VGVhY2hlci0yMzEzMDQ3,Altay Dikec,4.8,91
VGVhY2hlci0yNTYyOTc2,Darren Homrighausen,3.3,91
VGVhY2hlci0yNDE2NDI1,Justin Moscarello,4.4,91
VGVhY2hlci0yMTk4MDUw,Evleen Nasir,4.9,91
VGVhY2hlci0xNTY4NzEy,Robert Balog,1.4,90
VGVhY2hlci0xNTQ0Ng==,Terrence Barnhardt,3.4,90
VGVhY2hlci0yMjEyNTQw,Jessica Bernard,3.2,90
VGVhY2hlci0yNzM1MDUy,Justine deGruyter,4.8,90
VGVhY2hlci0yNjA0Nzk5,Mohammed Farooqi,3.5,90
VGVhY2hlci0yNTM3Nzcy,Sherry Lin,4.4,90
VGVhY2hlci0zMDg4MTU5,Khanh  Nguyen,1.2,90
VGVhY2hlci0yMjM2Nzg1,Mollie Reynolds,4.0,90
VGVhY2hlci0yMDc0MjI5,William Rupley,3.3,90
VGVhY2hlci0yMzg4NzA5,Naveen Thomas,3.4,90
VGVhY2hlci0yMTIyMzg4,Alesia Troy,2.1,90
VGVhY2hlci0yNTAxMzQy,William Weeks,4.8,90
VGVhY2hlci0yMDc1ODY5,Winfred Arthur,2.9,89
VGVhY2hlci0yOTIyNDIw,Calvin Beideman,3.7,89
VGVhY2hlci0yMTU0MDUw,Guillaume Bogiaris-Thibault,4.2,89
VGVhY2hlci02Nzk5NjE=,Stjepan Mestrovic,4.7,89
VGVhY2hlci0yMTcyMDI4,Hildi Nicksic,2.5,89
VGVhY2hlci01MDI1OTE=,Mary Stasny,4.1,89
VGVhY2hlci0xOTcxNDA5,Apostolos  Vasilakis,4.8,89
VGVhY2hlci0yMzY0MDM2,Tyler Champine,3.4,88
VGVhY2hlci0yNjI5Mzg4,Jennifer Gillett-Kaufman,2.8,88
VGVhY2hlci01NDcwMTg=,Wendy Jepson,2.9,88
VGVhY2hlci0yMzE1MjIw,Juan Laya Pereira,4.7,88
VGVhY2hlci0yODkzNjkz,Brian Albanese,4.9,87
VGVhY2hlci00NTIyODQ=,Kevin Burgess,1.9,87
VGVhY2hlci0yMjIzNDQ2,Shelby Cummings,4.7,87
VGVhY2hlci0yNzU2NTA2,Qin Huang,3.5,87
VGVhY2hlci0yNTk1OTEz,Collin Rohrbaugh,4.1,87
VGVhY2hlci0xNTg1MDAy,Angela Hudson,4.1,86
VGVhY2hlci0yMjM5MDgy,Sarah McNamara,4.1,86
VGVhY2hlci0xOTkwNTEz,Madhav Pappu,2.5,86
VGVhY2hlci0yOTEwOTE4,Yuliia  Yershova,3.5,86
VGVhY2hlci0xMDA4NDMx,Maria Barrufet,2.2,85
VGVhY2hlci0yODMxMDYw,Christiana Chamon,4.2,85
VGVhY2hlci0yODY5Nzcy,Dan Feng,3.1,85
VGVhY2hlci0yNDA0NDEw,Jonathan Houston,2.8,85
VGVhY2hlci0xNzExMjc2,Roger Sansom,4.6,85
VGVhY2hlci0yMjA0NjE1,Samuel Villareal,2.8,85
VGVhY2hlci0yODQ0NjE3,Alice Brandao,4.9,84
VGVhY2hlci0yMjAyNzMz,Vani Dawson Mathur,3.1,84
VGVhY2hlci0yMTgzMzg1,James Francis,4.9,84
VGVhY2hlci0yNzM4OTIy,Nathan Hawk,2.4,84
VGVhY2hlci0yMTY3ODA2,Nancy Ing,2.0,84
VGVhY2hlci0xOTQ1MDY3,Larry  Johnson ,4.0,84
VGVhY2hlci0yMDE4NzY1,Roger Smith,3.6,84
VGVhY2hlci0yNDQ3NTYx,Akshaya Sreenivasan,4.5,84
VGVhY2hlci0yOTUxNTc5,Hilary Alwood,4.9,83
VGVhY2hlci0xNzI0ODM3,Side Emre,2.4,83
VGVhY2hlci0xODMxNzAy,Robert Gustafson,1.6,83
VGVhY2hlci0yMjA4NDMz,Stephen Riegg,4.3,83
VGVhY2hlci0yMDEwNzEz,Judy Sandlin,2.2,83
VGVhY2hlci0yODI0NTc0,Raymond Mitchell,4.9,82
VGVhY2hlci0yMDA0Mjg2,David Munson,4.7,82
VGVhY2hlci0xODU2MjAy,Peter Murano,4.4,82
VGVhY2hlci0yMDYxNjQw,Noah Peterson,4.6,82
VGVhY2hlci0yMjczNzIx,Elizabeth Pishko,2.0,82
VGVhY2hlci04NjE0MzA=,Lowell White,4.3,82
VGVhY2hlci0yNDI2MTUz,Randy Brooks,4.1,81
VGVhY2hlci0yMjY5Njgz,John Mason,4.9,81
VGVhY2hlci0yMDgzMTMy,Mariana Mateos,3.3,81
VGVhY2hlci0yMzYwMzc5,Thomas McDonald,5.0,81
VGVhY2hlci0zMDM1Mzk5,Amit Merchant,5.0,81
VGVhY2hlci05MjMzMDc=,Jeff Savell,4.2,81
VGVhY2hlci0yMjIyNDcz,Pierce Cantrell,4.4,80
VGVhY2hlci0xMTM2ODc2,Walter Kamphoefner,2.2,80
VGVhY2hlci0yNjQ3MTQ0,Charles Kent,4.0,80
VGVhY2hlci0yMDczNTc4,Evans Kitcher,4.0,80
VGVhY2hlci0yMTk2Mzc0,Craig Schulman,4.8,80
VGVhY2hlci0yNDA0NTE=,Susan Stabile,2.5,80
VGVhY2hlci0xNzY3NzY0,Ian Tizard,3.8,80
VGVhY2hlci0yNjgwNjU4,Tadhg Begley,1.8,79
VGVhY2hlci0yOTEwNzU3,Noah Crawford,4.9,79
VGVhY2hlci0yMTczOTIw,Michael Head,3.0,79
VGVhY2hlci0yODU1NzUz,Ray Ivie,4.9,79
VGVhY2hlci0xNTg2OTgz,Aydin Karsilayan,1.9,79
VGVhY2hlci0yMDg2NTQw,Lucy Miller,3.8,79
VGVhY2hlci0xOTI3OTI2,Maddalena Cerrato,3.8,78
VGVhY2hlci0yMjAwNzk2,Qian Ji,4.6,78
VGVhY2hlci0zMDY5NDQw,Suryansh Kumar,2.4,78
VGVhY2hlci0yNjg2Njky,Petar Momcilovic,1.4,78
VGVhY2hlci0yMTI5MDAz,Jennifer Strong,4.5,78
VGVhY2hlci03Njg3MTU=,Michelle Taylor-Robinson,3.9,78
VGVhY2hlci0xNzE1OTI2,Katherine Unterman,4.1,78
VGVhY2hlci0yNjQ5Mjkx,Mohamed Aburweis,4.0,77
VGVhY2hlci0yNTEyMTc2,Wonhyeok Jang,3.7,77
VGVhY2hlci0yNjQxOTAz,Linda Logan,2.0,77
VGVhY2hlci0yMzA2ODQ0,Dimple Nair,3.9,77
VGVhY2hlci0zMDQyODgy,Aaron Riviere,3.5,77
VGVhY2hlci0yMDA5Mjky,Clinton Allred,3.2,76
VGVhY2hlci0yMzcxMDU3,Sakhila Arosh,5.0,76
VGVhY2hlci0yMDk0MTMx,Anthony Cahill,4.5,76
VGVhY2hlci0xOTUyODc1,Shane  Hudson,3.5,76
VGVhY2hlci0xODUxNDkw,Elizabeth Kolodziej,3.3,76
VGVhY2hlci0yNjE2NjYz,Maisie Mccormack,4.9,76
VGVhY2hlci0yNDEwNjMw,Lance Simms,4.3,76
VGVhY2hlci05MjMzMDI=,Henry Springfield,2.1,76
VGVhY2hlci0xNjU3NTcx,Joseph Ura,3.8,76
VGVhY2hlci0yMDE2NjI3,Rodrigo Velez,2.4,76
VGVhY2hlci0yMjA0Nzg1,José Bermúdez,2.8,75
VGVhY2hlci0yNTY2NTQz,Neha Dabral,4.7,75
VGVhY2hlci0xMTkwOTU5,Eun Jung Kim,3.1,75
VGVhY2hlci0yOTYyMjkx,Caitlin Madison,4.9,75
VGVhY2hlci04NTQyNw==,Alston Thoms,2.6,75
VGVhY2hlci0yMTg0Mjcy,Lifan Wang,2.2,75
VGVhY2hlci0yOTg3OTcx,Ivette Calles-Ramirez ,4.4,74
VGVhY2hlci0xMzc0NTY5,Warren Dixon,2.3,74
VGVhY2hlci0yMTk0NjE3,Joshua Hicks,4.8,74
VGVhY2hlci00OTYyMjY=,Teruki Kamon,1.8,74
VGVhY2hlci0xODIzMTAy,Alyssa Locklear,4.7,74
VGVhY2hlci0xNTk2NDA0,Mohammed Omran,4.6,74
VGVhY2hlci0yMjM5NzUy,Sing-Hoi Sze,4.5,74
VGVhY2hlci0yMjg3NzAz,Courtney Thompson,4.8,74
VGVhY2hlci0xNDg1NDI4,George Welch,4.9,74
VGVhY2hlci0yMDc3NDk1,Kristen Willingham,4.8,74
VGVhY2hlci03NDM4Mjk=,Sheela Athreya,2.1,73
VGVhY2hlci0yMDM2NTk=,Donald Dickson,3.3,73
VGVhY2hlci0yNDI1MzU2,Joseph Joey Lopez,4.8,73
VGVhY2hlci0yMjE5NDM0,Mi Lu,2.4,73
VGVhY2hlci0xOTUwOTM0,Beth Netherland,5.0,73
VGVhY2hlci0xOTUzMTE0,Alexandra Pooley,4.6,73
VGVhY2hlci03NjI5NTA=,William Pride,2.0,73
VGVhY2hlci02MDY3MzQ=,Norma Arizpe,5.0,72
VGVhY2hlci03NjI5NTE=,Mindy Bergman,4.1,72
VGVhY2hlci0yNTY5MjQ2,Jonathan Brunstedt,4.8,72
VGVhY2hlci0yNDM1MDk4,Samuel Cohn,3.3,72
VGVhY2hlci0xNjg3NzUx,Amy Earhart,3.3,72
VGVhY2hlci04NDcxMw==,Carol Johnson,3.8,72
VGVhY2hlci0xNTk2MTA1,Olga Kocharovskaya,2.5,72
VGVhY2hlci0yNjQ0ODc4,Nicole Kuppersmith,5.0,72
VGVhY2hlci0xODc1NzQz,Soon-Mi Lim,2.9,72
VGVhY2hlci0yOTYxMTMw,Jean Ricciardello,1.5,72
VGVhY2hlci0yMTQzODA2,John Robertson,4.6,72
VGVhY2hlci0yMTk3MDU5,Warren Waren,4.3,72
VGVhY2hlci0xOTUxOTI2,Leonardo Cardoso,3.8,71
VGVhY2hlci0yMjA0MDI5,Michael Hanik,4.8,71
VGVhY2hlci0yMjgxMDk2,Jeanette Madkins,4.9,71
VGVhY2hlci0yMDEyMDAx,Christine  Mark ,3.0,71
VGVhY2hlci0zMDM2ODUx,Emma Wingfield,1.4,71
VGVhY2hlci0xMDgxMTU5,Robert Carley,4.8,70
VGVhY2hlci0xNjY1MTM4,Robert Chapkin,2.9,70
VGVhY2hlci0yMjUyNDU4,Sarah Fehr,4.8,70
VGVhY2hlci0yMDgyNTU3,Nicole  Hagstrom-Schmidt ,4.3,70
VGVhY2hlci0yNjA2MTI3,Jessica Herzogenrath,5.0,70
VGVhY2hlci0yMzQxMDk=,Wendy Keeney-Kennicutt,4.6,70
VGVhY2hlci0yMDkxOTI1,Elisa McNeill,2.3,70
VGVhY2hlci0yNTQzMjU4,Logan Porter,4.9,70
VGVhY2hlci0xNjU4Mzgy,Ralf Rapp,2.8,70
VGVhY2hlci0yMTk1NzQ3,Luis Vieira de Castro,3.4,70
VGVhY2hlci0yMDkyNzMw,Jianxin Zhou,2.3,70
VGVhY2hlci0xNjc1MjY3,Clint Magill,2.8,69
VGVhY2hlci0yMDg3MzA4,Craig Rotter,4.9,69
VGVhY2hlci0yNTQ4ODg0,Michael Scialdone,3.8,69
VGVhY2hlci0yNzQxODUx,Philip Adsley,4.2,68
VGVhY2hlci0yODYwNDY5,Sarah Beck,1.8,68
VGVhY2hlci0yMTc0ODUx,David Brenner,3.4,68
VGVhY2hlci0zMTE3NzMw,Dae Chung,5.0,68
VGVhY2hlci0yNDExODc2,Carlos Corleto,3.3,68
VGVhY2hlci0yNjQ2NDk5,Thomas Ellis,2.5,68
VGVhY2hlci0yNzIzMjcx,Montana Etten-Bohm,3.3,68
VGVhY2hlci0yMzIwOTky,Susan Fields,4.6,68
VGVhY2hlci0yNDI0ODAw,Li Gao,3.3,68
VGVhY2hlci0zMDMzODU2,Mary Lockhart,4.9,68
VGVhY2hlci0xNDQ4MjE3,Sylvie Ragucci,4.3,68
VGVhY2hlci0yMDEwMDc3,Adam Rosenthal,4.2,68
VGVhY2hlci03NDY4NTQ=,Brandon Schmeichel,4.8,68
VGVhY2hlci0xOTk3NzAx,Ledric  Sherman,4.9,68
VGVhY2hlci0yMjIxMDcy,Frances Thielman,2.5,68
VGVhY2hlci0yNDM2Mjky,John Casellas Connors,4.8,67
VGVhY2hlci0yMzk4OTE0,Fabiana Cecchini,2.8,67
VGVhY2hlci0yNTE1NDcz,Huiyi Guo,3.7,67
VGVhY2hlci0yOTgxOTMx,Silin Ji,5.0,67
VGVhY2hlci0yNzk3MDU1,Sergio Lemus,2.7,67
VGVhY2hlci0yODg5ODg0,Velumani Subramaniam,1.2,67
VGVhY2hlci0yNjg0ODYy,Chukwuzubelu Ufodike,4.6,67
VGVhY2hlci0yNjMwNDk2,Kirstie Boyett,4.1,66
VGVhY2hlci0yMzQzMzE0,Rebecca Brooker,3.9,66
VGVhY2hlci0xOTA2NDUw,Kimberly Carlson,3.8,66
VGVhY2hlci0yMjcwNDA2,Amin Davoodi,5.0,66
VGVhY2hlci0xODIzMDk2,Kenneth Dykema,2.6,66
VGVhY2hlci0xOTYyMzQ2,Rainer Fries,3.4,66
VGVhY2hlci0xNjI5NjEz,Michael Istvan,4.7,66
VGVhY2hlci0yNzQ5NTE4,David Koepsell,4.2,66
VGVhY2hlci0xODk1NjI4,Riad Masri,3.6,66
VGVhY2hlci0yMTgxMTUy,John Moore,2.8,66
VGVhY2hlci0xNjM0OTEy,Mark Packard,4.1,66
VGVhY2hlci03MDQwMzY=,Linda Radzik,3.6,66
VGVhY2hlci0yNjI1MzAx,Joohyun Rhee,4.5,66
VGVhY2hlci0yMzY1NzM4,Rachel Smith,4.5,66
VGVhY2hlci0yMDM3NTE2,Jeff Winking,4.1,66
VGVhY2hlci0yMDkyNTEw,George Adams,5.0,65
VGVhY2hlci0yMjgxMzQ1,Peter Hamilton,3.2,65
VGVhY2hlci0yNDM0ODYx,Misty Stiles,4.2,65
VGVhY2hlci0yMTA0MTc1,John Whitcomb,1.6,65
VGVhY2hlci0yMDc3MTI4,Xinyuan Wu,4.2,65
VGVhY2hlci0yMzI0MTI3,Michaela Baca,4.7,64
VGVhY2hlci0yODY2ODQ5,Eunhui Kim,3.9,64
VGVhY2hlci0xOTkwNTEy,Xenophon Koufteros,3.5,64
VGVhY2hlci0yMDkwODQz,Chaitanya Lakkimsetti,3.1,64
VGVhY2hlci0xNzM2MzE1,William Park,3.4,64
VGVhY2hlci0yMjEyMjIw,Kalani Pattison,3.1,64
VGVhY2hlci0yNDU4ODg1,Lindsay Sansom,4.1,64
VGVhY2hlci0yMzIwNzk0,Matthew Vess,4.0,64
VGVhY2hlci0yMDgyMzY3,Douglas Allaire,2.1,63
VGVhY2hlci0yMTE3ODE=,Carlos Blanton,4.0,63
VGVhY2hlci0yMjIyNDI=,Vaughn Bryant,2.4,63
VGVhY2hlci0yOTMxMzM3,Guy Cooke,2.9,63
VGVhY2hlci0yMDg3NTc5,Alan Dabney,4.2,63
VGVhY2hlci0yOTYwMzM5,Shelvean Kapita,4.2,63
VGVhY2hlci02NzIzNzk=,Ben Welch,4.8,63
VGVhY2hlci0yMTA1NzQ5,Ahmed Ali,4.3,62
VGVhY2hlci0yMTQ5NzI1,Victor Arizpe,4.4,62
VGVhY2hlci0yMjcwMjY1,Daniel Bare,4.8,62
VGVhY2hlci0yNDUxMzk=,Walter Buenger,3.4,62
VGVhY2hlci0yODE1NzYz,Misti Carter,4.3,62
VGVhY2hlci04OTgwODc=,Stephen Daniel,2.7,62
VGVhY2hlci0xODkwNjY4,Holly Foster,2.7,62
VGVhY2hlci0xNzE0NTk1,Jaclyn Kessler,3.0,62
VGVhY2hlci02OTEzMDk=,Laurine Marlow,3.8,62
VGVhY2hlci0yNTU3MTE3,Quentin Michaudel,4.1,62
VGVhY2hlci0yMjA3MzE0,Jeffrey Morris,3.7,62
VGVhY2hlci0yMjExODAz,Chad Nelson,5.0,62
VGVhY2hlci04MTEzNjQ=,Sherry Scarborough,3.8,62
VGVhY2hlci0yMTAzOTM3,Anne Shiu,3.1,62
VGVhY2hlci0yMDYxNzEz,Michel Slotman,3.6,62
VGVhY2hlci0xOTAxODg0,Nicholas Suntzeff,4.3,62
VGVhY2hlci0yODYzNTE0,Michael Youngs,4.3,62
VGVhY2hlci0yNjM1OTI4,Aref Zarin,2.4,62
VGVhY2hlci0yMTI4NDc4,Kayla Cline,4.4,61
VGVhY2hlci04NDcyMg==,Richard Hutchinson,3.1,61
VGVhY2hlci05MzAwMzk=,Rabi Mahapatra,1.7,61
VGVhY2hlci0yNTI3NTAy,Cain Miller,4.9,61
VGVhY2hlci0yMzQ4NTc0,Richard Palmer,4.3,61
VGVhY2hlci0yMDE1MjA3,Heili Pals,4.4,61
VGVhY2hlci0yMTUwMjIy,Tamara Powers,4.9,61
VGVhY2hlci0yMzY2MTUx,Shadi Balawi,3.3,60
VGVhY2hlci0xNDM4NjQ4,David Brooks,4.3,60
VGVhY2hlci0yMzY3OTE3,Amanda Davis,3.9,60
VGVhY2hlci0xMTU3NzQ1,Darryl De Ruiter,4.3,60
VGVhY2hlci0xNzcwMDEx,Tasha Dubriwny,4.1,60
VGVhY2hlci0yMDg2MjA4,Benjamin Giese,4.4,60
VGVhY2hlci0yNzUyODk0,Seung-Yeon Ha,3.7,60
VGVhY2hlci0xOTg5NzE3,Peter Hugill,3.3,60
VGVhY2hlci0yMDYyNzcx,Daniel Kniffin,3.6,60
VGVhY2hlci0zMDI4NTg1,Yi Sheng Lim,3.1,60
VGVhY2hlci0yNTUzMTgx,Jacob Mashburn,4.4,60
VGVhY2hlci0yMzI4NDk3,Erick Moreno Centeno,2.7,60
VGVhY2hlci0xNDkxNDAx,Maria Irene Moyna,2.7,60
VGVhY2hlci0yNzE3MDI4,Megan Reynolds,4.1,60
VGVhY2hlci0yNzM5OTk5,Jennifer Rhinesmith-Carranza,4.9,60
VGVhY2hlci0yMjE4NjMy,James Rozier,4.4,60
VGVhY2hlci0yMzY2OTU2,Tonya Shepherd,3.3,60
VGVhY2hlci0yMzU0Mzkw,Lu Tang,4.9,60
VGVhY2hlci0yMjU5MjQx,Yaroslav Vorobets,3.9,60
VGVhY2hlci0yMDU2ODEz,Nicole Wilson,3.8,60
VGVhY2hlci0xOTE3ODAz,Emanuela Ene,3.1,59
VGVhY2hlci0yMjA0NTI3,Andrea Alvarez,2.7,58
VGVhY2hlci0xNzg1MTEx,Adrienne Carter-Sowell,2.8,58
VGVhY2hlci0xMjc3NzAx,Sam Cohn,3.1,58
VGVhY2hlci0yMTM3Mjkz,Katheryn Dietrich,3.4,58
VGVhY2hlci0yMjkxNjkz,Karen Farmer,1.9,58
VGVhY2hlci0xNzk4NDU5,Richard Gomer,3.5,58
VGVhY2hlci0yNDU3NzAz,John Griffin,3.4,58
VGVhY2hlci0yNTQwNjAx,Irina Holmes,4.7,58
VGVhY2hlci0yNzUwNzkx,Petr Kandidatov,4.9,58
VGVhY2hlci0yODIyODEw,Kristy Kulhanek,4.6,58
VGVhY2hlci0xMzIxNzI0,Michael Manson,3.1,58
VGVhY2hlci0yMjgyMTQ3,Glen Miller,3.9,58
VGVhY2hlci0yNzc2NjM5,Daniel Paredes,2.2,58
VGVhY2hlci0yNzEyNDE5,Martin Peterson,3.2,58
VGVhY2hlci0yMzI0NzU0,Hector Ramos,4.7,58
VGVhY2hlci0yNTkzMTAx,Alexander Roitershtein,4.0,58
VGVhY2hlci05NDc5MTI=,Alexei Safonov,3.4,58
VGVhY2hlci0yMzEzMzgx,Julie Singleton,3.7,58
VGVhY2hlci0yNTkwNTQy,Donna Sullins,2.5,58
VGVhY2hlci0yMTg0MzMw,Nancy Warren,2.9,58
VGVhY2hlci0xODQ5ODY0,Rashi Arora,4.2,57
VGVhY2hlci0yMjA0ODI1,Ali Bicer,4.9,57
VGVhY2hlci0yNDM5Mjkx,Nicholas Bradley,5.0,57
VGVhY2hlci0yMjQ3ODE1,Shelbie Carpenter,4.3,57
VGVhY2hlci0yNzE3MDMx,Jonathan Carroll,4.8,57
VGVhY2hlci0xNTc0Mw==,William Bedford Clark,4.4,57
VGVhY2hlci0xOTQ1NzAw,Sharon Matthews,4.9,57
VGVhY2hlci0zMDM5OTc2,Collin Victor,2.4,57
VGVhY2hlci0yMzQ2MDAz,Tian Yang,4.7,57
VGVhY2hlci0yMDk1NDg3,Xuemei Zhu,3.9,57
VGVhY2hlci0yNTQyOTU5,Monya Anderson,4.0,56
VGVhY2hlci0xODI0NjUx,Florent Baudier,3.8,56
VGVhY2hlci0yNzY2NzM3,Liliana Beltran,1.3,56
VGVhY2hlci0yMDIwNDk3,Christine  Bergeron,4.3,56
VGVhY2hlci0yMzc3MDM2,Janet Bluemel,1.6,56
VGVhY2hlci0yOTMzMzg3,Kurt Bruder,2.1,56
VGVhY2hlci0yMjQ2MzEw,Phapanin Charoenphol,4.5,56
VGVhY2hlci0yMDU2Njc0,Kunhee Choi,4.5,56
VGVhY2hlci0yMTk4NDUw,Marissa Cisneros,2.5,56
VGVhY2hlci0xMzk3NDc3,Lorinda Cohen,4.6,56
VGVhY2hlci0yNzYwMTg1,Jon Elizondo,4.8,56
VGVhY2hlci0yMDY2NTkw,Gregory Graves,4.3,56
VGVhY2hlci0yNTE3MDYy,Paul Hardin,4.0,56
VGVhY2hlci0yNDk2MTU3,John Lusher,4.3,56
VGVhY2hlci0yMzc5NTM0,Stacey Lyle,4.2,56
VGVhY2hlci0xOTc3Mjk3,Daniel Melconian,4.1,56
VGVhY2hlci0yNTUxMTc4,Susan Milstein,3.1,56
VGVhY2hlci0xOTUxOTMx,Saskia Mioduszewski,4.2,56
VGVhY2hlci0yMjQ3OTQ4,Waqar Mohammad Mohiuddin,4.8,56
VGVhY2hlci0yMDk4MzM4,Mary Ann O'Farrell,4.5,56
VGVhY2hlci0yNTM4ODU4,Anthony Okoromadu,1.8,56
VGVhY2hlci0xOTQ0Mzkz,John Penson,3.3,56
VGVhY2hlci0xODEwOTc2,Alan Pepper,4.5,56
VGVhY2hlci0yMjkyODA5,Nathan Swanson,2.3,56
VGVhY2hlci0xODYwMTk2,Dennis Utley,2.3,56
VGVhY2hlci0yMzM2ODgz,Dawn Baletka,2.7,55
VGVhY2hlci01OTk0OTM=,Harris Berger,3.3,55
VGVhY2hlci0yNTM0NjAx,Jim Boyd,2.8,55
VGVhY2hlci0yMjAwMzg4,Mary Campbell,2.8,55
VGVhY2hlci0yNjI1NjEw,Bridgette Chambers,4.9,55
VGVhY2hlci01MDQwMjY=,Jeffrey Guidry,3.3,55
VGVhY2hlci0yMDE5NzA1,Russell Jessup,4.4,55
VGVhY2hlci0xODIyODI5,Pingwei LI,1.6,55
VGVhY2hlci0yMzg2OTg5,Andrew Loring,4.6,55
VGVhY2hlci0yOTk4NTUx,Kyle  Nash,5.0,55
VGVhY2hlci0yMjgyNjA=,Guergana Petrova,3.7,55
VGVhY2hlci0yNzU2NDUy,Bhaskar Vajipeyajula,4.3,55
VGVhY2hlci0yMDk2NTk5,Andre Araujo,4.5,54
VGVhY2hlci0yMTM5MTkz,James Ball,3.5,54
VGVhY2hlci0yNjY1NTgy,Satish Bukkapatnam,1.2,54
VGVhY2hlci0yODE4MDMw,Chris Butler,4.8,54
VGVhY2hlci0yMjEwNjM5,Claire Carly-Miles,4.5,54
VGVhY2hlci0xOTQ3Nzc3,Andrew Comech,3.2,54
VGVhY2hlci0yMTA2MTgz,Timothy Devarenne,2.8,54
VGVhY2hlci0yMDcxMDMx,Doug Hensley,1.5,54
VGVhY2hlci02NDk5OTY=,Kenneth Howell,4.0,54
VGVhY2hlci0yMjE3MTY5,Hyeran Jo,3.4,54
VGVhY2hlci0yODIwNDc5,Ali Kagalwala,4.0,54
VGVhY2hlci0xMDEyMDEz,Judith Linneman,3.9,54
VGVhY2hlci03OTk4MjU=,Lee Lowery,2.6,54
VGVhY2hlci0xNTY0MjU2,Roger Reese,3.7,54
VGVhY2hlci0yMjEyNTYx,Amber Schluens,5.0,54
VGVhY2hlci04Mzg5ODU=,Kazuko Suzuki,3.1,54
VGVhY2hlci0yMDY4OTA5,Thomas Taylor,3.5,54
VGVhY2hlci0yMzYwMzg1,Dorothy Todd,4.9,54
VGVhY2hlci0yMjQ4MDgw,GARY VOELKER,2.9,54
VGVhY2hlci0yODcyMzQ2,Bo Zhu,3.7,54
VGVhY2hlci0xODA3ODE4,Michael Collins,2.8,53
VGVhY2hlci0yMDczMDc4,Rebecca Creasy,4.5,53
VGVhY2hlci0yNDE0Nzgw,Zachary Gagnon,4.9,53
VGVhY2hlci0yNzMzMDE2,Diana Guerra,2.8,53
VGVhY2hlci0yOTI4Mjkz,Ibrahim Gunes,4.9,53
VGVhY2hlci0yMDE4NTAx,Paul Keiper,4.7,53
VGVhY2hlci0xMzU4NjUw,Brian Linn,3.7,53
VGVhY2hlci0yNTQzOTEz,Jordan Szura,4.6,53
VGVhY2hlci0xOTk2MDg4,Brigit Van Widenfelt,3.7,53
VGVhY2hlci0yNjI1MjE2,Amir Zavareh,3.4,53
VGVhY2hlci0yMDc3MTcx,Alexey  Akimov,3.9,52
VGVhY2hlci0yMzI2Nzgw,Claire Baetge,3.6,52
VGVhY2hlci0yNTE5NTU2,Robert Booth,2.3,52
VGVhY2hlci0xMTQ1OTkz,Heidi Campbell,3.4,52
VGVhY2hlci0yMDUyMjY2,Frederick Chester,2.9,52
VGVhY2hlci0yNTQzNDAw,Samuel Harris,4.6,52
VGVhY2hlci0yMTc2MjQ2,Grace Heneks,4.3,52
VGVhY2hlci0yNjQ3NjMx,Tatyana Igumenova,2.8,52
VGVhY2hlci0yMTI1NTg2,Emily Johansen,3.5,52
VGVhY2hlci0yNjMxMTMy,Beth Koufteros,3.3,52
VGVhY2hlci0yMzY1NDQx,Jiling Liu,3.7,52
VGVhY2hlci0yNzI5NTcx,Thomas McKnight,3.4,52
VGVhY2hlci0yMjE3MjMz,Beiyan Nan,3.6,52
VGVhY2hlci0yMDEwNDg0,Galen Newman,4.8,52
VGVhY2hlci0yNDUyNDM1,Shahina Rahman,2.9,52
VGVhY2hlci0yMzE5NTI1,Gilbert Ramirez,4.9,52
VGVhY2hlci0yMzE2MzE2,Landon Sadler,3.7,52
VGVhY2hlci0yNTI2MDUy,Xiaofei Song,3.8,52
VGVhY2hlci0zMTE0Njgx,Xiaochuan Tang,4.9,52
VGVhY2hlci05NjY2ODQ=,Jay Woodward,4.6,52
VGVhY2hlci0yODU3MDAy,Suin Yi,3.7,52
VGVhY2hlci0yOTU2Njk1,Hung Viet Chu,5.0,51
VGVhY2hlci0yMjIwOTkw,Paul Gratz,4.9,51
VGVhY2hlci0yNDkyOTc0,Byul Hur,1.8,51
VGVhY2hlci0yNDY1NDc2,Aaron Penton,4.9,51
VGVhY2hlci0yMTcyNDAz,Damian Robles Garcia,3.4,51
VGVhY2hlci0xODY5MjU2,Matthew Wright,4.5,51
VGVhY2hlci0yMjAwOTc3,David Blanks,3.8,50
VGVhY2hlci0yOTAyMzYw,David Craig,3.6,50
VGVhY2hlci0yNTM5ODU5,Kevin Curley,2.0,50
VGVhY2hlci0yODc1ODcw,Judy Dickey,4.8,50
VGVhY2hlci0yOTE4MzE4,Alpaslan Duysak,4.2,50
VGVhY2hlci0zMDQ1OTQ0,Zhou Fang,2.6,50
VGVhY2hlci0yMDIxMTM5,Wilford Gardner,3.7,50
VGVhY2hlci0yNTUwNDQ3,Jordana George,4.6,50
VGVhY2hlci0yODg2MzQz,Mohamed Gharib,3.0,50
VGVhY2hlci0yMjIzMjYw,Micah Green,3.6,50
VGVhY2hlci0yNzczMjYy,Praveena Kanchupati,2.1,50
VGVhY2hlci0yMzA5NjI3,Yong-Joe Kim,2.9,50
VGVhY2hlci0yMTgzMDY1,Christoph Konrad,4.6,50
VGVhY2hlci0yMTk4OTU5,Li-Jen Kuo,3.3,50
VGVhY2hlci0yMzY4MDg1,Jyh Liu,1.6,50
VGVhY2hlci0yNTg2MTk4,Yumiko Mochinushi,4.5,50
VGVhY2hlci0xOTUwNDUx,Neall Pogue,3.9,50
VGVhY2hlci0xNTg4MzQ3,Michael Rosynek,3.5,50
VGVhY2hlci0yNjM2NjQ0,Sarah Schobert,4.8,50
VGVhY2hlci0yMDMzMjA4,Leslie Seipp,2.3,50
VGVhY2hlci0xODU0Nzc1,Oksana Shatalova,4.3,50
VGVhY2hlci0yNDE4Mzg4,Brian Shaw,4.7,50
VGVhY2hlci0yMzIxODQw,Zachary Stewart,4.4,50
VGVhY2hlci0yNzM5MzMx,Patrick Sullivan,4.1,50
VGVhY2hlci0yNzQzOTAz,Daniel Tabor,3.7,50
VGVhY2hlci0yNjg5MDA0,Allison Wilkes,1.2,50
VGVhY2hlci0yNzA5Mjk1,Colin Young,4.9,50
VGVhY2hlci0xODIxMjc2,Tara Blasor,4.7,49
VGVhY2hlci01MTYzODg=,Marcia Drost,2.4,49
VGVhY2hlci0xMzA2MTIx,Daniel Gomez,4.8,49
VGVhY2hlci0yMjA2Nzkw,Mark Hoekstra,2.6,49
VGVhY2hlci0yMTU3OTUx,Lori Moore,2.8,49
VGVhY2hlci0yNTg2NzAy,G Kemble Bennett,3.3,48
VGVhY2hlci0yMDEyMDIw,Barry Boyd ,4.2,48
VGVhY2hlci0yMzY2MTE4,Ismail Capar,1.2,48
VGVhY2hlci0yNzc1MTY5,Lauren Dobson,3.3,48
VGVhY2hlci0yOTUwNTU2,Elizabeth Gibson,2.8,48
VGVhY2hlci0xNzIwODY2,Julie Hagen Carroll,1.8,48
VGVhY2hlci0yNzMwMTQ1,Breanne Harty,4.5,48
VGVhY2hlci0xNjU5Mzgz,Timothy Hughbanks,1.9,48
VGVhY2hlci0yNTI5NTg2,Emily Naiser,2.0,48
VGVhY2hlci0yMDMxNTk1,Suzanna Ramos,4.9,48
VGVhY2hlci0yODE4OTg4,Annette Rodgers,4.6,48
VGVhY2hlci0yODkwMzgw,Mahmoud Shaltout,3.0,48
VGVhY2hlci0xNzgyNzg2,Richard Street,3.0,48
VGVhY2hlci0xNzQ2ODYy,Eszter Trufan,1.8,48
VGVhY2hlci0yMDA5MzMz,Sreeram Vaddiraju,3.4,48
VGVhY2hlci0yNjI2MzQ0,Lesley Wright,2.7,48
VGVhY2hlci0yMjEyNTU0,Beatrix Burghardt,1.9,47
VGVhY2hlci0zMDQxNjMz,Elliot Cartee,4.2,47
VGVhY2hlci0yMzk1MjYw,Haejune Kim,3.4,47
VGVhY2hlci0yMzEyNDcw,Heather Lewis,4.9,47
VGVhY2hlci0yMTM0MjU0,Angelique Maes,4.5,47
VGVhY2hlci01MTM3Mjk=,Brent Miller,3.6,47
VGVhY2hlci0yNDA5ODY0,Charles Peak,2.2,47
VGVhY2hlci0xOTgxNjA0,Lucy Waite,4.2,47
VGVhY2hlci0yMzk5MzM2,Thaddeus Atzmon,3.7,46
VGVhY2hlci03MjQ1MTk=,Karl Aufderheide,3.5,46
VGVhY2hlci0yMDcwMDEy,Aaron Becker,4.5,46
VGVhY2hlci03Mjk1Njg=,Troy Bickham,4.9,46
VGVhY2hlci0yNDI2ODc3,Stephanie Canizales,3.4,46
VGVhY2hlci0yNjcwMjEw,Genny Carrillo,2.3,46
VGVhY2hlci0xNTAyOTk4,Judith Chester,1.4,46
VGVhY2hlci0xMzI0Nzg5,Olga Dror,3.5,46
VGVhY2hlci0yNjM0MDM5,Ashleigh Faris,4.7,46
VGVhY2hlci0yNjk0MTQw,Robert Goidel,4.3,46
VGVhY2hlci0yNTIzNjQ1,Shima Hajimirza,2.8,46
VGVhY2hlci0yNDU1NjIx,Jacob Hardy,5.0,46
VGVhY2hlci0yNDYzNzcz,Anoosheh Heidarzadeh,4.3,46
VGVhY2hlci0xOTAzNDIy,James Herman,4.6,46
VGVhY2hlci0xOTQ0MjI3,Faron   Kincheloe ,2.4,46
VGVhY2hlci0yMTI3NDM5,Quan Li,3.7,46
VGVhY2hlci0yMTc0NTE4,Thomas Loder,3.0,46
VGVhY2hlci0yNTY0Njc0,Julia Lynch,4.7,46
VGVhY2hlci0yMDU2OTIy,Vanita Mahajan,4.6,46
VGVhY2hlci0zMDQ2NTM1,Maria  Moreira Trindade,4.9,46
VGVhY2hlci0xODQ0MzA2,Clare Palmer,4.1,46
VGVhY2hlci0yNjM4MzY1,April Paluka,4.9,46
VGVhY2hlci0yNzQ5MzAy,Albert Patterson,4.7,46
VGVhY2hlci0yMTA5MDk0,Michael Polymenis,2.6,46
VGVhY2hlci0xMzM4Mjgw,Harland Prechel,3.0,46
VGVhY2hlci0yMjAwNTY3,Kimberly Rife,2.2,46
VGVhY2hlci0xODY5NjU0,Joseph Ross,1.8,46
VGVhY2hlci0yMjIwOTg1,Serap Savari,2.0,46
VGVhY2hlci0yNDMyNDc5,Kristen Shumbera,4.9,46
VGVhY2hlci0yMzcyNjU5,Daniel Singleton,3.5,46
VGVhY2hlci0yNTU2Njg4,Richard Waer,4.0,46
VGVhY2hlci0xODI1NDI1,Robert Webb,3.4,46
VGVhY2hlci0yNTQ3NjI5,Theresa Wenzel,4.6,46
VGVhY2hlci0yMjE2MjY3,Joda Wolfe,4.0,46
VGVhY2hlci0yMzAwNzE3,Ernesto Amaral,3.0,45
VGVhY2hlci0yNjMxNTUw,Turkan Aydogmus,2.3,45
VGVhY2hlci02ODUyMzQ=,Luciana Barroso,2.3,45
VGVhY2hlci0yNzQzNzM4,Ashfaq Bengali,4.6,45
VGVhY2hlci0yMDU4MjI0,William Bill  Coady,5.0,45
VGVhY2hlci0xODIxMjc1,Shannon Deer,4.3,45
VGVhY2hlci0xODYxNTMy,Richard Dye,4.4,45
VGVhY2hlci0yOTQyMDM3,Debarati Ghose,5.0,45
VGVhY2hlci0yODQ3ODcz,Angela Hammond-Kruger,4.6,45
VGVhY2hlci0yMzE5OTE2,Michael Lopez,5.0,45
VGVhY2hlci0yMzkxMTAy,Gabriel Miller,4.3,45
VGVhY2hlci0yMTAyNzgz,George Naufal,4.2,45
VGVhY2hlci0yMDc2OTMz,Anne Raymond,4.6,45
VGVhY2hlci0yNTE0NjUw,Mai-Phuong Templin,4.1,45
VGVhY2hlci0yNTI5NDMw,Erika Weidemann,2.4,45
VGVhY2hlci0xMzAyNzk3,Lawrence Wolken,2.5,45
VGVhY2hlci0yOTI2NDQw,Lee Allison,2.0,44
VGVhY2hlci0yMjQ5NTUz,Antonio Arreola-Risa,5.0,44
VGVhY2hlci0yODk1OTk1,Andrew Barna,3.9,44
VGVhY2hlci0yOTQzMDQ5,Michael Beck,5.0,44
VGVhY2hlci0yNTMwNDA1,Ana Carolina Diaz Beltran,3.6,44
VGVhY2hlci0yMzU3NjI0,Kyle Dickey,4.9,44
VGVhY2hlci0yNzU2Njgw,Madhavi Dixit,3.6,44
VGVhY2hlci0yMjc3ODE5,Leroy Dorsey,4.1,44
VGVhY2hlci0xOTk3NDEz,Rainer Fink,4.1,44
VGVhY2hlci0xMzY2NTUz,Sharon Gursky,2.6,44
VGVhY2hlci0yMzYwMzE1,Julie Howe,3.0,44
VGVhY2hlci0yMjMzNjI5,Arul Jayaraman,3.9,44
VGVhY2hlci0yNDc3Njc4,Andres Jola Sanchez,4.4,44
VGVhY2hlci0yMDA2Mzcy,Ashley Jolly,4.5,44
VGVhY2hlci0zMDUxODA0,Qiaochu Ma,4.9,44
VGVhY2hlci0xNDAxMTU1,Lucas Macri,4.3,44
VGVhY2hlci0xOTY2MjY0,Anne McGowan,4.4,44
VGVhY2hlci0yNTA0MzUy,Karah Newton,4.4,44
VGVhY2hlci0yMzExOTM4,Nida Obatake,5.0,44
VGVhY2hlci0xMTAxNjE3,Joe Outlaw,4.1,44
VGVhY2hlci0yNzM4MzU5,Roberto Palomares,3.1,44
VGVhY2hlci0yMzcwODIx,Michelle Pine,4.1,44
VGVhY2hlci0yNTAzMTA3,Mark Schwartz,4.7,44
VGVhY2hlci0yMTQzMTUw,Jonathan Sczepanski,4.4,44
VGVhY2hlci0yMjg4NDQw,Kristi Shryock,4.3,44
VGVhY2hlci0zMDI0MzYz,Narendra Singh ,3.4,44
VGVhY2hlci0yNjk1NDMx,Johnathan Smith,3.5,44
VGVhY2hlci0yMjE3NDM3,Alexander Sprintson,3.6,44
VGVhY2hlci0yMzQ4Njg1,Lathrop Taylor,2.5,44
VGVhY2hlci0yNDgyMjg1,Shawna Thomas,4.7,44
VGVhY2hlci0yMzQ3OTU1,Albina Tropina,3.0,44
VGVhY2hlci0xNjQwODUy,Wayne Versaw,2.4,44
VGVhY2hlci0yNTUyMDMy,Aaron Anderson,5.0,43
VGVhY2hlci00Mjc0NDA=,Harold Boas,5.0,43
VGVhY2hlci0xODUzMTcw,Daniel Conway,4.2,43
VGVhY2hlci0yNDg0Mjg3,Robert Duran,2.7,43
VGVhY2hlci0yMjAxNDc3,Rachel Gunter,4.4,43
VGVhY2hlci0xODM1NDg0,Sena Karasipahi,3.8,43
VGVhY2hlci0zMDQyMjk0,Niraj Khatiwada,5.0,43
VGVhY2hlci0yMjIwOTgy,Tie Liu,4.8,43
VGVhY2hlci0xNzEwNDY4,Dale Rice,3.4,43
VGVhY2hlci0yMTUzNzIx,Vincent Schielack,2.1,43
VGVhY2hlci01NDcyMjY=,Arun Srinivasa,3.6,43
VGVhY2hlci0yOTkxMjAy,Alison Altman,1.3,42
VGVhY2hlci0zMDMxNDcz,Barbara Bolick,3.5,42
VGVhY2hlci0yMTg2Mzg2,Andrew Bridy,4.3,42
VGVhY2hlci0yNTM0MjE3,Heather Burte,4.9,42
VGVhY2hlci0zMTI0MDM1,Tad Campbell,1.9,42
VGVhY2hlci02NDkwMDc=,Yoonsuck Choe,3.7,42
VGVhY2hlci0xNTM5MDkz,Daren Cline,1.6,42
VGVhY2hlci0yNjkzMDA5,Eduardo Gandara,2.8,42
VGVhY2hlci0yOTcxNjc2,Isuru Godage,1.2,42
VGVhY2hlci0xNzExNTky,Ines Golsan,4.7,42
VGVhY2hlci0yOTYxOTQz,Darren Henrichs,2.4,42
VGVhY2hlci0xOTg2NjQ5,Dr. Lin Jiang,3.8,42
VGVhY2hlci0yNDU1MDk1,Andrew Kubik,4.3,42
VGVhY2hlci0xODYxNTA0,Holli Leggette,2.7,42
VGVhY2hlci0xOTUyMTMw,Beatriz Marquez,4.7,42
VGVhY2hlci0yMzI4MTEz,Matt McKinney,4.9,42
VGVhY2hlci0yMzM3MjQ2,Christine Merlin,3.4,42
VGVhY2hlci0zMDQ5ODgx,Angelique Morvant,4.4,42
VGVhY2hlci0yNjM0Mjc4,Seth Murray,4.6,42
VGVhY2hlci0yOTA3NjAz,Ryan North,2.8,42
VGVhY2hlci0yMjE5Njk0,Michael Nowak,4.3,42
VGVhY2hlci0yNTM0ODA4,Ewurama Okine,5.0,42
VGVhY2hlci0yMzkyMTMx,Joseph Orr,4.0,42
VGVhY2hlci0xMTQxOTk2,Stephanie Payne,3.0,42
VGVhY2hlci0yMDQ4OTY2,David  Powers,4.2,42
VGVhY2hlci0yMjU5NjMz,Mina Rahimian,3.4,42
VGVhY2hlci0yMjA4ODAy,Jorge Seminario,1.7,42
VGVhY2hlci0yMDc5NjA2,Weidong Shi,4.3,42
VGVhY2hlci0yMTk4NDk0,Kristen Slagel,4.8,42
VGVhY2hlci0yNDM4OTI5,Shinjiro Sueda,4.5,42
VGVhY2hlci0yMTYwNjg1,Katayoun Torabi,4.9,42
VGVhY2hlci0yMTgxNzAz,Anna Wolfe,5.0,42
VGVhY2hlci0yNjM5MjMx,William Boyles,3.9,41
VGVhY2hlci0yNTQ3MzQ2,Oral Capps,4.0,41
VGVhY2hlci0yMjA5MzEz,Gregory Christian,4.2,41
VGVhY2hlci0yOTc1OTc4,Kegan  Clark,1.9,41
VGVhY2hlci0yOTAxMjQz,YAIR CUENU,4.3,41
VGVhY2hlci0yMzU0MDg2,Katherine Davis,3.4,41
VGVhY2hlci0yMTMwODk2,Allison Dunn,3.4,41
VGVhY2hlci0zMDQ0MDMx,Rhonda Evans,4.6,41
VGVhY2hlci0yNjMzMTU3,Christopher Gartland,4.1,41
VGVhY2hlci0xMTkyMzMy,Wayne Hung,3.0,41
VGVhY2hlci00ODk1MzI=,Craig Kallendorf,4.4,41
VGVhY2hlci0yMjg1NDI4,Miladin Radovic,1.6,41
VGVhY2hlci0zMDM3NzQy,Joshua Siktar,4.1,41
VGVhY2hlci0yOTU4MjI3,Lance White,4.4,41
VGVhY2hlci0yNTM3NzEy,Bonnie Bounds,5.0,40
VGVhY2hlci0yMjUxNTE0,Sandra Braman,2.0,40
VGVhY2hlci0yMjA0NTQz,Kirstin Brekken,4.3,40
VGVhY2hlci0xOTc5OTIy,Billy Brocato,3.8,40
VGVhY2hlci0yMzYwMzA1,Robert Burch,3.4,40
VGVhY2hlci0yMzA4NjAz,Alex Busch,4.4,40
VGVhY2hlci0xODIzMTAz,Siu Chin,1.4,40
VGVhY2hlci0yNzU0ODg5,Andrew Christjoy,5.0,40
VGVhY2hlci0xNjk2MTQ1,Kevin Conway,4.8,40
VGVhY2hlci0yODQwNDIy,Amirpooya Dardashti,4.7,40
VGVhY2hlci0yMjAyMjk5,Matthew DelCiampo,4.2,40
VGVhY2hlci0yMjI5MDUx,Joshua DiCaglio,2.8,40
VGVhY2hlci0yMzE4MDM1,Stuart Dixon,4.7,40
VGVhY2hlci0xODU4NTEx,Margaret Ezell-Mainzer,4.2,40
VGVhY2hlci0yMTM5NzQ2,Idethia Harvey,4.5,40
VGVhY2hlci0xNTE2ODU3,Weiling He,2.4,40
VGVhY2hlci0xODU0OTQ1,Eason John,2.3,40
VGVhY2hlci0yNjMyMDE5,Elizabeth Kenderes,5.0,40
VGVhY2hlci0yNDI5MjYy,Jeffrey Kuan,3.7,40
VGVhY2hlci0yODI2MTI4,Yury Kudryashov,2.0,40
VGVhY2hlci0yMTMxMzYx,Ruth Larson,2.4,40
VGVhY2hlci0xOTQ0Mzg3,David Leatham,2.3,40
VGVhY2hlci0xOTg1MDg3,Reuben  May,3.4,40
VGVhY2hlci04NTQyOA==,T McKnight,2.1,40
VGVhY2hlci0xNjY2MDU4,Justin Miller,4.7,40
VGVhY2hlci0yMDE0OTk0,Theresa Morris,4.1,40
VGVhY2hlci0yMjIwOTg2,Robert Nevels,3.2,40
VGVhY2hlci0yMjIxMjk5,Vlad Panin,3.1,40
VGVhY2hlci0yNDAzNzk2,Janet Parish,4.0,40
VGVhY2hlci0yMjU1OTA1,Hannele Rubin,4.1,40
VGVhY2hlci0yNTg3MTgx,Claudine Sarpy-Simpson,4.1,40
VGVhY2hlci0yMjQ3Mjc4,Hans Schuessler,2.6,40
VGVhY2hlci0xOTQ3Njgy,Srinivas  Shakkottai,3.0,40
VGVhY2hlci04MDU4OTY=,Samiran Sinha,2.7,40
VGVhY2hlci0yNDQ0NDIz,Andrew Stacy,2.3,40
VGVhY2hlci0yMDcyMTcz,Ignacio Tomas,2.9,40
VGVhY2hlci0yNzE1ODMx,John Treuer,3.7,40
VGVhY2hlci0xNTM1NjU=,Michael Waters,3.3,40
VGVhY2hlci0xOTc1Mzg1,Christina Wiederwohl,4.3,40
VGVhY2hlci0yNjY2NzMy,Shenglong Xu,3.3,40
VGVhY2hlci0yNDgxOTQx,Raymundo Arroyave,2.5,39
VGVhY2hlci0xODA3OTU3,Cynthia Bouton,2.5,39
VGVhY2hlci0yNTA3ODk3,Sabrina Carletti,2.1,39
VGVhY2hlci0yMjQ0OTY0,Raymundo Case,1.7,39
VGVhY2hlci0yNzEyNTcx,Toshinori Fukui,4.9,39
VGVhY2hlci0xNjYwMTMw,Aaron Glover,3.8,39
VGVhY2hlci0yNTgxOTUx,Garng Huang,1.3,39
VGVhY2hlci0yNjQzMDkw,Vladimir Khmelenko,4.7,39
VGVhY2hlci0yMTk1NDk2,Trent MacNamara,5.0,39
VGVhY2hlci0yMDE0Mjc4,Laura Mandell,4.5,39
VGVhY2hlci0yNDYzMzM2,Regina Mills,3.4,39
VGVhY2hlci0yMTEwNzMz,Matthew Ray,4.6,39
VGVhY2hlci0yODQyNTI0,Minh Tran,4.7,39
VGVhY2hlci0yMjgxNzMy,Joshua Watkins,4.8,39
VGVhY2hlci0xOTQ3Nzk2,Angela Ahlgren,4.1,38
VGVhY2hlci0yMzgyNzIz,Mustafa Akbulut,4.1,38
VGVhY2hlci0yNTc2MDY0,Perla Balbuena,2.5,38
VGVhY2hlci03MjgyMzY=,Spencer Behmer,3.8,38
VGVhY2hlci0yNTg0Mzk2,Emily Blum,2.5,38
VGVhY2hlci05MjUyOTM=,Denise Chapman,4.0,38
VGVhY2hlci0xOTc2MjIx,Heather Clark,2.8,38
VGVhY2hlci0yMjExOTQ2,Sara DiCaglio,4.9,38
VGVhY2hlci0xOTQ3Nzkz,Edward Fry,2.4,38
VGVhY2hlci0yMDYzNjg3,Patrick Goldsmith,4.1,38
VGVhY2hlci0yMzQ1Nzk2,Michael Graul,3.5,38
VGVhY2hlci0xNzI5OTA4,Amy Guerin,3.5,38
VGVhY2hlci0yNzE5NzMx,Sharmistha Guha,4.8,38
VGVhY2hlci0yNjE4ODI2,Felipe Guzman,3.8,38
VGVhY2hlci02MjM0Njc=,Robert Heffer,4.9,38
VGVhY2hlci0yMDk5ODQz,Sherry Holladay,3.7,38
VGVhY2hlci0yMzUzNDg1,Andrew King,4.8,38
VGVhY2hlci0yMDM4MzM1,Ellen Kohl,3.3,38
VGVhY2hlci0yODY2OTE2,Miok Lee,4.3,38
VGVhY2hlci0yMjk1NzIw,Landry Lockett,5.0,38
VGVhY2hlci03MTQzNTI=,Duncan MacKenzie,4.1,38
VGVhY2hlci0yMTgzNjQy,Jennifer Marshall,2.4,38
VGVhY2hlci0xMjUzNTc4,David Matarrita-Cascante,3.5,38
VGVhY2hlci0yNDgxNDU4,Timothy McGuire,2.9,38
VGVhY2hlci00MDgzMzQ=,Jennifer Mercieca,4.0,38
VGVhY2hlci0yNjgyMjIy,Kristy Pathakis,4.3,38
VGVhY2hlci0yMzU5Mzc3,Adriana Perez-Smith,4.5,38
VGVhY2hlci0yNTg0NjU0,Adam Pickens,4.8,38
VGVhY2hlci0yMjU0Mjc5,Nancy Plankey-Videla,3.7,38
VGVhY2hlci0yMTk4NzQw,Jayanth Ramadoss,5.0,38
VGVhY2hlci0xOTcyNjM1,Arthur Sakamoto,4.4,38
VGVhY2hlci0yMjA2OTY2,Gunnar Schade,2.9,38
VGVhY2hlci0yMTQ3ODI1,Dawna Schuld,3.4,38
VGVhY2hlci0yNjY3Nzk2,Stacy Stoops,1.7,38
VGVhY2hlci0yNDI5NDQ3,Hussain Taha Ibdah,2.6,38
VGVhY2hlci0yMjAxMjI0,David Wilton,3.4,38
VGVhY2hlci0zMDQ2Mzk4,Wesley Wolfe,5.0,38
VGVhY2hlci0yMzIzMTg4,Bo Yu,5.0,38
VGVhY2hlci0yNDg0ODE4,Wendi Zimmer,4.5,38
VGVhY2hlci0yNDMwNTAy,Turkia Arfaoui,4.9,37
VGVhY2hlci0yMjUxODU5,Willa Chen,2.4,37
VGVhY2hlci0zMDEwODUy,Cory Cobb,5.0,37
VGVhY2hlci0yNDE4OTQw,Michelle Diaz,3.5,37
VGVhY2hlci0xNzE0NDUw,Nehemia Geva,4.3,37
VGVhY2hlci0yNDIwMzcx,Kimberly Harvey,3.8,37
VGVhY2hlci0yNjQ0ODQ2,Carlo Horz,2.0,37
VGVhY2hlci05MDE1Nzk=,Stefan Hurlebaus,2.4,37
VGVhY2hlci0xOTM5MTU5,John Kainer,4.8,37
VGVhY2hlci0zMDEwMDI5,Suleman Mahmood,2.9,37
VGVhY2hlci0yNTg0MzUy,Solem Minjarez,4.8,37
VGVhY2hlci0yMjQxMjE4,Krishna Narayanan,5.0,37
VGVhY2hlci0yODQzMDc4,Justin Spilker,4.8,37
VGVhY2hlci0yOTI5MjE0,Gray Thomas,2.2,37
VGVhY2hlci0yNzE0OTQx,Jinmin Wang,3.3,37
VGVhY2hlci0yMjAzNzMx,Benjamin Wilhite,2.8,37
VGVhY2hlci0xMzAwNDk0,Wayne Wylie,3.0,37
VGVhY2hlci0yMTkwODky,Tanzir Ahmed,3.8,36
VGVhY2hlci0yMDgxMjQ1,Candice Ashley,4.8,36
VGVhY2hlci0yMDE2MTI5,Nandini Bhattacharya,3.1,36
VGVhY2hlci0yMzA4MjM2,Nathan Bitgood,4.4,36
VGVhY2hlci0yMDEwNDc3,David Briske,3.3,36
VGVhY2hlci0yMDA1MzQ5,Christopher Cole,4.5,36
VGVhY2hlci01OTk0OTA=,Richard Curry,4.7,36
VGVhY2hlci0yMTYxNjk0,Louise Darcey,3.5,36
VGVhY2hlci0xOTUyMzE4,Walter Daugherity,2.4,36
VGVhY2hlci0yMDc1NTYz,Angela  Durko,4.8,36
VGVhY2hlci0yOTc2OTYw,Heather Eden,3.5,36
VGVhY2hlci0yMDk5OTEw,Carmela Garritano,4.3,36
VGVhY2hlci0xNzIzODQy,Kelly Graf,2.0,36
VGVhY2hlci03NDUxMzk=,Joseph Hurley,3.5,36
VGVhY2hlci0yODM4Njcw,Amy Hurta,3.2,36
VGVhY2hlci0yMjY4MjIy,Ivan Ivanov,3.9,36
VGVhY2hlci0xMzg4ODU3,Andreas Klappenecker,2.6,36
VGVhY2hlci0yNjE3NTUx,Anton Leontyev,4.8,36
VGVhY2hlci0yNDMxNzcy,Zhipeng Lu,2.7,36
VGVhY2hlci0yNDUzMzgw,Max Menzies III,4.5,36
VGVhY2hlci0yOTQ3Nzk1,Benjamin Montemayor,3.1,36
VGVhY2hlci0yMjEyNTQ5,Suleiman Obeidat,2.3,36
VGVhY2hlci0xODI4ODIz,Dionisio Ortega-Aguilar,4.6,36
VGVhY2hlci0xODM0NTg4,Eleanor Owicki,4.4,36
VGVhY2hlci05MDE5OTU=,Edward Rister,3.4,36
VGVhY2hlci0yMDIwMzcz,Phillip Ritchey,3.0,36
VGVhY2hlci0yMDQyNDkx,Grigory Rogachev,4.2,36
VGVhY2hlci0yMjk4NjEx,William Rundell,1.8,36
VGVhY2hlci0xMTMyNjg2,Rebecca Schloss,4.0,36
VGVhY2hlci0yMzU2NTE4,Daniel Schwartz,3.8,36
VGVhY2hlci0zMDEwNzcw,Paul  Simanjuntak ,2.6,36
VGVhY2hlci0yNDQ1ODQ2,Dong Hee Son,2.5,36
VGVhY2hlci0yNDAzMDU4,Kati Stoddard,4.2,36
VGVhY2hlci02NDkzMDk=,Earle Stone,4.1,36
VGVhY2hlci0xNDg0Njg0,Vatche Tchakerian,3.8,36
VGVhY2hlci03NjAzNTA=,Manuelita Ureta,3.1,36
VGVhY2hlci0yOTExNDM0,Mary Vickers,4.7,36
VGVhY2hlci0xMTU3NDcw,Leisl Wesson,4.0,36
VGVhY2hlci0yOTU2Mzcy,Jieun Yi,5.0,36
VGVhY2hlci0yNDgzMjY1,Bjorn-Harald Bangstein,5.0,35
VGVhY2hlci0yNzM5OTY2,Brandon Boring,4.8,35
VGVhY2hlci0yMzYyNTg0,Melissa Daigneault,2.9,35
VGVhY2hlci0yNjQ4NDA4,Kenneth Fleming,4.7,35
VGVhY2hlci0xOTUwMTU5,Lucia Hodgson,3.8,35
VGVhY2hlci04ODMxNzQ=,Glenn Holub,4.7,35
VGVhY2hlci0xMzgzNjIx,Sebastian Hoyos,2.5,35
VGVhY2hlci0yNTAwMTg3,Shuiwang Ji,2.1,35
VGVhY2hlci0yNzM2Nzc3,Linda Katehi-Tseregounis,4.4,35
VGVhY2hlci0yMTE0MzE1,Che-Ming Ko,2.2,35
VGVhY2hlci00OTgyMTc=,Arnold Krammer,4.9,35
VGVhY2hlci0yMDkwOTY=,John Norton,3.5,35
VGVhY2hlci0yNDgxMzUw,Micah Waltz,1.6,35
VGVhY2hlci0xNjIyMDc1,Yuki Waugh,4.9,35
VGVhY2hlci0xOTc3Nzg5,Heather Wilkinson,1.9,35
VGVhY2hlci0yMzUzNTk0,Xianyang Zhang,4.6,35
VGVhY2hlci0yNzY1MTM0,Petronella Ahenda,3.7,34
VGVhY2hlci0yODk2MTcz,Mayson Astle,4.7,34
VGVhY2hlci0xOTY3Nzcz,Diane Bedford,4.3,34
VGVhY2hlci0yNjU0Nzcx,Moble Benedict,4.8,34
VGVhY2hlci0yMDYyNjc2,Alireza Borhani,2.5,34
VGVhY2hlci0yNTgwNTMx,John Bosshard,3.5,34
VGVhY2hlci0yMDA1Njg5,Bari Brookins,3.6,34
VGVhY2hlci0yMTY1NzA4,Yue Cai,4.5,34
VGVhY2hlci0yNDUwMDA0,John Carey,4.3,34
VGVhY2hlci0yMTQ0MTcy,Gordon Carstens,3.1,34
VGVhY2hlci0yNDY2MDI5,Bradley Cesario,4.5,34
VGVhY2hlci0yMjAyNDk2,JB Charlot,5.0,34
VGVhY2hlci0yMzE2Njk0,Federica Ciccolella,4.8,34
VGVhY2hlci03MjQyNjU=,Prabir Daripa,2.4,34
VGVhY2hlci0yNTU4Nzgw,Viviana Diaz,2.8,34
VGVhY2hlci0yMzY2OTEw,Sharon Epps,1.7,34
VGVhY2hlci0yMjk2NjYy,Gerardo Gold Bouchot,4.8,34
VGVhY2hlci0yMDcyNjA2,Lawrence Griffing,3.7,34
VGVhY2hlci0yMTI5MTk1,Marybeth Henthorne,4.8,34
VGVhY2hlci0yNzcxNDc5,Matthias Hofmann,2.1,34
VGVhY2hlci0yMDA1MzM4,Nguyen Hung,2.5,34
VGVhY2hlci0xOTYwMzY0,Hoi-eun Kim,4.1,34
VGVhY2hlci0xOTUxOTIw,Eren Kiral,3.2,34
VGVhY2hlci0yMDIwNzA0,William Lamb,3.5,34
VGVhY2hlci0yOTA2Mzkz,Michelle Lawing,3.5,34
VGVhY2hlci0yMzYwODQ1,Dmitri Loguinov,4.7,34
VGVhY2hlci0yNjM2NTk3,Rodrigo Matos,5.0,34
VGVhY2hlci0xNzcyNjc0,Kristina Miller,4.5,34
VGVhY2hlci0yOTUwNzg5,Kevin Myles,3.4,34
VGVhY2hlci0yNjQxODY3,Anas Nabil,3.1,34
VGVhY2hlci0yMzE3MjY4,Asko Noormets,2.7,34
VGVhY2hlci0yMTkwMzAz,Stephanie Paal,3.8,34
VGVhY2hlci0yMzA3NjU3,Terri Pantuso,4.4,34
VGVhY2hlci0xMzM4Mjgz,Dudley Poston,4.3,34
VGVhY2hlci0yMDEyMjI5,Juliana Rangel,2.2,34
VGVhY2hlci0xOTYwNzA4,Martin Regan,3.7,34
VGVhY2hlci0yNjg4MDk5,Arash Rockey,2.8,34
VGVhY2hlci0zMDg1NTA0,Lorenzo Rossi,5.0,34
VGVhY2hlci0xODI1OTEx,Cary Satterfield,4.1,34
VGVhY2hlci0xOTI5MzM0,Scott Schaefer,4.8,34
VGVhY2hlci0yMDA5MzI5,David Schakel,4.9,34
VGVhY2hlci01MTM4MjU=,Donald Smith,2.1,34
VGVhY2hlci0yMzYwNjUz,James Smith,3.4,34
VGVhY2hlci0yODY3MDUx,Sarah Stuber,4.3,34
VGVhY2hlci0xODU4NTIw,Kristi Sweet,4.7,34
VGVhY2hlci0yMjgwNDE4,Jonelle Walsh,3.8,34
VGVhY2hlci0yNjMzNzcy,Darrel Wanzer-Serrano,2.1,34
VGVhY2hlci0yMTI1NDY0,Matthew Whiteacre,4.7,34
VGVhY2hlci0yNTU2Njg1,Dominique Williams,4.9,34
VGVhY2hlci0yOTQ4NDM2,Megan Williams,3.5,34
VGVhY2hlci0yODQxNDMx,Pei Zhang,2.4,34
VGVhY2hlci0xMDIwMTM2,Derya Akleman,2.7,33
VGVhY2hlci0yNTI3MzYy,Hrayer Aprahamian,4.5,33
VGVhY2hlci0xOTg3MTc3,Angela Arenivar,4.0,33
VGVhY2hlci0xNDg3OTM=,D Baum,2.5,33
VGVhY2hlci0yMjA0Mzkz,Emily Cantrell,4.4,33
VGVhY2hlci0yNTM4NzI4,Luis Cisneros-Zevallos,3.8,33
VGVhY2hlci0yNDE4NDY2,Jhommpy Garcia,4.5,33
VGVhY2hlci0yNjkzNDU1,Matthew Johnson,4.5,33
VGVhY2hlci0yNDc2Nzcz,Shelby Landmark,2.1,33
VGVhY2hlci0yMzc1NTc5,Jean-Briac Le Graverend,1.4,33
VGVhY2hlci0yOTM5NzYx,isaac lindquist ,4.8,33
VGVhY2hlci0xOTgzNDA0,Zenon Medina-Cetina,3.8,33
VGVhY2hlci0xNjIyODU5,Robert Shaw,2.1,33
VGVhY2hlci0yMjAxMzA5,Tiffany Young,4.3,33
VGVhY2hlci0yOTAxMjE5,Luiza Adamyan,4.1,32
VGVhY2hlci0yMDY3Nzg3,Billur  Aksoy,4.1,32
VGVhY2hlci0zMDMwODgz,Nada Al-Jamal,4.8,32
VGVhY2hlci0xODg4MjYy,Michael Anshelevich,4.3,32
VGVhY2hlci0yMzM5Mzcy,Dion Antao,3.8,32
VGVhY2hlci0zMTE0MjM2,Juan Balcazar,5.0,32
VGVhY2hlci0yOTc3MDY1,Stephen Bales ,4.5,32
VGVhY2hlci0yNjEyNzU5,Debjyoti Banerjee,1.4,32
VGVhY2hlci0xOTgzNTAz,Dean Baskin,3.8,32
VGVhY2hlci0yMjE3NjQw,Pedro Bento,2.2,32
VGVhY2hlci0yMzE3MDM0,Leonard Bierman,4.3,32
VGVhY2hlci0xNjc4NzYz,Frederick Boadu,2.2,32
VGVhY2hlci0yNzg5ODYz,Carlos Bolanos,4.6,32
VGVhY2hlci0yMzE4MzEz,Rodrigo Bombardi,4.5,32
VGVhY2hlci0yMTk4MTI4,Samuel Bondurant,3.2,32
VGVhY2hlci0yNzQwNjAz,Ivan Borzenets,2.2,32
VGVhY2hlci0xNTM0NTU=,Goong Chen,2.3,32
VGVhY2hlci0yMDE4MDQx,Charles Conrad,4.8,32
VGVhY2hlci0yMzg1NzEy,Joseph Dannenbaum,2.8,32
VGVhY2hlci0yMTgxMTUw,Kenny Easwaran,3.8,32
VGVhY2hlci0yNDU3NDgx,Bilal Erturk,3.1,32
VGVhY2hlci0yMDc1Mjk5,Rhonda Fowler,4.5,32
VGVhY2hlci0yMjUzMjE3,Paige Gloeckner,3.3,32
VGVhY2hlci0yMjkxMTcz,Michael Golla,2.0,32
VGVhY2hlci0yNjM2NzU1,Clemente Gomez,4.7,32
VGVhY2hlci0yNDcwMjQy,Jacquelyn Grace,4.7,32
VGVhY2hlci0yMzEzNDc1,Carl Gutke,4.4,32
VGVhY2hlci0yMDUzNzA4,Evan Haefeli,3.1,32
VGVhY2hlci0yMDE5NzAw,Robert Harmel,3.8,32
VGVhY2hlci0yMTMwODU1,April Hatfield,3.5,32
VGVhY2hlci0yMTI1NTg0,Philippe Hercot,3.6,32
VGVhY2hlci0yMjQyOTA0,Sonia Hernandez,4.0,32
VGVhY2hlci0yMDA5NzA5,Valerie Hill-Jackson,4.1,32
VGVhY2hlci0yOTY3NTM5,Zubaer Hossain,4.8,32
VGVhY2hlci0yMDA2OTM0,Brian Imhoff,4.4,32
VGVhY2hlci0yMTMwMjk2,Anxiao Jiang,4.1,32
VGVhY2hlci0yNjk2ODk5,Yoon Jo,3.9,32
VGVhY2hlci0yNTAzOTc2,Stavroula Karmaniolou,2.8,32
VGVhY2hlci0yMzQ2MDMx,Michael Kolomiets,3.7,32
VGVhY2hlci0zMDI3NzE5,Zbigniew Leyk,3.0,32
VGVhY2hlci0zMDEyODk4,Don Lipkin,4.1,32
VGVhY2hlci0yMjE2NTU2,Jennifer Lueck,4.6,32
VGVhY2hlci0yNTM0NTAw,Melissa Magyar,3.8,32
VGVhY2hlci0zMDQzMDg1,Tomasz Mandziuk,2.8,32
VGVhY2hlci0yNzUwOTk1,Kevin Nowka,3.9,32
VGVhY2hlci0yMzI1NDg3,Daria Panina,3.6,32
VGVhY2hlci0yODE4OTky,John Peterson,4.4,32
VGVhY2hlci0yMDk0NDI1,Michael Powell,3.7,32
VGVhY2hlci0yMTg0MzA5,Vanita Reddy,3.8,32
VGVhY2hlci0yMTEwNzI1,Sueli Rocha-Rojas,4.8,32
VGVhY2hlci0yNjQwNTg3,Martin Sentmanat,4.9,32
VGVhY2hlci0xMTY4NDMy,Deborah Siegele,4.8,32
VGVhY2hlci0zMDUzOTY0,Hans Steffes,4.4,32
VGVhY2hlci0xNzE1MDM1,Achim Stoessel,2.8,32
VGVhY2hlci02NzY4NjI=,Robert Strawser,3.7,32
VGVhY2hlci0yMzIzMzkx,Victor Ugaz,4.6,32
VGVhY2hlci0yMTkxNjQ3,Cara Wallis,3.3,32
VGVhY2hlci0yNDA2MzEw,Yidou Wan,5.0,32
VGVhY2hlci0yNjkyMzc0,John Wendt,3.9,32
VGVhY2hlci0yMDYxMDgw,Jennifer Wollock,3.5,32
VGVhY2hlci0xNjI0NDQw,Darrell Worthy,3.8,32
VGVhY2hlci0yMTQyMzYw,Wei Wu,3.9,32
VGVhY2hlci0zMDU2NTE2,Shoba Yadav,2.8,32
VGVhY2hlci0yMjYxODUw,Takashi Yamauchi,3.5,32
VGVhY2hlci0zMDUyNzQ1,Mahmoud Abido,4.9,31
VGVhY2hlci0yNDE4MzYx,Daniil Andrienko,1.8,31
VGVhY2hlci0yMzM3NTA1,Wang Atlas,4.8,31
VGVhY2hlci0yMDI0Njg3,Arthur Belmonte,1.1,31
VGVhY2hlci0yNjI5NDMy,Shelby Blair,3.1,31
VGVhY2hlci01MTM4MzA=,Itshak Borosh,2.2,31
VGVhY2hlci0yMDM0ODc2,Sunil Khatri,2.8,31
VGVhY2hlci0yMTkwMzkx,Alain Lawo-Sukam,4.9,31
VGVhY2hlci0yMjQzNDQ3,Heitor Lima,4.9,31
VGVhY2hlci0yNDg5NTkw,Darryl Lynch,4.7,31
VGVhY2hlci0yODE4NDM=,Peter McIntyre,1.8,31
VGVhY2hlci0yNTMzMDY0,Krzysztof Michalski,1.3,31
VGVhY2hlci0xNjMwNzE5,Kathi Miner-Rubino,4.5,31
VGVhY2hlci0yOTUyNjY0,Kristine Morley,2.9,31
VGVhY2hlci0yNzM4ODk1,Samantha Ortega,3.1,31
VGVhY2hlci0yNTQxMDAw,Jeyavijayan Rajendran,4.8,31
VGVhY2hlci0yMjU5NzY3,Farzan Sasangohar,4.4,31
VGVhY2hlci0yNDc0OTQx,Patrick Shamberger,4.6,31
VGVhY2hlci0yMTc5NTQ0,Marina Trninic,4.6,31
VGVhY2hlci0yMDA5NzEy,Radhika Viruru,4.5,31
VGVhY2hlci0xNjI2Mjgx,Kim Vy-Tran,2.8,31
VGVhY2hlci02NzIxNzc=,R.J.Q. Adams,4.2,30
VGVhY2hlci0yMDExOTEw,Carisa  Armstrong,4.8,30
VGVhY2hlci0yMzE3NTYw,Amir Asadi,3.9,30
VGVhY2hlci0yMDI0MTMy,Ulisses Braga Neto,3.5,30
VGVhY2hlci0yMjEyMTU1,John Buchanan,2.0,30
VGVhY2hlci0yNTI1OTc5,Jeffrey Bullard,4.3,30
VGVhY2hlci0yMDM0NTU2,Nicole Castor,2.2,30
VGVhY2hlci0zMDM5NzY3,Aminah Crawford,2.8,30
VGVhY2hlci0yMDYxNzY5,Jeffrey Crean,4.5,30
VGVhY2hlci0yMDE3MjE5,Susan Egenolf,3.2,30
VGVhY2hlci0yNTUzMDY2,Kathleen Hanik,4.9,30
VGVhY2hlci0yOTY0MTA3,Jared Hanson-Park,4.9,30
VGVhY2hlci0yNjI3Njcx,Max Katz Crook,3.8,30
VGVhY2hlci0yODc5OTc1,Minki Kim,1.8,30
VGVhY2hlci0zMDQ3NDI3,Erika Koeniger,2.3,30
VGVhY2hlci0yMTMwNDAy,Karen Kubena,1.9,30
VGVhY2hlci0yMTY3NTYz,John Lauermann,4.5,30
VGVhY2hlci0yMjM0OTI1,Brittany Leckey,5.0,30
VGVhY2hlci0xOTY3ODk0,Tim Logan,4.3,30
VGVhY2hlci0yMTI4MDEx,Billy McKim,4.7,30
VGVhY2hlci0xOTU3OTk4,Leslie Morey,4.5,30
VGVhY2hlci0yMjM5MDEz,Machuma (Helen) Muyia,3.5,30
VGVhY2hlci0xMTI2MDA1,Volodymyr Nekrashevych,2.6,30
VGVhY2hlci0yMjQ2MzU0,Anne Nichols,1.4,30
VGVhY2hlci0yMjk4Mzgx,Josephine Nummi,2.6,30
VGVhY2hlci0yNTU2NzY5,Defne Over,4.2,30
VGVhY2hlci0yMzQ3MDUx,Michael Pace,3.2,30
VGVhY2hlci0yNTg4NzU1,Emily Pentzer,4.4,30
VGVhY2hlci0yNDc0OTQy,George Pharr,4.8,30
VGVhY2hlci0yMjUxNTEz,Andrew Pilsch,4.9,30
VGVhY2hlci0yNjQxNzI4,Seth Polsley,4.7,30
VGVhY2hlci0yNTEzMzg3,Sai-Mang Pun,3.6,30
VGVhY2hlci0yMzcxMDQw,Luca Quadrifoglio,4.4,30
VGVhY2hlci0yMDE3Mjkx,Mary Richardson,3.2,30
VGVhY2hlci0yMDk3OTgw,Stacey Rieck,4.5,30
VGVhY2hlci0yMTc2Njgw,Piruz Saboury,3.1,30
VGVhY2hlci0yMjIwOTg4,Jose Silva-Martinez,3.0,30
VGVhY2hlci0zMDc4NzU4,Elizabeth Simas,2.9,30
VGVhY2hlci0yMjMwNjk3,Kervin Simmons,4.3,30
VGVhY2hlci0zMDQyNDM3,Edward Smith,4.9,30
VGVhY2hlci0xNDczMjQ4,Ahmer Tarar,2.8,30
VGVhY2hlci0yMjgyMTQ5,Heather Thakar,3.1,30
VGVhY2hlci0yMDQ5MzU5,Keith Ulmer,4.5,30
VGVhY2hlci0yMTgzNjcz,Srinivas Vadali,1.7,30
VGVhY2hlci0yMjgyOTY0,Emanuele Ventura,4.2,30
VGVhY2hlci0yMjI4MjM3,David Walther,5.0,30
VGVhY2hlci0yODU0MTY1,Kaitlyn Weber,4.7,30
VGVhY2hlci0yODgwNzEw,Mark Weichold,2.5,30
VGVhY2hlci0yMTU0MDgw,Liesl Wesson,4.2,30
VGVhY2hlci0xOTQ0Mzcy,David Wilborn,4.5,30
VGVhY2hlci0yMDY3ODMz,Billy Wood,1.5,30
VGVhY2hlci0yNDAyOTc2,George Wright,4.7,30
VGVhY2hlci0yNzM1Nzk2,Haneul Yi,3.4,30
VGVhY2hlci0xOTYzMDU3,Yu Zhang,4.5,30
VGVhY2hlci0yMjIwOTkx,Jun Zou,4.7,30
VGVhY2hlci0xNTYyMjI3,Richard Anderson,1.7,29
VGVhY2hlci0yNzYyNDQy,Arkasama Bandyopadhyay,4.5,29
VGVhY2hlci0zMDQwNDk4,Aysenur Bicer,4.9,29
VGVhY2hlci0xOTYzMTcz,Anatol Bologan,3.5,29
VGVhY2hlci0xOTQzODM2,Brittany Bounds,4.1,29
VGVhY2hlci0xOTQ1MDY4,Brandon Campbell,1.9,29
VGVhY2hlci00MzIyMzE=,O Capps,4.3,29
VGVhY2hlci0xMDM0MjYz,Leighton Brett Cooke,3.7,29
VGVhY2hlci02MDg2MTg=,Chester Dunning,4.7,29
VGVhY2hlci0yNTgzODcw,Debra Ellis,4.7,29
VGVhY2hlci0yNTU0MTY2,Brent Garza,3.5,29
VGVhY2hlci0xOTUzMTQz,Jason Harris,4.1,29
VGVhY2hlci0yMjg3NzAw,Joyce Juntune,4.5,29
VGVhY2hlci0yMzcxNDI3,Joel Koopman,3.8,29
VGVhY2hlci0yMDgzMzE3,Michael  Lemke,3.7,29
VGVhY2hlci0yNTQxMDIx,John Mahoney,1.7,29
VGVhY2hlci0xMDEwNzgx,Bryan Rasmussen,2.5,29
VGVhY2hlci0yNzQyODk3,Neda Sadeghi,1.8,29
VGVhY2hlci0yMDc4NDk3,Justin Scheiner,4.4,29
VGVhY2hlci0yMjYwNDA1,Yang Shen,4.9,29
VGVhY2hlci0yNjM4ODkw,Ramesh Vemulapalli,3.3,29
VGVhY2hlci0yOTExMjk0,Jin  Zhang,4.5,29
VGVhY2hlci0zMDEzNDA5,Mohsen Andani,3.4,28
VGVhY2hlci0xNTUxMjMy,Kevin Barge,4.4,28
VGVhY2hlci0xNTc3MzU0,Laura Beaster-Jones,3.3,28
VGVhY2hlci0yNDQ2NDkx,Christina Belanger,4.7,28
VGVhY2hlci0yNTM0ODYy,Anna Birely,4.2,28
VGVhY2hlci0yMjEwMTc5,Catherine Blackwell,2.9,28
VGVhY2hlci0yODI0NTQ2,Jamilia Blake,3.0,28
VGVhY2hlci0yNTMzMjAw,Irina Bobkova,2.8,28
VGVhY2hlci0yMzMwMTc0,Bob Borsh,4.4,28
VGVhY2hlci0xOTE3MjI3,Adam Burke,3.9,28
VGVhY2hlci0yNTQwNTMy,Tyrene Calvesbert,1.8,28
VGVhY2hlci0yNTQ2NTQx,Forrest Carpenter,5.0,28
VGVhY2hlci0yMjUxMzg4,Jeanne Carter,5.0,28
VGVhY2hlci0xODU2MTA1,Mrinmoy Chakrabarti,3.3,28
VGVhY2hlci0yNjg4MTQ2,Jason Crider,4.8,28
VGVhY2hlci0yMzI3ODk1,Charles Criscione,3.9,28
VGVhY2hlci0yMDAyNDE5,Scott Dempsey,1.7,28
VGVhY2hlci0yMTk0Mzkw,Senarath Dharmasena,4.1,28
VGVhY2hlci0yMjI3NDky,John Eliot,4.3,28
VGVhY2hlci0yNDU1NzI0,Madhav Erraguntla,3.9,28
VGVhY2hlci0xOTE5ODE4,Matthew Etchells,3.1,28
VGVhY2hlci0yMTkzNzMy,Matthew Giebert,4.4,28
VGVhY2hlci0yMjMxNzgx,Alejandro Gonzalez,4.7,28
VGVhY2hlci0yNzY2MDEy,Rajarshi Guhaniyogi,4.9,28
VGVhY2hlci0yMTk5MzA0,Mark Hall,5.0,28
VGVhY2hlci0yNzg5MzUx,Troy Harden,4.7,28
VGVhY2hlci0yMDM5ODQ1,Walter Hart,3.2,28
VGVhY2hlci0yNTgyNzUw,Bryce Henson,4.1,28
VGVhY2hlci02Nzc=,Howard Hesby,3.8,28
VGVhY2hlci0yMTYzNDU1,Allison Hopkins,4.2,28
VGVhY2hlci0yNTI5NDY0,James Howell,4.7,28
VGVhY2hlci03MTAzNTg=,Tony Hsieh,2.2,28
VGVhY2hlci0yNTkwNTYy,Miwa Ito,2.6,28
VGVhY2hlci0yNDg5MDc3,Hae-Kwon Jeong,2.4,28
VGVhY2hlci0yMDU4ODc1,Mikyoung Jun,1.4,28
VGVhY2hlci0yNzA5Mjkz,Julian Kang,2.8,28
VGVhY2hlci0yNzc0MjMw,Roland Kaunas,1.3,28
VGVhY2hlci0zMDQ3NDQ4,Nadia Kim,2.6,28
VGVhY2hlci0yMTU3OTc2,Peter Knappett,2.4,28
VGVhY2hlci0xNTA5Mjgx,Douglas Koebernick,4.6,28
VGVhY2hlci0yMzkzNTc0,Dmitri Koustov,4.7,28
VGVhY2hlci0yNjA0NDky,Chabum Lee,1.4,28
VGVhY2hlci0yOTc0MTg0, Mi-ok Lee,4.6,28
VGVhY2hlci0yMTkwMDc3,Jessica Light,4.1,28
VGVhY2hlci0yNzk4MDIw,Jacob Lyons,1.3,28
VGVhY2hlci02NjU0NzA=,Rob MacKin,4.0,28
VGVhY2hlci0yNzQ0Nzcw,Christopher Manes,2.9,28
VGVhY2hlci0yMTg5NzQ1,Robert Maness,3.2,28
VGVhY2hlci0yMDcwNDcy,Manuela Marchesini,2.3,28
VGVhY2hlci0yMTgxMDA3,Laura Matusevich,2.6,28
VGVhY2hlci0yMzA4NDI1,Jared McBee,4.4,28
VGVhY2hlci0yNzE0Mjc0,Janie Moore,3.5,28
VGVhY2hlci0zMTEzMDA5,Daniel  Mullins,5.0,28
VGVhY2hlci0yNjQ2MzI4,Sirsha Nandi,1.9,28
VGVhY2hlci01MTg5NjM=,Simon North,4.6,28
VGVhY2hlci0yMDc5MDE5,Melissa Ochoa,4.0,28
VGVhY2hlci0zMDM2Mjc3,Ilayda Onder,2.4,28
VGVhY2hlci0yNDQ0MTk3,Michael Pate,3.9,28
VGVhY2hlci0yMjc4MzEw,Theo Plothe,2.9,28
VGVhY2hlci0yMjE3NTgy,Merritt Rehn-Debraal,4.9,28
VGVhY2hlci0yMjEyNTA5,Thor Ritz,4.4,28
VGVhY2hlci0xOTUxMTAw,Julie Rogers,3.5,28
VGVhY2hlci0yOTU1NjE2,John Romero,5.0,28
VGVhY2hlci0yNjgzODMz,Edudzi Sallah,4.8,28
VGVhY2hlci0yODg2ODA0,Akshay Sarvesh,2.1,28
VGVhY2hlci0yNTYxOTA2,Emile Schweikert,1.6,28
VGVhY2hlci04MDEyOTg=,Eric Simanek,3.8,28
VGVhY2hlci0yMzA2Mjk2,Douglass Snyder,3.4,28
VGVhY2hlci04OTkwNTI=,Frank Sottile,2.7,28
VGVhY2hlci0xNzA3OTk4,Janet Spurgeon,3.9,28
VGVhY2hlci0xNDk5Nzcx,Peter Stiller,2.1,28
VGVhY2hlci0xOTQ4NTI3,Michelle Strong,3.0,28
VGVhY2hlci0yNzQ5Mjg3,Peyam Tabrizian,4.9,28
VGVhY2hlci0xOTI1MDU4,Steven Taliaferro,2.5,28
VGVhY2hlci0yMDY5MDI2,Bart Taylor,4.4,28
VGVhY2hlci0zMDg5MDM5,Tye Thompson,2.6,28
VGVhY2hlci0yMjQyODMw,Christine Tisone,4.5,28
VGVhY2hlci0yODQwNjY4,Hai Tran,3.6,28
VGVhY2hlci0yNzM0NTUy,Kido Uyamasi,2.9,28
VGVhY2hlci0xNDkxODc3,Diego Von Vacano,3.2,28
VGVhY2hlci0xNDA2NjI3,Susan Ward,3.4,28
VGVhY2hlci0xNjMyMDc3,Jennifer Welch,4.3,28
VGVhY2hlci0xNDk1NTIz,Igor Zelenko,3.3,28
VGVhY2hlci0yODUyMDcx,Suhan Zhong,2.5,28
VGVhY2hlci0yMzY2MjU2,Katrin Becker,2.1,27
VGVhY2hlci0xMTI1NjE3,Suman Chakravorty,2.8,27
VGVhY2hlci0yMTMwMTU0,Robert Cowell,4.0,27
VGVhY2hlci0xMjQxOTYx,John Crompton,4.2,27
VGVhY2hlci0xNzk1NDYz,Juan Galdo,3.9,27
VGVhY2hlci0yNzEwMzYy,Justin Golbabai,4.6,27
VGVhY2hlci0xMDM5ODA2,Heather Lench,3.8,27
VGVhY2hlci0yNTMzNTMz,Grigoris Paouris,2.9,27
VGVhY2hlci0xMzE0NDY5,Jim Petrick,4.6,27
VGVhY2hlci0yMjg1NTAy,Amy Rector-Aranda,4.9,27
VGVhY2hlci0yMzk2NTk4,Justin Rogers,4.4,27
VGVhY2hlci0yOTQ4Mzk2,Krista Smith,4.9,27
VGVhY2hlci0yMjMxNTE0,Mikko Tuhkanen,2.0,27
VGVhY2hlci0yOTIyODYw,Manish Vasoya,2.4,27
VGVhY2hlci0yMTMzMTgw,Teri Wenzel,4.9,27
VGVhY2hlci0yMjEyNTky,Benjamin Ashburn,5.0,26
VGVhY2hlci03Mjg3Mjk=,Tony Bourgeois,3.4,26
VGVhY2hlci0xMDA2MzEz,Kenneth Bowman,3.1,26
VGVhY2hlci0xNDc3NTc=,James Bradford,3.4,26
VGVhY2hlci0xMjkyNzEz,Belinda Bragg,2.5,26
VGVhY2hlci0yMjg3NDI4,Jameisha Brown,2.7,26
VGVhY2hlci0yODk4NTQx,Karen Butler-Purry,2.5,26
VGVhY2hlci03OTkxOTU=,David Carlson,3.5,26
VGVhY2hlci0yMzQ3MzU5,Jianer Chen,2.9,26
VGVhY2hlci0yODU0NDE2,Liwei Chen,5.0,26
VGVhY2hlci0yNDY1ODA1,Paula deWitte,4.4,26
VGVhY2hlci0yMjE1MjYx,Jonathan Felts,3.6,26
VGVhY2hlci0yMjg3MDI1,Larry Fickel,3.4,26
VGVhY2hlci0xNDYzNzQ0,Alexander Finkelstein,2.0,26
VGVhY2hlci0xMDg4NzE3,Carl Gagliardi,4.1,26
VGVhY2hlci0yNzM0NDY3,Jessica Galloway-Pena,4.9,26
VGVhY2hlci0yNDE3NjQ3,Robert Garcia,3.6,26
VGVhY2hlci0yNDcwMjEw,Terry Gentry,3.8,26
VGVhY2hlci0yNjM3NjE0,John Giardino,2.5,26
VGVhY2hlci0yMzk0OTcz,Margaret Glasner,2.4,26
VGVhY2hlci0yNjY5NjE1,Ana Goulart,4.0,26
VGVhY2hlci0xOTg1NjUw,Robert  Griffin,4.1,26
VGVhY2hlci0yMjA2Nzk5,Timothy Gronberg,3.5,26
VGVhY2hlci0yNTg1MjY1,Michael Harding,5.0,26
VGVhY2hlci0yMDYzNjY4,Isaac  Harris,3.9,26
VGVhY2hlci0yMDkyOTAx,Florian Hollenbach,3.7,26
VGVhY2hlci0yODYzNTQx,Nancy Hutchins,3.6,26
VGVhY2hlci0xOTk1NDYy,Soren Jordan,4.0,26
VGVhY2hlci0yODU4NzY0,Kevin Kelly,4.6,26
VGVhY2hlci0yNjU1ODcx,John Keyser,4.6,26
VGVhY2hlci0yNzU0OTAx,Eunjee Kim,4.3,26
VGVhY2hlci0yNjI4MjQ1,Anupam Kundu,1.5,26
VGVhY2hlci0yMjA0OTc2,Yeping Li,2.2,26
VGVhY2hlci0yNDc5MzU4,Paige Linne,4.2,26
VGVhY2hlci0yMzQ3ODQw,Dallas Little,2.4,26
VGVhY2hlci0xOTIzNTEz,Steve Lockless,3.7,26
VGVhY2hlci0yODQzMjMz,Navreet Mahal,3.8,26
VGVhY2hlci0yMjU4NTk4,Sara Mashhadimighani,3.0,26
VGVhY2hlci0yMjI5NjQ2,Thomas Meek,3.8,26
VGVhY2hlci0zMTM2MDU0,Robert Miller,5.0,26
VGVhY2hlci0yMTM5OTcx,Marcia Montague,4.9,26
VGVhY2hlci0yMDI0NDUy,Monica Neshyba,4.2,26
VGVhY2hlci0zMjYyOTc=,James Petrick,3.5,26
VGVhY2hlci0xOTIxNzQw,Michael Proctor,1.5,26
VGVhY2hlci0yNzk4MzYx,Carlos Quintero-Febres,3.3,26
VGVhY2hlci0yMjQ3NjYw,Carlisle Rainey,4.8,26
VGVhY2hlci0yMjQ2NTMx,William Rholes,3.9,26
VGVhY2hlci0yMjQxMjIx,Raffaella Righetti,4.5,26
VGVhY2hlci0yMTk4OTg2,Sally Robinson,4.1,26
VGVhY2hlci0xNzU0Mjc0,Victoria Salin,1.4,26
VGVhY2hlci0yNjM2MTAw,Emilce Santana,1.5,26
VGVhY2hlci0yMzY1MDgx,Michael Satterfield,3.5,26
VGVhY2hlci0xOTQxMTQ4,Kathryn Shamberger,4.1,26
VGVhY2hlci0yNDczMTk3,Anastasia Shcherbakova,3.5,26
VGVhY2hlci01NTEwMDg=,Patrick Slattery,3.7,26
VGVhY2hlci0xOTQ5MDY0,Morgan Smith,4.9,26
VGVhY2hlci0yMDAyOTkz,Suhasini  Subba Roa,3.2,26
VGVhY2hlci0yNDc0NTA0,Daniel Thornton,3.2,26
VGVhY2hlci0yOTgwOTky,Brady Twedt,4.7,26
VGVhY2hlci0yODQ0MDA4,Jodie Wakefield,5.0,26
VGVhY2hlci0zMDQ2NDI4,Andrea Welsh,4.6,26
VGVhY2hlci0xOTAyOTkx,Teresa Wenzel,4.2,26
VGVhY2hlci0xOTMwMzY2,Sarah Witherspoon,3.7,26
VGVhY2hlci0yNzU5MDk0,Shiqing Xu,4.5,26
VGVhY2hlci0yNDQwNzk3,Michelle Yeoman,4.2,26
VGVhY2hlci0yMzA5NTIw,Yige Zhang,3.5,26
VGVhY2hlci0yNDQyNjA1,Robert Appleton,4.9,25
VGVhY2hlci05NjI2Njk=,Michael Arnold,4.0,25
VGVhY2hlci02NjIxODM=,Larry Blomstedt,3.9,25
VGVhY2hlci0xMTg0ODkz,Alexander L Brown,2.2,25
VGVhY2hlci0xNDg3Nzc=,Lisa Cox,4.3,25
VGVhY2hlci0yMzEyNDYz,Adolfo Delgado,4.1,25
VGVhY2hlci0yMTUzMDE0,James Derr,3.2,25
VGVhY2hlci0yNDA0MTEz,Kari Eifler,4.5,25
VGVhY2hlci02OTY3NTM=,Luis Rene Garcia,3.9,25
VGVhY2hlci0yMjk5NzMx,David Gonzalez,4.7,25
VGVhY2hlci0yMzAzMDY3,Boris Hanin,5.0,25
VGVhY2hlci0zMDM1Njc1,Anna Holman,5.0,25
VGVhY2hlci0yNjU0NDcz,Jalia Joseph,4.9,25
VGVhY2hlci0zMDM2NjEw,Tristan Krause,4.8,25
VGVhY2hlci0yMzA5MTkx,Rohit Kumar,3.5,25
VGVhY2hlci0yNTUxODMy,Hannah Malcomb,3.0,25
VGVhY2hlci0yMDcwNjYz,Bilal Mansoor,2.1,25
VGVhY2hlci0yMDUwOTYw,Pavlos Motakis,4.2,25
VGVhY2hlci0yOTc4ODI3,Ji Nam,5.0,25
VGVhY2hlci0yMjIwOTgz,Xiaoning Qian,4.2,25
VGVhY2hlci0yMzU4NDU1,Alessandra Ribota,4.4,25
VGVhY2hlci0yMDAxMzU3,Phia Salter,3.7,25
VGVhY2hlci0yNTQyNTkx,A. Peyton Smith,4.9,25
VGVhY2hlci0yMTkyMzk3,Jon Stauffer,4.5,25
VGVhY2hlci0xOTc5Mzc4,Krista Steinke Finch,4.0,25
VGVhY2hlci0yNzMyMzEw,Davi Xavier,4.6,25
VGVhY2hlci0xMDA3MTIw,Artem Abanov,4.3,24
VGVhY2hlci0yOTI3OTEz,Jahangir  Alam,1.3,24
VGVhY2hlci0yNDEzMTM1,Michael Alexander,1.4,24
VGVhY2hlci0yOTI3NDE0,Jacob Andros,5.0,24
VGVhY2hlci0yOTQ1Mzg0,Courtlandt Arrants,5.0,24
VGVhY2hlci0zMDMxODU0,Kianna Arthur,3.1,24
VGVhY2hlci0zMDQ3MDQ4,Marisabel Azucena,1.6,24
VGVhY2hlci0yMzE0NTg0,David Bapst,1.5,24
VGVhY2hlci0xODkyMzEw,Paul Batista,4.4,24
VGVhY2hlci0yMzAzMDY5,Julio Bernal,3.5,24
VGVhY2hlci0yNTU5MDMz,Riccardo Bettati,2.8,24
VGVhY2hlci0yMzM0OTIw,Michael Bishop,2.6,24
VGVhY2hlci0yMTQzODk1,Grace Brannon,4.5,24
VGVhY2hlci0yODQ3MjQx,Catherine Brooks,4.1,24
VGVhY2hlci0yOTQwMTU2,Scott Bruce,5.0,24
VGVhY2hlci0yNDIwMjQx,Zoe Carney,3.3,24
VGVhY2hlci0yMjY3ODUz,Angela Clendenin,3.3,24
VGVhY2hlci0yMzMxMTgx,Jorge Cruz Reyes,1.8,24
VGVhY2hlci0yMjA0MjYy,Gayden Darnell,4.3,24
VGVhY2hlci0xNTM3NDky,Sarah Deyong,3.0,24
VGVhY2hlci0yODQ0MTc4,Arthur Dogariu,4.2,24
VGVhY2hlci0yMzEyMjAx,David Donkor,2.7,24
VGVhY2hlci0xOTA1NzY1,Benchun Duan,3.1,24
VGVhY2hlci01NDcyMTQ=,T Dunlap,2.6,24
VGVhY2hlci0yMjU5NjYy,Deborah Dunsford,4.3,24
VGVhY2hlci0yMTA1MjUz,Lisa Ellis,4.2,24
VGVhY2hlci0yODk0Mzk1,Courtney Fitzpatrick,4.1,24
VGVhY2hlci0xODk4NTk3,Holly Gaede,3.1,24
VGVhY2hlci0yMDA0Mjky,Guillermo Garcia,4.9,24
VGVhY2hlci0xMTczNzM5,Lisa Geraci,3.6,24
VGVhY2hlci0yNjE4MTQ0,Debjani Ghatak,2.8,24
VGVhY2hlci0yMjAxNDc1,Cong Gu,2.0,24
VGVhY2hlci0xMzI5NzQx,James Harner,3.8,24
VGVhY2hlci0yMzg2MDIz,Nathan Harness,3.5,24
VGVhY2hlci0yNzQwMjc2,Julie Hartell,3.3,24
VGVhY2hlci0yOTQzNDE4,Elizabeth Hearne,5.0,24
VGVhY2hlci0yNTI5MTYy,Ahmad Hilaly,3.5,24
VGVhY2hlci0yMzE5OTU4,Amanda Hoisington,4.3,24
VGVhY2hlci0yODkzMjY1,Maristela Holanda,2.3,24
VGVhY2hlci0yNzM5MTA0,Md Mahbub Hossain,4.5,24
VGVhY2hlci0yNTgyNDI3,Hang Huang,1.8,24
VGVhY2hlci0yMTQxMzk4,Ariun Ishdorj,3.5,24
VGVhY2hlci0yMjM2NjE0,Matthias Katzfuss,2.9,24
VGVhY2hlci0yNzkwMTIw,Joe Khalig,4.5,24
VGVhY2hlci0zMDIxNzE2,Koyel  Khan,4.9,24
VGVhY2hlci0yMzYzMzU1,Amy King,4.5,24
VGVhY2hlci0yNzgyNTgx,Dana Kneese,5.0,24
VGVhY2hlci0yNjU0MzMw,Andy Kronenberg,3.6,24
VGVhY2hlci0yNDY3MDQw,Michelle Kwok,4.7,24
VGVhY2hlci0yMTUwMTg3,Livia Loureiro,4.0,24
VGVhY2hlci0yOTI5NDI4,Gabrielle Lyle,3.1,24
VGVhY2hlci0xMzQyNzU5,Ann McNamara,1.6,24
VGVhY2hlci0xNDM0MzQ5,Britt Mize,4.8,24
VGVhY2hlci02OTQxMTc=,Hassan Moghbelli,2.3,24
VGVhY2hlci0yMjE4OTMx,Tanil Ozkan,4.5,24
VGVhY2hlci0yMjAwMzgy,Ryan Quadri,3.2,24
VGVhY2hlci0xODUwMTQx,Tobin Redwine,4.9,24
VGVhY2hlci0yMzc3MDM4,Huiyan Sang,3.9,24
VGVhY2hlci0yNTY2NjA2,Ergin Sezgin,2.9,24
VGVhY2hlci0yNTAyMzc3,Zachary Sheldon,5.0,24
VGVhY2hlci0zMDQ0MTUz,Charlene Shroulote Duran,2.3,24
VGVhY2hlci0yODE3NjUx,Rose Siuta,4.3,24
VGVhY2hlci0yMTI1NjYz,Scott Socolofsky,4.2,24
VGVhY2hlci0yNTY2NDQw,Alaina Spiers,4.1,24
VGVhY2hlci0yMTAzNzM2,Ankit Srivastava,3.1,24
VGVhY2hlci0yMDcyODE2,Ernest Starks,4.1,24
VGVhY2hlci0yODY0MTcz,Sarguru  Subash,4.7,24
VGVhY2hlci0xMjUxMjQy,Randall Sumpter,3.8,24
VGVhY2hlci0yMjAzNTY0,Dr. Lathi Taylor,2.8,24
VGVhY2hlci0xNzY4MDg2,Suojin Wang,4.3,24
VGVhY2hlci0yODQzOTM4,Alison Wenzel-Soltis,5.0,24
VGVhY2hlci0yMTMzMzA2,Christin Wilson,3.8,24
VGVhY2hlci0xOTYxMjQ3,Julia  Wood,4.0,24
VGVhY2hlci0yMDcxMTE0,Ronald Workman,3.3,24
VGVhY2hlci0yNjM4NjIw,Cristina Worley,3.3,24
VGVhY2hlci0zMTYyNjE=,Larry Yarak,3.6,24
VGVhY2hlci0yNzAyMTAw,Yuzhe Zhang,3.8,24
VGVhY2hlci0xODU3MjAw,Roland Allen,1.9,23
VGVhY2hlci0yMzA5MTI3,Alice Blue-Mclendon,3.4,23
VGVhY2hlci0yNjg4MjI4,Leonard Bright,3.4,23
VGVhY2hlci0yMTM5NzA1,Haley Collins,3.5,23
VGVhY2hlci0yNjM3NDQ2,Sutanoy Dasgupta,5.0,23
VGVhY2hlci0xODE2MDIx,Thomas Dewitt,1.3,23
VGVhY2hlci0xNDcxMjI4,Kamran Entesari,3.8,23
VGVhY2hlci0yOTUxODIx,Thomas Gerber,5.0,23
VGVhY2hlci0yMDc2OTU5,Lorinda Gomez,4.7,23
VGVhY2hlci0xNTYxNjE1,Inci Guneralp,3.3,23
VGVhY2hlci0xNTg0Mzcw,Chris Kerth,4.5,23
VGVhY2hlci0yMTUzNzIz,Luke Lyons,5.0,23
VGVhY2hlci0yOTcxMTgx,Ahmadreza Mahmoudzadeh,3.7,23
VGVhY2hlci0yNjIzMzYx,Shane Makowicki,4.3,23
VGVhY2hlci0yOTg1ODU4,Matt Malis,2.4,23
VGVhY2hlci0xODY2MjQ4,John Mander,2.1,23
VGVhY2hlci02ODM1NDA=,Annie McGowan,2.5,23
VGVhY2hlci02NTc4OTA=,John Siebert,4.6,23
VGVhY2hlci0xOTA1OTI3,Jessi Snider,4.8,23
VGVhY2hlci0yNTY2MTE1,Chii-Der Suh,2.4,23
VGVhY2hlci0yMjI1Njg0,Rayburn Tipton,4.8,23
VGVhY2hlci0yMDkyNzMy,Ibrahim Akkutlu,3.6,22
VGVhY2hlci0yNDQxMzQx,George Allen,4.4,22
VGVhY2hlci0zMTI3NTcy,Matthew Alwood,4.7,22
VGVhY2hlci0yMTk2ODMw,Gregory Archer,3.7,22
VGVhY2hlci0yNjk2MDI3,Daniel Ball,3.4,22
VGVhY2hlci0yMjEyNTM3,Amarnath Banerjee,2.2,22
VGVhY2hlci0yNjgwOTM0,Julie Barrett,2.4,22
VGVhY2hlci0xNzE1MDIz,Ghazal Bayanpourtehrani,2.5,22
VGVhY2hlci0yMTE5MzM0,Sarah Brooks,2.9,22
VGVhY2hlci0xMzA0ODgz,Charles Carlson,4.7,22
VGVhY2hlci0xNzI4NTQy,James Caverlee,4.7,22
VGVhY2hlci0zMDUwMDM1, Fatih  Cengil,5.0,22
VGVhY2hlci0yNTg4Njc1,Abhishek Chakrabortty,2.0,22
VGVhY2hlci0zMDAyOTYw,Shawn Chiang,1.6,22
VGVhY2hlci0zMDAzMzQ1,Lisa Colvin,5.0,22
VGVhY2hlci0xMzM3NjE2,Harry Cralle,2.5,22
VGVhY2hlci0yMjc4MDA0,Terry Creasy,1.9,22
VGVhY2hlci0xNjU0NzE1,Tommy Curry,3.4,22
VGVhY2hlci0yNjk3OTA1,Deidra Davis,3.7,22
VGVhY2hlci0xOTYzMTYw,Richard Davison,3.0,22
VGVhY2hlci0yNzQwMzU5,Rodrigo De Los Santos,4.9,22
VGVhY2hlci0yNjQ0ODk2,Kostanca Dhima,4.7,22
VGVhY2hlci0yNjM1MTk4,Abdoulaye Djire,3.9,22
VGVhY2hlci0yNzMyNjAy,Donna Druery,1.9,22
VGVhY2hlci0yMDgxMDYy,Nicole Duplessis,3.1,22
VGVhY2hlci0yMjY4MjU5,Robert Ellis,4.5,22
VGVhY2hlci0yMTYxNzcx,Joshua Farrar,4.9,22
VGVhY2hlci0yODU0MTMx,Andrew Fieldhouse,3.9,22
VGVhY2hlci0yNTU3Mjkw,Anthony Filippi,2.7,22
VGVhY2hlci0yMzA2MzI4,Angelique Gammon,4.2,22
VGVhY2hlci0yMzcwMzM4,Omar Garcia,3.4,22
VGVhY2hlci0yMjExMzgz,Rostislav Grigorchuk,3.8,22
VGVhY2hlci0yMzY2NzY2,Burak Guneralp,2.7,22
VGVhY2hlci0xOTY0NjU5,Gabe Hamer,3.8,22
VGVhY2hlci0yOTUzNzY3,Michael Hanks,2.5,22
VGVhY2hlci0yNTUwNzY0,Kyra Heatly,4.2,22
VGVhY2hlci0yNzY3Njg5,Christopher Hemmig,4.9,22
VGVhY2hlci0yNzU4NDgy,Alex Hening,4.2,22
VGVhY2hlci0yMDQ0MzYw,Lauren Holder,1.7,22
VGVhY2hlci0yNjQ0MjYy,Peter Howard,4.4,22
VGVhY2hlci0xODYyNzE1,Luis Hurtado,1.6,22
VGVhY2hlci0yNTU4MjYy,Nima Kalantari,3.4,22
VGVhY2hlci0xOTk1NjA5,Hilaire Kallendorf,2.8,22
VGVhY2hlci0zMTE2ODky,Jonas Karthein,3.0,22
VGVhY2hlci0xNTUxNzE2,Shari Kendall,4.5,22
VGVhY2hlci0xODk4NTc5,Patricia Klein,4.4,22
VGVhY2hlci0xNjUxNTU4,Silvana Krasteva,4.4,22
VGVhY2hlci0yMTQ1NDE2,Gary Kunkel,3.1,22
VGVhY2hlci0yNzM2MTU2,Yuqing Lin,3.0,22
VGVhY2hlci0yMjgxNDA1,Bryan Maggard,2.9,22
VGVhY2hlci0yNTU2NTYw,Melissa Mastrogiovanni,3.6,22
VGVhY2hlci0xOTk4NzUy,Christopher Mathey,4.5,22
VGVhY2hlci0yNTgxNDA2,Kenneth McFarland,4.2,22
VGVhY2hlci0xMjg2MTQy,Raul Medina,4.7,22
VGVhY2hlci0yMzU5NTI4,Lindsey Mudge,4.5,22
VGVhY2hlci0yMTY3MDg1,Donald Naugle,1.6,22
VGVhY2hlci0yNzYxNjA3,Benjamin Neuman,5.0,22
VGVhY2hlci0xMzc1Mzk0,Matthew Papanikolas,3.9,22
VGVhY2hlci0yNDUxNDg1,Casey Papovich,4.9,22
VGVhY2hlci0yMTQxMTc5,Deborah Pfuntner,3.5,22
VGVhY2hlci0yNTk0MzI3,Henry Potter,4.3,22
VGVhY2hlci0yMzc5NDg4,George Rogers,2.6,22
VGVhY2hlci0zMDEwMTIw,Richard Rosas,4.1,22
VGVhY2hlci0xODA3OTUz,James Rosenheim,4.5,22
VGVhY2hlci0yNDQyNzUx,Julia Sainz,3.6,22
VGVhY2hlci0yNjM5MTA0,Sebastian Scherr,4.9,22
VGVhY2hlci0xOTUzNzU5,Carolyn Schroeder,4.3,22
VGVhY2hlci0yNTcyNTMw,Amalesh Sharma,4.7,22
VGVhY2hlci0zMDM2MzQ5,Mark Shepard,2.0,22
VGVhY2hlci0yMDY4MzQ1,Kathleen Speed,4.9,22
VGVhY2hlci0xMDUyNjgx,Emil Straube,2.8,22
VGVhY2hlci0yOTUxMDAz,Sam Stripling,5.0,22
VGVhY2hlci0xODA4MDU5,Douglas Thornton,4.6,22
VGVhY2hlci0yNDg1MDkx,Hamid Toliyat,3.5,22
VGVhY2hlci0yMDUwMDYw,Grace Tsai,4.0,22
VGVhY2hlci02Njg3NDc=,Jyotsna Vaid,3.4,22
VGVhY2hlci0yNzk3NTYw,Mary Jane Vickers,4.7,22
VGVhY2hlci0yNTA4NzQ1,Jyhwen Wang,2.1,22
VGVhY2hlci0zMDUyNDQ4,Fikriyah Winata,4.7,22
VGVhY2hlci0yMDE2MDM3,Samuel Woodfin,4.4,22
VGVhY2hlci0yMTkxMDc2,Christopher Woodman,4.6,22
VGVhY2hlci0yMzM1MTY1,Linglin Xie,3.8,22
VGVhY2hlci0yOTU4ODc0,Harry Yan,2.6,22
VGVhY2hlci0yNTk3NjYz,Quan Zhou,5.0,22
VGVhY2hlci0xNzUzOTYy,Forrest Bowlick,4.9,21
VGVhY2hlci0yNTgzMDY3,Tahir Cagin,1.4,21
VGVhY2hlci0yNDc3NTQz,Cheryl Coulthard,2.4,21
VGVhY2hlci0yNDU2Njg3,Guy Curry,2.5,21
VGVhY2hlci0yMDEyMTU2,Timo Dewolff,3.5,21
VGVhY2hlci0xNTA3NjI=,Lee Fitzgerald,4.6,21
VGVhY2hlci0yNDAzNDQ0,Riddhi Ghosh,1.2,21
VGVhY2hlci0yMTMwMTI0,Amy Ging,4.5,21
VGVhY2hlci0yMjU0MTMy,Carolyn Kennedy,4.6,21
VGVhY2hlci0yMDkyNzI3,Waruna Kulatilaka,4.0,21
VGVhY2hlci0yNDI3NjUy,Saundra Lorenz,4.0,21
VGVhY2hlci0yMTMwMDg2,Russell McGee,4.2,21
VGVhY2hlci0yODMxMjYz,Patricia Ning,3.8,21
VGVhY2hlci0yOTA0MTI0,Jason O'Kane,2.6,21
VGVhY2hlci0yNzk5MzYw,Diana Paez,2.1,21
VGVhY2hlci0yMDQxNDM0,Julia Plavnik,2.6,21
VGVhY2hlci0yNDAwMzkw,Rene Quiroz,1.1,21
VGVhY2hlci0yMTEwNDA5,Elisabeth Rich,3.9,21
VGVhY2hlci0yMjQzNTI4,Isaac Sabat,4.7,21
VGVhY2hlci05MzQ1NzY=,Robert Segner,4.0,21
VGVhY2hlci0xNDY5NzIy,Winfreid Tiezer,2.9,21
VGVhY2hlci0yMzAwOTU1,Pat Wallace,4.8,21
VGVhY2hlci0xNTM5MDg4,Tom Wehrly,3.3,21
VGVhY2hlci0yNTI5ODg5,Hung-Jen Wu,4.5,21
VGVhY2hlci0yODkwMzkz,Paula Yoder,4.0,21
VGVhY2hlci0yODg1NzMz,Parisa Aasi ,3.4,20
VGVhY2hlci0xODcyOTUy,Dottiedee Agnor,4.3,20
VGVhY2hlci0zMTMyNTc0,Saheed Akinbode,3.3,20
VGVhY2hlci0xMzMwNDY=,Carol Albrecht,4.1,20
VGVhY2hlci0yMzU4ODE2,Chante Anderson,3.0,20
VGVhY2hlci0yNTQ0NTc2,Nicola Ayres,3.8,20
VGVhY2hlci0yMDk3MTU3,Sarbajit Banerjee,4.5,20
VGVhY2hlci0xODExMTAz,David Baumgardner,4.7,20
VGVhY2hlci0yNDI4NzE4,Chandler Benjamin,2.9,20
VGVhY2hlci0yNjcyOTU4,Adam Birchfield,3.7,20
VGVhY2hlci0yNDA5NDA4,Bjorn Birgisson,4.8,20
VGVhY2hlci0yMzczMDU1,Hart Blanton,4.6,20
VGVhY2hlci0yNjQxNTIy,Amber Blazek,4.5,20
VGVhY2hlci0yNjEyNjg2,Christopher Bonner,4.5,20
VGVhY2hlci0yOTA2OTU3,Christopher Bott,5.0,20
VGVhY2hlci0yNTg0Mjgw,Aaron Bovy,2.9,20
VGVhY2hlci0yMDAyNTU=,Douglas Brooks,4.8,20
VGVhY2hlci0yNDYwMTM1,Paul Busch,3.5,20
VGVhY2hlci0xNTE4ODUw,Tony Cahill,4.6,20
VGVhY2hlci0yMzMxNzEx,Lisa Campbell,1.4,20
VGVhY2hlci0xNjU2OTgw,Tim Chinn,4.1,20
VGVhY2hlci0yMDE4MzA3,Nicholas Conway,4.9,20
VGVhY2hlci0yNDc4NTU0,Dilma Da Silva,4.4,20
VGVhY2hlci0zMDk4NDMw,Erik Da Silva Motta,1.3,20
VGVhY2hlci03NDE2NTk=,Aniruddha Datta,4.1,20
VGVhY2hlci0yNDU2ODg1,Mary Evans,3.6,20
VGVhY2hlci0yMzE5NjM2,Gwo-Ping Fang,4.3,20
VGVhY2hlci0xOTc5MTQ4,Lei Fang,4.0,20
VGVhY2hlci0yNjkxOTE0,Isabella Farhy,3.7,20
VGVhY2hlci0zMDMxOTY0,Jacob Fillman,5.0,20
VGVhY2hlci0yNDUyMjYz,Sayvon Foster,4.2,20
VGVhY2hlci0xOTQ0Mjc4,Amanda Franks,2.0,20
VGVhY2hlci0yMTk4MTk1,Francois Gabbai,3.9,20
VGVhY2hlci0yMjA5Nzkw,Laura Gegg,3.7,20
VGVhY2hlci0yMDYzMTU3,Bruce Gooch,4.0,20
VGVhY2hlci0yNzIzODU1,Marc Goodrich,5.0,20
VGVhY2hlci0yODQ1Nzc5,William Grant,3.5,20
VGVhY2hlci0yMDEwNzkz,Dinah Hannaford,4.7,20
VGVhY2hlci0yMzEwNjkw,Rick Harwell,4.9,20
VGVhY2hlci0yMTMwMTUx,Shelley Holliday,4.2,20
VGVhY2hlci0yODkzMTM3,Jing Huang,1.8,20
VGVhY2hlci0zMDk1OTc5,Ege  Islekel,3.4,20
VGVhY2hlci0yODM1MTEz,Firooz Jafari,4.7,20
VGVhY2hlci0yNDUwMTUz,Amir Jaima,3.7,20
VGVhY2hlci0yNTIwNzUy,Jyothis James,4.4,20
VGVhY2hlci0yMDI2NjA3,Thomas Jamieson,3.9,20
VGVhY2hlci0yNDMyMDUy,Sheagan John,2.6,20
VGVhY2hlci0yOTUzNjA0,Elnaz Kabir,3.5,20
VGVhY2hlci0yOTM3MzM4,Kathryn Kelly,4.1,20
VGVhY2hlci0yMTI1NjQ4,Deanna Kennedy,4.6,20
VGVhY2hlci0zMDAxNzU3,David Keszei,4.8,20
VGVhY2hlci0yNTU2NzA0,Jeeeun Kim,2.3,20
VGVhY2hlci0yNDQ0MjI4,Won Jong Kim,2.8,20
VGVhY2hlci0yNTc1NDY2,Benjamin Klopack,3.8,20
VGVhY2hlci0yNjg3ODEy,Veli Kolhinen,2.2,20
VGVhY2hlci0yMTAxNzEw,Kevin Kordek,3.8,20
VGVhY2hlci0yODQwODY4,Dennis Lassila,3.6,20
VGVhY2hlci0yMjQ5ODAw,Seul Lee,3.9,20
VGVhY2hlci0yMDc5NDMx,Jun  Lei,3.3,20
VGVhY2hlci0yNDI5ODQw,Sarah LeMire,5.0,20
VGVhY2hlci0yNjg0MTgw,Suzy Lidstrom,3.7,20
VGVhY2hlci0xMTUyOTE3,Robyn Lints,3.9,20
VGVhY2hlci0yNTkyMzcw,Wencai Liu,2.7,20
VGVhY2hlci0yNDM1MjEx,Xin Liu,2.9,20
VGVhY2hlci0xNTM5MDky,Michael Longnecker,3.8,20
VGVhY2hlci0xOTYzODY1,Alexander Lozovskiy,2.0,20
VGVhY2hlci0yNDc3OTM3,Fernando Luco Echeverria,3.8,20
VGVhY2hlci0yMjc5MDQ2,Xin Ma,3.2,20
VGVhY2hlci0yNjEwNjAy,Bin Mai,2.7,20
VGVhY2hlci0yMzA4NDE2,William McKinley,4.1,20
VGVhY2hlci0yNTA0MTQ3,Trent McNamara,4.8,20
VGVhY2hlci0yNDMxMzM0,Dustin McPhate,3.4,20
VGVhY2hlci0yMTI5MzMy,Jerome Menet,4.3,20
VGVhY2hlci0yMTMwMTUz,Jeremy Merrill,4.5,20
VGVhY2hlci0yMTI3OTY2,Sloane Milstein,2.8,20
VGVhY2hlci0xNDc2NTQ0,Masud Monwar,3.8,20
VGVhY2hlci0yMjgzNDkw,Anastasia Muliana,3.6,20
VGVhY2hlci04NTY3NTU=,Leisha Mullins,3.7,20
VGVhY2hlci0yNTc0NDIx,Abdullah Muzahid,2.2,20
VGVhY2hlci0yMTQxMTY2,Georges Naufal,4.8,20
VGVhY2hlci0yNzU0MDkz,Tung Nguyen,4.6,20
VGVhY2hlci0zMDAwMjgw,Wendy Osburn,4.6,20
VGVhY2hlci0zMDM5Mzkw,Josiah Owens,4.0,20
VGVhY2hlci0yMjIwOTg5,Samuel Palermo,4.8,20
VGVhY2hlci0xOTQ3Nzg1,Gregory Pearlstein,2.5,20
VGVhY2hlci0yODQ1NjE3,Daniel Perales,2.6,20
VGVhY2hlci0yMjAzOTA0,Angelina Perrotti,4.9,20
VGVhY2hlci0yMTkxODk1,Elizabeth Pierson,4.9,20
VGVhY2hlci0yMDcyNTg4,Brandi Plunkett,3.6,20
VGVhY2hlci0yNjQ0Nzcw,Maria Quintana,4.1,20
VGVhY2hlci0yNjMyNjA3,Michael Rangel,1.5,20
VGVhY2hlci0yMDA0MTcz,Mitchell  Rice ,3.2,20
VGVhY2hlci0yMTQ1MjQ4,Michael Ringham,4.0,20
VGVhY2hlci0yMjY0NzMz,MatthewJoseph SachsSorg,3.6,20
VGVhY2hlci0yNDcwMjY3,Reza Sadr,2.8,20
VGVhY2hlci0yNjEzODg0,Hernan Santos,5.0,20
VGVhY2hlci0yMjc3NjY3,Susan Scott,4.6,20
VGVhY2hlci0xOTc1Mzg2,Rebecca Shaffer,4.1,20
VGVhY2hlci0xNDczMDEy,Nathan Sharp,4.3,20
VGVhY2hlci0yNDM4NDM3,Shuhui Shi,3.9,20
VGVhY2hlci0yOTU1NTcw,Beth Silvy ,5.0,20
VGVhY2hlci0yNjk0ODA3,Vinod Srivastava,1.6,20
VGVhY2hlci0yOTQ2MzU2,Ramzi Taha,3.3,20
VGVhY2hlci0yNjk4Mzk3,Chrystol Thomas-Winston,4.6,20
VGVhY2hlci0yNTgzMDY2,Qing Tu,2.5,20
VGVhY2hlci0yNjY0NTI0,robin veldman,4.2,20
VGVhY2hlci0xNzYxMTg0,Jayme Walenta,3.8,20
VGVhY2hlci0yNDMwNTk4,Ben Wherley,4.6,20
VGVhY2hlci0yMjMyNTE4,Edward White,3.2,20
VGVhY2hlci0yNDkzMjkx,Justin Wilkerson,4.7,20
VGVhY2hlci0xOTc5NTkz,Apryl Williams,4.4,20
VGVhY2hlci0yOTgyOTIy,Christopher  Wilson,4.2,20
VGVhY2hlci0yNDEzOTk4,Kelly Wilson,1.4,20
VGVhY2hlci0yMjEwNjM1,Michael Workman,4.9,20
VGVhY2hlci0yMDY3Njc5,Collin Young,4.2,20
VGVhY2hlci0yMDI5NzMx,Hakyoung Ahn,4.8,19
VGVhY2hlci0yOTM5ODEx,Stephanie Barron,4.2,19
VGVhY2hlci0yMjEzNjIy,Kristin Drake,4.7,19
VGVhY2hlci0yMDczODM3,Michael  Evans,4.9,19
VGVhY2hlci0xODE5MjE1,Sam Feagley,4.8,19
VGVhY2hlci0yNDExMzYy,Elba Garza,2.4,19
VGVhY2hlci0xOTAyNDM1,John Hanson,1.1,19
VGVhY2hlci0yMzczNDk0,Michael Hawkins,4.9,19
VGVhY2hlci0yMjE0MjM4,Felipe Hinojosa,3.8,19
VGVhY2hlci0yMDI0NTM3,Terence Hoagwood,2.0,19
VGVhY2hlci0yNzg4MTg2,Victoria Izzo,5.0,19
VGVhY2hlci0yNTU0NTU2,Dennis Jansen,2.4,19
VGVhY2hlci0yNzYyMDE0,Linda Katehi-Tseregounis,4.0,19
VGVhY2hlci0yMTcyMzIx,Hiroko Kitajima,3.9,19
VGVhY2hlci0yNTUwMjMz,Vinayak Krishnamurthy,3.8,19
VGVhY2hlci0yOTA2OTk3,Rafael Landaverde,1.4,19
VGVhY2hlci0yOTg5ODU5,Jennifer Lightweis Goff,2.4,19
VGVhY2hlci0yNDcyNDIz,Dennis McNaughten,4.0,19
VGVhY2hlci0yODY3OTk0,Walter Olarte,3.6,19
VGVhY2hlci0xMTI3NjA3,Gerd Rabe,3.9,19
VGVhY2hlci0yNzMwMDI=,Larry Reynolds,4.6,19
VGVhY2hlci0zMjYyOTU=,Ralph Schoolcraft,4.4,19
VGVhY2hlci0yOTU0MDM5,Chen Shen,2.5,19
VGVhY2hlci0yMDk3MDM2,Radu Stoleru,4.2,19
VGVhY2hlci00NzcxNjg=,Gary Varner,4.0,19
VGVhY2hlci0xODY0OTA2,Jose Vazquez,2.4,19
VGVhY2hlci0yNjA3Mjk1,Miranda Walichowski,2.2,19
VGVhY2hlci0yNjQ4NjIw,Qingsheng Wang,3.4,19
VGVhY2hlci0yOTUxODAw,Runmin Wang,4.9,19
VGVhY2hlci0yNTA1Mjc4,Felicia York,4.5,19
VGVhY2hlci0yMzAzNDEx,Shermeen Yousif,4.2,19
VGVhY2hlci02NjYyNTE=,Lan Zhou,2.0,19
VGVhY2hlci0yNzY2ODEz,Alexander Abuabara,4.3,18
VGVhY2hlci0yMzYyOTUy,Thomas Adams,4.6,18
VGVhY2hlci0zMDYwODk3,Kaysey  Aguilar,4.9,18
VGVhY2hlci0yMTk1NzM3,Zaida Aguilar,4.9,18
VGVhY2hlci0yNjIzOTk4,Leonel Alvarado,4.9,18
VGVhY2hlci0yMjkzMjUy,Andrea Alvarez,1.9,18
VGVhY2hlci0yMjk2MDUz,Brian Anderson,4.7,18
VGVhY2hlci03NDAzMTY=,Gregory Berkolaiko,4.5,18
VGVhY2hlci0yNDU3NzU5,Susanneh Bieber,2.4,18
VGVhY2hlci0xMzQ3MTIy,Francelle Blum,1.9,18
VGVhY2hlci0zMDg2ODg3,Steven Boll,5.0,18
VGVhY2hlci0yODk0Njk1,Laura Booton,4.0,18
VGVhY2hlci0yNDI0Mzcy,Evan Boyce,4.8,18
VGVhY2hlci0xOTY3OTgy,Michael Brackin,2.8,18
VGVhY2hlci0yMjY1NzI0,August Campbell,4.1,18
VGVhY2hlci0yMzI0MjY3,Kelli Campbell,3.1,18
VGVhY2hlci0xNTY5ODMy,Jean-Francois Chamberland,2.9,18
VGVhY2hlci0xMDM2ODkw,Kuang-An Chang,4.8,18
VGVhY2hlci0xODQ1NzQ4,Liang Chang,2.7,18
VGVhY2hlci0yOTU4ODIz,Xin Chen,4.8,18
VGVhY2hlci0yMjY3MTM3,Kimberly Clough,2.9,18
VGVhY2hlci0zMDQxNDQw,Andrew Conkey,1.3,18
VGVhY2hlci0yMjk4Mjc5,Crystal Dozier,4.9,18
VGVhY2hlci0yNjM3NjA3,Rotem Dvir,3.9,18
VGVhY2hlci0yMjg5Mjgy,Kenneth Easwaran,4.2,18
VGVhY2hlci02NDMyMzQ=,Mahmoud El-Halwagi,4.7,18
VGVhY2hlci0zMDUyNTI4,Casey Ellisen ,4.7,18
VGVhY2hlci0xNjgyNDk4,Eduardo Espina,4.0,18
VGVhY2hlci0yMzI0OTE4,Maria Esteve-Gassent,1.7,18
VGVhY2hlci0yNDI5Nzk1,Junaid Farooqi,4.0,18
VGVhY2hlci0yODU2NDgz,Dan Feng,4.1,18
VGVhY2hlci0yMTMzMzg0,Jens Forsgard,4.0,18
VGVhY2hlci0yMDc3NDky,Benjamin Francisco ,4.4,18
VGVhY2hlci0yNTg2MTc1,Ty Gadberry,4.9,18
VGVhY2hlci0xOTM3NTcx,Akhilesh Gaharwar,4.2,18
VGVhY2hlci0yNzQ1MDMz,Jessica Gantt-Shafer,4.7,18
VGVhY2hlci0yMDM4NjAz,Robert Garcia,4.6,18
VGVhY2hlci0yMzc0NTE0,Nasir Gharaibeh,3.1,18
VGVhY2hlci0zMDUwMTc5,Michael Gonzalez,4.7,18
VGVhY2hlci0yMDc3NTcz,Chelsea Goodenough,4.2,18
VGVhY2hlci0yNTQ1NDYw,Manuel Grajales,5.0,18
VGVhY2hlci0yNzI4NzQ5,Alan Grant,4.2,18
VGVhY2hlci0yNjMwNzE4,Guofei Gu,2.2,18
VGVhY2hlci0yODQ4MTM1,Michael Hessel-Mial,3.8,18
VGVhY2hlci0zMDU2NzAx,Kai-Wen  Hsiao,2.0,18
VGVhY2hlci0yMTkwNzYw,Jacquelyn Huff,4.2,18
VGVhY2hlci0yNjIxMjA5,Jason Ireland,5.0,18
VGVhY2hlci0yMjAyNzMy,Shona Jackson,2.6,18
VGVhY2hlci0zMDg4OTQ1,Sebastiaan Janssens,3.7,18
VGVhY2hlci0yMzk0NzU3,Mark Johnson,4.6,18
VGVhY2hlci0yMDkyNzkw,J. Spencer Johnston,3.0,18
VGVhY2hlci0yMzAyMDYw,Junehyuk Jung,4.6,18
VGVhY2hlci0yOTA3Njg4,Kashi  Kafle,4.0,18
VGVhY2hlci0yODc3NTQx,Constantine Karathanasis,4.3,18
VGVhY2hlci0yMzEwMzI3,Adonios Karpetis,3.2,18
VGVhY2hlci0yNDY0NzMz,Thomas Lacy,3.8,18
VGVhY2hlci0xODUyNjg2,Tyler Laughlin,4.1,18
VGVhY2hlci0yOTIyMjc1,Sang Rae Lee,5.0,18
VGVhY2hlci0yMzE4NTE1,Eric Lenz,3.2,18
VGVhY2hlci0yOTk2Mzc2,Fulin Li,2.7,18
VGVhY2hlci0yMzA1MTA1,Peter Lieuwen,3.8,18
VGVhY2hlci0yMTU3NzE1,Vanessa Liles,3.0,18
VGVhY2hlci0yMzIzMzg4,Jodie Lutkenhaus,3.6,18
VGVhY2hlci0zMDk3MTI4,Cameron Manche,4.9,18
VGVhY2hlci0yMjY4Nzc1,June Martin,2.2,18
VGVhY2hlci0yNTExNzY1,Megan McClure,4.3,18
VGVhY2hlci0yNDg3OTY0,Kelly McNamara,2.6,18
VGVhY2hlci0zMDU1OTEz,Ally Milby-Blackledge,5.0,18
VGVhY2hlci0yODAyMTE5,Jeetain Mittal,3.1,18
VGVhY2hlci0yNjI4MDAw,Bobak Mortazavi,3.7,18
VGVhY2hlci0yNTQ3NTEw,Deanna Newcomb,4.3,18
VGVhY2hlci0yMzE3NDA3,John Niedzwecki,2.6,18
VGVhY2hlci0yMzgwOTcz,John Nielsen-Gammon,3.4,18
VGVhY2hlci0yMDA3MDcz,Chris O'Neill,4.5,18
VGVhY2hlci0yNTU0NTIw,Jean-Philippe Pellois,3.6,18
VGVhY2hlci0yODQ5NzU0,John Peterson,4.3,18
VGVhY2hlci0yMTg1MjY2,Thomas Pfannkoch,4.6,18
VGVhY2hlci0yNDY5MjQz,Mike Pope,2.8,18
VGVhY2hlci0yMDk3NTk3,Rumya Putcha,4.3,18
VGVhY2hlci0yMzM3MDY0,Xiaofeng Qian,3.3,18
VGVhY2hlci0zMDQ1NDcz,Kurt Rademaker,4.8,18
VGVhY2hlci0yMDk5ODQ3,Dwayne Raymond,3.8,18
VGVhY2hlci0xNjEzNjEx,Ian Rollins,3.4,18
VGVhY2hlci0yODc0NDcz,Nicaise  Sagbo,2.7,18
VGVhY2hlci0yMDU5ODcz,Juan Salinas,4.2,18
VGVhY2hlci0yODkwMDQ4,Lamba  Sangare,4.4,18
VGVhY2hlci0yMTk3ODM2,Jodi Scala,4.8,18
VGVhY2hlci0yMzA5ODYy,Paloma Serrano,4.6,18
VGVhY2hlci0yNTMxMzU1,Emily-Anne Shafron,4.1,18
VGVhY2hlci0yODc2NzY2,Virender Sharma,4.9,18
VGVhY2hlci0zMDgyOTM5,Gargi  Sivaram,4.1,18
VGVhY2hlci0xNzcxNDIz,Justin Stachnik,3.7,18
VGVhY2hlci0yNDQ2MTc2,Paul Straight,3.6,18
VGVhY2hlci0yMDg2NDU2,George Tanaruno,3.4,18
VGVhY2hlci0yMDc0MjE2,Brenda Taylor,3.8,18
VGVhY2hlci0yNzQxMTUx,Brennen Taylor,4.7,18
VGVhY2hlci0yMzA3Njcz,Yanan Tian,4.9,18
VGVhY2hlci0yMDQ0MTQ4,Patricia Timmons,4.2,18
VGVhY2hlci0zMDA2MTYw,Lisa Troy,2.3,18
VGVhY2hlci0yMDc1ODQ0,Laura Tyson,4.1,18
VGVhY2hlci0yMzczODA3,Vahid Vahdat,4.4,18
VGVhY2hlci0zMDE1MDQ2,Jorge Vargas,3.2,18
VGVhY2hlci0yNzk0OTQ5,Nate Veldt,5.0,18
VGVhY2hlci0yMzk5Mzkw,Sharon Wagner,1.3,18
VGVhY2hlci0yMjYwODk2,Darrell Walker,4.7,18
VGVhY2hlci0yOTQxMDk2,Filza Walters,3.1,18
VGVhY2hlci0yNTM0OTM3,Xuan Wang,3.7,18
VGVhY2hlci0xNDM4Mjk2,Michael Weimer,3.1,18
VGVhY2hlci0yMzQ0OTA0,Mary Wicksten,2.9,18
VGVhY2hlci0yNjI3NDM5,Patrick Wilson,4.7,18
VGVhY2hlci0yOTUyNTY5,Forest Wimer,5.0,18
VGVhY2hlci03MTI3NTQ=,Douglas Wunneburger,3.3,18
VGVhY2hlci0yMjM2ODMx,Katherine Yeager,3.6,18
VGVhY2hlci0yNzM0MTAz,Kristen York,3.4,18
VGVhY2hlci0yMDg1ODkx,Shari Yvon-Lewis,4.0,18
VGVhY2hlci0xMTMzMDM5,Xi Zhang,2.1,18
VGVhY2hlci0yNzMxNDM4,Zihan Zhang,4.8,18
VGVhY2hlci0xNzg2MTAy,Dan Zollinger,2.4,18
VGVhY2hlci0yMDE4OTY1,Travis Almany,5.0,17
VGVhY2hlci0xNjA5OTE5,Stephen Balsis,4.1,17
VGVhY2hlci0xNzcyNjgz,Ted Brown,3.8,17
VGVhY2hlci0yMzQ2ODIz,Ron Chandler,3.7,17
VGVhY2hlci0yMzQxNTE0,Norm Clark,4.8,17
VGVhY2hlci0yMDc4MTAw,Steven Dezort,4.4,17
VGVhY2hlci0yMTE5NTQw,Steven Dierker,2.6,17
VGVhY2hlci0yMzAwMTUw,Johanna Dunaway,3.5,17
VGVhY2hlci01NzcyMDI=,Zohreh Eslami-Rasekh,2.9,17
VGVhY2hlci0yMzU1Nzg4,Thomas Ferris,4.3,17
VGVhY2hlci0yNDc4Mzgw,Diane Guignard,4.7,17
VGVhY2hlci0yMTAyNjk0,Mary Henthorne,4.5,17
VGVhY2hlci0xOTU4ODgx,Kayoung Kim,4.7,17
VGVhY2hlci00Nzg2MjI=,Charles Lessard,2.2,17
VGVhY2hlci01NDcyMjM=,Harold Livesay,3.7,17
VGVhY2hlci0xNzA2NDI2,Erminy Marcel,2.4,17
VGVhY2hlci0xOTU5NjA3,Sou Nam,3.0,17
VGVhY2hlci0yMTUxODY3,John Nichols,3.8,17
VGVhY2hlci0yOTcyMTI5,Nazmul Rahmani,3.4,17
VGVhY2hlci0yMDAwMDcz,Terje Raudsepp,3.3,17
VGVhY2hlci0yOTEzNjQ2,Ding Ding Ren,3.8,17
VGVhY2hlci0yODIwNjYx,Annie Ruimi,2.3,17
VGVhY2hlci0yNjE2NTQ3,Yuefeng Sun,4.2,17
VGVhY2hlci0yOTg5MzY5,Young Thug,4.3,17
VGVhY2hlci0yNDcxODI2,Guoqiang Tian,3.1,17
VGVhY2hlci0yNDAxMjQ2,Zixiang Xiong,3.0,17
VGVhY2hlci0yNTI0MTQ2,Zhedong Zhang,1.6,17
VGVhY2hlci0xOTk3MTM4,Jordan Ziemer,4.9,17
VGVhY2hlci0yNTg3MDUz,Juan Alonzo,3.8,16
VGVhY2hlci0xOTYwNDA4,Sara Alpern,4.0,16
VGVhY2hlci0yMzUzMzYy,Yonghong An,3.6,16
VGVhY2hlci0yNDM3NDE1,Bernard Appiah,2.9,16
VGVhY2hlci0xOTAxMzk0,Jennifer Barbour,3.5,16
VGVhY2hlci0xODU4ODE4,Kathleen Barr,4.3,16
VGVhY2hlci0yMDYxOTUw,Adam Barry,3.8,16
VGVhY2hlci0zMDgxMzAy,"Divya Bhargava,",3.6,16
VGVhY2hlci0yMzAwNzM5,Erin Bistline,2.3,16
VGVhY2hlci0yMzg0Nzk1,Saikat Biswas,3.3,16
VGVhY2hlci0yNzM2NTUz,Fred Boadu,2.4,16
VGVhY2hlci0yMjgwNzg0,Nathan Bracher,4.0,16
VGVhY2hlci0yMzU5Mjg4,Peter Brown,4.3,16
VGVhY2hlci0yMjAxNzc4,Walter Buchanan,2.0,16
VGVhY2hlci0yOTI2MjEw,Mark Cahill,1.9,16
VGVhY2hlci0yNjkxMzEy,Kristian Cantens,5.0,16
VGVhY2hlci0yNzYyMTkw,Travis Carrell,4.0,16
VGVhY2hlci0yOTk2Mzc0,John Cartwright,4.8,16
VGVhY2hlci0xMjE1Mjg1,Edith Cassell,3.6,16
VGVhY2hlci0yOTY1MTc1,Aynur Charkasova,4.6,16
VGVhY2hlci0yMzcwMDgy,Jose Cheibub,4.1,16
VGVhY2hlci0yODk2NzIy,Lance Clark,2.0,16
VGVhY2hlci0yNDI2Nzcy,Morgan Clarke,2.5,16
VGVhY2hlci0yNjk0MTAx,Stacy Cole,5.0,16
VGVhY2hlci0yMzg3OTE2,Sean Conte,4.0,16
VGVhY2hlci01OTk0ODc=,Dwight Conway,3.9,16
VGVhY2hlci0yNDkxMDc3,Walter Cook,4.3,16
VGVhY2hlci0yODQ2NjUy,Lee Cremar,1.8,16
VGVhY2hlci0yODEyMzg2,Ivylove Cudjoe,5.0,16
VGVhY2hlci0yNDg2OTcx,Nancy Currie-Gregg,4.9,16
VGVhY2hlci0yMDExODM5,Paul Fred Dahm,4.0,16
VGVhY2hlci0yNjExOTEw,Ivan Damnjanovic,5.0,16
VGVhY2hlci0yODMyNjQz,Lidia Dattalo,1.0,16
VGVhY2hlci0yMjI3NzUw,Michael Demkowicz,2.9,16
VGVhY2hlci0yODA2MDM3,Imge Dogan,4.8,16
VGVhY2hlci0yNDQ2MjE4,Caitlin Doherty,3.5,16
VGVhY2hlci0yMjU1MjQ3,Ira Dworkin,3.9,16
VGVhY2hlci0xODQyMTMz,John Edens,3.6,16
VGVhY2hlci0yMzAxODA4,Yalchin Efendiev,4.8,16
VGVhY2hlci0xNTk2MTAz,Mehrdad Ehsani,3.6,16
VGVhY2hlci0xOTM5Nzg2,Chanda Elbert,1.9,16
VGVhY2hlci0yODk1OTI2,Matthew Elliott,4.4,16
VGVhY2hlci0yNjEyMTQx,Jennifer Evans,5.0,16
VGVhY2hlci0yMzc0MTU1,Brittany Everett,4.2,16
VGVhY2hlci0zMDQ2NjU2,Christopher Field,5.0,16
VGVhY2hlci0xNjM0OTEz,Sherecce Fields,4.1,16
VGVhY2hlci0yMjc4MzU2,Anna Finley,5.0,16
VGVhY2hlci0yODQ4NDc5,Rebecca Friesen,4.4,16
VGVhY2hlci02NTc3NzY=,Ted George,4.4,16
VGVhY2hlci0xNjU5MTEy,Erik Godwin,3.5,16
VGVhY2hlci0yNzU4NDYy,Sherry Gong,5.0,16
VGVhY2hlci0xMjU3Mjk1,Melinda Lou Grant,4.5,16
VGVhY2hlci0xMTQ0MDcz,Ira Greenbaum,3.2,16
VGVhY2hlci0yNDI1Mjky,Trevor Hale,1.8,16
VGVhY2hlci0yMTE5ODMx,Jeffrey Hart,3.8,16
VGVhY2hlci0yOTIzNTU4,Nance Heise,3.4,16
VGVhY2hlci0yMzYyNjg3,Viviana Hernandez Chautagnat,2.4,16
VGVhY2hlci00ODE4NDg=,. Holzweiss,4.8,16
VGVhY2hlci0yNzQ5NDUz,John Horn,3.1,16
VGVhY2hlci0yMzE5MTU4,Donald House,2.9,16
VGVhY2hlci0yNTQzMDkz,Ruihong Huang,2.4,16
VGVhY2hlci0yMjY0NjQ0,Ivan Ivanov,3.8,16
VGVhY2hlci0yNDQyNDQw,Jon Jasperson,2.6,16
VGVhY2hlci0yNjAwNjU1,Paige Jennings,5.0,16
VGVhY2hlci0yMDc2NTIy,Joseph Jewell,3.2,16
VGVhY2hlci0yNTQ3NDMz,Taryn Johnson,4.5,16
VGVhY2hlci0yMjAzNTMz,Michael Jordan,4.4,16
VGVhY2hlci0yNDUxMTg1,James Kaihatu,4.6,16
VGVhY2hlci0yMzMyMDM2,Dileep Kalathil,2.9,16
VGVhY2hlci0yNDcxNTYx,Tekin Karadag,4.1,16
VGVhY2hlci0yODkzNTIy,Muhammad Karim,4.4,16
VGVhY2hlci0yNTgzMDY0,Pavan Kolluru,2.0,16
VGVhY2hlci0yMzcyNDc5,Suhan Ku,3.5,16
VGVhY2hlci0yOTUwOTcw,Joseph Kwon,2.8,16
VGVhY2hlci0zMTMwNTEy,Yanai La Porte,5.0,16
VGVhY2hlci0yNjQ1ODEw,Pushkar Lele,2.8,16
VGVhY2hlci0yMzA5NTA5,Szu-Hsuan Lin,2.8,16
VGVhY2hlci0yMjk2MDQ4,Annmarie MacNamara,4.1,16
VGVhY2hlci0yOTQ4ODY4,Sakul Mahat,4.5,16
VGVhY2hlci0zMTMxMTk0,P Simon  Mahler,5.0,16
VGVhY2hlci0yOTcxNDIw,Muhammad Mahmood,2.5,16
VGVhY2hlci0yOTUxNjcz,Parinita Mandhyan,5.0,16
VGVhY2hlci0yNTgxODc1,Ryan Manley,3.5,16
VGVhY2hlci0yMzQzMzIz,Tony Marraro,4.3,16
VGVhY2hlci04OTgwODk=,John McDermott,4.7,16
VGVhY2hlci0xOTY4Njcx,Mary Meagher,3.3,16
VGVhY2hlci0yOTMzMzEx,Arya  Menon,5.0,16
VGVhY2hlci0yMDc0MDc1,P J Miller,2.1,16
VGVhY2hlci0yMjE3ODQ3,Alberto Moreiras,4.1,16
VGVhY2hlci0zMDQ2NDQx,Lina Nie,4.5,16
VGVhY2hlci0yMjcwODc0,Arash Noshadravan,4.5,16
VGVhY2hlci0zMDQ1MzI1,Benjamin Nutor,4.3,16
VGVhY2hlci0yMjQ0MDE3,Summer Odom,4.5,16
VGVhY2hlci0yNjA2OTcy,Hugo Olvera,4.5,16
VGVhY2hlci0yMTI5NTk0,Jeffrey Otey,4.6,16
VGVhY2hlci0yNzAwMzc5,Hande Ozcan,3.3,16
VGVhY2hlci04OTgwODg=,Gregory Pappas,4.2,16
VGVhY2hlci0yMDY3NTEx,John Park,4.8,16
VGVhY2hlci0yODE5MjE3,Olga Pearce,4.5,16
VGVhY2hlci0yMTExODM1,Nandra Perry,3.6,16
VGVhY2hlci0yNjY1NDYx,Ragan Petrie,2.8,16
VGVhY2hlci0yMzA2MTI0,Colleen Petrik,3.0,16
VGVhY2hlci0yOTU2ODgx,Jean Phelps,1.6,16
VGVhY2hlci0yNTYwNzQ1,Sean Plummer,3.3,16
VGVhY2hlci0zMDQzNDY0,William Pollalis,5.0,16
VGVhY2hlci0xODU4MjI0,Sara Pollock,4.6,16
VGVhY2hlci0yMzE4MDI4,Lingyi Qiu,4.3,16
VGVhY2hlci0yNzczNTkz,Natasha Quailes,4.8,16
VGVhY2hlci0zMDUzNDI0,Margaret Quinn,5.0,16
VGVhY2hlci0yMDgwNDky,Korok Ray,3.9,16
VGVhY2hlci0zMDQ4Mzcx,Kristine Richter,4.0,16
VGVhY2hlci0yNTY4Mjky,Steven Riechman,3.3,16
VGVhY2hlci0yNzgxMjU0,Bruce Riley,3.8,16
VGVhY2hlci0yNzk0MjA4,David Riley,3.6,16
VGVhY2hlci0xOTQyMzcy,Joseph Rojas,2.6,16
VGVhY2hlci0yOTM3NDkz,Kaitlyn Ross,4.6,16
VGVhY2hlci05NzM0Mjg=,Eric Rowell,4.3,16
VGVhY2hlci0yODM0NTQx,Miriam Sanders,4.8,16
VGVhY2hlci02NDkyOTc=,Vivek Sarin,4.4,16
VGVhY2hlci0yNjIwMzgx,Nripendra Sarker,1.3,16
VGVhY2hlci0yNDQwNzk1,Ciana Scaletti,4.1,16
VGVhY2hlci0yNzAwMTc1,Danila Serra,4.3,16
VGVhY2hlci0yMjkxOTU3,Meagan Shipley,4.6,16
VGVhY2hlci0yNzgxOTI5,Hannah Simpson,2.0,16
VGVhY2hlci0yNTQwNzM3,Kassandra Sims,4.8,16
VGVhY2hlci0yNzg4MjQx,Jonathan Snodgrass,5.0,16
VGVhY2hlci0xMzUzNTE4,Brian Stagner,3.4,16
VGVhY2hlci0yNzI2Njc0,Patrick St.Louis,5.0,16
VGVhY2hlci0yMjI3MjE0,Deanna Stover,3.9,16
VGVhY2hlci0yNjE2ODU2,Theofanis Strouboulis,3.3,16
VGVhY2hlci0yNzA1MzI1,Andy Tag,4.6,16
VGVhY2hlci0yMzk2ODgy,Bruce Tai,3.3,16
VGVhY2hlci0yNDcyNjY4,Stephen Talcott,1.9,16
VGVhY2hlci0yOTQ0MTIz,Olivia  Thomas,5.0,16
VGVhY2hlci0yNDc1MDc2,Jurij Volcic,4.0,16
VGVhY2hlci0zMDYyMDY2,Ni Wang,4.3,16
VGVhY2hlci0yMzk0Mjc1,Matthew Wester,4.9,16
VGVhY2hlci0yMTI1OTQ3,Dwayne Whitten,3.1,16
VGVhY2hlci0yOTQ2MzQ5,Michael Willis,4.8,16
VGVhY2hlci0yMTIwMTA2,Karen Wooley,3.8,16
VGVhY2hlci0yMTQ5NDg2,Choongho Yu,4.0,16
VGVhY2hlci0yMzc5NDUy,Shilin Yu,3.3,16
VGVhY2hlci0yNjAyNjI3,Yue Zhang,4.6,16
VGVhY2hlci0zMDMyMDUx,Samson Zhou,4.8,16
VGVhY2hlci0yNzEyNjA1,Wenxue Zou,4.3,16
VGVhY2hlci0yMjc3MjY4,Lori Arnold,4.7,15
VGVhY2hlci0yNDc0Njkx,Alexey Belyanin,2.6,15
VGVhY2hlci0yODI0MTE3,Simone Cecchini,3.5,15
VGVhY2hlci0yMTk4NTE3,Courtney Daigle,2.6,15
VGVhY2hlci0yMDgwNTEz,Marco Ehrl,4.1,15
VGVhY2hlci0yNDU2Njg4,Alaa Elwany,4.3,15
VGVhY2hlci0yMTkzMDIw,Jessica Fitzsimmons,2.5,15
VGVhY2hlci0yODQ0ODAx,Craig Fulk,3.3,15
VGVhY2hlci02NzM4MTM=,Michael Greenwald,4.3,15
VGVhY2hlci03MjI3NzE=,Janet Hammer,4.2,15
VGVhY2hlci0yMTY5ODg2,I-Hong Hou,4.3,15
VGVhY2hlci0yNDI4ODQ4,Peter Jantsch,4.4,15
VGVhY2hlci0yMjU0MDQy,Edward Jones,4.9,15
VGVhY2hlci0yMTk4MDYy,Angelica Menchaca,4.4,15
VGVhY2hlci0zMDQ1Njk5,Makeda Mills,4.8,15
VGVhY2hlci0yMTIxNDYw,Umar Mohammed,3.9,15
VGVhY2hlci0xNTc0Nw==,Larry Oliver,4.1,15
VGVhY2hlci0yNjQxNzI1,Erika Ordog,4.9,15
VGVhY2hlci00NDQ5NTc=,. Otey,3.2,15
VGVhY2hlci0yNjY0NTg2,Magda Rodriguez Sawyer,5.0,15
VGVhY2hlci02MzczOTM=,William Schneider,2.9,15
VGVhY2hlci0yOTI1NTY3,Vanessa Verner,4.6,15
VGVhY2hlci0xMjUxMjQ2,Edward Walraven,4.3,15
VGVhY2hlci0yNjU0OTYy,Ashleigh Williams,4.3,15
VGVhY2hlci0yOTU0NDk1,Sharon Worley,4.6,15
VGVhY2hlci0yOTE3NjMz,Courtney Adams,4.0,14
VGVhY2hlci0yNDAwNzM2,Akintayo Akinleye,5.0,14
VGVhY2hlci0yNjM5NDk3,Janae Alexander,5.0,14
VGVhY2hlci0yNjQzMDg2,Ahmad Amiri,4.0,14
VGVhY2hlci0yNzU0MjIy,Caroline Ampiaw,4.3,14
VGVhY2hlci0yMjgxNDUx,Hillary Anderson,4.8,14
VGVhY2hlci0yMzcxODcw,Alexander Angelus,1.9,14
VGVhY2hlci0zMDQ5NDk4,Saira Anwar,4.6,14
VGVhY2hlci0yMjIxODky,Joseph Balta,3.9,14
VGVhY2hlci0yNDExMTM4,Zsolt Beda,3.1,14
VGVhY2hlci0zMDU2OTU0,Miroslab Begovic,2.7,14
VGVhY2hlci0yNDM1NDk1,Ulfar Bergthorsson,3.6,14
VGVhY2hlci0yNjk2MDA2,Linzi Berkowitz,5.0,14
VGVhY2hlci0yMzAwMjYy,Timm Betz,3.9,14
VGVhY2hlci0yNjM4ODU1,Shanette Billings,5.0,14
VGVhY2hlci0yNjY0MTQw,Gary Blizzard,4.4,14
VGVhY2hlci0yODc1NDcw,Andrea Bonito,3.4,14
VGVhY2hlci0yMDI1Nzg5,Edward Boone,3.6,14
VGVhY2hlci0yMjk4MjMy,Arik Bord,2.0,14
VGVhY2hlci0yNTM3NjQx,Joseph Bracci,1.6,14
VGVhY2hlci0xMjc4NjAy,Christian Brannstrom,3.2,14
VGVhY2hlci0xODc3NzAz,Heather Caldwell,4.9,14
VGVhY2hlci0yMzE4MTg2,Matthew Call,4.7,14
VGVhY2hlci0yODY3Nzc1,Marnie Cannon,4.7,14
VGVhY2hlci0yMDY3NDc5,Deborah Carlson,4.4,14
VGVhY2hlci0yMzE3NzIz,Yanling Chang,3.4,14
VGVhY2hlci0yNDc1MTM1,Hamn Chen,1.6,14
VGVhY2hlci0yNTkyNDM2,Ananya Chowdhury,4.0,14
VGVhY2hlci0zMDQ5MzMw,Shae Cox,4.4,14
VGVhY2hlci0yMjAxMzEz,Daniel Creamer,3.7,14
VGVhY2hlci0yOTc0NjIy,Garth V. Crosby,4.4,14
VGVhY2hlci0yNzYzNDQ2,Samuel Currans,3.9,14
VGVhY2hlci0xOTU0NTcw,Steven Davis,4.8,14
VGVhY2hlci0yOTAyMzI2,Tim Davis,4.6,14
VGVhY2hlci0xNTI0MzUz,Joseph Dawson,3.7,14
VGVhY2hlci0yODU5NTc5,Don Deere,4.6,14
VGVhY2hlci0yMzAwMDIw,Ross Deforrest,4.2,14
VGVhY2hlci0zMDM2MTc2,Steven  Delgado ,5.0,14
VGVhY2hlci0yNjI0NTgy,Paloma Del Pozo,2.0,14
VGVhY2hlci0yNjM3Mzkz,Iskander Diyashev,3.5,14
VGVhY2hlci0yODQ1NjY5,Michael Do,1.7,14
VGVhY2hlci0yNTM4Mjgz,David Donaldson,5.0,14
VGVhY2hlci0yNDY1NTAw,Drew Dudley,4.9,14
VGVhY2hlci0yODk4MDMy,Jennifer Dulin,4.6,14
VGVhY2hlci0xNDQ4OTE3,Jesus Esparza,4.5,14
VGVhY2hlci0yNjQwMDIx,Andrew Garcia,4.6,14
VGVhY2hlci05MDE1NzU=,Paolo Gardoni,4.6,14
VGVhY2hlci0yNzc2NTU1,Shannette Garrett-Scott,2.0,14
VGVhY2hlci0zMTAzMzQy,Jorge Garzon,5.0,14
VGVhY2hlci0yNTkyNDg5,Jennifer Gauntt,3.3,14
VGVhY2hlci0yMTQyODM5,Irina Gaynanova,4.5,14
VGVhY2hlci0yMjI2NjIz,Chadi Geha,1.4,14
VGVhY2hlci0yMzAwOTAz,Tamika Gilreath,4.9,14
VGVhY2hlci0xODQwMTIx,Carlos Gonzalez,2.2,14
VGVhY2hlci0yMDAxNzEw,Rene Graham,3.7,14
VGVhY2hlci0yODcxMDkw,Danielle  Hammond-Kruger,5.0,14
VGVhY2hlci0yNDcxNTI5,Robert Hardin,2.3,14
VGVhY2hlci0yNDg1OTMz,Melanie Hawthorne,3.3,14
VGVhY2hlci0yNDU1ODQz,Mohammad Hosseinian,2.7,14
VGVhY2hlci0yMDYzMTEw,Dadao Hou,2.7,14
VGVhY2hlci0yNTQyMTg0,Nathan Howard,4.6,14
VGVhY2hlci0yNDI0NzI5,Shuning Huang,2.5,14
VGVhY2hlci0yNzc0MDMy,Wei-Cheng Huang,2.7,14
VGVhY2hlci0yMjExMzg4,Thomas Ioerger,4.3,14
VGVhY2hlci04OTM1MzA=,Maura Ives,4.3,14
VGVhY2hlci0yNDQ5NzYy,Dorrin Jarrahbashi,2.0,14
VGVhY2hlci0yOTc0NzQ4,Mehak Javaid,4.9,14
VGVhY2hlci0yNTk3NDE5,Staci Jessen,5.0,14
VGVhY2hlci0yMjIxNTIy,Daniel Jimenez,4.3,14
VGVhY2hlci0yOTcxNjcz,Congrui Jin,3.9,14
VGVhY2hlci0yMDAzOTE5,Carol  Johnson,3.5,14
VGVhY2hlci0yOTYyMDQx,Kayla Jones,3.1,14
VGVhY2hlci0yNjc2MTc4,Elif Kaya,3.6,14
VGVhY2hlci0yNzU4MDMx,Caroline Keegan,5.0,14
VGVhY2hlci0yNzkwMjYw,Esmaeil Keyvanshokooh,4.9,14
VGVhY2hlci0yNzUwNjQ2,Byeibitgul Khaumyen,4.4,14
VGVhY2hlci0yNDEzNTc0,Hoyeol Kim,4.6,14
VGVhY2hlci0xOTAzODAy,Vikram Kinra,2.7,14
VGVhY2hlci0yMTQxMDE2,Robert Knight,3.0,14
VGVhY2hlci0yMDc2NzY1,Stephanie Kodatt,5.0,14
VGVhY2hlci0yOTY5MDYx,Scott Kovar,4.1,14
VGVhY2hlci0yMjE4NTEw,Costas Kravaris,4.0,14
VGVhY2hlci0xNTcyNTU4,Yue Kuo,1.9,14
VGVhY2hlci0yMzE5NTc3,Jaan Laane,4.3,14
VGVhY2hlci0yNjQ1NTMw,Antonio La Pastina,4.4,14
VGVhY2hlci0yMzgyNjU4,David Larson,3.0,14
VGVhY2hlci0xNzE5MjU3,Sarel Lavy,1.6,14
VGVhY2hlci0yOTY0ODgz,Jaesung Lee,3.6,14
VGVhY2hlci0yODQwMDAx,Wanhe Li,4.7,14
VGVhY2hlci0yMjI1NjUy,Ying Li,2.7,14
VGVhY2hlci0yNzUzOTIw,Ty Longmire-Monford,4.7,14
VGVhY2hlci0yMzgzNjgy,Oscar Lopez,1.0,14
VGVhY2hlci0xOTk1NjI1,Alessandra  Luiselli,4.6,14
VGVhY2hlci0yMjMxMDM4,Stephen Maren,4.3,14
VGVhY2hlci0yODkwNDMw,Francesca Marini,5.0,14
VGVhY2hlci0yODgyMTkw,Franchesca Marini,5.0,14
VGVhY2hlci0yNTM4NDAy,Rachel Matheny,5.0,14
VGVhY2hlci0yOTcwOTUw,Jacob  McFarland,2.1,14
VGVhY2hlci0xNjMxNjM4,William McIntosh,4.4,14
VGVhY2hlci0yNTYxNTMz,Alejandro Medina,3.1,14
VGVhY2hlci0yOTgwNTYy,Brett Meisinger,4.7,14
VGVhY2hlci0yNzczOTEw,Grace Melo,1.6,14
VGVhY2hlci0xNzY5Mzg2,Bradley Metz,1.6,14
VGVhY2hlci0yNDAyNzI2,Eller Michael,3.4,14
VGVhY2hlci0yMzU1Mjg1,Christopher Moore,4.3,14
VGVhY2hlci0yOTk5NjA1,Tung Nguyen,2.7,14
VGVhY2hlci0zMTQ4NzA3,Ciara  Nugent,4.5,14
VGVhY2hlci0yMzI2Mzg1,Bilge O'Hearn,3.7,14
VGVhY2hlci0yNDg1OTQx,Burhan Ozfidan,4.8,14
VGVhY2hlci0yNjk2MzI2,Heng Pan,3.9,14
VGVhY2hlci0yMzY3NDEw,Susan Payne,3.9,14
VGVhY2hlci0yNzUzMTgy,Alex Peters,5.0,14
VGVhY2hlci0yMjg0Mzk1,Zachary Price,2.6,14
VGVhY2hlci0yMzk1Mjc4,Cemal Pulak,3.9,14
VGVhY2hlci0yOTUzMDQ2,Jingjing Qiu,4.0,14
VGVhY2hlci0zMDQ4NzM1,Juan Quiroz,5.0,14
VGVhY2hlci0yNDgzNDg5,Nithya Rajan,2.3,14
VGVhY2hlci0xNjY4Mzc3,Srividya Ramasubramanian,4.1,14
VGVhY2hlci0yMjcwODMz,Robert Reed,4.7,14
VGVhY2hlci0yNzg5NDQ4,Vanessa Restrepo,3.0,14
VGVhY2hlci0yNjQxNjEx,Zachary Riggins,2.1,14
VGVhY2hlci0yMjQ0Mjc1,Thaddeus Romansky,4.2,14
VGVhY2hlci0yMzA2Njcx,Leslie Ruyle,3.1,14
VGVhY2hlci0yMzAzODA3,Rossana Salcedo,4.4,14
VGVhY2hlci0yOTE3NDA1,Caitlyn Salinas,4.4,14
VGVhY2hlci0yMjA3NTM5,Ramilingam Saravanan,3.1,14
VGVhY2hlci0yNjYwNjYy,Tapasree Sarkar,4.4,14
VGVhY2hlci0yODc5OTMw,Nitesh Saxena,5.0,14
VGVhY2hlci0xOTc3Nzgy,Karenbeth Scholthof,2.9,14
VGVhY2hlci0yNDMxNjk3,Michael Schuett,4.3,14
VGVhY2hlci0yNjEzMDQ2,Donnie Secreast,5.0,14
VGVhY2hlci0xNTY1ODk0,Adam Seipp,4.9,14
VGVhY2hlci0xNDY1MDMz,Ravi Sen,2.6,14
VGVhY2hlci0zMDM2OTIz,Sam Sharman ,5.0,14
VGVhY2hlci0yMzE1MjQ3,William Shaw,1.6,14
VGVhY2hlci0yMDM0NTU3,Thomas Siefert,5.0,14
VGVhY2hlci0yODM5ODUz,Donggil Song,4.0,14
VGVhY2hlci0yNDQ1NTU0,Angenette Spalink,4.6,14
VGVhY2hlci0yNTk0Nzgz,Chelliah Sriskandarajah,3.3,14
VGVhY2hlci0xODY3OTE0,Jacqueline Stillisano,1.9,14
VGVhY2hlci0yOTAyOTY5,Eleanor  Su-Keene,5.0,14
VGVhY2hlci0yNTA3Njg3,Svetlana Sukhishvili,2.0,14
VGVhY2hlci0yMjkyNTEz,Mahima Suresh,4.4,14
VGVhY2hlci04MzMzNzU=,Arvind Susarla,2.9,14
VGVhY2hlci0yNjQ5MTkz,Larry Suva,2.1,14
VGVhY2hlci0yNTU4Njc2,Chao Tian,2.4,14
VGVhY2hlci0yMjA2MjI0,Teresa Vilaros,4.1,14
VGVhY2hlci0zMDkyNzM3,Scott Vlasek,3.9,14
VGVhY2hlci0yNTI4NzE5,Jessica Walker,2.3,14
VGVhY2hlci0yNjA4MDc3,Dechun Wang,4.3,14
VGVhY2hlci0zMTE3NzQx,Xueyin Wang,3.6,14
VGVhY2hlci0yNzMxMjg1,Jeffrey Wiegert,5.0,14
VGVhY2hlci0yODkxMzU3,Natasha Wilkerson,5.0,14
VGVhY2hlci0yNjQ4MTU2,Jane Winslow,1.6,14
VGVhY2hlci0yOTgwNTYw,Shuyi Xie,3.9,14
VGVhY2hlci0xOTQwODcy,Huafei Yan,4.3,14
VGVhY2hlci0yMTQ4MTc3,Christopher Yust,5.0,14
VGVhY2hlci0yMjAxMjE5,Catherine Zabilski,5.0,14
VGVhY2hlci0yNDg4NzU3,Byron Zambrano,2.2,14
VGVhY2hlci0xMDE0NTk4,Jill Zarestky,3.0,14
VGVhY2hlci0yODQ3Mzkx,Bangning Zhang,4.6,14
VGVhY2hlci0yNzQxNjYz,Bin Zhang,4.9,14
VGVhY2hlci0yNzQyNjEw,Muhammad Zubairy,4.1,14
VGVhY2hlci0yNjQ4MTky,Sanjay Antony-Babu,4.9,13
VGVhY2hlci0yMDY2NzI5,Noah Bacine,4.7,13
VGVhY2hlci0yOTAyNzI5,Fay  Belshe ,3.6,13
VGVhY2hlci04NjgxOTU=,Clay Cavinder,3.6,13
VGVhY2hlci0yMzk4Njg1,Aramayis Dallakyan,3.0,13
VGVhY2hlci0yNjQyNzQ3,Suzanne Droleskey,4.7,13
VGVhY2hlci00OTI4OQ==,Roger Gold,4.4,13
VGVhY2hlci0yMjk2ODQ0,Shannon Gonzenbach,4.9,13
VGVhY2hlci0yNDUyMDkz,Hao Guo,4.4,13
VGVhY2hlci0yNjQzMDgz,Zohaib Hasnain,3.6,13
VGVhY2hlci0xNDY1Mzk5,Yvette Hester,2.8,13
VGVhY2hlci03NTc5MTA=,Peter Kuchment,3.8,13
VGVhY2hlci0yMDM0ODgx,Peng Li,3.6,13
VGVhY2hlci0xNjMwMzEx,Carol Loopstra,3.8,13
VGVhY2hlci02MzYxOTE=,Larry Peck,2.3,13
VGVhY2hlci0yMDk3Mzg2,Leah Sandlin,3.4,13
VGVhY2hlci0yMjgyMDkx,Jennifer Scasta,4.4,13
VGVhY2hlci0yNzk4NTUx,Manish Shetty,3.0,13
VGVhY2hlci0xODUwMTY0,Greg Stark,4.9,13
VGVhY2hlci0xODk4NTY3,Reid Stavinhoa,4.9,13
VGVhY2hlci0xOTI0MzE5,Dustin Steinhauer,2.7,13
VGVhY2hlci0yOTM3ODMw,Andy Thomas,3.4,13
VGVhY2hlci02OTY3NTg=,E. Tretter,2.3,13
VGVhY2hlci0xNzc3MTgy,Laura White,4.9,13
VGVhY2hlci0yMzM1MzI3,Kelvin Xie,4.9,13
VGVhY2hlci0yNjQ1MTI5,Ahmed Abdelaal,4.7,12
VGVhY2hlci02ODM1NTM=,Michael Abelson,3.6,12
VGVhY2hlci0yMzU3MzE2,Angela Achorn,4.8,12
VGVhY2hlci0yMTI2Mjkz,Anupam Agrawal,4.8,12
VGVhY2hlci0yODk2NTQz,David Alexander,4.4,12
VGVhY2hlci0yNTcyMzg5,Daniel Alge,3.3,12
VGVhY2hlci0yNTQxMTg2,Joshua Alley,2.0,12
VGVhY2hlci02NTg1Mzc=,David Anderson,2.6,12
VGVhY2hlci0yMTI1OTAx,Brian Applegate,1.5,12
VGVhY2hlci0zMDQxNTc4,Emmanuel Aprilakis,5.0,12
VGVhY2hlci0yOTEzNDgz,Nazim Asani,5.0,12
VGVhY2hlci0yOTgyMzEx,Yael  Avnaim ,5.0,12
VGVhY2hlci0yOTgwMjc2,Benjamin Baaske,4.8,12
VGVhY2hlci0yNDY2MzMz,Evette Barbier,1.3,12
VGVhY2hlci0yNTQ3NTY0,Raymond Batchelor,5.0,12
VGVhY2hlci0yOTI3NzAy,Carolyn Biery,3.8,12
VGVhY2hlci02ODIxMDY=,R Boenig,3.6,12
VGVhY2hlci0yOTY0MDA4,Willy Bolander,5.0,12
VGVhY2hlci0yNDk3NTI5,Iman Borazjani,1.7,12
VGVhY2hlci0yMzcwNTU1,Blake Boudreaux,3.0,12
VGVhY2hlci0yOTYzOTYx,Emily Bujnoch,2.8,12
VGVhY2hlci0yNTIyODM3,Heng Cai,4.2,12
VGVhY2hlci0yOTk0MDEy,Mahul Chakraborty,2.0,12
VGVhY2hlci0yOTUzNzQy,Abby  Chin,4.2,12
VGVhY2hlci0yMzcxODg1,Mahjabin Chowdhury,3.2,12
VGVhY2hlci0yNTU3OTEw,Paul Cizmas,1.8,12
VGVhY2hlci0yNjk5MzMz,Daniel Cohen,4.0,12
VGVhY2hlci0yMzY2NTQ1,Kyle Colglazier,2.5,12
VGVhY2hlci0yNjkxNDc4,Erica Collins,5.0,12
VGVhY2hlci0yMDUzODc0,Lauren Cook,4.8,12
VGVhY2hlci0yNzU5MTQ1,Marcia Cooper,2.5,12
VGVhY2hlci0yODEyMzIw,Delaney Couri,4.3,12
VGVhY2hlci0yNjkzMDI1,Gemini Creason Parker,3.2,12
VGVhY2hlci0yOTk3NTM5,Ronald Crowe,2.7,12
VGVhY2hlci0yMTQ0OTYy,Ohannes Eknoyan,2.4,12
VGVhY2hlci05ODU0MjY=,John Ellison,3.5,12
VGVhY2hlci0yOTEyMDkz,Landry Estes,4.8,12
VGVhY2hlci0xOTE0NTc0,Laura Estill,4.7,12
VGVhY2hlci0yNDQyODQ2,Andrea Ettekal,4.8,12
VGVhY2hlci0yMzI4ODM4,Yuhua Farnell,4.5,12
VGVhY2hlci0yNTI5NTc4,Russell Feagin,3.0,12
VGVhY2hlci0yNzk2NzM4,Sandun Fernando,4.5,12
VGVhY2hlci0yMDc1OTI4,Lori Fields,3.1,12
VGVhY2hlci0yOTYwNjE1,Carlo Fiorina,4.3,12
VGVhY2hlci0yNTgzNjU2,Masami Fujiwara,3.3,12
VGVhY2hlci0yMjI2NjEx,Stephen Fulling,2.8,12
VGVhY2hlci0yODM5NDE5,Spencer Goidel,5.0,12
VGVhY2hlci0yNjcwNDIz,David Griffith,5.0,12
VGVhY2hlci0yNzg0MTMz,Steven Grossman,3.3,12
VGVhY2hlci0yNjgyOTA3,Jim Guinn,3.5,12
VGVhY2hlci0yNTU0MjA1,Jumanah Hajjat,2.0,12
VGVhY2hlci0yNzYxMDE4,Mark Hall,4.8,12
VGVhY2hlci0xOTI3NTgz,Tracy Hammond,2.6,12
VGVhY2hlci0xODg5NTUy,Michael Hand,4.7,12
VGVhY2hlci0yNjExNzQ5,John Hanks,3.7,12
VGVhY2hlci0yOTU4MTQw,Stephen Harrop,2.8,12
VGVhY2hlci0zMDk4NjUy,Ahmad Hassani,3.3,12
VGVhY2hlci0xOTUzODg2,Tami Hawkins,2.5,12
VGVhY2hlci0yMzk5OTA4,Douglas Hensley,2.0,12
VGVhY2hlci0yNjQ0MzQw,Benjamin Herman,2.7,12
VGVhY2hlci0yMTkyMzcx,Katharine Hodgdon,4.8,12
VGVhY2hlci0xMjgxMzEw,Chris Houser,3.5,12
VGVhY2hlci0yNDI0Mjg3,Jessica Howell,1.5,12
VGVhY2hlci0yNjk4NzIz,Gwendolyn Inocencio,5.0,12
VGVhY2hlci0yNTg2MTk3,Anthony Ives,3.8,12
VGVhY2hlci0yNjc3MDM2,Ajit Jain,2.5,12
VGVhY2hlci0yMTI0OTgx,Carly Jennings,4.2,12
VGVhY2hlci0yNDMzMDE2,Gregory Johnson,4.0,12
VGVhY2hlci0zMDA4MjE2,Lindsey Jones,2.2,12
VGVhY2hlci0zMTE5Njg2,Sondra  Junek ,5.0,12
VGVhY2hlci0yMDg0MzUy,Negar Kalantar,5.0,12
VGVhY2hlci0yMDY3NDA2,Claire Katz,4.7,12
VGVhY2hlci0yMzAxMDI2,Ruchan Kaya,3.8,12
VGVhY2hlci0yMTc0OTUw,Peter Keating,2.3,12
VGVhY2hlci0yODMxODA2,Daniel Keenen,4.8,12
VGVhY2hlci0zMDEyMDE1,Curry Kennedy,4.8,12
VGVhY2hlci0yMTg4ODUx,Homa Khosravian,3.3,12
VGVhY2hlci02NTAzNzk=,Tom Kiffe,2.6,12
VGVhY2hlci0yMzYxODk4,Minsu Kim,2.8,12
VGVhY2hlci0xOTAyOTg2,Seung-Hyun Kim,3.7,12
VGVhY2hlci0yNjU2ODcy,Yong-Rak Kim,4.0,12
VGVhY2hlci0yOTA1MDYw,Mark Kimber,4.8,12
VGVhY2hlci0yNDY3NjU2,Westin King,1.0,12
VGVhY2hlci0yMjM2Njk5,Laszlo Kish,4.7,12
VGVhY2hlci0yNTM0ODY5,Maria Koliou,4.0,12
VGVhY2hlci0zMDY5OTAw,Aravind Krishnamoorthy,4.4,12
VGVhY2hlci0yOTU1MzM5,Annette Kyle,4.3,12
VGVhY2hlci0xODgwMzY3,Ebony Lai Hing,3.2,12
VGVhY2hlci0yNTk1MDIy,Shoufeng Lan,4.8,12
VGVhY2hlci0yOTA2MzA2,Christopher  Lanclos,1.5,12
VGVhY2hlci0yNjkzMDA1,Taylor Lanthrope,2.3,12
VGVhY2hlci0xNTA3MzQ1,Antonio Lapastina,5.0,12
VGVhY2hlci0yODQxNzQ2,Mark LaSota,4.8,12
VGVhY2hlci0yMzc4MTIz,John Lawler,1.7,12
VGVhY2hlci0yMjE4NDA3,Raytcho Lazarov,2.7,12
VGVhY2hlci0yNjAyODM4,Chanam Lee,4.8,12
VGVhY2hlci0yMzA4MDAx,Ayland Letsinger,5.0,12
VGVhY2hlci0yNzQ3MjIz,Zaifeng Lin,2.0,12
VGVhY2hlci0yMzEzNzgz,Leah Lintz,5.0,12
VGVhY2hlci0yMjQ4NTg5,Wenshe Liu,3.8,12
VGVhY2hlci0yOTUyODM5,Blanca Lupiani,3.2,12
VGVhY2hlci0yMzA3MjY1,Benjamin Lynch,4.3,12
VGVhY2hlci0yOTQ3NDc5,Andong Ma,3.3,12
VGVhY2hlci0xNzI3ODc2,Clinton MacHann,3.5,12
VGVhY2hlci0yMTEwODgw,Christopher Manuel,2.5,12
VGVhY2hlci0zMDU3Njk5,Marie Maros,2.5,12
VGVhY2hlci0yNzg1NzYw,Nadav Mer,4.0,12
VGVhY2hlci0yODU0MTY4,Nadav Mer,4.5,12
VGVhY2hlci0yMzYwMzc2,Erica Metheney,4.8,12
VGVhY2hlci0yMzYzMjQx,Stephen Miller,2.8,12
VGVhY2hlci0yMDI1MDQ4,Jim Mjelde,1.3,12
VGVhY2hlci0xMjEwMTY=,Mila Mogilevsky,4.0,12
VGVhY2hlci0yOTU4NDQx,Andrew Moodie,4.7,12
VGVhY2hlci0zMTA2MzM2,Timothy  Morgan,3.8,12
VGVhY2hlci0yNjMwNTg2,Buffy Mosley,2.2,12
VGVhY2hlci0yNjU4MDgw,Rika Muhl,4.2,12
VGVhY2hlci0xOTYyMzM0,Adam Naito,4.1,12
VGVhY2hlci0yMjI2MzYx,Julie Newman,4.5,12
VGVhY2hlci0yNjY3ODMy,Desmond Ng,2.3,12
VGVhY2hlci0yMjk4Mzcx,Michael O'Brien,4.8,12
VGVhY2hlci0xNjUwNTY5,Alejandro Orsi,3.3,12
VGVhY2hlci0yODA0ODQx,Portia Owusu,4.1,12
VGVhY2hlci0yNDQzNDMw,Kristyn Pantoja,3.2,12
VGVhY2hlci0yNjgxODE0,Josiah Park,3.8,12
VGVhY2hlci0yNDc4NTYy,Megan Patterson,5.0,12
VGVhY2hlci0xNjEyOTg0,Francisco Pedraza,3.2,12
VGVhY2hlci0yNTExOTE4,Kenneth Perez,4.3,12
VGVhY2hlci0yMTQ5MjU5,Mohsen pourahmadi,4.3,12
VGVhY2hlci0yNjQ2NDQx,Alex Pratt,4.5,12
VGVhY2hlci0yOTgzMjQ3,Rebecca Pugh,3.3,12
VGVhY2hlci0yMTk5ODMw,Michael Quinn,2.7,12
VGVhY2hlci0yNjQzODE1,Shreya Raghavan,3.2,12
VGVhY2hlci0yNzg5NTAy,Kumbakonam Rajagopal,1.7,12
VGVhY2hlci0yNjY4NTg3,Nandini Ramani,3.7,12
VGVhY2hlci0yNTU1OTgw,Anthony Ramirez,4.3,12
VGVhY2hlci0xNTAwODI3,John Reading,2.3,12
VGVhY2hlci0yOTM5MjEx,Gregory Reeves,3.5,12
VGVhY2hlci0yOTQ2NTM4,vanessa reiser ,4.2,12
VGVhY2hlci0yNjYxNzAy,Antonio Rene,3.0,12
VGVhY2hlci0yNDE1NzQz,Erin Roark,4.5,12
VGVhY2hlci0yODc2ODMz,James Rogers,3.8,12
VGVhY2hlci0yMjg2MjAw,Marco Rossi,3.0,12
VGVhY2hlci0yNzQyMTYz,Seyed Saeidi,3.0,12
VGVhY2hlci05NzA4Mjk=,Charles Samuelson,3.8,12
VGVhY2hlci0yMzEzMjU4,Leanee Sardinas,5.0,12
VGVhY2hlci0yODIzMjI4,Shogo Sato,4.3,12
VGVhY2hlci0yODc0NzEx,Adam Scardino,5.0,12
VGVhY2hlci0yMDExODYy,Paul Schreuders,2.0,12
VGVhY2hlci0yMDExODU1,Courtney Schumacher,3.6,12
VGVhY2hlci0yOTA4MjEx,Tatevik Sekhposyan,3.0,12
VGVhY2hlci0yODkzNDc4,Folu Seton,2.0,12
VGVhY2hlci0xOTY3NTUw,Nelson Shake,4.7,12
VGVhY2hlci0yMjM0MjE3,Robert Shandley,3.3,12
VGVhY2hlci0xNDg5NzAz,Simon Sheather,4.3,12
VGVhY2hlci0yNDA3NDYy,Christine Shimek,1.3,12
VGVhY2hlci0yNjQzMTE4,Kelly Shipman,4.8,12
VGVhY2hlci0yNzM1MTE1,Kinsey Skillen,4.3,12
VGVhY2hlci0yNTc1NDEy,Catherine Sliva,2.3,12
VGVhY2hlci0yMTM2OTA2,Ben Smith,5.0,12
VGVhY2hlci0yMTA0Nzg0,Jesus Smith,4.3,12
VGVhY2hlci04NzM0MDA=,Mike Stecher,2.8,12
VGVhY2hlci0yNTk2OTcz,Ramesh Talreja,4.8,12
VGVhY2hlci0yNzY2NzM2,Edwin Thomas,3.3,12
VGVhY2hlci0yNTc1Njcz,Jason Thomas,5.0,12
VGVhY2hlci0yMzMxNzE0,Terry Thomas,4.0,12
VGVhY2hlci0yNzczODYx,Troy Thompson,3.2,12
VGVhY2hlci0yNjQzMTk2,Patricia Thornton,2.2,12
VGVhY2hlci0xNDQ0MDk1,Mike Thorton,4.2,12
VGVhY2hlci0yOTYxMTQ0,Ravi Thyagarajan,3.2,12
VGVhY2hlci0xNTUwMDY=,Tammy Tiner,3.9,12
VGVhY2hlci0yOTQyMDQ1,Mariot Valcin Jr.,5.0,12
VGVhY2hlci0yNjQ3NzE2,David Waltemeyer,5.0,12
VGVhY2hlci0xNTE4ODUy,Bruce Wang,2.7,12
VGVhY2hlci0yOTE2ODMz,Wenping Wang,5.0,12
VGVhY2hlci0yODgzODIw,Ty Werdel,5.0,12
VGVhY2hlci0yMTA0NjE1,Rachel Whitten,3.8,12
VGVhY2hlci0yMjgzOTkx,Lauren Williams,5.0,12
VGVhY2hlci0yNDA1NTM4,Trevor Williams,4.3,12
VGVhY2hlci0yNjk4Mzk0,Codie Wright,3.7,12
VGVhY2hlci0yNTM1MDAx,Jianchao Wu,3.5,12
VGVhY2hlci0yOTA0NDYz,Junwei Xia,3.3,12
VGVhY2hlci0yODYyNjEx,Yunkang Yang,4.2,12
VGVhY2hlci0zMDM0OTQ0,Licheng yi,3.0,12
VGVhY2hlci0yMjQ0Mjg5,Jessica Yorzinski,3.5,12
VGVhY2hlci0yOTczNTUy,Zhe Zhang,4.2,12
VGVhY2hlci0yMTQ0NjA5,Zheng Zhang,4.7,12
VGVhY2hlci0zMDk2MTE4,Hejian Zhu,3.3,12
VGVhY2hlci0yNjM0Mjc2,Mark Zoran,5.0,12
VGVhY2hlci0xMDA1NjY0,Robert Bednarz,2.6,11
VGVhY2hlci0yNDI5NDcx,Douglas Bell,2.7,11
VGVhY2hlci01OTk0ODk=,Ludy Benjamin,3.6,11
VGVhY2hlci0xOTc2NTIw,Severine  biard,3.8,11
VGVhY2hlci0yOTcyMTM4,Scott Cummings,5.0,11
VGVhY2hlci0zMDA3NTkz,Damion Dixon,4.5,11
VGVhY2hlci0yNDE4Mzgy,Ceyhun Eksin,2.7,11
VGVhY2hlci0yMTQyNDA2,Jianbang Gan,3.2,11
VGVhY2hlci0yMTA1NjMw,Rick Giardino,2.0,11
VGVhY2hlci0yMzI4NzEw,Jill Honeycutt,5.0,11
VGVhY2hlci0yNzk1ODcy,Jacob Kendra,5.0,11
VGVhY2hlci0yNTUxNTQ0,Ji Koung Kim,5.0,11
VGVhY2hlci02MzQ2OTM=,P. Sim Lee,2.9,11
VGVhY2hlci0yMjU5OTAx,Yan Liu,5.0,11
VGVhY2hlci0xMTQ5NzYw,Derek Mallet,4.8,11
VGVhY2hlci0yNDQwOTc2,Arti Nadkarni,2.2,11
VGVhY2hlci0xMjU4MzE5,Francis Narcowich,1.8,11
VGVhY2hlci0xMjk4NDYy,Carlos Reimers,4.0,11
VGVhY2hlci0zMDkxNzgy,Jimin Rhim,3.8,11
VGVhY2hlci0yOTY5Njk4,Neil Rosenfeld,3.7,11
VGVhY2hlci01MDUyMjQ=,Charles Scanlan,2.9,11
VGVhY2hlci0xODk4NTcy,Michael Stavinoha,4.8,11
VGVhY2hlci0yMzc3MTI1,Brittany Street,4.2,11
VGVhY2hlci0yMzI5NzQz,Dvahg Swaroop,4.3,11
VGVhY2hlci0xODk2MTc5,Gary Williams,2.3,11
VGVhY2hlci0yNTkxMjMw,Davis Winchester,5.0,11
VGVhY2hlci02NjA2MjM=,Jayne Zajicek,4.3,11
VGVhY2hlci0yNzczNjI0,Amanda Achberger,2.2,10
VGVhY2hlci0yMzcxMjI3,Gia Alexander,4.2,10
VGVhY2hlci0yNTI0NzMx,David Allen,4.8,10
VGVhY2hlci0yNjYzMzk5,Baykal Altiner,4.6,10
VGVhY2hlci0yNjM3NDUx,Christina Amo,4.6,10
VGVhY2hlci0yNTA4MTA3,Mingming Ao,2.4,10
VGVhY2hlci0yMjg1NDQ4,David Appel,4.6,10
VGVhY2hlci0zMDAyNzAz,Jesus Arroyo,3.8,10
VGVhY2hlci0yODE0MTUy,Kadri Atli,3.4,10
VGVhY2hlci0yNjM3MTky,James Bailey,4.0,10
VGVhY2hlci0zMDE2Nzg0,Bulkeley Banks,4.2,10
VGVhY2hlci0xNTk3OTYz,Clare Barratt,3.9,10
VGVhY2hlci0yNjM5Mzk3,Ashley Barros,3.8,10
VGVhY2hlci0yMTYyMzI4,Emily Bartz,4.8,10
VGVhY2hlci0yNTk0NDUy,Kourtney Bassett,4.2,10
VGVhY2hlci0yODMyMzgy,Bethany Becktell,5.0,10
VGVhY2hlci0yNDgwMzY4,Laura Bernal-Rios,3.0,10
VGVhY2hlci0xMDY5MjQ2,Dennis Berthold,4.4,10
VGVhY2hlci0yNDE2MDY0,Shankar Bhattacharyya,4.2,10
VGVhY2hlci0yMDAxOTQz,Geoffrey Booth,5.0,10
VGVhY2hlci0yMTI4Mzcx,Gavin Braman,3.0,10
VGVhY2hlci0yNDM5NTU1,Michael Brannan,2.6,10
VGVhY2hlci0yOTE4NTg0,Donald  Brightsmith,5.0,10
VGVhY2hlci0yODc0NDIw,Candice Brinkmeyer-Langford,5.0,10
VGVhY2hlci0xMjAwNjUy,Donathan Brown,3.7,10
VGVhY2hlci0xNDU2OTcy,Mary Bryk,2.6,10
VGVhY2hlci0yMzU5NjYw,Sarah Buenger,2.8,10
VGVhY2hlci0yNzQ4Nzky,Jackson Bunting,3.0,10
VGVhY2hlci0yNTgxMTA3,Patrick Burkhart,2.0,10
VGVhY2hlci0yNjE0NTU2,Catherine Busch Silkwood,3.4,10
VGVhY2hlci0yNzc3MTQ2,Sergiy Butenko,4.8,10
VGVhY2hlci0yMjIxNjg5,Yoandy Cabrera Ortega,4.4,10
VGVhY2hlci05Njg=,David Cairns,4.2,10
VGVhY2hlci0yMTk4ODEz,John Campbell,3.0,10
VGVhY2hlci0yOTE4OTI3,Alondra Ceballos,3.2,10
VGVhY2hlci0yNDMwMTg1,Ekaterina Cervantes,4.0,10
VGVhY2hlci0zMDQ2NTkw,Jill Cetina,4.8,10
VGVhY2hlci0yNDU3MTYx,Jed Chalupa,4.0,10
VGVhY2hlci0zMDk5MTQz,Flora  Charner,5.0,10
VGVhY2hlci0yMTQ3Mzc4,Feifei Chen,3.5,10
VGVhY2hlci0yMDQ1Mzcw,Hongliang Chen,2.7,10
VGVhY2hlci05OTUyNDM=,Chris Cherry,5.0,10
VGVhY2hlci01ODczMTI=,Bart Childs,3.3,10
VGVhY2hlci0yMTIyODg0,Ifte Choudhury,2.2,10
VGVhY2hlci0zMDA4MjQ0,Conner Clark,4.2,10
VGVhY2hlci0zMDY3NTkz,Roger Clarke,5.0,10
VGVhY2hlci0yOTU0MzY2,Felipe Coelho,4.6,10
VGVhY2hlci0xOTc2NzEw,Donald  Collins,3.4,10
VGVhY2hlci0yMzA4NDA0,Haley Collins,2.8,10
VGVhY2hlci0yMzg0NTEw,William Coombs,2.2,10
VGVhY2hlci0yNDMyMTI1,Jessie Cortez,4.6,10
VGVhY2hlci0yOTAwODQx,Casey Crisman-Cox,3.4,10
VGVhY2hlci0zMDkzNDI1,Avery Culbertson,2.7,10
VGVhY2hlci0yOTUyMzE1,Akshara Dafre,3.6,10
VGVhY2hlci0yNzgzNzYy,Brian Davis,3.6,10
VGVhY2hlci0yMDM5NjE5,Jory Denny,4.6,10
VGVhY2hlci0yMTI0MjAz,Darren Depoy,4.3,10
VGVhY2hlci0zMDY5NzQ1,Damon Diamantaras,4.8,10
VGVhY2hlci0yMjUzMjcw,Manish Dixit,4.4,10
VGVhY2hlci0yNDQ1NzIy,James Dole,4.4,10
VGVhY2hlci0yNjY3Nzk0,Jim Donnell,3.6,10
VGVhY2hlci0yMjEzMTYz,Hannah Durick,4.0,10
VGVhY2hlci0zMTI2MjQ4,Solangia Engler,5.0,10
VGVhY2hlci0xOTUyMzE1,Edelmiro Escamilla,4.7,10
VGVhY2hlci0yMjcyNjAw,George Eustace,3.0,10
VGVhY2hlci0yNTQyNzI5,Jennifer Evans,5.0,10
VGVhY2hlci0yNjAzNTE1,Stephen Evans,5.0,10
VGVhY2hlci0yMDc3Nzg5,Mark Everett,4.7,10
VGVhY2hlci0yNjg3NTcx,Richard Feldman,4.2,10
VGVhY2hlci0yOTAxOTcy,Rafael Fernandez-Lopez,4.8,10
VGVhY2hlci0yMTQwNDE2,Simon Foucart,3.0,10
VGVhY2hlci0yMDQ1Nzky,Keith Gaddis,4.9,10
VGVhY2hlci0xOTUxOTMw,Philip Galanter,2.6,10
VGVhY2hlci0yNjQyNDM5,Ya Gao,3.8,10
VGVhY2hlci0yOTY1MTcz,Alfredo Garcia,2.0,10
VGVhY2hlci0xODkwNjY5,Sarah Gatson,4.1,10
VGVhY2hlci00MjE0ODU=,Theodore George,5.0,10
VGVhY2hlci0yOTY4MTI0,Joseph Geunes,3.4,10
VGVhY2hlci0yNDAzNDA2,Mukulika Ghosh,2.6,10
VGVhY2hlci0yMTU3MDk3,Dianne Goldsby,4.0,10
VGVhY2hlci0yMDY2MTEw,Richard Golsan,5.0,10
VGVhY2hlci0xODk4NTcz,Hector Gracimartin,4.8,10
VGVhY2hlci0yMTI5NTkw,Zachary Grasley,4.2,10
VGVhY2hlci0yMjM5NTc2,John Green,2.2,10
VGVhY2hlci0yNzExMTk0,Rebecca Grizzard,2.8,10
VGVhY2hlci0yNzc0Nzc1,Ellen Hagen,2.4,10
VGVhY2hlci0zMTQyODMw,Lauren Hagler,2.0,10
VGVhY2hlci0yOTcwOTQy,Michael Hall,4.0,10
VGVhY2hlci02MDk3MDQ=,Timothy Hall,1.9,10
VGVhY2hlci0yNzc1OTY1,Drew Hamilton,2.6,10
VGVhY2hlci0yMjg1MjIw,Willie Harmon,4.8,10
VGVhY2hlci0yODUxODQ2,Trevor Harris,3.6,10
VGVhY2hlci0yMTU3NTY2,William Harwell,5.0,10
VGVhY2hlci0yNDI4MTU0,Andrew Hawkins,3.4,10
VGVhY2hlci0yMjQxNzgy,Brad Hepfer,5.0,10
VGVhY2hlci0xMDg5NDE5,Andy Herring,4.4,10
VGVhY2hlci0yOTk5OTI5,Mallory Hewitt,3.6,10
VGVhY2hlci0xNjg2MzMy,Jim Holste,2.6,10
VGVhY2hlci0zMTIyNTcz,Runjie Hu,3.0,10
VGVhY2hlci0yNTg0MzM0,Alida Hudson,4.4,10
VGVhY2hlci0yODIyOTI1,Lee Hudson,5.0,10
VGVhY2hlci0yNTM2ODk1,MaryBeth Hueste,3.4,10
VGVhY2hlci0zMDQ1ODM5,Elizabeth Ivey,5.0,10
VGVhY2hlci0yMzYwODI2,Zachary Jackson,3.4,10
VGVhY2hlci0yMTgzMzEz,Timothy Jacobs,5.0,10
VGVhY2hlci0yMzc0MjE0,Ann Jochens,4.6,10
VGVhY2hlci0yMzk0NzU2,Jay Johnson,4.2,10
VGVhY2hlci0yOTYwODg3,Jeff Jones,4.6,10
VGVhY2hlci0xNjY2MDIx,Ron Kaiser,2.7,10
VGVhY2hlci0yODIxOTMx,Stavros Kalafatis,4.4,10
VGVhY2hlci0yMjIwOTky,Jun Kameoka,3.8,10
VGVhY2hlci0yMTQwOTQ0,Christina Kan,3.6,10
VGVhY2hlci0yNDg4ODU3,Ho-Yeong Kang,1.2,10
VGVhY2hlci0yNDIwMDgw,David Kerr,3.4,10
VGVhY2hlci0yNDk0MDcx,Hyunjung Kim,4.8,10
VGVhY2hlci0yNTMzNjE4,Jungah Kim,4.2,10
VGVhY2hlci0xNzc1NjA3,Kelle Kirkpatrick,4.9,10
VGVhY2hlci0yNDc4ODc2,Merwyn Kothmann,3.0,10
VGVhY2hlci0yMDg2Mzkz,Mort Kothmann,2.1,10
VGVhY2hlci0yNzEwMTA0,Masatoshi Kuniyoshi,3.8,10
VGVhY2hlci0xMTcxNDQ5,Joseph Landsberg,2.0,10
VGVhY2hlci0yMDQzMDcx,Terry Larsen,1.1,10
VGVhY2hlci0yNDU0MzUw,Ryun Jung Lee,4.8,10
VGVhY2hlci0yNDg2Mjk5,Quinn Linford,3.2,10
VGVhY2hlci0zMDM5ODM3,Bo Liu,4.4,10
VGVhY2hlci0yNjk3Mjg1,Chun-Hung Liu,3.4,10
VGVhY2hlci0yNjc1ODcx,Mara London,3.2,10
VGVhY2hlci0yMDM4NDkx,Xinghua Long,2.6,10
VGVhY2hlci0yMDA4NDEw,Paticia Lynch,3.6,10
VGVhY2hlci0yMjIxNzc4,Ji Ma,4.4,10
VGVhY2hlci0yNTgzMjIz,Samuel Mabbott,3.7,10
VGVhY2hlci0yMjQzMzE2,Nathan Madrid,4.2,10
VGVhY2hlci0yODk3MjI2,Joshua Mashburn,4.8,10
VGVhY2hlci0xNjU3Njk1,Marina Matteos,4.1,10
VGVhY2hlci0yMTEzMDU=,Janet McCann,4.7,10
VGVhY2hlci0xMzk4Nzgw,Duane McVay,1.5,10
VGVhY2hlci0yODI4Mzgy,Sara Mendez,4.2,10
VGVhY2hlci0zMDUyODEx,Ashok Mishra,4.4,10
VGVhY2hlci0yMDU0MDE3,Timothy Mitchell,3.0,10
VGVhY2hlci0yMTUzMzgw,Anne Morey,2.6,10
VGVhY2hlci0yOTcxNzMw,Aaron Morton,4.8,10
VGVhY2hlci0yMzg4NzA2,Clayton Mulvihill,4.8,10
VGVhY2hlci0yMDcyNTg2,Carrie Murawski,3.6,10
VGVhY2hlci0yMDY3MDM1,Theresa Murphrey,4.9,10
VGVhY2hlci0yMzc3NDE4,William Murphy,3.0,10
VGVhY2hlci0xMzUyNjEx,April Nafstad,4.9,10
VGVhY2hlci0yNzA4OTcy,Brian Nakamura,5.0,10
VGVhY2hlci0yMzAxNjk0,Eduardo Nakamura,4.8,10
VGVhY2hlci0yODE1NDc1,Mohammad Naraghi,4.4,10
VGVhY2hlci0xNTI0OTgw,Carrie Nederman,4.5,10
VGVhY2hlci0zMDY5NjEy,Lydia Needy,5.0,10
VGVhY2hlci0yNDc0Njgw,Thomas Neel,3.8,10
VGVhY2hlci0yMjQ1MjAz,Ryan Neighbors,4.0,10
VGVhY2hlci0yNDk3Njc4,Yang Ni,3.4,10
VGVhY2hlci0yMzQ2NzYw,Youngre Noh,4.8,10
VGVhY2hlci0zMTM0NDUx,Paul O'Donnell,5.0,10
VGVhY2hlci0yMzE2NjQ5,Benjamin Ogden,4.2,10
VGVhY2hlci0yNTk1Mjgy,Sushil Paudyal,4.4,10
VGVhY2hlci0yMTk0NTgw,Tiffany Peltier,4.2,10
VGVhY2hlci0yNzc4MDA5,Ray Pentecost,5.0,10
VGVhY2hlci0yMjY4NjY3,Nicholas Perez,3.8,10
VGVhY2hlci0yODA4MjAw,Matt Pharr,5.0,10
VGVhY2hlci0yMDY5NDk2,Weston Porter,3.1,10
VGVhY2hlci0yMDAxNTY1,Jessica Potts,3.3,10
VGVhY2hlci0zMTI3ODkz,Rhiannon Powers,5.0,10
VGVhY2hlci0yNzkzMDAw,Tyler Prochnow,4.6,10
VGVhY2hlci0yNzU5Njk3,Rick Pulos,4.0,10
VGVhY2hlci0xMzgxMDM0,Timothy Rainone,4.9,10
VGVhY2hlci0xOTYzMjM2,Jessica Raterman,3.6,10
VGVhY2hlci0yNjExODg2,Sivakumar Rathinam,2.8,10
VGVhY2hlci0yMzQ5MTA3,Shakiba Razmeh,5.0,10
VGVhY2hlci0yMDQ0MTQw,Bobby Reece,4.8,10
VGVhY2hlci0zMDYwNzg4,Jonathan  Reid ,4.8,10
VGVhY2hlci0yMzQzMjMx,Andrew Rettenmaier,3.0,10
VGVhY2hlci0yOTYyMjMy,Eric Rivera Rodriguez,4.0,10
VGVhY2hlci0yOTc0MjY0,Gail Rogers,2.4,10
VGVhY2hlci0yNzk1MDEy,Shawna Ross,4.8,10
VGVhY2hlci0yMzA4OTc5,Andrew Royston,4.0,10
VGVhY2hlci0zMDQ5NDY1,Riti Sachdeva,4.2,10
VGVhY2hlci0zNTc5ODM=,Jennifer Sandlin,4.3,10
VGVhY2hlci0yODIyNzY4,Megan Savjda-Hardy,5.0,10
VGVhY2hlci0yNTc5Nzg4,Matthew Scarfone,3.6,10
VGVhY2hlci0yMDkxODA4,Jerome Schubert,2.9,10
VGVhY2hlci0yMTY0ODc2,Sally Schutz,4.2,10
VGVhY2hlci0yNDMxMjY5,Joy Semien,4.8,10
VGVhY2hlci0yNTA3MDk0,Jinsil Seo,1.6,10
VGVhY2hlci0yNDE0MDE1,Debe Shafer,5.0,10
VGVhY2hlci0yNTQwOTMz,Melissa Shehane,5.0,10
VGVhY2hlci0yMDI2MDA4,Jonathan Shipley,4.8,10
VGVhY2hlci0zMTI3NDIx,Erin Simmons,3.0,10
VGVhY2hlci0yOTk2MjA5,Tiffany Simmons,1.8,10
VGVhY2hlci0yMTk2MTMx,Shyamalendu Sinha,3.0,10
VGVhY2hlci0yMzY3NDEx,Loren Skow,2.0,10
VGVhY2hlci0yNTE0MTU4,Michael Smotherman,4.6,10
VGVhY2hlci0zMDUwNDA4,Andrew Sorensen,5.0,10
VGVhY2hlci0zMzg5MzI=,Jodi Sterle,4.5,10
VGVhY2hlci0yMjYyODI5,Victoria Stiegel,3.2,10
VGVhY2hlci0yMTMxNTU1,Joshua Street,3.6,10
VGVhY2hlci0xOTAzNzk2,Thomas Strganac,2.8,10
VGVhY2hlci0yMzM1NDA2,Robert Strong,3.4,10
VGVhY2hlci0yMzU2NDg0,Mario Suarez,4.4,10
VGVhY2hlci0yMjI2ODU0,Xiaoxian Tang,4.2,10
VGVhY2hlci0yMzY3NDA5,Aaron Tarone,3.4,10
VGVhY2hlci0xMzI5Nzk=,Chuck Taylor,3.5,10
VGVhY2hlci0xMjY4MjQ1,Glen Tolle,4.9,10
VGVhY2hlci0yNjI3NTUy,Kimberly Topp,2.0,10
VGVhY2hlci0yMzcwMzE2,Betsy Torrez,2.6,10
VGVhY2hlci0yNzY1NTUy,Chia-Che Tsai,2.8,10
VGVhY2hlci0yNTY1NTI3,Spyros Tseregounis,2.5,10
VGVhY2hlci0yNDIzOTky,Robin Tucker-Drob,2.2,10
VGVhY2hlci0yMDkyNDg4,Mikko Tuhkanen,2.8,10
VGVhY2hlci0yMTUyOTg0,Andrew Turner,4.2,10
VGVhY2hlci0zMTE2MTY5,Pedro Valentin ,4.6,10
VGVhY2hlci0yNzIwMDEz,Joseph Veldman,3.2,10
VGVhY2hlci0yOTgwODk0,jeanmarie verchot,1.2,10
VGVhY2hlci0yNDg0NDcy,Shelley Wachsmann,4.4,10
VGVhY2hlci0yNTUwNTc4,Joshua Weatherston,4.0,10
VGVhY2hlci0yNTA3MDI0,Andrew Weaver,4.0,10
VGVhY2hlci0yNTkyODcw,Rachael Welder,3.8,10
VGVhY2hlci04OTg5NjI=,James White,3.4,10
VGVhY2hlci0yNTE5NzAy,John White,3.4,10
VGVhY2hlci0xNzcyNjgx,Blake Whittaker,3.8,10
VGVhY2hlci0yODg4MTg5,Allyson Wierenga,4.0,10
VGVhY2hlci0yNjgwNzE4,Caitlin Williams,2.8,10
VGVhY2hlci03Mjc1NjE=,Tiffani Williams,3.6,10
VGVhY2hlci0yMzgxOTA2,Asha Winfield,4.0,10
VGVhY2hlci0yNTkwNDM4,Chuck Wolf,3.6,10
VGVhY2hlci0yOTI1MjY5,Christopher Wyatt,4.6,10
VGVhY2hlci0yMzE3NTkx,Bugrahan Yalvac,4.4,10
VGVhY2hlci0yNDI3ODAw,Diana Yarzagaray,4.6,10
VGVhY2hlci0yNDA2NTM1,Alvin Yeh,1.4,10
VGVhY2hlci0yNDQ2NzM3,Qi Ying,3.8,10
VGVhY2hlci0zMTI0NDA5,Kelie Yoho,4.5,10
VGVhY2hlci0yNTg1NTQw,Seon-Myung Yoo,4.6,10
VGVhY2hlci0yMjk3MzY3,Matthew Young,4.0,10
VGVhY2hlci0xNjczMTI4,David Youngblood,2.0,10
VGVhY2hlci02NDkwMDM=,Salih Yurttas,4.7,10
VGVhY2hlci0yMjI2NzU3,Yuan Zhang,4.0,10
VGVhY2hlci0yNTgzNjc5,Yunlong Zhang,4.8,10
VGVhY2hlci0yMzE2NjU5,Zhuwen Zhang,3.8,10
VGVhY2hlci05MDYxMjI=,K Baumbauer,4.2,9
VGVhY2hlci0xNDc4OTA2,Michael Beauchamp,3.0,9
VGVhY2hlci0yMDM2Mjk2,Brittney Becker,4.5,9
VGVhY2hlci0xNzE5ODgy,Michael Benedik,5.0,9
VGVhY2hlci0yMzQ4NTI3,John Bryant,2.8,9
VGVhY2hlci0yNzk4Mjg3,Kun Chang,4.2,9
VGVhY2hlci0yMzE0NDUx,Kevin Crosby,2.8,9
VGVhY2hlci02ODM1NTQ=,Cynthia Devers,4.4,9
VGVhY2hlci0yMjM4Nzc3,Desirae Embree,4.6,9
VGVhY2hlci0yMzQxNTE1,Kevin Friar,4.8,9
VGVhY2hlci05MjUyOTE=,Kenn Harding,2.7,9
VGVhY2hlci0xOTE5NTUw,Gene Hawkins,4.1,9
VGVhY2hlci0yMDE1NTIy,Joshua  Heuman ,3.6,9
VGVhY2hlci0yOTQ0MzY1,Azile Hotz,3.0,9
VGVhY2hlci0xMjc3MDc3,Tazim Jamal,1.9,9
VGVhY2hlci0xMTU3NDY5,J Jasperson,1.8,9
VGVhY2hlci0zMDM2MTUw,Joseph Johnson,2.0,9
VGVhY2hlci0yMTU2MDMy,Youmi Jung,4.2,9
VGVhY2hlci02Njc1OTM=,George Kattawar,2.9,9
VGVhY2hlci0yODQ1MjYx,Orsan Kilicer,4.6,9
VGVhY2hlci0yMzM0NzM0,Andrew Kimball,4.4,9
VGVhY2hlci0yMDU0Nzg0,Matthew May,4.8,9
VGVhY2hlci0xODQzMjc5,Emily McManus,3.8,9
VGVhY2hlci0yODMyNjg4,Aditya Nambiar,4.6,9
VGVhY2hlci0xMjM4MTk2,Joseph Natowitz,3.8,9
VGVhY2hlci0yNDQwODA1,Tolulope Oke,1.5,9
VGVhY2hlci0yNjQyNjM4,Angie Price,3.0,9
VGVhY2hlci0xNzExMzEx,Steven Puller,4.8,9
VGVhY2hlci0xOTQxOTc2,Adrienne  Rhodes,3.9,9
VGVhY2hlci0yMjA5MjIx,Allison Rulseh,4.2,9
VGVhY2hlci0yNzk4OTY2,Toryn Schafer,1.6,9
VGVhY2hlci0zNTcyNzk=,Tahir Schobeiri,1.4,9
VGVhY2hlci0zMTEzMTY3,Zhengzhong  Tu,4.2,9
VGVhY2hlci05MTczMTE=,Jeremy Wasser,4.8,9
VGVhY2hlci0yNDU4OTY0,Jin Xu,2.6,9
VGVhY2hlci0yMDEzODg2,Shanshui Yuan,4.3,9
VGVhY2hlci0xNDM3OTkz,Sandra Acosta,1.0,8
VGVhY2hlci02MTk0NzI=,Marvin Adams,4.4,8
VGVhY2hlci0yODAyMDU0,Luiza Adamyan,4.0,8
VGVhY2hlci0yNjY2MDE5,Glenn Agnolet,3.3,8
VGVhY2hlci0yMjIxNzc2,Sarker Ahmed,5.0,8
VGVhY2hlci0xODY3Njgx,Yucel Akkutlu,3.0,8
VGVhY2hlci0yNTI2NjU3,Maram Al Aqra,4.0,8
VGVhY2hlci04ODIxMjM=,Narasimha Annapareddy,4.6,8
VGVhY2hlci0zMDg5NTk0,Moiz Ansari,4.3,8
VGVhY2hlci0yOTgwNTAx,Rabah Aoufi,1.3,8
VGVhY2hlci0yNTg3MTQ3,Chestin Auzenne-Curl,3.8,8
VGVhY2hlci0yMjIzOTc5,Mehdi Azizkhani,5.0,8
VGVhY2hlci0yOTcwNDQ1,Issaf Bachnak,4.8,8
VGVhY2hlci0yNDcxNDg0,Everett Bailey,2.5,8
VGVhY2hlci0yOTA0ODYy,Arksama Bandyopadhyay,4.5,8
VGVhY2hlci0yOTU4ODcw,Sarah Bankston,5.0,8
VGVhY2hlci0yNzIxNDU3,Bhagyashree Barhate,4.3,8
VGVhY2hlci0yOTk4NTIx,Bryson  Bassett,5.0,8
VGVhY2hlci0yMzg5NzMx,James Batteas,4.4,8
VGVhY2hlci00OTgwODA=,. Bay,4.0,8
VGVhY2hlci0yOTMyMDQ0,Robert Beatty,4.8,8
VGVhY2hlci0zMDQxMDM1,Jeffery Befort,4.5,8
VGVhY2hlci0yMjI2NTEx,Wendi Bellar,2.3,8
VGVhY2hlci0xNDM3NDc0,A Amine Benzerga,4.0,8
VGVhY2hlci0yNjQxOTA2,Raktim Bhattacharya,3.0,8
VGVhY2hlci0yNDg4NTY4,Shradha Bindal,4.0,8
VGVhY2hlci0yNDMwNjIy,Randall Birdwell,4.5,8
VGVhY2hlci0yNjQ3MjEw,Christopher Black,5.0,8
VGVhY2hlci0xMzk4Nzc3,Tom Blasingame,4.5,8
VGVhY2hlci0yMjIyODIw,Rodney Boehm,4.8,8
VGVhY2hlci0yMjIxNTk4,Robert Boenig,4.0,8
VGVhY2hlci0yOTUwMjEy,John  Bogan,4.3,8
VGVhY2hlci0xNDM0ODU3,Kirsten Bohn,3.3,8
VGVhY2hlci0yMzM3NDM0,Stoian Borissov,3.3,8
VGVhY2hlci0zMDAyMDY0,Boone Bowles,5.0,8
VGVhY2hlci0yNjk4NTU3,Emily Brady,4.0,8
VGVhY2hlci0yNzc1Mjky,Nathan Brady,4.3,8
VGVhY2hlci0yOTkwMDQ3,Kelly Brumbelow,4.0,8
VGVhY2hlci0zMDUxOTIy,Takkara Brunson,4.3,8
VGVhY2hlci0yMDMyODMy,Kisha Bryan,3.9,8
VGVhY2hlci0yNDkxNDA3,Victoria Buenger,2.8,8
VGVhY2hlci0yODAxMjg2,Gerald Burgner,3.3,8
VGVhY2hlci0yMDE0NDUx,James Burk,3.6,8
VGVhY2hlci0yNTM1MTI0,Brady Butler,5.0,8
VGVhY2hlci0yNDg2NDY2,Rodolfo Cardoso,4.0,8
VGVhY2hlci0yMjM1NTAx,Gisele Cardoso de Lemos,2.3,8
VGVhY2hlci0yNDU0MzM2,Minsu Cha,3.8,8
VGVhY2hlci0yOTMxODc3,Nilson  Chapagain,3.5,8
VGVhY2hlci0yNTgxNjcw,Zhaohui Chi,1.3,8
VGVhY2hlci0zMTQyNTAy,Michelle Chin-Miller,5.0,8
VGVhY2hlci0xOTQ1MjA2,kyong cho,3.8,8
VGVhY2hlci0yNTI2OTYx,Janet Cho,4.0,8
VGVhY2hlci0zMDg1MTc2,Kyoungin Choe,2.8,8
VGVhY2hlci0yNTc0Mzg5,Jiwon Choi,3.8,8
VGVhY2hlci0yMTE5NDE1,Jason Cleere,4.9,8
VGVhY2hlci0zMDU5ODI3,Scott Clifford ,5.0,8
VGVhY2hlci0yOTM5MTk1,Carlo Colletto,5.0,8
VGVhY2hlci0yODYxNDQ4,William Connor,5.0,8
VGVhY2hlci0yODc1OTY5,William  Connor,5.0,8
VGVhY2hlci0yNTQ2ODA0,Mary Constantin,3.5,8
VGVhY2hlci0yOTcxODMz,Laurrie Cordes,5.0,8
VGVhY2hlci0yNDE2Nzc3,John Criscione,5.0,8
VGVhY2hlci0zMDMxODQ3,Megan Crutcher,5.0,8
VGVhY2hlci0yNjk5OTgz,Yuan Dai,2.5,8
VGVhY2hlci0yMjIxNDAw,Gayden Darnell,3.5,8
VGVhY2hlci0zMDQ4MTk2,Snigdha Das,4.0,8
VGVhY2hlci0yNTQ3Njkz,Leslie Davila,4.8,8
VGVhY2hlci0yNjAzMDg2,Diedra Davis,4.0,8
VGVhY2hlci0yOTU0MTQ0,Brady DeHoust,4.8,8
VGVhY2hlci0yMjAwMTQy,Annaliese Dempsey,3.7,8
VGVhY2hlci0yODc1MTQy,Neil Diaz,5.0,8
VGVhY2hlci0yMjQ1Nzcy,Ryan Dicce,4.0,8
VGVhY2hlci0yNjgzMDY4,Scott Dindot,4.8,8
VGVhY2hlci0yNDIxMjQ3,Patrick Ding,2.7,8
VGVhY2hlci0yMzU4MzQ2,Laurie Dixon,3.8,8
VGVhY2hlci0xNTU3Mzk0,Dragana Djordjevic,3.4,8
VGVhY2hlci0yODY0NjUx,David Dockery ,5.0,8
VGVhY2hlci0zMDEyNjc2,Jill Domel,5.0,8
VGVhY2hlci0yNTQ3MTI1,James Donnell,5.0,8
VGVhY2hlci0yMTAyODE1,Brent Donnellan,4.7,8
VGVhY2hlci0yNjExMjMz,Rhett Douris,2.3,8
VGVhY2hlci0yNTY2NDM3,Donnalee Dox,5.0,8
VGVhY2hlci0yMTIxNjU4,Thomas Dunlap,2.6,8
VGVhY2hlci0yOTg4MDM0,Priyanka Dwivedi,4.8,8
VGVhY2hlci0yNjc5ODcx,Catherine Eckel,2.5,8
VGVhY2hlci0yOTk5MzE4,Daniel  Eichler,4.0,8
VGVhY2hlci0yNDU3NzUw,Howard Eilers,3.8,8
VGVhY2hlci0xNDA2NjMw,Jerry Elledge,3.4,8
VGVhY2hlci0yOTAzODkx,Avery Ellis,4.0,8
VGVhY2hlci0yNzkzMTY0,Prasad Enjeti,2.8,8
VGVhY2hlci0yMzA0NDM2,Yumary Entralgo,4.5,8
VGVhY2hlci0yNjAwODE4,Amy Epps Martin,5.0,8
VGVhY2hlci0yNDkxMTIw,Morgan Farnell,2.5,8
VGVhY2hlci0yODg1Nzgw,Rusty Feagin,3.8,8
VGVhY2hlci0yNDQ4MjI1,Kurt Felpel,3.5,8
VGVhY2hlci0yOTUwMjM2,Benjamin Fennell,4.8,8
VGVhY2hlci0zMDcyOTEx,Leslie Fernandez,5.0,8
VGVhY2hlci0xODY1OTEy,Layton Field,4.6,8
VGVhY2hlci0yNDkxMzk3,Tristan Fitzgerald,5.0,8
VGVhY2hlci0yMjgwODcz,James Fluckey,4.8,8
VGVhY2hlci02NjU0NTA=,David Ford,3.2,8
VGVhY2hlci0xNjU4Njg0,Adrienne Foreman,1.8,8
VGVhY2hlci0yNDUxMTUz,Alan Freed,4.3,8
VGVhY2hlci0yMjI4MjAx,Jennifer Freytag,5.0,8
VGVhY2hlci0yNjAzNjk1,Robin Galloso,5.0,8
VGVhY2hlci0yMzM4Nzg5,Anna Paula Galvao Scheidegger,2.8,8
VGVhY2hlci0xOTM5MDI3,Justin  Garner ,3.8,8
VGVhY2hlci0yMzkyNjY3,Oguz Gezmis,3.0,8
VGVhY2hlci0yMTY2OTM4,John Gladysz,3.0,8
VGVhY2hlci0yMDkyMDEw,Michael Golding,4.1,8
VGVhY2hlci0yODU2NzMz,Nataliya Goncharuk,2.7,8
VGVhY2hlci0yOTk3MjA3,Micayla  Gooden,5.0,8
VGVhY2hlci0yNDU0OTIx,Souvik Goswami,4.8,8
VGVhY2hlci0yMTgzODYz,Nathan Green,4.2,8
VGVhY2hlci00MTk2MjI=,Thomas A Green,3.9,8
VGVhY2hlci0yOTE4OTk5,Becca Grizzard,2.5,8
VGVhY2hlci00OTI2OTY=,Gabriela Guazzo,4.6,8
VGVhY2hlci0xOTc5OTY5,Jean Luc Guermond,2.9,8
VGVhY2hlci0yNzgzMjQz,Osvaldo Gutierrez,3.3,8
VGVhY2hlci0yODkxMDk5,Osvaldo Gutierrez Santa Cruz,2.3,8
VGVhY2hlci0yOTk3MDYx,Camryn Haines,3.0,8
VGVhY2hlci0yNjU1NjI5,Syeda Halim,3.3,8
VGVhY2hlci0xNjA3MDA3,Cindy Harmon-Jones,3.8,8
VGVhY2hlci0yMjQ5NTQ3,Stefanie Harris,4.8,8
VGVhY2hlci0yNzM4MTkx,Darren Hartl,4.3,8
VGVhY2hlci0xODkzMjMw,Cecelia Hawkins,2.1,8
VGVhY2hlci0yMjI2OTcy,Theodore Hayduk,4.0,8
VGVhY2hlci0yODk5OTcy,Anne-Marie Hedman,5.0,8
VGVhY2hlci0xOTkwNTA4,Gregory Heim,4.5,8
VGVhY2hlci0yMTQ1MjEz,John Helfeldt,1.8,8
VGVhY2hlci0yNjkyMzky,Jennifer Herman,5.0,8
VGVhY2hlci0yMDc1MDEw,Lou Hodges,4.3,8
VGVhY2hlci0xODEwOTc4,Traci Hong,4.4,8
VGVhY2hlci0yNjY2NDkw,Chuck Howard,4.0,8
VGVhY2hlci0yOTYwMzAx,Sarah Hu,3.0,8
VGVhY2hlci0zMDIwODA5,Alexa Hurtado,4.8,8
VGVhY2hlci0yNTk0MzQ4,Umer Hussain,4.0,8
VGVhY2hlci0yNDg3MjE4,Hyunseok Hwang,4.5,8
VGVhY2hlci0yOTk3OTEx,Nestor Infanzon,4.5,8
VGVhY2hlci0zMTQ3NDA4,Sarah Jackson,3.5,8
VGVhY2hlci0yODE2OTg4,Scott Jackson,4.5,8
VGVhY2hlci0yNjA0ODYx,Priya Jain,2.0,8
VGVhY2hlci0yNjk2MTI3,Emily Jasek,2.3,8
VGVhY2hlci0zMDQ2NDc3,Jihoon Jeong,2.5,8
VGVhY2hlci0yMjA0OTE5,Jeremy Johnson,4.0,8
VGVhY2hlci0yNzU5MjI0,Bradley Johnston,5.0,8
VGVhY2hlci0yMDg4Njg2,Andrea Kealoha,4.7,8
VGVhY2hlci0yNDMzODg5,Jeffrey Keese,4.8,8
VGVhY2hlci0yMzUzNzk1,Andrew Kerne,1.2,8
VGVhY2hlci0yNjkxODkx,Tazrin Khan,3.0,8
VGVhY2hlci0zMTA1MjYy,Stephanie Kirkland,2.3,8
VGVhY2hlci0yMDcxNTEy,Andrew Klein,4.6,8
VGVhY2hlci0zMDQ4Njkx,Shelby Kmidowski,5.0,8
VGVhY2hlci0yOTMzNDA5,Jonahs Kneitly,4.8,8
VGVhY2hlci0yNDM1MDkw,Poh Koh,5.0,8
VGVhY2hlci0yNDgyMzM3,James Kolari,5.0,8
VGVhY2hlci0yOTEwMTUx,Arthur Kölzow,4.3,8
VGVhY2hlci0yNTQ0MDQ5,Caroline Kostrzewa,4.5,8
VGVhY2hlci0yNzQwNTAz,Darrell Kuhn,5.0,8
VGVhY2hlci0yNTM5NjUz,Kelly Kyle,4.3,8
VGVhY2hlci0yNzg1MDIw,Christopher Lanclos,2.8,8
VGVhY2hlci0yOTI3MTk1,Mark Lawley,4.8,8
VGVhY2hlci0zMTUxNzUx,Hwang Lee,4.8,8
VGVhY2hlci0zMDQ5Mzg0,Ray Leonard,5.0,8
VGVhY2hlci0yOTQ5NTY5,Wing Leung,3.5,8
VGVhY2hlci0xMDUyNjYw,Dan Lewis,3.8,8
VGVhY2hlci0yNTc2MDU4,Javier Leyton,1.0,8
VGVhY2hlci0yNjA1MjUx,Toby Li,4.3,8
VGVhY2hlci0xOTU0ODU0,Hwatchi Liang,2.1,8
VGVhY2hlci0yNzMwODg1,Chunyang Liao,4.3,8
VGVhY2hlci0yNDA5Mjky,Lauren Liebe,3.5,8
VGVhY2hlci0yMjE1MDU4,Pao Tai Lin,2.3,8
VGVhY2hlci0yMzM2OTE2,Liqun Liu,4.5,8
VGVhY2hlci0yMzY1OTk0,Matthew Mackey,4.8,8
VGVhY2hlci0yNjg4MDY2,Christi Madsen,3.8,8
VGVhY2hlci0yOTI5OTMw,Arvind Mahajan,4.3,8
VGVhY2hlci0zMDkzMTg4,Katherin Maich,4.4,8
VGVhY2hlci0yNTU5MDEy,Manoranjan Majji,3.8,8
VGVhY2hlci0yNjM5OTk2,Steven Mark,2.0,8
VGVhY2hlci0yNTcwNDAy,Mary McDougall,4.0,8
VGVhY2hlci0yNjM1Nzgz,Karen McIntush,3.5,8
VGVhY2hlci0zMDQ4MDY2,Isaac Mehlhaff,2.8,8
VGVhY2hlci0yNTI5MzY3,Casey Meyer,3.3,8
VGVhY2hlci0yMTMwMTQ0,Mary Middlebrooks,3.8,8
VGVhY2hlci0yNDMxOTQ1,Chiraag Mittal,3.0,8
VGVhY2hlci0yMTE4MzA4,Mahdi Mohseni,2.0,8
VGVhY2hlci0yMjA3NTk5,Theresa Morris,3.3,8
VGVhY2hlci0xODA3OTgx,Melissa Mueller,3.8,8
VGVhY2hlci0xNDczNzc4,Robin Murphy,1.3,8
VGVhY2hlci0zMDUxOTEx,Patrick Neff,2.5,8
VGVhY2hlci0xODkzOTk5,Claudia Nelson,2.4,8
VGVhY2hlci0yNTE1NzM5,Kyle Noack,1.5,8
VGVhY2hlci05MzI2ODc=,J Novak,3.3,8
VGVhY2hlci0yNTg0ODI4,Christopher Nowotarski,4.8,8
VGVhY2hlci0yMjM5MTkz,Lewis Ntaimo,1.5,8
VGVhY2hlci0yNjQzMTk0,Michael Ohsfeldt,2.5,8
VGVhY2hlci0zMTQxNzIx,Stephanie Oliver,4.3,8
VGVhY2hlci0yNjY4NTg5,Nicholas Olson,5.0,8
VGVhY2hlci0yMTU2MDM1,Colleen O'Reilly,4.0,8
VGVhY2hlci0yMjg2MDY3,Kristi Oshiro,2.3,8
VGVhY2hlci0yOTc1NTIy,Christopher Owens,4.3,8
VGVhY2hlci0yMzAzODIz,Kate Ozment,3.3,8
VGVhY2hlci0yNTkwNzE0,Arpan Pal,3.5,8
VGVhY2hlci0yMjQ2NDY0,Sung Park,2.0,8
VGVhY2hlci0yNjU1MTEw,Hamid Parsaei,4.3,8
VGVhY2hlci0zMDEwMzkz,Roya Pashmoforoosh,4.3,8
VGVhY2hlci0yMjYxOTY2,Debdeep Pati,4.5,8
VGVhY2hlci0yNjg2ODA0,Charles Patrick,5.0,8
VGVhY2hlci0yNzkxMzky,Savannah Payne,3.0,8
VGVhY2hlci0yOTUyMjM2,Joshua Peeples,4.8,8
VGVhY2hlci0zMTE2NzY2,Sheneria Perry,5.0,8
VGVhY2hlci0yNzQ1NTAy,Martin Pettersson,2.0,8
VGVhY2hlci0yNTc4NzY2,Timothy Phillips,5.0,8
VGVhY2hlci0yNTg5NzA0,James Plummer,5.0,8
VGVhY2hlci0yNTEzMjE3,Alexei Poltoratski,4.3,8
VGVhY2hlci0xOTUxOTEy,John Poston,3.0,8
VGVhY2hlci0yNDMxMjQw,Courtney Price,3.3,8
VGVhY2hlci0xMDAyOTk3,Sema Pulak,2.8,8
VGVhY2hlci04NzgwMTg=,. Quiring,4.8,8
VGVhY2hlci0xMDEwOTcw,Robin Rackley,4.0,8
VGVhY2hlci0yNzQ1NzUx,fahad radhyan,5.0,8
VGVhY2hlci0yNDE5NzY3,Hadeel Ramadan,3.8,8
VGVhY2hlci0xODk0NDk1,Lisa Ramos,4.4,8
VGVhY2hlci0xNjQ5NjQ2,Lawrence Rauchwerger,2.1,8
VGVhY2hlci0yNTQyNTcy,Sara Raven,4.0,8
VGVhY2hlci0yNzU5NzA1,Ananya Ravishankar,4.3,8
VGVhY2hlci0yMTcxMjc5,Sue Redman,1.0,8
VGVhY2hlci0yODYzODgw,Peter Rentzepis,1.8,8
VGVhY2hlci0yNTg0MzM3,Ambyr Rios,5.0,8
VGVhY2hlci0yOTIxNzAz,Maria Rodriguez Perez,1.5,8
VGVhY2hlci0yMTQxMDE5,William Rogers,4.8,8
VGVhY2hlci02NDYxNDM=,Daniel Romo,4.0,8
VGVhY2hlci0zMDg2MjQx,Saptarshi Roy,5.0,8
VGVhY2hlci0yNjM3Njg2,Patricia Ruiz,5.0,8
VGVhY2hlci0yMzI0NDEy,Lynn Ruoff,3.8,8
VGVhY2hlci0yNDU3NTI4,Gabriel Saenz,4.8,8
VGVhY2hlci0yNDIwMTEw,Sara Safari,2.8,8
VGVhY2hlci0yOTY5ODIx,Lance  Sample,3.3,8
VGVhY2hlci0yMTk5MjY2,Raisa Sara,2.5,8
VGVhY2hlci0yOTk0NTI1,Taylor Seymour,4.8,8
VGVhY2hlci0zMTI3NzI2,Neil Shanks,5.0,8
VGVhY2hlci0yMjY4MjY2,Michael Shaub,4.8,8
VGVhY2hlci0yOTk5MDgy,Mansoor Shekarian,5.0,8
VGVhY2hlci0yNzk4Mzg5,Nathan Shelley,5.0,8
VGVhY2hlci0yMzY5NDU1,Kate Siegfried,4.8,8
VGVhY2hlci0yMzgzMDIz,Nancy Simpson,4.0,8
VGVhY2hlci0xOTk5MTAz,Stephanie Skiles,4.5,8
VGVhY2hlci0yODk2MDg1,Niall  Slowey,2.8,8
VGVhY2hlci0yMDg0MDQ3,Heather Smith,2.0,8
VGVhY2hlci0zMDkxNzUy,Mason Smith,3.3,8
VGVhY2hlci0yNzU5NTIy,Manuel Somoza,5.0,8
VGVhY2hlci0yOTgxNzQ5,Lyubo Stanev,4.8,8
VGVhY2hlci0yOTE0NDAw,Mattyna Stephens,5.0,8
VGVhY2hlci0yMTk4NTYz,Daniel Stephenson,5.0,8
VGVhY2hlci0yODYzNDIz,Jeffery  Stevens,4.0,8
VGVhY2hlci02ODM1Mzk=,Carlton Stolle,5.0,8
VGVhY2hlci0zMjI3NjE=,Bjarne Stroustrup,3.1,8
VGVhY2hlci0yNTY5OTY5,Courtney Suess,4.3,8
VGVhY2hlci0zMDQ3NzUy,Xuewu Sui,4.8,8
VGVhY2hlci0xNzczNzYy,Guorong Sun,1.3,8
VGVhY2hlci0yMTcwMjAy,Haoying Sun,4.0,8
VGVhY2hlci0zMTI4OTE0,Rui Sun,3.8,8
VGVhY2hlci0yMjk5NTg1,Raanju Sundararajan,3.5,8
VGVhY2hlci0zMDAyOTQ4,Loni Taylor,5.0,8
VGVhY2hlci0yNzM1NjM5,Matthew Taylor,4.0,8
VGVhY2hlci03MTk0MTY=,Lanie Thornton,3.8,8
VGVhY2hlci0yNTgzNjI0,Michael Thornton,5.0,8
VGVhY2hlci0yNTI2NDM0,Robert Tirso,4.8,8
VGVhY2hlci01MzE2NDc=,Ellen Toby,4.5,8
VGVhY2hlci0yNTI5NTY2,Elizabeth Tori,4.3,8
VGVhY2hlci0yMTQyMDc1,Tho Tran,4.0,8
VGVhY2hlci0yMTQ0ODUz,Paula Tretkoff,3.4,8
VGVhY2hlci0yNDI4MDY0,Andrew Tripp,4.0,8
VGVhY2hlci0zMDEzNzM4,Sarah Turner,5.0,8
VGVhY2hlci0yMDg2NDM3,Amelia  Uribe-Guajardo ,4.3,8
VGVhY2hlci0yNTE5NjYw,Sharada Vadali,3.5,8
VGVhY2hlci0yODE0NDUy,John Valasek,4.5,8
VGVhY2hlci0yMjc3MTI5,Jose Valero Martinez,5.0,8
VGVhY2hlci05OTI5MDc=,Nikki Vanhightower,3.0,8
VGVhY2hlci0yMzMyODUy,Christina Vela,3.5,8
VGVhY2hlci0xOTMyMzkz,Glen  Vigus ,4.5,8
VGVhY2hlci0yNjUzMzk0,Orencio Vinent,2.3,8
VGVhY2hlci0xNzEzMTYw,Astrid Volder,4.8,8
VGVhY2hlci0yNzY0NDcx,Darrell Wallace,5.0,8
VGVhY2hlci0yNTcyMzg4,Alexandra Walsh,4.0,8
VGVhY2hlci0yNDQ0OTYw,David Waltemyer,5.0,8
VGVhY2hlci0xMzAyNTUw,Robert Washington-Allen,1.9,8
VGVhY2hlci0yMjkzOTAy,Karan Watson,5.0,8
VGVhY2hlci0yMzY0MDUx,Nathaniel Weber,5.0,8
VGVhY2hlci0yOTQyMDQ4,Paris Weber,5.0,8
VGVhY2hlci0xOTk4NzMz,Gerrit Welper,2.6,8
VGVhY2hlci0zMDU3MDk3,James Whiddon,4.5,8
VGVhY2hlci0yMTg4ODQz,Monica Williams,1.8,8
VGVhY2hlci0yOTQyMDQ3,Justin Williamson,4.0,8
VGVhY2hlci0yMTM5NTAx,Gary Wingenbach,2.8,8
VGVhY2hlci0yNjI1OTQw,Sarah Wolff,4.0,8
VGVhY2hlci0yMzgwOTIy,Raymond Wong,2.8,8
VGVhY2hlci0yMDAxMjk3,Ayoung Woo,4.4,8
VGVhY2hlci0xNDk0MTI5,Jim Woosley,5.0,8
VGVhY2hlci0yMTU1NTMx,Lori Wright,5.0,8
VGVhY2hlci0yNzUwOTg4,Steven Wright,3.0,8
VGVhY2hlci0yMDQ5Mjky,Ashley Yaugher,4.6,8
VGVhY2hlci0yMTcyMDMw,Jean Yeh,1.0,8
VGVhY2hlci0yMjE5OTUy,Hwayoung Yi,4.0,8
VGVhY2hlci0yMjcwMjY2,Ungyung Yi,4.8,8
VGVhY2hlci0yODY2NzQ0,Youngho Yoo,3.8,8
VGVhY2hlci0xNTE5OTM0,Aya Yoshikawa,4.5,8
VGVhY2hlci0yNzIwMzE3,Byeongsu Yu,3.3,8
VGVhY2hlci0yNjkwOTI3,Karim Zahed,4.8,8
VGVhY2hlci0yNzMyMDc0,Claire Zak,5.0,8
VGVhY2hlci0xODYzNjE2,Alicia Zavala,5.0,8
VGVhY2hlci0yNDUzMDMw,Shixi Zhao,3.8,8
VGVhY2hlci0xOTUwMjE0,Shuru Zhong,3.5,8
VGVhY2hlci0yMjQyNDI5,Mary Zimmer,3.5,8
VGVhY2hlci0yMjE5NTk5,Na Zou,2.8,8
VGVhY2hlci0xMjc5MDEx,Wael Abushammala,2.9,7
VGVhY2hlci0yMDM3Njg0,Ghufran Ahmad,3.6,7
VGVhY2hlci0yNDc3NTI0,Mayet Andreasson,1.5,7
VGVhY2hlci0yNjk1ODU4,Ugochukwu Anieto,4.0,7
VGVhY2hlci0xNzg2MDk5,Lynn Beason,4.4,7
VGVhY2hlci0yNzAwMjQ3,Wendy Boswell,5.0,7
VGVhY2hlci0xNTA0MzI0,Ed Brothers,2.6,7
VGVhY2hlci0yOTU3ODA1,Angela  Burr,5.0,7
VGVhY2hlci0yNTY1Nzc4,Marco Castillo,1.8,7
VGVhY2hlci0yOTUyMTE0,Reagan Cruise,1.0,7
VGVhY2hlci04Mjk5MjM=,Elisa Everts,3.4,7
VGVhY2hlci02OTk5NzU=,Lenny Fukshansky,3.0,7
VGVhY2hlci0yOTg2ODQ3,Jason George,4.0,7
VGVhY2hlci0xOTMzNDY3,Melissa Grunlan,4.3,7
VGVhY2hlci04MzIxNTY=,Donna Hajash,3.7,7
VGVhY2hlci0yMjU4NTEx,Bradford Hepfer,5.0,7
VGVhY2hlci02ODM1NTI=,Mike Hnatt,5.0,7
VGVhY2hlci0zODUyNzg=,Frank Hons,5.0,7
VGVhY2hlci0yMzA0NTk5,Ian Horbaczewski,5.0,7
VGVhY2hlci0yMDg0ODk2,Robert Jones,3.6,7
VGVhY2hlci0yMjQxNTM3,Natalie Khazaal,4.8,7
VGVhY2hlci0xNzgxNDM0,Matthew Manley,3.8,7
VGVhY2hlci04MTMyODc=,Nebu John Mathai,4.4,7
VGVhY2hlci0xNTMyNjg0,Albert Mulenga,4.5,7
VGVhY2hlci0xMTczMjEy,Deepak Naidu,4.6,7
VGVhY2hlci0xMDA2MzE3,Gerald North,2.9,7
VGVhY2hlci0xMTU3NDcx,J Parish,3.4,7
VGVhY2hlci02OTM5MTY=,Bojan Popov,2.3,7
VGVhY2hlci0zMDczNTg=,Nirashima Reddy,3.9,7
VGVhY2hlci0yNTQ2MTY5,Grace Rivera,4.0,7
VGVhY2hlci02ODIyNzc=,Edgar Sanchez-Sinencio,4.0,7
VGVhY2hlci0xOTM2Njkw,Niel Sanger,4.7,7
VGVhY2hlci0yMzYwNzMx,Peter Scaramuzzo,5.0,7
VGVhY2hlci02MzM4MA==,. Schuessler,1.9,7
VGVhY2hlci0zMTE0NDMy,Keegan Selig,3.3,7
VGVhY2hlci0xNDczNzc3,Frank Shipman,5.0,7
VGVhY2hlci0yOTcxNjc4,Xingyong Song,4.5,7
VGVhY2hlci0yOTkzOTc3,Cecilia  Tamborindeguy,4.0,7
VGVhY2hlci0yNzU5Mjc1,Brad Worsham,4.8,7
VGVhY2hlci0yODMzNjkz,Robert Wygle,5.0,7
VGVhY2hlci0xMTIwOTc1,Ben Zoghi,4.1,7
VGVhY2hlci05OTQ5NDg=,Tom Adair,4.8,6
VGVhY2hlci03NDAzMTU=,Marcelo Aguiar,4.2,6
VGVhY2hlci0yNjY1NTQ3,Areeba Ahmed,5.0,6
VGVhY2hlci0xMjQyNjYz,Shontarius Aikens,4.7,6
VGVhY2hlci0yNTI4MDUz,Brittany Alexander,2.7,6
VGVhY2hlci0yMzMzNTYw,Angela Allison,4.0,6
VGVhY2hlci0yMTkzOTc5,Brian Altenhofen,3.0,6
VGVhY2hlci0xMDkwODg1,Paul Ammons,3.5,6
VGVhY2hlci0xODk3NTcw,Kalyan Annamalai,3.4,6
VGVhY2hlci0yNDE4NDQz,Joe Arosh,4.0,6
VGVhY2hlci0yODg0MjU3,Stacey Aschenbeck,3.3,6
VGVhY2hlci0xODgwNDA2,Olabisi Asenuga,3.5,6
VGVhY2hlci0yOTQ4MTY2,Vahid Attari,1.7,6
VGVhY2hlci0yNTc2MTk5,Mohsen Aznaveh,3.0,6
VGVhY2hlci0yNDI3NjAy,Kyung-Lin Bae,5.0,6
VGVhY2hlci0zMTQ2NDU4,David Baltensperger,5.0,6
VGVhY2hlci0yOTQ2NDkw,Jiayi Bao,5.0,6
VGVhY2hlci0yOTg4NTg4,Jared Bard,4.0,6
VGVhY2hlci0yNDI1MjY3,Nick Barta,4.3,6
VGVhY2hlci0yNTcwNDgx,Ogbonnaya Bassey,4.3,6
VGVhY2hlci0xOTYyMzcz,Chase Beck,3.5,6
VGVhY2hlci0yOTU3NTAy,Jake  Beck,5.0,6
VGVhY2hlci0yMDczNzIz,Melanie Becker,2.3,6
VGVhY2hlci0zMDg5MzIz,Marjan Behnia,3.7,6
VGVhY2hlci0xNTgzMjk1,Alfred Bendixen,4.3,6
VGVhY2hlci0yMDk2NTk2,James Benjamin,3.9,6
VGVhY2hlci0yNjM1NzI2,Judith Beverly,4.0,6
VGVhY2hlci0xNjYzMzcw,John Blong,4.3,6
VGVhY2hlci0xOTIyMzMx,Cynthia  Boettcher,5.0,6
VGVhY2hlci0xODU4MDIz,Mark Breckenridge,3.3,6
VGVhY2hlci0yMTY2MTA4,Caitlin Brenner,4.7,6
VGVhY2hlci0yODkyMDgy,Jean-Louis Briaud,4.3,6
VGVhY2hlci0yNDUyMjI5,Winsome Brooks,3.3,6
VGVhY2hlci0yOTEwMzgz,Maxwell Bullard,4.3,6
VGVhY2hlci0yNzQ4NTAx,Jasckson Bunting,3.0,6
VGVhY2hlci0yMjQ2NjYx,Debaratti Byabartta,3.7,6
VGVhY2hlci0yMzE1MzYw,David Byrne,3.0,6
VGVhY2hlci0yNzU4NjMx,Kathleen Byrne,5.0,6
VGVhY2hlci0yMDI0NDYx,Glenda Byrns,5.0,6
VGVhY2hlci0yNzk3OTM3,Jason Campos,4.0,6
VGVhY2hlci0yODYyNTQ3,Tang Candy ,4.0,6
VGVhY2hlci0yODcwMTQ1,Marnie Cannon,5.0,6
VGVhY2hlci0yMDAzNjU5,David Carroll,4.8,6
VGVhY2hlci0yOTY0MTU3,Homero Castaneda-Lopez,4.7,6
VGVhY2hlci0yNzAyODAz,Bahar Cavdar,5.0,6
VGVhY2hlci0xNDYwMjIy,Bruce Chabot,4.7,6
VGVhY2hlci0yMjYxOTYz,Shubhadeep Chakraborty,4.0,6
VGVhY2hlci0yNjIzODU2,Shankar Chellam,3.7,6
VGVhY2hlci0yMjIwODU2,Shahla Chowdhury,3.0,6
VGVhY2hlci0yMTc3MjM2,Andrew Christy,4.7,6
VGVhY2hlci0yNTk0NTIx,Michelle Chrpa,4.3,6
VGVhY2hlci0yNDk4OTU1,Eric Chuu,5.0,6
VGVhY2hlci0yNzUzNDI5,Devyn Cima,5.0,6
VGVhY2hlci0yMzYwMzc1,Alan Cochrum,2.7,6
VGVhY2hlci0yNTY2MjYw,Gregory Cokinos,5.0,6
VGVhY2hlci0yNzIxNjA0,Hannah Cole,1.7,6
VGVhY2hlci0yMjk5MTUw,James Conner,3.3,6
VGVhY2hlci0yODY0MzQz,Will Connor,5.0,6
VGVhY2hlci0xMjkwNTI3,Audrey Cook,1.0,6
VGVhY2hlci0xOTg5NjE0,Scott Cook,2.7,6
VGVhY2hlci04NTU2NzY=,John Coopersmith,3.1,6
VGVhY2hlci0yMDc2OTI1,Lori Costello,4.2,6
VGVhY2hlci0yNDU2MjI2,Craig Coufal,4.7,6
VGVhY2hlci0xOTU0Nzc5,Amanda Covington,4.8,6
VGVhY2hlci0yMzU4NDk2,Cheryl Craig,2.0,6
VGVhY2hlci0yNTgxNTEx,Michael Criscitiello,3.7,6
VGVhY2hlci0yNjQ3NjEx,Charles Culp,2.8,6
VGVhY2hlci0yMzQ4NDIy,Kimberly Currens,4.3,6
VGVhY2hlci0yNTM0NTg5,Donald Curtis,5.0,6
VGVhY2hlci0xNjU3NTYy,Donald Darensbourg,4.7,6
VGVhY2hlci0yMDI0MTU5,Davi Da Rosa,1.0,6
VGVhY2hlci0yNjMzNjE5,Rochita Das,3.0,6
VGVhY2hlci0zMDQ3MTE0,Kenric Davies,5.0,6
VGVhY2hlci0yODg3Mjgz,Brian Davis,4.7,6
VGVhY2hlci0xNzkzMjIz,Karen Davis,3.7,6
VGVhY2hlci0yNTA2OTk5,Trina Davis,4.7,6
VGVhY2hlci04MzMzODA=,Casey Dean,4.7,6
VGVhY2hlci0yNjQ4NDA2,Iliana De La Cruz,5.0,6
VGVhY2hlci0yNTUzOTkw,Kira Delmore,1.3,6
VGVhY2hlci0yMTMzNDYx,Giovanna Del Negro,3.7,6
VGVhY2hlci0yOTQ3OTY0,Weixun Deng,2.7,6
VGVhY2hlci0yODQ4MTg4,Amit Dhingra,4.3,6
VGVhY2hlci0yMzA4ODk5,Aaron Dilday,3.7,6
VGVhY2hlci0yNDkwNDQ4,Heather Dulas,5.0,6
VGVhY2hlci0xNjU1OTc5,Richard Dunn,1.5,6
VGVhY2hlci0yODk2NDE5,David Eckman,4.5,6
VGVhY2hlci0yOTkzODU5,Patricia Edgar,3.7,6
VGVhY2hlci0xMzk4Nzk5,Christine Ehlig-Economides,4.3,6
VGVhY2hlci0yNDgyOTgy,John Elliot,3.3,6
VGVhY2hlci0xMzExOTMx,Katherine Engel,4.5,6
VGVhY2hlci0yOTc3MzI5,Farzaneh Esfahani,2.5,6
VGVhY2hlci0yOTY2NTQ5,Spenser Essman,4.7,6
VGVhY2hlci0zMTMwMDQ2,Gogoal Falia,3.3,6
VGVhY2hlci0xNjMxNjQ0,Demetrea N. Farris,3.7,6
VGVhY2hlci0zMDI0OTM1,Virginia Figueiredo,4.7,6
VGVhY2hlci0yNDkwMjU2,Gerald Flint,2.0,6
VGVhY2hlci0yODUxMzY2,Matthew  Fuhrmann,5.0,6
VGVhY2hlci0yMzY1Mjgz,Angie Galal,3.0,6
VGVhY2hlci0yNzY5MjM4,Juan Garay,2.3,6
VGVhY2hlci0yNDIyMzI1,Tanya Garcia,3.3,6
VGVhY2hlci0yNTE5Mzkx,Katie Garrison,4.7,6
VGVhY2hlci0zMTUxMzk1,Rudy Geelen,3.3,6
VGVhY2hlci0yNjAzNDg5,Indrajit Ghosh,2.7,6
VGVhY2hlci0yMzA5NDc5,Amit Ghoshal,3.7,6
VGVhY2hlci0yMjQxMTgy,Erin Giles,4.0,6
VGVhY2hlci0yOTQ3MTMw,Clare Gill,4.0,6
VGVhY2hlci0yMzI5Nzkw,Cecilia Giusti,4.3,6
VGVhY2hlci0yMzM0OTE4,Dan Goldberg,5.0,6
VGVhY2hlci0xNjQzODQ0,Robert Goll,2.7,6
VGVhY2hlci0yMzM3Nzkw,Vanessa Gonlin,4.3,6
VGVhY2hlci0zMTA2ODkz,Jeanne Goodman,3.0,6
VGVhY2hlci0yNzM3Mzc1,John Goodrich,5.0,6
VGVhY2hlci0zMTQ3ODc5,Carlyn Graham,5.0,6
VGVhY2hlci0zMDUyMDM4,Swagnik Guhathakurta,3.7,6
VGVhY2hlci0yNTkxMjMy,Shaodong Guo,2.7,6
VGVhY2hlci0yOTQyMDUw,Minjung Ha,4.0,6
VGVhY2hlci0yODMwNzY1,Jeffrey Haberl,1.7,6
VGVhY2hlci0yNjMxMTMx,Omar Hakim,4.3,6
VGVhY2hlci0yMzkyNzEw,Detlef Hallermann,4.0,6
VGVhY2hlci0yMDgyNDg5,Robert Handler,2.2,6
VGVhY2hlci0yMDA5Mzk0,John Hardy,4.0,6
VGVhY2hlci0yNDQwOTkw,Julie Harlin,4.3,6
VGVhY2hlci0yMjE2MjE5,Jeffrey Hart,4.3,6
VGVhY2hlci0yNzI0MzQ2,Abu Rashid Hasan,2.7,6
VGVhY2hlci03MjU3MTc=,Dirk Hays,2.7,6
VGVhY2hlci0zNTcyNzc=,Warren Heffington,1.9,6
VGVhY2hlci0yODU2NjA5,Aaron Heinrich,4.3,6
VGVhY2hlci0yNzM0Mjg5,Toby Hibbitts,2.3,6
VGVhY2hlci0yODQxODg3,Jasamine Hill,4.7,6
VGVhY2hlci0yNzExNjM5,Jill Hiney,5.0,6
VGVhY2hlci0zMDkxNzg0,Joey Hlavac,5.0,6
VGVhY2hlci0yNDM3NzY5,Shannon Hodges,4.3,6
VGVhY2hlci0xNjMxNzQ2,Alan Houtchens,3.5,6
VGVhY2hlci0zMTI0MDIy,daniel  Howard,2.3,6
VGVhY2hlci0yOTM0ODg1,Chelsea Hu,2.7,6
VGVhY2hlci0yMzc1Njc5,Christopher Hunter,4.0,6
VGVhY2hlci0yNjEyOTI5,Pilwon Hur,2.3,6
VGVhY2hlci0zMDAyMTAw,Philipp Illeditsch,3.7,6
VGVhY2hlci0zMDY0ODE2,Seyedruholamin Isazadeh,5.0,6
VGVhY2hlci0yNzM2OTQ2,Ariun Ishdorj,5.0,6
VGVhY2hlci0yNjE4MTM5,Tyra Jackson,1.7,6
VGVhY2hlci0yNzk4NDc1,Carson James,4.0,6
VGVhY2hlci0xNjEwMzQ0,Jaako Jarvi,3.5,6
VGVhY2hlci0zMDQ5OTEz,Jiyeong Jeon,4.7,6
VGVhY2hlci0yOTIyNTY3,Soohyun Jeon,5.0,6
VGVhY2hlci0xOTQwMTUz,Ji Jim,5.0,6
VGVhY2hlci0yOTcyNDI1,Hai In Jo,4.3,6
VGVhY2hlci0yODM4NDgx,Kevin Johnson,5.0,6
VGVhY2hlci0yNDQzNDIy,Morgan Jones,5.0,6
VGVhY2hlci0yNTQ4OTIy,Walter Jones,5.0,6
VGVhY2hlci0zMDU3OTg4,Hyunyi Jung,4.0,6
VGVhY2hlci0yOTAwMDIx,Krishna Kamdi,2.7,6
VGVhY2hlci0yOTUzNTg2,Ronald Kelling,4.3,6
VGVhY2hlci0xNzY4MDk0,Kiavash Kianfar,3.3,6
VGVhY2hlci0yNDY4ODgw,Shahriar Kibriya,4.7,6
VGVhY2hlci0yMzEzMTc4,Boah Kim,2.3,6
VGVhY2hlci0yNzMyNTky,Se Woong Kim,3.7,6
VGVhY2hlci0yOTA4MDQ0,Soaram Kim,2.7,6
VGVhY2hlci0xOTAzODA3,Ernest Kirkham,5.0,6
VGVhY2hlci0yMTg5NTcz,Sara Kitsch,2.7,6
VGVhY2hlci0yMzQwNDM3,Gregory Klein,2.3,6
VGVhY2hlci0yNzE3ODU5,Jeremy Kolansky,4.3,6
VGVhY2hlci0yMzU2Mjg5,Ana Kolasinski,1.7,6
VGVhY2hlci0yNjg4MjA2,Robert Korty,4.7,6
VGVhY2hlci0yNzMyNDUw,Dimitri Koustov,5.0,6
VGVhY2hlci0yODI4NTYw,Alan Kuhnle,2.0,6
VGVhY2hlci0yODc1MDgy,Jenna Kurten,5.0,6
VGVhY2hlci0yMTQ3OTQ0,Magdalini Lagoudas,4.0,6
VGVhY2hlci0yODY2MDcw,Nilanjana Laha,3.7,6
VGVhY2hlci0zMDA1ODg1,Miranda Lambert,2.3,6
VGVhY2hlci0yNDg0ODU0,James Laub,5.0,6
VGVhY2hlci0yODE0NjE2,Brendan Lawrence,5.0,6
VGVhY2hlci0yODY2OTAz,Jonghoon Lee,5.0,6
VGVhY2hlci0zMDUxMDMy,Rebecca Lee,4.7,6
VGVhY2hlci0yNjQ4MjQy,Seolha Lee,2.7,6
VGVhY2hlci0yOTU0ODEw,Sungmin Lee,5.0,6
VGVhY2hlci0zMDE0Mjc5,Yonghoon Lee,2.3,6
VGVhY2hlci0yODk0Njkz,Yuming Lei,4.0,6
VGVhY2hlci0yNzc4Njc3,Matthew Leonard,4.0,6
VGVhY2hlci0yNzQzOTg3,Megan Leonard,5.0,6
VGVhY2hlci0yMjUzODQ5,Nigel Lepianka,3.0,6
VGVhY2hlci0yOTUyMzA4,Jinxu Li,3.3,6
VGVhY2hlci0zMTQ5MTE1,Long Li,3.0,6
VGVhY2hlci0zMDQ4NzQx,Yan Li,4.0,6
VGVhY2hlci0zMDU2Mzgw,Liqing  LI,3.0,6
VGVhY2hlci0yMzExODc3,Benben Liao,2.3,6
VGVhY2hlci0yODc1MzA1,Rachel Lim,5.0,6
VGVhY2hlci0yNDI0NzA2,Anna Linderholm,3.3,6
VGVhY2hlci02NjA2MjU=,Daniel Lineberger,5.0,6
VGVhY2hlci0yNDU3NzU0,Laurie Lisonbee,2.7,6
VGVhY2hlci0yMzMzODMx,Sarah Little,5.0,6
VGVhY2hlci0yODYwNzMz,Yina Liu,5.0,6
VGVhY2hlci0yMjI3NTg2,James Long,2.7,6
VGVhY2hlci0zMDY5NzE3,Jose Lopez,5.0,6
VGVhY2hlci0yNzEwMzY1,Marcelo Lopez-Dinardi,5.0,6
VGVhY2hlci0yNDYyODUz,Martha Loudder,1.3,6
VGVhY2hlci0xODM5NTgw,Jerome Loving,3.5,6
VGVhY2hlci0yNDI5Mzk1,Randy Lund,5.0,6
VGVhY2hlci0yNzY1NzQ5,Zhao Luo,3.3,6
VGVhY2hlci0zMDAyMjUz,Embedzayi Madhiri,4.7,6
VGVhY2hlci0xMzk4Nzcw,Brian Maggard,2.7,6
VGVhY2hlci0yNDE5ODM4,Arnab Maity,2.3,6
VGVhY2hlci0yNTUyNzky,Mayukh Majumdar,5.0,6
VGVhY2hlci0yOTQzNjA4,Matthew Malecha,5.0,6
VGVhY2hlci0yNDM4MTk4,Bani Mallick,2.7,6
VGVhY2hlci0yMDEyNTA3,Danny Malone Jr.,3.0,6
VGVhY2hlci0yMjEzMTA1,Soutrik Mandal,2.7,6
VGVhY2hlci0yMDE1NTAw,Laura  Mandell ,4.5,6
VGVhY2hlci0yNjYxODIy,Steven Martin,5.0,6
VGVhY2hlci0yMzQzNDIz,Pulkit Marwah,3.3,6
VGVhY2hlci0yNjMyMjQw,Mohamad Masri,3.3,6
VGVhY2hlci0yODQ4OTc2,Dylan McCreedy,5.0,6
VGVhY2hlci0yMTkzNTk5,Sean McGuire,5.0,6
VGVhY2hlci0yNDMzODg3,Debra McKeown,3.0,6
VGVhY2hlci0yMDcyNDcw,Claire Mckinley,3.0,6
VGVhY2hlci0xMjQ5ODMy,Lisako McKyer,2.7,6
VGVhY2hlci0xODgzNjcz,Elena McLean,2.3,6
VGVhY2hlci0yOTk1MDc1,Thomas McMillan,5.0,6
VGVhY2hlci0yMjA1NTU1,Luis Meneses,4.3,6
VGVhY2hlci0yNDc1MDI5,Stephen Miller,1.0,6
VGVhY2hlci0xMzUzODMx,Heath Mills,5.0,6
VGVhY2hlci0yNjE0NTUy,Negin Mirhosseini,4.7,6
VGVhY2hlci0yNzE1NTg5,Christopher Montez,5.0,6
VGVhY2hlci0yMTczNzk5,Chi Yun Moon,5.0,6
VGVhY2hlci0yNDAwODcw,Jukrin Moon,4.7,6
VGVhY2hlci0yMDUzNDUx,Maybel Morales,4.3,6
VGVhY2hlci0xMzk4ODA4,George Moridis,3.7,6
VGVhY2hlci0xNzQwNjM1,Laura Morris,3.2,6
VGVhY2hlci0yODczNjA5,John Mullet,4.7,6
VGVhY2hlci0zMDY0MTM4,Kimberlyn Munevar,5.0,6
VGVhY2hlci0yOTc5NzU2,Amirali Najafi,5.0,6
VGVhY2hlci0yMzYwMzgy,Fabiola Nakamura,4.7,6
VGVhY2hlci0yNTEzMzY1,Changningphaabi Namoijam,4.7,6
VGVhY2hlci0yNjkzODU0,Samuel Neely,4.3,6
VGVhY2hlci0yNjkwNzAz,Andrew Nemec,4.3,6
VGVhY2hlci0yMTk4NTU1,Bimal Nepal,5.0,6
VGVhY2hlci02NTk1NDM=,S Nite,2.9,6
VGVhY2hlci0yNjM2NjAx,Andrew Nordin,3.7,6
VGVhY2hlci0zMDYzNDYw,Raymond Norris,5.0,6
VGVhY2hlci0yNTQ3Mjk4,Pablo Ocal,2.0,6
VGVhY2hlci0yNTAyODY4,Adebayo Ogungbure,5.0,6
VGVhY2hlci0yMTQwNTMw,Francisco Olivera,3.3,6
VGVhY2hlci0zMTAzMDgz,Kelsi Opat,3.7,6
VGVhY2hlci0yODE4NDMz,Oke Orieka,2.0,6
VGVhY2hlci0yNjI3OTMx,John Oswald,1.3,6
VGVhY2hlci0zMDk1OTk2,Oleg Ozerov,2.3,6
VGVhY2hlci0yNjM1NDMy,Ramona Paetzold,3.3,6
VGVhY2hlci0yMzM2ODAw,Hangue Park,3.3,6
VGVhY2hlci0yMjU5MjQ1,Philip Park,2.0,6
VGVhY2hlci0yODkwNDc3,Isabella Patino,5.0,6
VGVhY2hlci0yMTUyOTIw,Richard Payne,5.0,6
VGVhY2hlci0yNTUxNjA0,Blaine Pedersen,5.0,6
VGVhY2hlci0yNzk0MzQ1,Zhijian Pei,5.0,6
VGVhY2hlci0zMTAyMTkw,Xiyu Peng,2.3,6
VGVhY2hlci0xNjAwNzU4,Kevin Pepper,4.7,6
VGVhY2hlci0zMDYzMTM5,Humberto Perotto,4.7,6
VGVhY2hlci0yODIyMTc5,Elizabeth Perry,5.0,6
VGVhY2hlci0yNDU1MDg5,Erik Peterson,4.3,6
VGVhY2hlci0zMDc0MTAw,Sreejith Pillai,2.7,6
VGVhY2hlci0xNTkwODYw,April Plemons,3.8,6
VGVhY2hlci0yMzY3NDc1,Amy Pond,5.0,6
VGVhY2hlci0yNTg4MTYx,Luis Ponjuan,3.7,6
VGVhY2hlci0yODQ4NjQ0,Sarah Poor,5.0,6
VGVhY2hlci0zMDI2NDQx,Sarah Potvin,5.0,6
VGVhY2hlci0zMTI5NTIx,Alexandra Powell-Pierce,5.0,6
VGVhY2hlci0yMTc0NzA4,Jordan Pratt,4.3,6
VGVhY2hlci0yODUxMTE4,Tyler Prochnow,4.7,6
VGVhY2hlci0yNTM3NTgw,Sara Ptomey,4.7,6
VGVhY2hlci0yOTg1NDUx,Emily Raibley,1.7,6
VGVhY2hlci0zMDkyMjgx,Anita Rapp,3.7,6
VGVhY2hlci0yMjQ2Mjg0,Emily Rauscher,3.0,6
VGVhY2hlci0yOTc2MDMx,Ashwini Ravindran,4.3,6
VGVhY2hlci0yODUxMTk4,Fizza  Raza,5.0,6
VGVhY2hlci0yMDMzNDMw,Bruce  Reese ,1.1,6
VGVhY2hlci0yNDgyMzUy,Jordan Reid,5.0,6
VGVhY2hlci0yOTI1ODA3,Mikayla Renwick,2.3,6
VGVhY2hlci0zMDg2OTY4,Daniel Rey,5.0,6
VGVhY2hlci0yNjk0MDk5,Casey Ricketts,4.7,6
VGVhY2hlci0yNDAzMTcw,Eric Riggs,5.0,6
VGVhY2hlci0yMTQyNDEz,William Rogers,4.3,6
VGVhY2hlci0xNjMxNjUw,Rachel Romero,3.3,6
VGVhY2hlci0yNDIxNDU5,Claude Rosson,3.3,6
VGVhY2hlci0xOTYzMTY3,Adam Rothstein,4.7,6
VGVhY2hlci0yMDcxNTYx,Dave Ruff,4.3,6
VGVhY2hlci0yMjg0ODU0,Forrest Rule,4.3,6
VGVhY2hlci0yNzcwOTc4,James Sacchettini,3.3,6
VGVhY2hlci0yMjQ3NzM3,Matthew Sachs,4.7,6
VGVhY2hlci0yNDU0MTcz,Maryam Sakhaeifar,2.3,6
VGVhY2hlci0yMTI4NzI2,Sabrina Saladino,5.0,6
VGVhY2hlci0yODQ4MjYx,Sarah Sanchez,4.3,6
VGVhY2hlci0yNTk0NTI2,Garett Sansom,4.3,6
VGVhY2hlci0yNTg1ODYw,Rose Santos,4.3,6
VGVhY2hlci0xNDY3Mjg4,Akhdiyor Sattarov,3.5,6
VGVhY2hlci0zMDYzMDI0,Clint  Saunders,4.3,6
VGVhY2hlci0zMDUyMTcx,Allison Savoie,5.0,6
VGVhY2hlci0yNDI1MTM0,David Scott,4.7,6
VGVhY2hlci0xOTY4NzIw,Christopher  Seabury,2.7,6
VGVhY2hlci0yOTA0Njcx,Haram Seo,3.0,6
VGVhY2hlci0yMDg4OTgy,Xavier Serna,4.3,6
VGVhY2hlci0xNTA3OTg4,Scott Shafer,5.0,6
VGVhY2hlci0yMDM4NjMw,B.Veena Shankara,4.7,6
VGVhY2hlci0yNDQzMzI5,Christina Shimek,2.0,6
VGVhY2hlci0yMzgxNjAx,Petros Sideris,3.7,6
VGVhY2hlci0xODk2NzU3,Josef Sifuentes,3.8,6
VGVhY2hlci0xODk0NjA1,Crina Silasi-Mansat,3.0,6
VGVhY2hlci0yMjQ3Njc5,Heidi Sisler,4.0,6
VGVhY2hlci0yMzgyMjU1,Aleksandra Sobieska-Snyder,5.0,6
VGVhY2hlci0yNjU1NjQy,Changwon Son,5.0,6
VGVhY2hlci0yNTI3NDA0,Daniel Spalink,4.0,6
VGVhY2hlci0yNjI5Nzcx,David Sparks,5.0,6
VGVhY2hlci0zMDQ3MzMz,Whitney Sperrazza,5.0,6
VGVhY2hlci0yMjkyMTI3,Abigail Spiegelman,4.7,6
VGVhY2hlci0yNjQyMTc3,Daniel Springer,3.3,6
VGVhY2hlci04NTE0OTc=,Paul Springer,5.0,6
VGVhY2hlci0xNDYwODk3,Terri Starman,3.3,6
VGVhY2hlci0zMDEwNjU5,LaTasha Starr,5.0,6
VGVhY2hlci00MTA5Njg=,Mickey Stratton,3.0,6
VGVhY2hlci0xMTA0MzYx,Joseph Sturino,3.3,6
VGVhY2hlci0yNjkzMzkz,Qing Sun,4.7,6
VGVhY2hlci0yMDAyODky,Kayla Sweet,4.0,6
VGVhY2hlci0yNzkwODQ0,Greg Sword,5.0,6
VGVhY2hlci0yMzIwOTg0,David Sykes,5.0,6
VGVhY2hlci0yNzM5NTc2,Megumi Tanabe,2.7,6
VGVhY2hlci0yNDQzNjYz,Meradee Tangvatcharapong,2.7,6
VGVhY2hlci0xNDA4MDky,Bruce Thompson,3.7,6
VGVhY2hlci0yNTMyNjIz,Limei Tian,3.0,6
VGVhY2hlci0yNzg5OTcw,Lisa Tiplady,5.0,6
VGVhY2hlci0yMjA4NzEy,Jeffery Tomberlin,4.7,6
VGVhY2hlci0yMDY3MDA2,Mario  Torres,4.7,6
VGVhY2hlci0yMTYzNTk5,Alma Trevino,4.7,6
VGVhY2hlci0yMjczNjUy,Pavel Tsvetkov,4.7,6
VGVhY2hlci0yMTk1MTgw,Sreeram Vaddiraju Vaddiraju,3.3,6
VGVhY2hlci0xODk4MjY0,Petros Valettas,4.3,6
VGVhY2hlci0yOTU4NDg0,Dirk van de Laar,4.7,6
VGVhY2hlci0yOTUzOTA0,Paul VanKoughnett,5.0,6
VGVhY2hlci0yNTU1MDI5,Daniel Vecellio,4.3,6
VGVhY2hlci0yNjk4NDAz,Dmitry Vedenov,5.0,6
VGVhY2hlci0yNDQ2MDE5,Paula Verdegaal,3.7,6
VGVhY2hlci0xMjk2OTkx,Elisabeth Vichaya,4.7,6
VGVhY2hlci0xODQ5Nzc3,Alice Villalobos,4.3,6
VGVhY2hlci0yMjI1NDg4,NA Vinayak,4.0,6
VGVhY2hlci0xMDUyNjU4,Terrence Vogel,3.5,6
VGVhY2hlci0yMDk0MTI0,Thomas Vogel,4.0,6
VGVhY2hlci0yODQ4Nzg1,Brandon Wadlington,4.7,6
VGVhY2hlci0yNDAyNzg0,Rosemary Walzem,2.3,6
VGVhY2hlci0zMDk0MzY0,Taewon Wang,5.0,6
VGVhY2hlci0yNzYyNDI1,Jonathan Weaver-Rosen,4.0,6
VGVhY2hlci0yMjY4MDg4,Anthony Weems,3.7,6
VGVhY2hlci0zMDY5NDcx,Chen Wei-An,3.3,6
VGVhY2hlci0yMDI4NzAx,Sy-Bor Wen,4.0,6
VGVhY2hlci0yNjA5MzQ2,Erinn Whiteside,5.0,6
VGVhY2hlci0yMzAyMjIz,Lisa Wigfall,4.3,6
VGVhY2hlci0zMDU1Mzk1,Bradford Wilcox,4.7,6
VGVhY2hlci0zMDA2NDg0,Keith Wilcox,3.7,6
VGVhY2hlci0yMDE2NTIx,Colby Wiley,4.3,6
VGVhY2hlci0yNTg1NDAz,Ashley Williams,4.7,6
VGVhY2hlci0zMDA1MzY1,Brian Williams,5.0,6
VGVhY2hlci0yMjkxOTc3,Myrlintha Wilson,4.3,6
VGVhY2hlci0yNDg5MTQz,Konrad Wrobel,3.0,6
VGVhY2hlci0yMjk3NjYx,Chengde Wu,3.7,6
VGVhY2hlci0yNDI1OTAz,Yangyang Xu,3.0,6
VGVhY2hlci0yMTMwNTM5,Inti Yanes Fernandez,4.5,6
VGVhY2hlci0yNTU3MzUy,Matthew Yarnold,5.0,6
VGVhY2hlci0yNzYzODM5,Marilyn Yeager,3.3,6
VGVhY2hlci0zMTE3NTIy,Mansung Yim,4.3,6
VGVhY2hlci0xOTQ3NTk1,Matthew Yokell,4.7,6
VGVhY2hlci0yNjk4NTA2,Jemimah Young,1.0,6
VGVhY2hlci0yODI2NTY5,Omar Youssef,5.0,6
VGVhY2hlci0yMTM2NjA4,Peng Yu,1.7,6
VGVhY2hlci0yNTc0NjA4,Shuya Yu,5.0,6
VGVhY2hlci0xOTc4NDIy,Zhi Zhou,2.3,6
VGVhY2hlci0zMTI3NDM5,Anna Ziff,5.0,6
VGVhY2hlci0yNDA0NzU5,Lei Zou,4.7,6
VGVhY2hlci0xNjc3NjY2,Mahmoud Abunawas,4.2,5
VGVhY2hlci0yOTUwNTA3,Melody Alanis,4.0,5
VGVhY2hlci0yNDEyMTcx,Mary Allison,5.0,5
VGVhY2hlci0yMzAxMDYx,Jorge Alvarado,2.0,5
VGVhY2hlci0yNzA4MTU0,Salah Ayari,5.0,5
VGVhY2hlci0yOTMzMjQ2,Shreedhar Bhat,1.0,5
VGVhY2hlci0xMjM2OTMy,Shelly Blair,3.8,5
VGVhY2hlci04NzgwMDE=,. Bowers,5.0,5
VGVhY2hlci0zMDg5MTEx,Christine  Christine Richie,5.0,5
VGVhY2hlci0xNzUxNjAw,Jennifer Cox,3.3,5
VGVhY2hlci0xODU2NTU4,Jared Donnelly,4.5,5
VGVhY2hlci0yODE1NDIx,Diego Donzis,4.7,5
VGVhY2hlci0zMDA3MzU2,Kristian Edosomwan,5.0,5
VGVhY2hlci0yNDI1NzYx,Amilcar Flores,5.0,5
VGVhY2hlci0xNDc4MTMw,Abhineety Goel,3.8,5
VGVhY2hlci0xODk2Njk0,Leonas Grumulaitis,2.7,5
VGVhY2hlci0yMDczNjg3,James Hannah,3.0,5
VGVhY2hlci0xMzA4MjEz,John Hurtado,5.0,5
VGVhY2hlci0yMDE3MjE3,Christian Ikenmeyer,1.7,5
VGVhY2hlci05MjMzMTA=,Darryl Knabbe,3.7,5
VGVhY2hlci0yOTg2Mjkx,Adam Kolasinski,1.0,5
VGVhY2hlci0yMjM4NTI5,Katelyn Kyle,4.3,5
VGVhY2hlci0yNDE1MjY4,Steven Labadessa,2.7,5
VGVhY2hlci0xMTQ4NjY0,Donna Lackley,2.7,5
VGVhY2hlci0xNjE5MTQ0,Jennifer Le,5.0,5
VGVhY2hlci0xNjYwNDI4,Mark Lemmon,4.0,5
VGVhY2hlci0yMTI2NjQ0,Tim Mclaughlin,2.0,5
VGVhY2hlci0xMDMyMjYy,Binayak Mohanty,3.9,5
VGVhY2hlci0xOTAwNzky,Martha Montejo,4.8,5
VGVhY2hlci02NTA0Mjg=,Jim Morgan,4.0,5
VGVhY2hlci0xMzk4ODA5,Sam Noynaert,4.7,5
VGVhY2hlci0yOTI1NzYw,Radia Perlman,5.0,5
VGVhY2hlci0yMDIzNDcz,Christos Saroglou,2.9,5
VGVhY2hlci0yMzcyNjc2,Dorothy Shippen,5.0,5
VGVhY2hlci0xOTc4MzM3,Paul Skoufranis,4.3,5
VGVhY2hlci01NDEzODE=,Kirby Smith,2.7,5
VGVhY2hlci0yOTY5Nzk5,Shruthi Srinivasan,1.0,5
VGVhY2hlci0xMzIwNDkz,Linda Talley,4.7,5
VGVhY2hlci0yMzAzMzUx,Edward Talmage,4.3,5
VGVhY2hlci0xNjIzODI1,Mike Tice,4.0,5
VGVhY2hlci0yNjY1OTI2,Brian Toney,4.0,5
VGVhY2hlci0xOTY0MDQ4,Daniel Valdez,3.7,5
VGVhY2hlci0xODU2MTk5,Steven Wheeler,5.0,5
VGVhY2hlci0yMjcxODgx,Xueqing Karen Yan,2.3,5
VGVhY2hlci0yMzA5OTI0,Na Young Ahn,3.3,5
VGVhY2hlci0zMTUwNzc4,Qian Yuan,3.0,5
VGVhY2hlci0yODkxNDg5,Wei Zhan,1.3,5
VGVhY2hlci0yMDUyMDY1,Ian Abbey,3.0,4
VGVhY2hlci0yOTA5ODMy,Muhammad  Aburweis,4.0,4
VGVhY2hlci0zMTQ4MzMy,Stephanie Adams,1.0,4
VGVhY2hlci0yMjAyMDA1,Elias Adanu,4.0,4
VGVhY2hlci0yNTYxOTQ3,Mohsen Aghashahi,4.0,4
VGVhY2hlci0yOTc2OTU0,Guillermo Aguilar,4.5,4
VGVhY2hlci0yOTI2NzIw,Anum Ahmed,5.0,4
VGVhY2hlci0zMDk1MTk4,Abdullah  Al-Aboosi,4.0,4
VGVhY2hlci0yNDkxOTMz,Kent Alipour,4.5,4
VGVhY2hlci0yMTE1NDg2,Nancy Amato,1.5,4
VGVhY2hlci0yOTk0NTM2,Kathy Anders,5.0,4
VGVhY2hlci0yMjc5MDUy,Patrick Anderson,4.0,4
VGVhY2hlci0xNDY1MTQ2,Sammy Anderson,5.0,4
VGVhY2hlci0yMjU4Nzc2,Samira Ardani,1.5,4
VGVhY2hlci0yMzk5MzI3,Lobat Asadi,4.5,4
VGVhY2hlci0zMTI4MTU4,Sandy Ashcraft,4.5,4
VGVhY2hlci0zMDQ1NDEx,Charles Aubeny,4.0,4
VGVhY2hlci0xOTAzODA4,Stephen Avsec,3.3,4
VGVhY2hlci0yNTc2MjAw,Mohsen Aznaveh,2.0,4
VGVhY2hlci0yNjkyNDM3,Xiaoxiao Bai,2.0,4
VGVhY2hlci0yNDI2ODg5,Kathryn Bailey,5.0,4
VGVhY2hlci0yNjYwMzY0,Carrie Baker,5.0,4
VGVhY2hlci0xMjQyNjU3,Stephen Balfour,5.0,4
VGVhY2hlci0yOTA3MzU0,Juliet Ball,5.0,4
VGVhY2hlci0yMjEyNjM3,Blair Banker,5.0,4
VGVhY2hlci0yMzYyNDU2,Perry Barboza,4.5,4
VGVhY2hlci0yOTI0NjEz,Stephanie Batterson,5.0,4
VGVhY2hlci0yMDkyNzI5,William Beason,2.5,4
VGVhY2hlci0xOTUwOTA2,Christopher  Beaudoin ,4.3,4
VGVhY2hlci0yODYzOTc0,Sara Beck,2.0,4
VGVhY2hlci0yNTYyMjgz,Andrea Beerwinkle,1.0,4
VGVhY2hlci0xMDY3MTg2,Brian Behnken,5.0,4
VGVhY2hlci0yNDM1NzI1,Deb Bell-Pedersen,4.5,4
VGVhY2hlci0yODYwMjY5,Nicholas Bentley,4.5,4
VGVhY2hlci0zMDkxOTUx,Hamza Benzina,5.0,4
VGVhY2hlci0yMDQ5Njk5,Phillip Beremand,2.8,4
VGVhY2hlci0yNjQwNjg3,Danielle Bevan,4.5,4
VGVhY2hlci0yMzIyNTgy,Matthew Bird,5.0,4
VGVhY2hlci0zMTQ4MTcz,Christopher Bishop,5.0,4
VGVhY2hlci0yMjc3NzE1,Corey Bishop,5.0,4
VGVhY2hlci0yNTcyMzg3,Saurabh Biswas,1.5,4
VGVhY2hlci0zMDY4NjUx,Melissa  Bohnsack,5.0,4
VGVhY2hlci0yMDQ5Njk2,Beatrice Bongiorno,4.8,4
VGVhY2hlci0yMjIyOTI2,Hilary Bouxsein,4.5,4
VGVhY2hlci0yMTY3NDMx,Michael Brackin,3.5,4
VGVhY2hlci0yNTkwODg0,Winston Bribach,4.5,4
VGVhY2hlci0yMjMyNjQy,Natasha Brison,3.5,4
VGVhY2hlci0zMDEyMzI2,Connor Brubaker,5.0,4
VGVhY2hlci0yNzcyNDU0,Ciaran Buckley,3.0,4
VGVhY2hlci0zMDE4MjM1,Ryan Budahazy,1.5,4
VGVhY2hlci0yODExMDEy,Zachary Bujnoch,5.0,4
VGVhY2hlci0yOTUxMzI3,Haley Burke,5.0,4
VGVhY2hlci0yMzU4MzUw,Lynn Burlbaw,4.0,4
VGVhY2hlci0yMTY5Mjk1,Rebecca Burns,5.0,4
VGVhY2hlci0zMDg0OTkx,Mark Burris,2.5,4
VGVhY2hlci0yODYzMzk4,Christopher Butler,5.0,4
VGVhY2hlci0yOTAxMTY1,Cranky Caffey,2.0,4
VGVhY2hlci0yODY2NDkw,Yuguang Cai,4.5,4
VGVhY2hlci0yNzM3OTU3,Robert Capraro,3.0,4
VGVhY2hlci0yMTQyMDI4,Richard Carlson,3.0,4
VGVhY2hlci0yODI4NDUz,Donnie Carpenter,3.0,4
VGVhY2hlci0yNjYyODk1,Claudio Casola,5.0,4
VGVhY2hlci0yODMwMzI5,Chia-Yu Chang,2.5,4
VGVhY2hlci0yMDA4MjE5,Piers Chapman,2.0,4
VGVhY2hlci0zMDQ0MDIy,Nicholas  Charles,5.0,4
VGVhY2hlci0yNTI5MDc2,Theodora Chaspari,5.0,4
VGVhY2hlci0yNjUzNzgz,Jorge Chavarro,1.0,4
VGVhY2hlci0xMzU0ODc3,Lei-Shih Chen,5.0,4
VGVhY2hlci0yMDEwMjE1,Liang Chen,2.8,4
VGVhY2hlci0yNDM0OTE4,Yixing Chen,5.0,4
VGVhY2hlci0yNDQxNDgz,Guo Cheng,3.0,4
VGVhY2hlci0zNTcyNzg=,Dara Childs,1.8,4
VGVhY2hlci0yNzY2MzYz,Hanna Cho,3.5,4
VGVhY2hlci0yNDg0NTA0,Seokyeong Choi,1.5,4
VGVhY2hlci0yNzY4NjA0,Jin Chung,4.0,4
VGVhY2hlci0yNDMxMDk3,Sara Chung,5.0,4
VGVhY2hlci0yODMzNDYz,Mark Clayton,3.0,4
VGVhY2hlci0zMDIxNDQ0,Renee Cleghorn,5.0,4
VGVhY2hlci0yOTA4MDEy,David Cobb,5.0,4
VGVhY2hlci0yNDg5MTQ0,Elizabeth Cobbs,5.0,4
VGVhY2hlci0xODk0NjIx,Marion Coe,3.0,4
VGVhY2hlci0yNDgwMjc1,Noah Cohen,5.0,4
VGVhY2hlci0yODYyMTA4,William Connor,3.0,4
VGVhY2hlci0zMDU3MTQ3,Emily  Cook,2.0,4
VGVhY2hlci0yMDY5MDI0,Josie Coverdale,5.0,4
VGVhY2hlci0yODA1Njg4,Garth Crosby,3.0,4
VGVhY2hlci0yMDM4Mzcw,Whitney Crossland,4.0,4
VGVhY2hlci0yNTM4ODQy,Elizabeth Crouch,5.0,4
VGVhY2hlci0yNTAyMDMw,Wenting Dai,1.5,4
VGVhY2hlci0xMzM0Mzg4,Norbert Dannhaeuser,4.7,4
VGVhY2hlci0yMTc0NzEw,McKensie Daugherty,4.5,4
VGVhY2hlci0yOTA1Mjg5,Andrea Davie,5.0,4
VGVhY2hlci05NjI1NTc=,Fred Davies,4.3,4
VGVhY2hlci0yODUyNTcy,Shanon Deer,5.0,4
VGVhY2hlci0zMDE0NTA5,Paul Deere,5.0,4
VGVhY2hlci0yODE5NzU5,Sougata Dey,2.0,4
VGVhY2hlci0yNTgyOTI3,Sakina Dixon,4.5,4
VGVhY2hlci0zMDE5MzQ4,Chanwook Do,5.0,4
VGVhY2hlci0yMzQwNDQw,Keaton Dodd,4.5,4
VGVhY2hlci0yMTQ0NDMx,James Doster,4.0,4
VGVhY2hlci0xNjkxMTg1,April Douglass,5.0,4
VGVhY2hlci0yNjQ5NDQz,James Driver,2.0,4
VGVhY2hlci0zMDQ2NTc4,Tonya Driver,1.5,4
VGVhY2hlci0xODkxOTQ4,Mike Duff,1.0,4
VGVhY2hlci0yMzM2MjEy,Nick Duffield,4.5,4
VGVhY2hlci0yNTIxNTI3,Kim Dunbar,3.0,4
VGVhY2hlci0yMDc1MDQy,Sourav Dutta,2.5,4
VGVhY2hlci0zMDk5NzMw,Joe Dyson,5.0,4
VGVhY2hlci0yMjE5OTMx,Elizabeth Earle,5.0,4
VGVhY2hlci0yNTMwODQ0,Daniel Ebbole,3.5,4
VGVhY2hlci0yNDUwMDAw,Kirk Edney,3.0,4
VGVhY2hlci0xNjc4NzU0,Michael Edwards,2.8,4
VGVhY2hlci0yMjIzMjYz,Yossef Elabd,3.5,4
VGVhY2hlci0yOTg3MzA1,Prasad Enjeti,4.0,4
VGVhY2hlci0zMDg5MjIz,Ali Erdemir,4.5,4
VGVhY2hlci0yNzEwOTQx,Nafiseh Faghihi,4.5,4
VGVhY2hlci0yMzczMTI1,Vahid Faghihi,4.5,4
VGVhY2hlci0yNTUyNjc4,Jeffrey Falzarano,5.0,4
VGVhY2hlci0zMDI5NTc5,Mark Faries,3.0,4
VGVhY2hlci0yNDgwMTY5,Matthew Faulkner,4.0,4
VGVhY2hlci0yNjM2NDEw,Gizelle Fauss,5.0,4
VGVhY2hlci0yNzA4MzQ5,Matthew Faust,3.0,4
VGVhY2hlci0yMTk5NDQw,Yating Feng,2.0,4
VGVhY2hlci0xODkwMDEz,Grant Ferguson,4.5,4
VGVhY2hlci0yNDcyMzE1,Aamir Fidai,1.0,4
VGVhY2hlci0yMzAyNjM3,Melissa Filbeck,5.0,4
VGVhY2hlci0yNTI3NzUy,Sherman Finch,1.5,4
VGVhY2hlci0yNjYyMzIy,Souza Flavio,5.0,4
VGVhY2hlci04ODk0NjY=,. Flores,3.3,4
VGVhY2hlci0xOTkxNTYx,Trent Ford,4.8,4
VGVhY2hlci02Mjc2MjM=,David Forrest,3.5,4
VGVhY2hlci0yMzcwNzA3,Mark Fossett,1.0,4
VGVhY2hlci0yNTk2NTMw,Patrice French,4.5,4
VGVhY2hlci0yMTc5ODIx,Patrick Fulton,3.0,4
VGVhY2hlci0zMTA2OTcz,Rashid Gahnbaripour,3.5,4
VGVhY2hlci0zMDI2OTIw,Missy Gandarilla,3.5,4
VGVhY2hlci0yNzcwNzEy,Bladmir Garcia,5.0,4
VGVhY2hlci0yNzk1OTAx,Ximena Garica-Rada,5.0,4
VGVhY2hlci0yNzU5ODEx,Maritza Garza,5.0,4
VGVhY2hlci0yMDE3MjQ0,Eleni Gesch-Karamanlidis,2.8,4
VGVhY2hlci0yMjAxOTYx,Megan Giebert,5.0,4
VGVhY2hlci0yNTAzNDI4,Jai Girard,3.0,4
VGVhY2hlci0yNTU0NTE1,Nathan Gober,4.5,4
VGVhY2hlci0yOTI2Mzcz,Unal Goktas,4.0,4
VGVhY2hlci0yODEzNzg5,Meghan Graul,2.5,4
VGVhY2hlci0yMDc0NDc3,Yonghui Guan,2.3,4
VGVhY2hlci0xNzI2Mjkx,Anna Gundy,2.8,4
VGVhY2hlci0zMTIzMTQw,Laura  Hagler,1.0,4
VGVhY2hlci0yMTY1MzY1,Alexander Haitos,4.0,4
VGVhY2hlci04ODczODg=,Andy Hajash,5.0,4
VGVhY2hlci0yOTk1Mzk5,Scott Halliwell,5.0,4
VGVhY2hlci0zMDA1NjY1,Thomas  Hallmark,3.5,4
VGVhY2hlci0yNzI0NDAw,Gabriel Hamer,1.0,4
VGVhY2hlci0yNjMzNzQ0,Sarah Hamer,5.0,4
VGVhY2hlci0zMDAxMjQw,Eman Hammad,5.0,4
VGVhY2hlci0yNDY3MzM5,Sangjin Han,3.5,4
VGVhY2hlci0yNDkxOTA5,Milan Hanuš,1.0,4
VGVhY2hlci0yNjU5NTcy,Rebecca Hapes,5.0,4
VGVhY2hlci0yMzU3NDU4,Kentaro Hara,4.5,4
VGVhY2hlci0yNDg2ODM3,Yasha Hartberg,4.0,4
VGVhY2hlci0yMjEzMzM5,Karl Hartwig,3.5,4
VGVhY2hlci0yMzk5MjA5,Bekah Harvick,5.0,4
VGVhY2hlci0zMDY4NjM5,Eman Hassan,3.0,4
VGVhY2hlci0xODgxODk5,Stephen Hatch,4.0,4
VGVhY2hlci0yMTI4NzM2,Steven Hauge,4.5,4
VGVhY2hlci0yMzMyODQ5,Andrew Hayden,5.0,4
VGVhY2hlci0xNzExNTk0,Jacob Heil,5.0,4
VGVhY2hlci0yNjU2NDg1,Taylor Henderson,5.0,4
VGVhY2hlci03MTQ2OTE=,Bruce Herbert,4.5,4
VGVhY2hlci0zMDI2NTMz,Nompumelelo  Hlophe,5.0,4
VGVhY2hlci0xOTUzODAw,Kristin Hoffmeister,4.8,4
VGVhY2hlci0xOTc2MTI0,Harry Hogan,4.8,4
VGVhY2hlci0yMjk5ODgz,Kelli Hollinger,3.0,4
VGVhY2hlci0yNDU1MDI1,Glen Hordemann,5.0,4
VGVhY2hlci0xMjE3MzI5,Margaret Horner,5.0,4
VGVhY2hlci0yNjk0ODUw,Mohammad Hossian,4.5,4
VGVhY2hlci0xMjUzMzA4,Lloyd Hossner,4.5,4
VGVhY2hlci0yMjMxOTY2,Johanna Hourahan,4.0,4
VGVhY2hlci0yMTQ3MDUx,Xia Hu,4.8,4
VGVhY2hlci0xMDY3NDA0,Yongheng Huang,3.7,4
VGVhY2hlci0yNjc5MTUy,Luis Hurtado,1.0,4
VGVhY2hlci0yMzcwOTc4,Eleftherios Iakovou,5.0,4
VGVhY2hlci0yNjY1NTkx,Sami Jabarkhail,4.5,4
VGVhY2hlci0yNjk1NzM2,Jose Jacobo,5.0,4
VGVhY2hlci0yMjE2MDgx,Fayola Jacobs,4.5,4
VGVhY2hlci0yNTcwMjEy,Roozbeh Jafari,1.5,4
VGVhY2hlci0yNTcyMzg2,Abhishek Jain,1.5,4
VGVhY2hlci0zMDMwMzQx,Donna Jaison,5.0,4
VGVhY2hlci0yNjcyNTE2,Sarah Jaks,4.5,4
VGVhY2hlci0yNDQzNzEw,In Jang,2.0,4
VGVhY2hlci0yNjgzNjg5,Andrew Jastram,2.5,4
VGVhY2hlci0yMjE1ODk3,Shenzhe Jiang,3.0,4
VGVhY2hlci0yMTYyMjg5,Wei Jiang,4.5,4
VGVhY2hlci0zMDE5ODk3,Hengda Jin,5.0,4
VGVhY2hlci0yMjk5MjM1,Jocelyn Johnson,4.5,4
VGVhY2hlci0zMTUzNTYz,Bryan Jones,5.0,4
VGVhY2hlci0yMTE1OTc3,Robert Jones,4.8,4
VGVhY2hlci0yMzQ1OTM4,Dongoh Eric Joo,4.5,4
VGVhY2hlci0zMTI0Mjkx,Yoonsung Jung,4.3,4
VGVhY2hlci0zMTEyNjc3,Kim  Junhyoung,4.5,4
VGVhY2hlci0zMTE2NDI5,Adrian Kan,4.0,4
VGVhY2hlci0xNzE2Nzg0,Guido Kanschat,3.5,4
VGVhY2hlci0xNzE2NDgz,Mustafa Karakaplan,4.5,4
VGVhY2hlci0yMzg1MDk5,Ibraheem Karaye,4.5,4
VGVhY2hlci0yNzQ5Njcy,Holly Kasperbauer,5.0,4
VGVhY2hlci0xOTQ4MTYx,Verna Keith,4.5,4
VGVhY2hlci0yNzcyMTE3,Asim Khajwal,4.0,4
VGVhY2hlci0yNjkwNjM5,Hossein Khazaei,3.0,4
VGVhY2hlci0yOTk1OTI0,Kayan Khraisheh,4.5,4
VGVhY2hlci0yMzA3NTE2,Jinhyung Kim,4.5,4
VGVhY2hlci0yNjE1ODIz,JoungDong Kim,5.0,4
VGVhY2hlci0yNDU0MjQw,Namhee Kim,3.5,4
VGVhY2hlci0yODAwNDcz,Yong Kim,4.5,4
VGVhY2hlci0xOTEzMzc5,April Kinkead,4.5,4
VGVhY2hlci0yNzQyODU1,Sally Klimek,5.0,4
VGVhY2hlci0yMDkyNTYx,Randy Kluver,5.0,4
VGVhY2hlci0yOTQ5NDY2,Dana Kneese,5.0,4
VGVhY2hlci0yMzEwMzky,Stephanie Koenig,5.0,4
VGVhY2hlci0zMDIyNDQy,Melissa Koff,5.0,4
VGVhY2hlci0yMzg5NTkz,Nancy Krenek,3.0,4
VGVhY2hlci0xOTYyMzY5,Karl Krusell,5.0,4
VGVhY2hlci0yMzc2MjUw,Panganamala Kumar,5.0,4
VGVhY2hlci0yNjQyNzUx,Yewon Kwon,3.5,4
VGVhY2hlci0yMzA5MTUx,Thomas Lacher,5.0,4
VGVhY2hlci05NTg3OTY=,Dimitris Lagoudas,2.0,4
VGVhY2hlci0xMTI3Nzc4,Curba Lampert,2.3,4
VGVhY2hlci03MzA4NTM=,Charles Lard,3.0,4
VGVhY2hlci0yOTE4ODI3,Samee Lashari,2.0,4
VGVhY2hlci0zMTQ4NTU2,Christopher Law,2.5,4
VGVhY2hlci0yOTA4ODU0,Dylan Leathe,3.5,4
VGVhY2hlci04OTgwODY=,Michael Lebuffe,4.5,4
VGVhY2hlci0yOTA2MDAy,Cheng-Chun (Barry) Lee,4.0,4
VGVhY2hlci0yOTcxNjc5,Kiju Lee,5.0,4
VGVhY2hlci0zMTAwMjcz,Taeyoon Lee,5.0,4
VGVhY2hlci0yNTEwMTI0,Unkyung Lee,3.0,4
VGVhY2hlci0xMTA1MTc4,Jorge Leon,3.0,4
VGVhY2hlci0yOTc2OTYx,Gentry Leonard,5.0,4
VGVhY2hlci0yOTcxMTky,Marissa Lepper,4.5,4
VGVhY2hlci0yODY4NTI5,Ivett Leyva,5.0,4
VGVhY2hlci0yOTEzNjUx,Dongying Li,5.0,4
VGVhY2hlci0yNzY4MzA0,Haoshen Li,3.0,4
VGVhY2hlci0yNjY2MzEx,Qi Li,1.0,4
VGVhY2hlci0zMDQ2NzU2,Wei Li,5.0,4
VGVhY2hlci0yMTk1NTYy,Liang Liang,3.0,4
VGVhY2hlci0xNzE1MDI3,Aaron Linderman,4.5,4
VGVhY2hlci0xOTYyMzg2,Dongxiao Liu,2.5,4
VGVhY2hlci0yODA4NTk4,Jinliang Liu,5.0,4
VGVhY2hlci0yOTI3OTY0,Wei Liu,3.0,4
VGVhY2hlci0xMjI2OTU3,Wendy Liu-Galpin,3.0,4
VGVhY2hlci0yMjMxMTc2,Leonardo Lombardini,5.0,4
VGVhY2hlci0yNTA4MDU4,Roel Lopez,5.0,4
VGVhY2hlci0yODY2MTkz,Jack Love,5.0,4
VGVhY2hlci0yNzk2MzAw,Jonas Luhrmann,4.5,4
VGVhY2hlci0yMjc3NDY5,Xingmao MA,5.0,4
VGVhY2hlci0yNjIxODE5,Janica Magat,3.0,4
VGVhY2hlci0xNDQ4MjEz,Keith Maggert,4.3,4
VGVhY2hlci0yMzczNDA0,Sangin Mah,4.0,4
VGVhY2hlci0yNjgyOTIx,Duncan Maitland,2.5,4
VGVhY2hlci0zMDQ2NTY5,Dina  Malala,5.0,4
VGVhY2hlci0yMzI3NjE2,George Mann,5.0,4
VGVhY2hlci0yNDQ1NTQ1,Marc Marini,5.0,4
VGVhY2hlci0zMTUyNDU4,Thomas Marlow,5.0,4
VGVhY2hlci0yMTgwODk0,Jill Martz,3.0,4
VGVhY2hlci0yOTQ5Mzc2,Joe Mask,5.0,4
VGVhY2hlci0yMTg3MTc2,Noboru Matsuda,1.0,4
VGVhY2hlci0yODEyNzgy,David McCarroll,4.5,4
VGVhY2hlci0zMDAzMDY1,Shelby McCay,4.5,4
VGVhY2hlci0yMTI3ODQ1,Christine McCown,4.5,4
VGVhY2hlci0yNjg5Mzkx,Brian McCullough,4.5,4
VGVhY2hlci0yMjEwNjMy,Brenda McDonald,3.5,4
VGVhY2hlci0yMjM3MDEw,Catherine McIntyre,1.5,4
VGVhY2hlci0yMDE2MjEz,Bill Mckinley,4.5,4
VGVhY2hlci0xMTkyMjI5,Ben McMyler,4.8,4
VGVhY2hlci0yMzM2MjM5,Douglas McRoberts,3.0,4
VGVhY2hlci0xNzc4MDk5,Erin McTigue,5.0,4
VGVhY2hlci0yNTIzOTE0,David McWhirter,1.0,4
VGVhY2hlci0yMDYzMjE2,Kevin Melia-Teevan,4.3,4
VGVhY2hlci0zMDI5Mzg2,Jaqueline Mendez,3.5,4
VGVhY2hlci0yNTMxMzQx,Naveed Merchant,4.5,4
VGVhY2hlci0yMTQyODk0,Gretchen Miller,5.0,4
VGVhY2hlci0yMDc0NTI2,Sarah Minnis,5.0,4
VGVhY2hlci0yNTg1OTE3,Alexandra Mitchell,5.0,4
VGVhY2hlci0yNDg2Mzk2,Stephanie Moody,5.0,4
VGVhY2hlci0yOTgwODUz,Rachel Moran,5.0,4
VGVhY2hlci0yMzcwODM3,Miguel Mora-Zacarias,3.0,4
VGVhY2hlci0xMzUzOTA2,Joe Morgan,4.3,4
VGVhY2hlci0yOTYxMTg0,Trey Morgan,5.0,4
VGVhY2hlci0yMjg1MTc2,Mike Morrison,5.0,4
VGVhY2hlci0zMDExMDgx,Robert Morrison,5.0,4
VGVhY2hlci0yNzI2NjA2,Daniele Mortari,4.0,4
VGVhY2hlci0zMDgxNTM3,Matthew Moulton,5.0,4
VGVhY2hlci0xNjYxMjQ3,Druhbaa Muhkerjee,3.5,4
VGVhY2hlci0yMTMwMjU3,Chantrey Murphy,3.8,4
VGVhY2hlci0zMDExOTk1,Nazif  Nafi,3.0,4
VGVhY2hlci0xODQ0NTMz,Dimitri Nanopoulos,3.0,4
VGVhY2hlci0yNzU4Njk4,Ibere Nascentes Alves,5.0,4
VGVhY2hlci0zMTUwNDI1,Yara Nassar,2.0,4
VGVhY2hlci0yMTQ0MTc2,Amir Nikooienejad,2.3,4
VGVhY2hlci0yMTI2ODM1,Reza Norouzian,4.3,4
VGVhY2hlci0yOTk4NDky,Zhale Nowroozilarki,5.0,4
VGVhY2hlci0yMjY5MDc0,John O'Day,1.0,4
VGVhY2hlci0yNDE5MzMy,Sydney Odoi,3.0,4
VGVhY2hlci0yMTI5MDEz,David Orta,4.3,4
VGVhY2hlci0yOTk1OTI2,Sarah Ottinger,5.0,4
VGVhY2hlci0yNTQ3MzQ0,William Pace,3.5,4
VGVhY2hlci0yMDE3MDQ4,Analisa Packham,3.5,4
VGVhY2hlci0zMTU0ODE5,Prabhakar  Pagilla,1.5,4
VGVhY2hlci0yNDcxOTM3,Vladislav Panin,3.5,4
VGVhY2hlci0zMDEyNDUw,John Pappas,1.0,4
VGVhY2hlci0zMDAzMDY4,Israel Parker,5.0,4
VGVhY2hlci0yNjk1MjMx,Martha Parker,5.0,4
VGVhY2hlci0yNjE3NjE1,Thena Parrott,5.0,4
VGVhY2hlci0yODUwNDAy,Faith Parum,5.0,4
VGVhY2hlci0yNjQ0Nzcz,Ashley Passmore,4.0,4
VGVhY2hlci0yOTg1MTI2,Jasmin  Patron-Vargas,4.0,4
VGVhY2hlci0zMTQ3NDc3,Walter Peacock,1.5,4
VGVhY2hlci0yODIzMDU5,Kenneth Peddicord,5.0,4
VGVhY2hlci0yODQ2Nzgx,Angela Perri,5.0,4
VGVhY2hlci0yNjQyNzQy,Benjamin Peterson,5.0,4
VGVhY2hlci0yMzIyNjg0,Gary Phelps,1.0,4
VGVhY2hlci0yMDAzMTcz,Robert Philbin,4.3,4
VGVhY2hlci0yMjIxMDc1,Andrew Phillips,3.0,4
VGVhY2hlci0yNjM1Mjgw,Suresh Pillai,5.0,4
VGVhY2hlci0yNjQ1NTMz,Manuel Pina,3.5,4
VGVhY2hlci0zMDA0Mjk0,Emily Plunkett,5.0,4
VGVhY2hlci0yMjEzNTk4,Maria Poísa,5.0,4
VGVhY2hlci0yNDI2NjM1,Joshua Powell,3.5,4
VGVhY2hlci0yNjkwOTc3,Sandipan Pramanik,4.5,4
VGVhY2hlci0yNDU1NTE0,Leigh-Ellyn Preston,2.5,4
VGVhY2hlci0yMjU4MzA4,Christopher Quick,5.0,4
VGVhY2hlci0yOTgzNDMx,Ramy Rady,1.0,4
VGVhY2hlci0yOTk1OTYy,Sam  Ramzilla,4.5,4
VGVhY2hlci0yNDcwOTk5,Arjun Rao,4.5,4
VGVhY2hlci03NTMyOTk=,Ryan Rathmann,4.0,4
VGVhY2hlci0xOTAzODA0,Othon Rediniotis,2.3,4
VGVhY2hlci0yMzk1MTA5,Julia Reece,5.0,4
VGVhY2hlci0xOTc1NDc3,Joel Reed,3.8,4
VGVhY2hlci0yMDAzODA0,Katherine Reed,5.0,4
VGVhY2hlci0yNTUwMDEx,Russell Reid,5.0,4
VGVhY2hlci00ODgyMjE=,Chris Reutzel,4.3,4
VGVhY2hlci0yODc0ODY1,Jeffery Reynolds,5.0,4
VGVhY2hlci0yNTA3NTYx,Ryan Rholes,3.5,4
VGVhY2hlci0yMTQ1Njgz,Sarah Rice,4.5,4
VGVhY2hlci0yMTM3Mjgx,Brittany Rico,2.8,4
VGVhY2hlci0zMDU3OTM5,Oscar Riera-Lizarazu,2.0,4
VGVhY2hlci0xMTQ5NzYy,Anthony Rintala,1.3,4
VGVhY2hlci0zMDEzOTYx,Jeff Ripley,5.0,4
VGVhY2hlci0yNzM2Njg1,Andrea Roberts,1.0,4
VGVhY2hlci0zMDMzMzU4,Adriana Rodriguez,1.0,4
VGVhY2hlci0yMjg4MjIx,Alton Rogers,1.5,4
VGVhY2hlci0yMzk0MTkz,Ehsan Rohani,5.0,4
VGVhY2hlci0yOTU0ODYy,Micheal  Rold,5.0,4
VGVhY2hlci0yNDYwMzgx,Cheryl Rollman-Tinajero,5.0,4
VGVhY2hlci0zMDUwNjAz,Maria Roque,3.0,4
VGVhY2hlci0xODk3OTkx,Nathanael Rosenheim,5.0,4
VGVhY2hlci0yMzE5NTMz,Jennifer Ross,5.0,4
VGVhY2hlci0yODAwODk1,Katie Rowe,3.5,4
VGVhY2hlci0zMDE0MjMw,David Russell,1.5,4
VGVhY2hlci0yMjQ4ODMw,Leon Russell,3.0,4
VGVhY2hlci0yNDg1OTc3,Dalitso Ruwe,5.0,4
VGVhY2hlci0yNDUyMTY2,Dinakar Sagapuram,4.5,4
VGVhY2hlci0yNjIzNjA1,Luis San Andres,2.5,4
VGVhY2hlci0yODQ5MDcz,John Sanchez,5.0,4
VGVhY2hlci0zMDMwNjMw,Joan Sanders,2.5,4
VGVhY2hlci0yMzk5MzE0,Neil Sanger,5.0,4
VGVhY2hlci0yOTYzNDg3,Jose Sanjuan,5.0,4
VGVhY2hlci0yMDI4MTI2, Sherry Scarborough ,2.3,4
VGVhY2hlci0yNjEzMjAw,Jessica Scarfuto,3.0,4
VGVhY2hlci0xMjE3NTIw,Cheryl Schaile,5.0,4
VGVhY2hlci0yMTk4MzE4,Rebecca Schegel,3.5,4
VGVhY2hlci0yMjc1Nzg2,Benjamin Scheuter,5.0,4
VGVhY2hlci0yMDA5NzEx,Jane Schielack,3.5,4
VGVhY2hlci0xNjc1NTM1,Chad Scott,4.8,4
VGVhY2hlci0yNjAyODQx,Brittany Segundo,3.5,4
VGVhY2hlci0yMzUyODM2,Jane Sell,3.5,4
VGVhY2hlci0yNzU1Njg4,Arun Sen,1.0,4
VGVhY2hlci0yMTA0MTEy,Elizabeth Seto,3.8,4
VGVhY2hlci0yNDk5ODQw,Lin Shao,5.0,4
VGVhY2hlci0yMTY0NTUx,Gony-Mustafa Sharif,3.5,4
VGVhY2hlci0zMDA2NDg1,Huanhuan Shi,3.5,4
VGVhY2hlci0yMzM1NjMx,Won-Bo Shim,4.0,4
VGVhY2hlci0yMTI2ODEw,Jamie Shinn,5.0,4
VGVhY2hlci0xODI1ODE1,Paul Sikes,5.0,4
VGVhY2hlci0yMTk1MDU3,Nova Silvy,2.0,4
VGVhY2hlci0yMTg1Mzg3,Erin Singer,4.0,4
VGVhY2hlci0yMzMwNTM2,Saurabh Singh,5.0,4
VGVhY2hlci03MjU1MTc=,Jairo Sinova,4.8,4
VGVhY2hlci0yOTI2NTk3,Kristin Slagel,5.0,4
VGVhY2hlci0xNDAxMTUz,Cindi Smatt,4.8,4
VGVhY2hlci0yMDAyMzM5,Charles Smith,5.0,4
VGVhY2hlci0yODc1Nzg5,Christopher Smith,5.0,4
VGVhY2hlci0yOTcxNjgy,Clint Smith,1.0,4
VGVhY2hlci0yMzA3Njk0,Gary Smith,5.0,4
VGVhY2hlci0yOTE1ODM4,Anneke  Snyder ,5.0,4
VGVhY2hlci0zMDU3MDg3,Simon  Somogyi,5.0,4
VGVhY2hlci0yNDczODk2,Alina Sorescu,3.5,4
VGVhY2hlci0yOTkzNjk4,Gabriela  Sosa,3.5,4
VGVhY2hlci0yMDA0ODc0,Rashelle Spear,3.5,4
VGVhY2hlci0zMDY0ODU0,Aurore Spiers,2.5,4
VGVhY2hlci0zMTA3MDI0,Timo Sprekeler,5.0,4
VGVhY2hlci0zMDk2MTY3,Robert Stagg,5.0,4
VGVhY2hlci0yNzUwMzcz,Peyton Stevenson,3.0,4
VGVhY2hlci0xNTc1NjA4,Chamila Subasinghe,4.5,4
VGVhY2hlci0yNTUyNzAz,Hung-Jue Sue,2.0,4
VGVhY2hlci0zMDk1ODEw,Rahul Suhag,5.0,4
VGVhY2hlci0yNzAyMzY0,Xichen Sun,5.0,4
VGVhY2hlci0yNDM4OTE0,Annie Sungkajun,5.0,4
VGVhY2hlci0yNDIzMjUy,Nicholas Suntzeff,5.0,4
VGVhY2hlci0zMDUyMjMx,Masako Suzuki,5.0,4
VGVhY2hlci0yMjUwNDIz,Andrew Swift,4.0,4
VGVhY2hlci0yNDUxOTAw,Leigh Szucs,5.0,4
VGVhY2hlci0xMzM0OTUz,Justin Taillon,3.5,4
VGVhY2hlci0yMDMwMzAy,Deborah Threadgill ,4.0,4
VGVhY2hlci0yMTM0Mjk5,Jing Tian,1.0,4
VGVhY2hlci0zMDc3MzMy,Audrey Tinker,5.0,4
VGVhY2hlci0yNDI0MTU3,Dorothy Todd,5.0,4
VGVhY2hlci0yNDE2NjM5,Luis Torres,1.0,4
VGVhY2hlci0xMjUyMzQ5,Kim-Vy Tran,2.3,4
VGVhY2hlci0yNzA4NDI0,Tiffany Truong,4.0,4
VGVhY2hlci0yNzgzODEz,Senyo Tse,2.5,4
VGVhY2hlci0xOTQyNzU3,Jesse Tune,4.3,4
VGVhY2hlci0zMDk2NTI5,Nasim Vaseiezadeh,1.0,4
VGVhY2hlci0yNDI3NDc0,Ana Velazquez,2.5,4
VGVhY2hlci0yMzI5OTUx,Leah Venable,5.0,4
VGVhY2hlci0zMDMzNDY5,Srini Vijayaraghavan,2.5,4
VGVhY2hlci0yMjA2MjMx,Jose Villalobos,5.0,4
VGVhY2hlci0yNzEyMTQx,Valon Vitaku,3.5,4
VGVhY2hlci0xOTQ3MzI2,Sneha Wager,4.8,4
VGVhY2hlci0yNzg1OTMz,Dara Wald,4.5,4
VGVhY2hlci0yOTExMjE0,John Walewski,5.0,4
VGVhY2hlci0yNDA0OTIz,Elise Walker,3.5,4
VGVhY2hlci0yMTIzODQy,Lynne Walters,1.3,4
VGVhY2hlci0yODY0Mjk4,Josh Wand,3.5,4
VGVhY2hlci0yMjk1MDg1,Diana Wandix-White,4.5,4
VGVhY2hlci0zMDE2NzY1,Lei wang,5.0,4
VGVhY2hlci0yNjQ2ODg5,Jun Wang,2.5,4
VGVhY2hlci0zMDc0NzU1,Shiren Wang,2.5,4
VGVhY2hlci0yNDI3OTU0,Joseph Ward,1.0,4
VGVhY2hlci0yMDY4OTQx,Ronald Ward,2.3,4
VGVhY2hlci0zMTA5NTg2,Robert Warden,4.5,4
VGVhY2hlci0zMDIwNDc3,Arthur  Watson ,5.0,4
VGVhY2hlci0xODExMzE4,John Watt,4.3,4
VGVhY2hlci0yNTQzNzA0,George Welsh,5.0,4
VGVhY2hlci0yNzU4Mjc2,Alexander Weygandt,4.0,4
VGVhY2hlci03MjgyMTE=,Robert Wharton,2.8,4
VGVhY2hlci0yNTk4NzQx,Della Whitcomb,5.0,4
VGVhY2hlci0yNDYyODU5,Laura Wilding,5.0,4
VGVhY2hlci0zMDgyNzc3,Rohan Wilko,3.5,4
VGVhY2hlci0xODU5MzM4,John Williams,3.3,4
VGVhY2hlci0yNTkzODY0,John Williams,5.0,4
VGVhY2hlci0xNjUxMDQ4,Kelly Winsco,5.0,4
VGVhY2hlci0yNjkxNDky,Michael Withers,3.0,4
VGVhY2hlci0yMzM3NDg5,Joshua Witter,1.5,4
VGVhY2hlci0yNzU5Mjkx,Zi Jing Wong,3.0,4
VGVhY2hlci0xOTU0NTQ5,Douglas Woods,3.8,4
VGVhY2hlci0zMTA5ODc2,Savannah Wooller,5.0,4
VGVhY2hlci0zMDk1OTk0,Kim Wright,3.0,4
VGVhY2hlci0yMzgyMjMx,Luna Wu,4.0,4
VGVhY2hlci0xNzgzOTcz,Xi Wu,1.3,4
VGVhY2hlci0yODUwODMx,Ranyue Xiao,1.5,4
VGVhY2hlci0yOTIyOTQw,Zhizhang Xie,4.5,4
VGVhY2hlci0zMDg0MDU4,Eric Xu,3.5,4
VGVhY2hlci0yMzExNDU2,Nina Xu,4.0,4
VGVhY2hlci0yNzQ3OTIz,Thomas Yahl,5.0,4
VGVhY2hlci0yNjI4MzAx,Vladislav Yakovlev,1.0,4
VGVhY2hlci0yNTU0MTg4,Junho Yang,2.5,4
VGVhY2hlci0yMDY5MDQ1,Xinyuan Yang,2.3,4
VGVhY2hlci0yMzYzNjgx,Ayala Yarkoney Sorek,4.5,4
VGVhY2hlci05ODE0ODc=,Danny Yeager,1.5,4
VGVhY2hlci0yNDgzNDc3,Junhyok Yim,4.0,4
VGVhY2hlci0yNzE2NDQ0,Hyunjoo Yu,5.0,4
VGVhY2hlci0yNjM0MTkz,Joshua Yuan,4.5,4
VGVhY2hlci0yMjEzMzEy,Yusuf Yurttas,4.5,4
VGVhY2hlci0yNDI2MjMw,Maryam Zahabi,4.5,4
VGVhY2hlci0yNjAyMTg1,Gabriela Zapata,5.0,4
VGVhY2hlci0yNzUyOTIz,Nour Zeid,2.0,4
VGVhY2hlci0yMjA2NjA1,Guchao Zeng,4.5,4
VGVhY2hlci0yNzg1NDM2,Karen Zerda,5.0,4
VGVhY2hlci0yOTcyNDQz,Banging Zhang,4.5,4
VGVhY2hlci0yNzQ0NDY5,Junjie Zhang,3.0,4
VGVhY2hlci0xODIxMTU0,Yue Zhang,2.5,4
VGVhY2hlci0xOTY2Mzk4,Xi Zhao,3.0,4
VGVhY2hlci0zMTUxMDg1,Shuyang Zhen,5.0,4
VGVhY2hlci0yODA1NDg3,Jiee Zhong,3.5,4
VGVhY2hlci0zMDMxNTY2,Yuxiao  Zhou,1.0,4
VGVhY2hlci0zMDA1ODU0,Xuejun Zhu,3.0,4
VGVhY2hlci0zMTI2NDM5,Zhuldyz  Zhumashova,5.0,4
VGVhY2hlci0zMDkxNzI5,Joel Zika,5.0,4
VGVhY2hlci0yMTAzMDg5,Joel Zinn,3.3,4
VGVhY2hlci0xNjcyNjY=,Takis Zourntos,4.6,4
VGVhY2hlci04Nzc5OTc=,Tarn Adams,4.3,3
VGVhY2hlci0yNzM3NDQ3,Ashrant Aryal,5.0,3
VGVhY2hlci0xMzk4Nzkx,Walter Ayers,5.0,3
VGVhY2hlci0zMDA5MTQ1,Pranabesh Bhattacharjee,5.0,3
VGVhY2hlci0zMDIzMjc3,Zoran Budimlic,5.0,3
VGVhY2hlci0zMDQ2MzUw,Heesun Chang,4.0,3
VGVhY2hlci0yODU3MjE5,Olga Cooke,4.0,3
VGVhY2hlci0zMDQ4ODE1,Joel Correa,5.0,3
VGVhY2hlci0yMzE1MzA2,Milad Darani,3.0,3
VGVhY2hlci0yNjY1MzMw,Jennifer Doleac,1.0,3
VGVhY2hlci0yMDU4MTAz,Norman Dronen,3.0,3
VGVhY2hlci0yNDg0MTE0,James Heilman,4.5,3
VGVhY2hlci0xMjEwNjQ4,Larry Heinemann,4.5,3
VGVhY2hlci0xNTc1OTk1,Daniel Jennings,5.0,3
VGVhY2hlci0xMzA4MjEy,Tamas Kalmar-Nagy,3.3,3
VGVhY2hlci0xOTEwNzQ3,Ethan Knight,4.5,3
VGVhY2hlci0zMDU2Njgx,Brandon Laird,5.0,3
VGVhY2hlci0zMDA1MDMx,Fulin Li,1.0,3
VGVhY2hlci0xODY0ODky,Frank Ortega,3.5,3
VGVhY2hlci02MjU0MzU=,Buzz Pruitt,3.8,3
VGVhY2hlci0xMjcyOTE3,Mark Ramirez,4.8,3
VGVhY2hlci0yMjczNjM5,Younho Rew,4.0,3
VGVhY2hlci0yNDIwMzE1,Brynn Ruiz,5.0,3
VGVhY2hlci0xMzk4ODEw,David Schechter,3.0,3
VGVhY2hlci0xMDMyNDAx,Manuel Soriaga,1.8,3
VGVhY2hlci0yMjI1Njc2,John Stallone,3.0,3
VGVhY2hlci0yMzQxNzYz,Reid Steven,5.0,3
VGVhY2hlci0xNzI3MDMy,Benjamin Tkach,4.8,3
VGVhY2hlci0xMDY4NDY0,Dongshin Yi,2.5,3
VGVhY2hlci0xNTMwNzQ0,Brian Yost,3.8,3
VGVhY2hlci0yODc2Njc3,Jasmine Zenn,5.0,3
VGVhY2hlci0yMTM1NzM2,Zhidong Zhang,1.3,3
VGVhY2hlci0yNzY1ODEw,Mehrangiz Abadi,5.0,2
VGVhY2hlci0yODM3NTg3,Zeina Abu Ghosh,5.0,2
VGVhY2hlci0yNzI5MDU0,Murat Abus,5.0,2
VGVhY2hlci0yNDUyMDky,Satwik Acharyya,1.0,2
VGVhY2hlci0xNDk2NDcy,Melissa Ackerman,2.0,2
VGVhY2hlci0yODQ1ODA0,Philip Adsley,3.0,2
VGVhY2hlci0yNTUyOTgx,Mohsen Agashahi,5.0,2
VGVhY2hlci0xOTUwMjAy,Anwar Ahmed,3.0,2
VGVhY2hlci0yMTE0NTAx,Gamal Akabani,4.0,2
VGVhY2hlci0yMjYyOTA5,Emily Akers,4.0,2
VGVhY2hlci0yNDkzMDM5,Pavan Akula,3.0,2
VGVhY2hlci0yOTgwNDI0,Mohammad Alam,1.0,2
VGVhY2hlci0zMDA2MTk5,Mohammad Alam,1.0,2
VGVhY2hlci0yNzk4Mjg1,Melody Alanis,5.0,2
VGVhY2hlci0zMTQxNzQ5,Gilles Albeaino,5.0,2
VGVhY2hlci0yOTQ3NDQz,Tugce Aldemir,5.0,2
VGVhY2hlci0yOTc5ODAw,Kyle Alfriend,2.0,2
VGVhY2hlci0yODQ1NzAx,Mohammed Alsofiani,2.0,2
VGVhY2hlci0xOTUwODI0,Hamed Aly,5.0,2
VGVhY2hlci0zMTExMTUy,Afruza Aminul,3.0,2
VGVhY2hlci0yMjUzODE4,Flemming Andersen,1.0,2
VGVhY2hlci0yMjg0NzI3,Hilary Anderson,4.0,2
VGVhY2hlci0zMDE1NjA4,Traci Andrews,5.0,2
VGVhY2hlci0yOTI1MzE4,Aaron Angert,1.0,2
VGVhY2hlci0yMTI3NjUw,Yorghos Apostolopoulos,1.5,2
VGVhY2hlci0yNzQ5MTIy,Niels Appeldorn,5.0,2
VGVhY2hlci0yNTQxMjY0,Shirley Arbizu Berrocal,4.0,2
VGVhY2hlci0yODY3MzM2,Brenna Armstrong,5.0,2
VGVhY2hlci0yNTIyNTM2,Panit Arunanondchai,5.0,2
VGVhY2hlci0yMjMwNDE0,Max Atkinson,5.0,2
VGVhY2hlci0xODU4NTMx,Scott Austin,5.0,2
VGVhY2hlci0yNTQwNzM4,Robin Autenrieth,5.0,2
VGVhY2hlci0yNTkyNjky,Joseph Awika,1.0,2
VGVhY2hlci0xOTA4MTI2,Irene Backelmann,3.5,2
VGVhY2hlci0yOTg0NDA1,Aravind Badavath,1.0,2
VGVhY2hlci0yMjM2NjAz,Junseo Bae,5.0,2
VGVhY2hlci0yOTUwMzQx,Amal Bakchan,5.0,2
VGVhY2hlci0yNTk3Nzkz,Yuri Bakhturin,1.0,2
VGVhY2hlci0zMDgwODQy,Margaret Banks,1.0,2
VGVhY2hlci0xNzIxMTE3,Joshua Barbour,1.0,2
VGVhY2hlci0yNDI0MTg0,Kashif Bari,5.0,2
VGVhY2hlci0yODY1ODkx,Emiliano Barrera,1.0,2
VGVhY2hlci0yNjM1NDI5,Murray Barrick,4.0,2
VGVhY2hlci0zMDUwMzQ2,Raul  Barrocal,5.0,2
VGVhY2hlci0yOTU0ODA1,Fritz Bartel,5.0,2
VGVhY2hlci0zMDA4NDA3,William Baule,5.0,2
VGVhY2hlci0xODc1MDk1,Domonic Bearfield,5.0,2
VGVhY2hlci0yMTgxMTc5,Diane Bedford,5.0,2
VGVhY2hlci0yNzUzNDU5,Stewart Behie,2.0,2
VGVhY2hlci0yODkzMTQx,Cassie Belcher,5.0,2
VGVhY2hlci0yMDE0Mjg1,Alfonso Benavides,4.0,2
VGVhY2hlci0yNTY2NTM0,Charles Bendig,4.0,2
VGVhY2hlci0xNjA0MzI2,Jeremy Beus,3.0,2
VGVhY2hlci0yNTE4ODUy,Randy Birdwell,5.0,2
VGVhY2hlci0xNDI3NDI4,Bibaswan Biswas,1.5,2
VGVhY2hlci0yOTMwOTYz,Subhojit Biswas,1.0,2
VGVhY2hlci0yNTQ3NDY0,Michael Black,5.0,2
VGVhY2hlci0zMDc2NTcy,Isaac Blacksin,5.0,2
VGVhY2hlci0yMDAyODY2,Erica  Bobbitt,4.0,2
VGVhY2hlci0zMDkwODg4,Steve Boivie,4.0,2
VGVhY2hlci0yNjM1ODAw,Robert Boothe,2.0,2
VGVhY2hlci0yNjE4MjYw,Narenda Bosukonda,1.0,2
VGVhY2hlci0zMDczODcz,Genevieve Bourjeaurd,5.0,2
VGVhY2hlci0yNDk2MDUz,Thomas Boutton,4.0,2
VGVhY2hlci0yMTA1MTcz,Amanda Bradbery,5.0,2
VGVhY2hlci0yNzY0NDUz,Gary Bradley,2.0,2
VGVhY2hlci0yNzY3OTQ0,Jennifer Bradley,5.0,2
VGVhY2hlci0xMzE3NzMy,Lisa Bradway,5.0,2
VGVhY2hlci0xMDg5NTAx,Ashley Brinkman,4.0,2
VGVhY2hlci0zMTQ2ODEw,Austin Brown,3.0,2
VGVhY2hlci0zMTUwODYz,Austin Brown,2.0,2
VGVhY2hlci0zMDQ5NTAw,Gary Brown,5.0,2
VGVhY2hlci0yMTk4ODAy,Katie Brown,4.0,2
VGVhY2hlci0yMDMxOTk0,Nicholas Budsberg,5.0,2
VGVhY2hlci0zMDQ3MjI2,Rifat Bulut,2.0,2
VGVhY2hlci0yODc4ODgw,Timothy Burdett,2.0,2
VGVhY2hlci0yNDQzMzIw,Michael Burgess,4.0,2
VGVhY2hlci0yNTc2MzU2,Patrick Burkart,1.0,2
VGVhY2hlci0zMTMwMDYz,Michael Burnham,5.0,2
VGVhY2hlci0yNjc1NDY5,Sandra Buzon-Vargas,5.0,2
VGVhY2hlci0yMTA0MTcz,Branimir Cacic,4.0,2
VGVhY2hlci0yMTYxNjg5,Larry Callie,1.0,2
VGVhY2hlci0yMDExNDk2,Brandon Cambell,3.0,2
VGVhY2hlci0yNzIwMTQw,Albert Cannella,4.0,2
VGVhY2hlci0yMjAzNTU5,Ginger Carney,4.0,2
VGVhY2hlci0zMDEyMzUx,Peggy Carris,5.0,2
VGVhY2hlci0yNDg5NDI3,Raymond Carroll,5.0,2
VGVhY2hlci0xNzgxODMw,Chris Cartellone,4.5,2
VGVhY2hlci0xNTQwNTMz,Kristen Cartwright,5.0,2
VGVhY2hlci0zMTAyMjYw,Mariano Castillo,5.0,2
VGVhY2hlci0yNTk4ODMy,Therese Catanach,5.0,2
VGVhY2hlci0yMjQ4MzM5,Rachelle Cates,5.0,2
VGVhY2hlci0xNDM1ODg4,Lisa Cepeda,5.0,2
VGVhY2hlci0yMzc1MTk2,Ramin Chaboki,5.0,2
VGVhY2hlci0yNjkyMDY3,Abhishek Chakraborty,5.0,2
VGVhY2hlci0yNzU5Mjkz,Gregory Chamitoff,5.0,2
VGVhY2hlci0zMDQyNTE4,Wen Chang,4.0,2
VGVhY2hlci0zMTAyMzIy,Thomas Chappell,3.0,2
VGVhY2hlci0yODQxMDIw,Si Chen,5.0,2
VGVhY2hlci0zMDExMjY1,Wensi Chen,3.0,2
VGVhY2hlci04ODU0MzA=,XI Chen,1.0,2
VGVhY2hlci0yOTg2NDAz,Yong Chen,1.0,2
VGVhY2hlci0zMDc1Mjgz,Yong Chen,1.0,2
VGVhY2hlci0xNjIxNjM3,Zheili Chen,2.5,2
VGVhY2hlci0xODk5MzM4,Cheng Cheng,5.0,2
VGVhY2hlci0yMzQ1MTQ0,Zheng Cheng,3.0,2
VGVhY2hlci0yMTI4Njkx,Chungyeon Cho,4.0,2
VGVhY2hlci0yMTM0OTY2,Hao-Yu Cho,5.0,2
VGVhY2hlci0yNDY2Njg2,Yuna Choe,4.0,2
VGVhY2hlci0xOTgxNTkx,Vimlarani  Chopra,1.0,2
VGVhY2hlci0xMzc1MjIx,Paul Christensen,4.5,2
VGVhY2hlci0zMDIyMzEx,David Claridge,1.0,2
VGVhY2hlci0zMDEzMjk4,Kristie Clark,4.0,2
VGVhY2hlci0xODYxODYw,Michelle Clark,5.0,2
VGVhY2hlci0yOTA5NjA2,Abbie Clevenger,5.0,2
VGVhY2hlci0yOTg4Njcz,John Connolly,5.0,2
VGVhY2hlci0yODc1OTA0,Will Connor,1.0,2
VGVhY2hlci0yODQzOTM0,Jade Cooper,5.0,2
VGVhY2hlci0xODUzNzQ4,Luke Cooper,5.0,2
VGVhY2hlci0zMDg5NTQ0,Kalena Cortes,4.0,2
VGVhY2hlci0yNjc1NjIw,Gerard Cote,2.0,2
VGVhY2hlci0yNTk2MTk3,Heidi Craig,5.0,2
VGVhY2hlci0zMDYwMjUy,Victoria Crawford,4.0,2
VGVhY2hlci0zMTUwMDYx,Roger  Creel ,5.0,2
VGVhY2hlci0yNzU2MTE2,Alexander Crist,5.0,2
VGVhY2hlci0yNjkxMDE3,Jill Crouch,5.0,2
VGVhY2hlci0yNTI3MTk0,Stephen Crouse,2.0,2
VGVhY2hlci0yNjM4NDA1,Jose (J.C.) Cunha,5.0,2
VGVhY2hlci0zMTE0NDMx,Katie Custer Bojakowski,4.0,2
VGVhY2hlci0yMzU4MzQ0,Guorong Dai,3.0,2
VGVhY2hlci0yMzI0NTc3,Dharanidhar Dang,5.0,2
VGVhY2hlci0yNzU5MTc1,Joe Dannembaum,1.0,2
VGVhY2hlci0yNjQzODM2,Louise Darcey,5.0,2
VGVhY2hlci0yNzcyODY2,Marcetta Darensbourg,3.0,2
VGVhY2hlci0yMzMxNDUy,Thiago da Silva,5.0,2
VGVhY2hlci0yNDM2MTIy,Jyotikrishna Dass,5.0,2
VGVhY2hlci0xMzk4Nzk2,Akhil Datta-Gupta,5.0,2
VGVhY2hlci04NjQyNjE=,Emily Davidson,3.5,2
VGVhY2hlci0yNzA0NDEz,Erik Davis,5.0,2
VGVhY2hlci0xOTU3Mzkx,William Davis,5.0,2
VGVhY2hlci0yMzY3NjM4,Adam Deaton,5.0,2
VGVhY2hlci0yMTM4OTMx,Victor De Bonis,5.0,2
VGVhY2hlci0yMzA2ODc1,Chris DeLaney,4.0,2
VGVhY2hlci0yOTgwMDUy,Daniel De Leon,4.0,2
VGVhY2hlci0yOTk1OTgw,Youjun Deng,4.0,2
VGVhY2hlci0yMjI0NDU1,Elizabeth Deuermeyer,3.0,2
VGVhY2hlci0yNjA1MDg0,Kalpak Dhake,4.0,2
VGVhY2hlci0yMjUzOTA4,Diyar Dhannoon,3.0,2
VGVhY2hlci0yNjcxMjE5,Steven Dimarco,4.0,2
VGVhY2hlci0zMDM2NjYw,Michael Dimitriyev,5.0,2
VGVhY2hlci0yNTA5NTA3,Marlene Dixon,4.0,2
VGVhY2hlci0xOTc4MzM5,Ranjeet Dongaonkar,3.5,2
VGVhY2hlci0yNjkyMDk3,Matthew Dorsey,5.0,2
VGVhY2hlci0xNTg1NTEx,Gabriel Dos Reis,1.5,2
VGVhY2hlci0zMTA3Njk5,Taylor  Dudley,5.0,2
VGVhY2hlci0zMTEyMzQ1,Max Dugan,5.0,2
VGVhY2hlci0xNTk2NDEw,Jesse Durden,4.5,2
VGVhY2hlci03MjQyNjI=,Bhaskar Dutta,5.0,2
VGVhY2hlci0yNDEwODE4,Rosemary Dwight,1.0,2
VGVhY2hlci0xMzIyNDA1,George Edwards,3.0,2
VGVhY2hlci0zMTQ2MzQ0,Joseph Edwards,4.0,2
VGVhY2hlci04MDQzMDc=,Kamran Eftekhari,5.0,2
VGVhY2hlci0xODM5MTc1,M Melissa Elston,4.0,2
VGVhY2hlci0yMzMyMTk3,Ceylan Engin,5.0,2
VGVhY2hlci0zMTQ1OTMx,Niyazi Erdogan,2.0,2
VGVhY2hlci0yNzU2MzMx,Emily Estes,5.0,2
VGVhY2hlci0yNjQxMjA5,Allison Faber,5.0,2
VGVhY2hlci0xOTc5NDc5,Cameron Farnsworth,1.0,2
VGVhY2hlci0yNjk0NTI4,Karina Febre,3.0,2
VGVhY2hlci0xNjA0MzIw,Rachel Feinstein,5.0,2
VGVhY2hlci0yMjEyMjUz,Joseph Felix,4.0,2
VGVhY2hlci0yMjAxMDE1,Luxi Feng,3.0,2
VGVhY2hlci0yMjk5NTUx,Omar Figueroa,5.0,2
VGVhY2hlci0xOTgyODg4,Erin  Fisk,4.5,2
VGVhY2hlci0xMzk5MDg2,Jane Flaherty,1.0,2
VGVhY2hlci0yNDgwNjQz,Rachel Flam,5.0,2
VGVhY2hlci0xNTA0MjA5,Michael Fleming,5.0,2
VGVhY2hlci0zMDQxMzI4,Casey Flint,5.0,2
VGVhY2hlci0yMTI1MjM4,Krystal Fogle,5.0,2
VGVhY2hlci0yNDMwMzYz,Savannah Foreman,5.0,2
VGVhY2hlci0yNjkwNzky,Brent Fortenberry,5.0,2
VGVhY2hlci0yOTkwMTAz,Alison Fout,4.0,2
VGVhY2hlci0xOTk3ODIy,Ron Fox,4.5,2
VGVhY2hlci0zMDU2OTUz,Valentia Fragkiadaki,5.0,2
VGVhY2hlci0zMTQ3NTQx,Todd Franks,5.0,2
VGVhY2hlci0yNjQ0Njcz,David Fujimoto,5.0,2
VGVhY2hlci0yOTUxNjgy,Bill Fulton,2.0,2
VGVhY2hlci0yMDM2NzAx,Richard Furuta,1.0,2
VGVhY2hlci0yNjM1Mjk4,Priyanga Ganesan,5.0,2
VGVhY2hlci0xNDYzMzI0,Jeni Ganz,2.5,2
VGVhY2hlci0yNzQ4NDk4,Huilin Gao,5.0,2
VGVhY2hlci0xMzExOTI4,Yi Gao,1.5,2
VGVhY2hlci0yNzM1NDYy,Jeffery Gardner,5.0,2
VGVhY2hlci0yMjMwMjc3,Whitney Garney,4.0,2
VGVhY2hlci0zMTA4NTE3,Michael Gayk,5.0,2
VGVhY2hlci0zMDkxMzI3,Gretchen Gegg,4.0,2
VGVhY2hlci0yNTMyOTAx,Harry Geismar,4.0,2
VGVhY2hlci0yNDQwNTE2,Oguz Gemiz,1.0,2
VGVhY2hlci0yNDc1NDM4,Anat Geva,5.0,2
VGVhY2hlci0yMjgxMzU1,Seyed Ghoreyshi,4.0,2
VGVhY2hlci0xODk4NTgy,Aditi Ghosh,3.0,2
VGVhY2hlci0yODAyMzEz,Kirby Goidel,5.0,2
VGVhY2hlci0yODY5MTk1,Natalia Goncharuk,2.0,2
VGVhY2hlci0xODYzNjIy,Carlos Gonzalez,1.0,2
VGVhY2hlci0zMTQ5NDM2,Lindsey Gonzalez,5.0,2
VGVhY2hlci0xOTE0NTcz,Bradley Goodine,4.5,2
VGVhY2hlci0yOTgzOTg1,Swaminathan Gopalswamy,2.5,2
VGVhY2hlci0yMDg3OTE0,Angela Gore,4.0,2
VGVhY2hlci0zMTA3MDI3,Emmaleigh Grady,4.0,2
VGVhY2hlci0yMzEzMzEy,Megan Grady,4.0,2
VGVhY2hlci0yNTMzMTc0,Keith Graham,5.0,2
VGVhY2hlci0yMjQxMDU2,Mike Greenwood,5.0,2
VGVhY2hlci0xODI5MzEz,Larry Gresham,3.5,2
VGVhY2hlci0yMDkyNDM0,Ron Griffin,1.0,2
VGVhY2hlci0yMzUzNDg0,Whitney Griffin,5.0,2
VGVhY2hlci0zMDcyMzU4,Christine  Griffith,4.0,2
VGVhY2hlci0zMDM4MDQ3,Karee Griffith,5.0,2
VGVhY2hlci0yMDE3Mzc3,Dennis Gross,3.0,2
VGVhY2hlci0yNDgwOTAw,Tyler Grubic,5.0,2
VGVhY2hlci0yMjE4OTIz,Lili Gu,1.0,2
VGVhY2hlci0yMTc0NjEy,Nilabja Guha,1.0,2
VGVhY2hlci0yNTgxNjY3,Courtney Guidry,4.0,2
VGVhY2hlci0yMTQ5Mjgw,Yanqiu Guo,4.0,2
VGVhY2hlci0xODU0NzA0,Kristina Gutierrez,3.0,2
VGVhY2hlci0yOTY0OTY5,David Gutman,5.0,2
VGVhY2hlci0yMzIyMjM5,Kathryn Haglin,3.0,2
VGVhY2hlci0yNjM2NjI2,Jacob Hale,5.0,2
VGVhY2hlci0xMzIzNTYw,Chris Hammond,3.5,2
VGVhY2hlci0zMTMxNDA1,Tanya Hamner,2.0,2
VGVhY2hlci0yNDY2MDU0,Guichun Han,1.0,2
VGVhY2hlci0zMTQ2Nzkz,Abhishek  Hanchate,5.0,2
VGVhY2hlci0zMDk4MDM4,Rebecca  Hankins,5.0,2
VGVhY2hlci0yMjg5OTU4,Mohammed Haque,3.0,2
VGVhY2hlci0yODkzMDA0,Ashlyn Hardie,2.0,2
VGVhY2hlci0yMzY4Nzkx,Flora Harmon,5.0,2
VGVhY2hlci0yODgzODMx,Harlan Harris,1.0,2
VGVhY2hlci0yODQ0NzA4,Shannon Harris,1.0,2
VGVhY2hlci0yMTMxNjE0,Jared Hartman,4.0,2
VGVhY2hlci0yODAxMjg1,Tim Hartmann,2.0,2
VGVhY2hlci0yOTkwMTM2,Kelley Hartnett,2.0,2
VGVhY2hlci0zMTA1MjYz,Nishat Hasan,5.0,2
VGVhY2hlci0yNjU3Mjgy,Berna Hascakir,4.0,2
VGVhY2hlci0xOTc4ODg5,Dennis  Hassman,2.5,2
VGVhY2hlci0zMDk2MDYx,Rusty Hatchell,5.0,2
VGVhY2hlci0yMDI2MTY4,Heather Hatton,2.0,2
VGVhY2hlci0yNDgxMTk5,Frederick Hauffe,5.0,2
VGVhY2hlci0yNDM0OTAz,Micheal Hawkins,5.0,2
VGVhY2hlci0zMDk0MTk5,Douglas Hawley,5.0,2
VGVhY2hlci0yMjA4ODY3,Theodore Hayduk,4.0,2
VGVhY2hlci0zMTI4NTcx,Colin Hegarty,5.0,2
VGVhY2hlci0yNTkzODE1,Sudeep Hegde,1.0,2
VGVhY2hlci0yNTg0NTk0,James Heird,5.0,2
VGVhY2hlci0zMDkyMzY3,Benjamin Helms,5.0,2
VGVhY2hlci0yMjA4NTg3,Mary Henderson,4.0,2
VGVhY2hlci0yNzg2OTcx,Alexandru Hening,3.0,2
VGVhY2hlci0xNjgzMDk0,Lori Henning,2.0,2
VGVhY2hlci0yMDEyNTA1,Jennifer Hertzberg,4.5,2
VGVhY2hlci0xOTA3ODY5,Robert Hetland,3.0,2
VGVhY2hlci0xODA2OTU1,William Heyman,5.0,2
VGVhY2hlci0xNDExNTU1,Nikki Hightower,2.5,2
VGVhY2hlci0xMjY4MjQx,Robert Hildreth,3.0,2
VGVhY2hlci0xMzk4Nzcy,Dan Hill,4.0,2
VGVhY2hlci0xOTUxNTgy,Kim Hill,4.0,2
VGVhY2hlci0zMTQ3NTk1,Mark Hlavacik,5.0,2
VGVhY2hlci0yNjQ4NDAy,Tessa Hochhaus,5.0,2
VGVhY2hlci0yOTk4MDI5,Erik Hoempler,5.0,2
VGVhY2hlci0xOTAzODA2,Jerrod Hofferth,5.0,2
VGVhY2hlci0yMjcxODgw,Manuel Hoffmann,4.0,2
VGVhY2hlci0yNDY1NzEw,Miguel Hoffmann,5.0,2
VGVhY2hlci0yOTI1NDU1,Jorden Holland,1.0,2
VGVhY2hlci0yOTUyMzYz,Felice House,5.0,2
VGVhY2hlci0yNzU1MDcx,Michael Howard,4.0,2
VGVhY2hlci0yMjI3Mjg2,Jiang Hu,5.0,2
VGVhY2hlci0yMDA1MzQx,Xinxin Hu,4.0,2
VGVhY2hlci0yMjgzMzk2,Xueyan Hu,2.0,2
VGVhY2hlci0yNTY1Mzc2,Mingze Huang,5.0,2
VGVhY2hlci0yNzkyOTI4,Wang Huaqing,5.0,2
VGVhY2hlci0xNjIwNjIy,Gregory Huff,4.0,2
VGVhY2hlci0xNzcyMTM2,Kristen Hurst,2.0,2
VGVhY2hlci0yMjQxODkx,Haeshin Hwang,1.0,2
VGVhY2hlci0yOTM5NDc3,Jihee Hwang,5.0,2
VGVhY2hlci0yODU5MjI1,Jeffrey  Hyde ,5.0,2
VGVhY2hlci0yMTQxMzky,Benavides Iglesias,1.5,2
VGVhY2hlci0yNzUyMDUy,Fariha Irshad,4.0,2
VGVhY2hlci0xNTE2ODU5,Saiful Islam,1.0,2
VGVhY2hlci0yNjczODIx,Roozbeh Jafari,5.0,2
VGVhY2hlci0yNjY1Nzc2,Donna James,3.0,2
VGVhY2hlci0yNjIwMDUw,Bailey Jameson,5.0,2
VGVhY2hlci0yOTUzOTkx,henry jang,1.0,2
VGVhY2hlci0yMjI2NjE0,Carletta Jennings,4.0,2
VGVhY2hlci0zMDI5NDg0,Jonathan Jensen,5.0,2
VGVhY2hlci0yNTAyNzU4,Kevin Jeon,5.0,2
VGVhY2hlci0yMDAzMjY4,Jaehong Jeong,4.0,2
VGVhY2hlci0yMzIxMjM5,Xingzhi Jia,4.0,2
VGVhY2hlci0zMTUwOTU3,Yuchao Jiang,5.0,2
VGVhY2hlci0yOTcxNDE1,Lara  Jimenez,5.0,2
VGVhY2hlci0yODc2Nzcw,Hai Jo,4.0,2
VGVhY2hlci0yMzcxNzA1,Andrew Johnson,1.0,2
VGVhY2hlci0yNjk3MDk0,Kalen Johnson,5.0,2
VGVhY2hlci0xOTQwMzg2,Adam Jones,3.5,2
VGVhY2hlci0yMjU0Nzk2,Ashley Jones,5.0,2
VGVhY2hlci02ODUyMzE=,Harry Jones,2.0,2
VGVhY2hlci0yNDIzNTEy,Laura Jones,5.0,2
VGVhY2hlci0yOTAwMjA2,Lauren Jones,5.0,2
VGVhY2hlci0yMjI1OTMw,Daniel Jornada,4.0,2
VGVhY2hlci0xNjU5MTIy,Matt Josephy,4.5,2
VGVhY2hlci0yMjYwNTA0,R. Joshi,4.0,2
VGVhY2hlci0xNzcyMTMz,Yeonsik Jung,1.5,2
VGVhY2hlci0yNTkyMjIw,Hannah Justen,4.0,2
VGVhY2hlci0yNjg5MDc4,Myeongjong Kang,1.0,2
VGVhY2hlci0yNzY2NzM4,Ibrahim Karaman,3.0,2
VGVhY2hlci0yOTM0NjAw,Kari Kari Hanson-Park,1.0,2
VGVhY2hlci0zMDEwOTA3,Afronz Karim,5.0,2
VGVhY2hlci0yMjY4Nzg2,Bachir Kassas,5.0,2
VGVhY2hlci0yMzIzOTUw,Vaishali Katju,5.0,2
VGVhY2hlci0yMTMwOTA1,Ahmad Kawam,4.0,2
VGVhY2hlci0yODU3MTA2,Alex Keene,4.0,2
VGVhY2hlci0yNzM3MDQ2,Michael Kellett,1.0,2
VGVhY2hlci0yOTc5ODEw,Patrick Kelly,4.0,2
VGVhY2hlci0xODkyMTAw,Charles Kenerley,4.0,2
VGVhY2hlci0yNzg3MzYz,Sora Key,2.0,2
VGVhY2hlci04MTg4ODI=,Mladen Kezunovic,1.0,2
VGVhY2hlci0yODQ2ODcx,Akriti Khadka,1.0,2
VGVhY2hlci0yODkwMzgz,Akriti  Khadka,1.0,2
VGVhY2hlci0yNzYyNzU0,Byebitgul Khaumyen,2.0,2
VGVhY2hlci0yMjYzNTQz,Parisa Khodabakhshi,5.0,2
VGVhY2hlci0zMDQ5NjE3,Donghyun Kim,1.0,2
VGVhY2hlci0yNjc5Njgy,Hyein Kim,4.0,2
VGVhY2hlci0zMDk2ODI2,Hyunrae Kim,5.0,2
VGVhY2hlci0yODUyMTMw,James Kim,5.0,2
VGVhY2hlci0zMDUxOTE4,Minjung Kim,5.0,2
VGVhY2hlci0yNjQxMzgz,Rakheon Kim,5.0,2
VGVhY2hlci0yOTMxMzQz,Suryeon  Kim,5.0,2
VGVhY2hlci0zMTUxODI5,Young Kim,5.0,2
VGVhY2hlci0yNzk2NzM5,Maria King,4.0,2
VGVhY2hlci0xMzk4Nzcx,Michael King,5.0,2
VGVhY2hlci0yOTAyMjc0,Kelsey Kitzmiller,5.0,2
VGVhY2hlci0zMDQ1Njk1,Kerim Kizil,5.0,2
VGVhY2hlci04NzgwMTc=,. Klein,4.5,2
VGVhY2hlci0yOTQ5MDg5,Patricia Klein,5.0,2
VGVhY2hlci0yNTM2MzU5,William Klemm,3.0,2
VGVhY2hlci0yNTQwOTU3,Benjamin Knox,3.0,2
VGVhY2hlci0zMDM2OTIy,Leon Kockaya ,3.0,2
VGVhY2hlci0yMzIwNTMw,Scott Kolodziej,5.0,2
VGVhY2hlci0yNjk4Nzcx,Tarini Konchady,5.0,2
VGVhY2hlci0zMDg1NjIw,Milad  Koohi,5.0,2
VGVhY2hlci0yNzE2ODMw,Abdelrahman Kotb,5.0,2
VGVhY2hlci0yODY1ODMx,Maulik Kotecha,5.0,2
VGVhY2hlci0yNDA0Mjcx,Amudhan Krishnaswamy-Usha,4.0,2
VGVhY2hlci0yOTA2MzA3,Matthew   Kroesche,5.0,2
VGVhY2hlci0yOTQyMDA5,Dale Kruse,3.0,2
VGVhY2hlci0yNDMwOTcz,Jasmina Kuenzli,5.0,2
VGVhY2hlci0xNjA4OTQz,Bongsuk Kwon,4.5,2
VGVhY2hlci0yMTMzNDkz,Soongeol Kwon,4.0,2
VGVhY2hlci0yNjMwODU4,Gerard Kyle,4.0,2
VGVhY2hlci0xMzk4Nzc2,Robert Lane,5.0,2
VGVhY2hlci0yMjMyODc1,Cassandra Lange,5.0,2
VGVhY2hlci0zMTQzNjQx,Mikhail Lanier,4.0,2
VGVhY2hlci0zMDk0OTk0,Joseph Lariscy,5.0,2
VGVhY2hlci0yMTQxMzIz,Sai Lau,1.0,2
VGVhY2hlci0yMzA3OTA5,Jessica Leatherwood,5.0,2
VGVhY2hlci0yNzEyNjU5,Changwoo Lee,4.0,2
VGVhY2hlci0yNzE3NTM2,Hyoung Lee,4.0,2
VGVhY2hlci0yNTY3MTAz,Hyunyoung Lee,1.0,2
VGVhY2hlci0xODY1MDA2,In Sung Lee,2.5,2
VGVhY2hlci0xNzI4NTg3,Jerry Lee,5.0,2
VGVhY2hlci0yOTYwODY2,Jin Sol Lee,5.0,2
VGVhY2hlci0xMzk4ODAz,John Lee,4.0,2
VGVhY2hlci0xNDc0MjI1,Joori Lee,3.5,2
VGVhY2hlci0yNjY4MzU5,Kangryun Lee,1.0,2
VGVhY2hlci0yNjk1Mjc1,Seulchan Lee,5.0,2
VGVhY2hlci0zMTAzNTIz,Sumin Lee,4.0,2
VGVhY2hlci0yMDAwNTI2,Yang Lee,1.0,2
VGVhY2hlci0yMzc1NTcz,Jean-Braic le-Graverend,1.0,2
VGVhY2hlci0zMDQzNDM4,Juliet Letteney,5.0,2
VGVhY2hlci0yMTUyMDMy,Leah Levay,4.0,2
VGVhY2hlci0yODc4MzU4,Autumn  Leveridge ,1.0,2
VGVhY2hlci0yMzQ3MzEy,laura li,5.0,2
VGVhY2hlci0yNjk0NDMz,Aihui Li,5.0,2
VGVhY2hlci0yMTgwMzkx,Ming-Han Li,5.0,2
VGVhY2hlci0yODgwNzM5,Yizhi Li,1.0,2
VGVhY2hlci0zMTQ1MjQy,Xiao Liang,4.0,2
VGVhY2hlci0yNzU5NjM3,Chungyang Liao,1.0,2
VGVhY2hlci0yODAwNzc0,Jason Lindo,3.0,2
VGVhY2hlci0xODU3MzI1,Johnny Littlefield,4.5,2
VGVhY2hlci0yMzA3Mzcz,Kerry Litzenberg,5.0,2
VGVhY2hlci0zMDA2NDgy,Yan (Lucy) Liu,2.0,2
VGVhY2hlci0yNzIyMTM3,Yijing Liu,5.0,2
VGVhY2hlci0yODU1OTYw,Yina  Liu,5.0,2
VGVhY2hlci0zMDg3NTkz,Mary Lockheart,5.0,2
VGVhY2hlci0yNzMyODc3,Benjamin Lopez,5.0,2
VGVhY2hlci03MjEwMDY=,Harold Alan Love,3.0,2
VGVhY2hlci0yMDY4OTE3,Deborah Lowe,3.5,2
VGVhY2hlci0yODMyMzU3,Chao Ma,4.0,2
VGVhY2hlci0xNjQ5MzUx,Ronald MacFarlane,4.5,2
VGVhY2hlci0yNDc3NTk3,Linda Madden,5.0,2
VGVhY2hlci0xNzM1Njcx,Kelly Mader,2.5,2
VGVhY2hlci0zMTA5OTA2,Bradley Madsen,2.0,2
VGVhY2hlci0yNDAwMTc1,Arnad Maity,4.0,2
VGVhY2hlci0yNzU2NTky,Mykyta Makovenko,1.0,2
VGVhY2hlci0yNjc4ODQ3,Richard Malak,5.0,2
VGVhY2hlci0zMTMwODA5,Jason Mallory,5.0,2
VGVhY2hlci0yNDg1ODk4,Robert Mannes,2.0,2
VGVhY2hlci0yMzc4MzQx,Jason Martina,5.0,2
VGVhY2hlci0yNTAyNTQ5,Lanny Martindale,2.0,2
VGVhY2hlci0yMzk2Nzc4,Aaron Marvel,5.0,2
VGVhY2hlci0yMzg5MjE0,John Mason,5.0,2
VGVhY2hlci0yNDQ1MDIz,Michael Massett,5.0,2
VGVhY2hlci0zMDE1ODIw,Jobin Mathews,5.0,2
VGVhY2hlci0yNTU3ODk5,Melissa Maygar,1.0,2
VGVhY2hlci0yNDc2MDMw,Sara Maynard,3.0,2
VGVhY2hlci0yOTc0MjMz,Daniel McAdams,1.0,2
VGVhY2hlci0xMzk4Nzc5,Bill McCain,2.0,2
VGVhY2hlci0zMDE5Njc3,Chris McCall,5.0,2
VGVhY2hlci0yMzkzMzMw,Shawn McClean,5.0,2
VGVhY2hlci0zMDcwNjYy,George McConnell,4.0,2
VGVhY2hlci0zMTEwOTI4,George McConnell,5.0,2
VGVhY2hlci0yMzQ1MjI5,Anthony McDonald,4.0,2
VGVhY2hlci0yNDI5OTk5,Wendy McDonald,5.0,2
VGVhY2hlci0yNjIzNjI0,Katelyn McDonough,5.0,2
VGVhY2hlci0yNzI2NDg3,Kayla McGee,5.0,2
VGVhY2hlci0yNjMyMzk4,Larry McGinn,2.0,2
VGVhY2hlci0yOTU4MDAx,Andrea McMurray,4.0,2
VGVhY2hlci0yNjY1MzQ1,Raven McNew,5.0,2
VGVhY2hlci0yOTk3NjY2,Mario Medina,4.0,2
VGVhY2hlci0xNjQwNTQ3,Yuhan Mei,1.5,2
VGVhY2hlci0yMjQ2NjQ3,Samantha Meister,4.0,2
VGVhY2hlci0yOTc2MDUz,Srihari Menon,4.0,2
VGVhY2hlci0yMTMwMTM5,Mary Middlebrows,2.0,2
VGVhY2hlci0yOTM4MzAz,Swaminadham  Midturi,2.0,2
VGVhY2hlci0yMzYwMzc4,Nelda Mier,5.0,2
VGVhY2hlci0yNjgyNTQ4,Adam Mikeal,5.0,2
VGVhY2hlci0yMjcyNjcy,Zachary Mitchell,5.0,2
VGVhY2hlci0yNTYwNDQ2,Alana Moczydlowski,1.0,2
VGVhY2hlci02OTY3NTY=,Ahmed Mohamed,3.5,2
VGVhY2hlci0zMDQ1ODE3,Mohsen  Mohammadabadi,2.0,2
VGVhY2hlci0zMDEwNDI5,Alexa Montano,5.0,2
VGVhY2hlci0yNDI3ODc5,Angela Montez,4.0,2
VGVhY2hlci0zMTM3NDUz,Brendan Mooney,4.0,2
VGVhY2hlci0yNzAxNDAw,Rosana Moreira,1.0,2
VGVhY2hlci0yOTEwODUz,Thiago Moreira,4.0,2
VGVhY2hlci0yMzY1NDE5,Cristine Morgan,5.0,2
VGVhY2hlci0yNTgxMjAw,Anne Morrey,1.0,2
VGVhY2hlci0yNTg0MzEx,Martha Muckleroy,4.0,2
VGVhY2hlci0yNTgzNjMw,Martha Muckleroy,5.0,2
VGVhY2hlci0yMTIzODY2,Dhrubaa Mukherjee,4.0,2
VGVhY2hlci0zMTQ2MzMy,Martin Mulkerrins,5.0,2
VGVhY2hlci0yOTA1OTI3,Jessica Murfree,2.0,2
VGVhY2hlci04OTgwOTA=,Colleen Murphy,5.0,2
VGVhY2hlci0yMjExMTEw,Crystal Murry,1.0,2
VGVhY2hlci0zMTMwNTAw,Anand Nagamangala,2.0,2
VGVhY2hlci0yNDg5MDY3,Bharani Nagarathnam,4.0,2
VGVhY2hlci0yNDMxMTc5,Nasnoor Samba Nasiruddin,5.0,2
VGVhY2hlci0yMzE5MDM5,Haly Neely,4.0,2
VGVhY2hlci0yNjk0MTA0,Hoda Nejad,5.0,2
VGVhY2hlci0xNDMxNzky,Michael Nelson,5.0,2
VGVhY2hlci0yMjQ1NDEz,Howard Newton,5.0,2
VGVhY2hlci0yNTQ0MzY2,Thien Nguyen,4.0,2
VGVhY2hlci0xMzU4MjUx,Garrett Nichols,5.0,2
VGVhY2hlci0yMTA0NDA0,Daniel Nixon,5.0,2
VGVhY2hlci0yMzg4Njk3,Mona Nobakht,3.0,2
VGVhY2hlci0yNjUxMzU0,Sarah Noor,5.0,2
VGVhY2hlci0yODgyODY3,Sydney O'Brien,5.0,2
VGVhY2hlci0xNDcwMzM3,Aya Oda,4.5,2
VGVhY2hlci0zMDk4NDIx,Paul O’Donnell,5.0,2
VGVhY2hlci0yMzY1NDI0,Sakiko Okumoto,5.0,2
VGVhY2hlci0yNzUxMDMw,Sophie oliver,5.0,2
VGVhY2hlci0yNTYyMjU3,Mohamed Omran,5.0,2
VGVhY2hlci0xODg3OTM5,Hiroshi Ono,5.0,2
VGVhY2hlci0yNzU2MTkw,Larry O'Pella,3.0,2
VGVhY2hlci0xOTc5ODAx,Wesley Osburn,5.0,2
VGVhY2hlci0yNDYzNzM0,Mohammadreza Ostadalimakhmalbaf,2.0,2
VGVhY2hlci0zMDgzMzU3,Kevin O'Sullivan,5.0,2
VGVhY2hlci0yMTUxODY1,Emily Oswald,2.0,2
VGVhY2hlci0zMDg1ODY3,Thomas Overbye,5.0,2
VGVhY2hlci0yMzgyMjUz,Justin Owen,5.0,2
VGVhY2hlci0yNjc3NTA4,Julie Owens,5.0,2
VGVhY2hlci0yMjY4Mjcz,Kate Ozement,4.0,2
VGVhY2hlci0zMDY2OTA2,Altay Ozkul,5.0,2
VGVhY2hlci0zMTQ5NDc1,Fiona Paine,3.0,2
VGVhY2hlci0yOTA0NjE1,Hongrak Pak,5.0,2
VGVhY2hlci0yODk2NTEx,Magrit Pap,5.0,2
VGVhY2hlci0yODUzMzQz,Margit Pap,5.0,2
VGVhY2hlci0yNzE2ODgy,James Paramore,5.0,2
VGVhY2hlci0zMTUyOTU0,Arun Parihar,5.0,2
VGVhY2hlci0xMTgxNzkz,Jincheol Park,2.5,2
VGVhY2hlci0yNTQwNDE5,Jun Richard Park,4.0,2
VGVhY2hlci0yNDkyOTcy,Dawn Parker,5.0,2
VGVhY2hlci0yODAyNzQ0,Roger Pearce,5.0,2
VGVhY2hlci0zMTIxMTc3,Aaqib Peerzada,1.0,2
VGVhY2hlci0yOTk3Nzgy,John Pellessier,5.0,2
VGVhY2hlci0xODM4MDMy,Raymond Pena,4.5,2
VGVhY2hlci0yMzg4NjM2,Brittany Penson,5.0,2
VGVhY2hlci0yOTQyMDQz,Mary Perkins,5.0,2
VGVhY2hlci0yNDE1MjU3,Zachary Perry,1.0,2
VGVhY2hlci0zMDUyMDM1,Eric Petersen,4.0,2
VGVhY2hlci0yNDQ1Mjc1,David Peterson,5.0,2
VGVhY2hlci0yOTA0Njgx,Jennifer Petuch,5.0,2
VGVhY2hlci0zMTQ1ODE2,Titus Phelan,5.0,2
VGVhY2hlci0yODk5NDQz,Theresa Phinny,3.0,2
VGVhY2hlci0yMTI3NTU5,Michael Pilant,3.0,2
VGVhY2hlci0xODQ1NDMx,Michael Pliant,2.5,2
VGVhY2hlci0zMDc1ODQ5,Michael Poblete,3.0,2
VGVhY2hlci0yMDEzNTY4,Kristan Poirot,4.5,2
VGVhY2hlci0xNDI3NDMz,Robert Popp,4.5,2
VGVhY2hlci0zMDY5Mjg3,Jennifer Puccia,4.0,2
VGVhY2hlci0yMDc3NTYy,Neil Puckett,4.0,2
VGVhY2hlci0yMTk3ODAz,Kirsten Pullen,2.0,2
VGVhY2hlci0xNTA4NTkx,Catherine Pulley,4.0,2
VGVhY2hlci0yOTk5OTU3,Carlee  Purdum,1.0,2
VGVhY2hlci0yMjg2OTUz,Tongbin Qu,2.0,2
VGVhY2hlci0yNTQ2NjI2,Noor Quddus,1.0,2
VGVhY2hlci0zMDg3NTIw,Carolyn Rabbers,1.0,2
VGVhY2hlci0zMDkzMTg3,Carolyn  Rabbers,1.0,2
VGVhY2hlci0zMDg5Mjgx,Pampalone Rabbers,1.0,2
VGVhY2hlci0xNzc2MDQ1,Todd Raborn,4.0,2
VGVhY2hlci0yMTY1NTU3,Daniel Ragsdale,5.0,2
VGVhY2hlci0yOTg3NDc2,Jean Ragusa,5.0,2
VGVhY2hlci0zMDEyODk0,Kartik  Rajagopalan,5.0,2
VGVhY2hlci0xOTAzMTIz,Krishan Rana,4.0,2
VGVhY2hlci0zMDQzNDMy,Justin Randolph,4.0,2
VGVhY2hlci0yODU4Njg3,Ronnakrit Rattanasriampaipong,5.0,2
VGVhY2hlci0yNjc0NzQw,Junuthula Reddy,3.0,2
VGVhY2hlci0zMDQ1OTMz,Sanjay Reddy,3.0,2
VGVhY2hlci0yOTk4NTgw,Virgina Redwine Johnson,5.0,2
VGVhY2hlci0zMTQzMTUx,Michael Reilly,5.0,2
VGVhY2hlci0yMjAxMDA4,Angelica Ribeiro,4.0,2
VGVhY2hlci0yNzEyMzM3,Cody Richter,5.0,2
VGVhY2hlci0yMjQ1OTI2,Amanda Rico,4.0,2
VGVhY2hlci0yMDEwMDU5,Catherine Riley,4.5,2
VGVhY2hlci0yNzE0ODE1,Luther Rinehart,5.0,2
VGVhY2hlci0xNTYwOTg5,Gabriela Rios,3.5,2
VGVhY2hlci0yNTY2MjAz,Hope Rising,1.0,2
VGVhY2hlci0xODQ0NzI5,Gonzalo Rivera,4.0,2
VGVhY2hlci0yOTE2ODI0,Alex  Roiterchtein,5.0,2
VGVhY2hlci0zMDY2OTYx,John Rollins,5.0,2
VGVhY2hlci0yMjE4NjMw,James Rosier,4.0,2
VGVhY2hlci0yNTg1NDI3,Asmita Roy,1.0,2
VGVhY2hlci0zMTU0NjEz,Sandip Roy,5.0,2
VGVhY2hlci0yMTU1NDU1,Karina Rucker,3.0,2
VGVhY2hlci0yMjE3ODU3,Michela Russo,5.0,2
VGVhY2hlci0yMzIzNTg3,Tracy Rutherford,4.0,2
VGVhY2hlci0yMDUwOTY2,Francisco Saavedra,4.5,2
VGVhY2hlci0yOTg5NDAw,Mehdi Sadaghdar,5.0,2
VGVhY2hlci0yNzg1OTY5,Amir Saeidi,2.0,2
VGVhY2hlci0yMTM0Mzc2,Bara Safarova,5.0,2
VGVhY2hlci0yNDc2Njc3,Sara Safdari,5.0,2
VGVhY2hlci0yNzk5MjAw,Farnaz Safdarian,2.0,2
VGVhY2hlci0yNzkyMDgy,Jordan Salomon,5.0,2
VGVhY2hlci0yMzE5Mjgy,Suleyman Samurkas,2.0,2
VGVhY2hlci0yOTg5MTYw,Tom Sanchez,2.0,2
VGVhY2hlci0yNTkxMzg1,James Sanders,4.0,2
VGVhY2hlci0yNTk1Mjg5,Garrett Sansom,4.0,2
VGVhY2hlci0yMzk5Nzg2,Rose Santos,1.0,2
VGVhY2hlci0yNDE5MzA2,John Sarao,2.0,2
VGVhY2hlci0xMzczMzgx,Stephen Sargent,4.5,2
VGVhY2hlci0yMzg5NTU5,John Schiff,4.0,2
VGVhY2hlci0zMTQ3NDc4,Laura Schmahmann,5.0,2
VGVhY2hlci0xODI0NzEx,Matthew Schmidt,4.0,2
VGVhY2hlci0yMDEzMTU1,Rose Schmitz,5.0,2
VGVhY2hlci0yMjM5MDEw,Stephen Schubert,3.0,2
VGVhY2hlci0zMTMzNjM3,John Schuessler,5.0,2
VGVhY2hlci0yNDMwNjAy,Paul Schwab,5.0,2
VGVhY2hlci0xMjkzMDUw,Steve Searcy,2.0,2
VGVhY2hlci0zMDU0OTQ3,Angela Seaworth,2.0,2
VGVhY2hlci0xMzUzNTE5,Saigal Seema,5.0,2
VGVhY2hlci0yMTI5OTM4,Aya Segal,2.5,2
VGVhY2hlci0yNTkyMjU4,Dipankar Sen,2.0,2
VGVhY2hlci0yNDAxMTEz,Endang Septiningsih,4.0,2
VGVhY2hlci0xNTI5NTYw,Daniel Shantz,2.5,2
VGVhY2hlci0yNDUwMDAx,Zane Sheehan,5.0,2
VGVhY2hlci0xNTM5MDkw,Michael Sherman,3.0,2
VGVhY2hlci0zMTExMzUy,Roman Shor,5.0,2
VGVhY2hlci0zMDk2MDAw,Lina Shu,3.0,2
VGVhY2hlci0yNjM3Njky,Tiffany Sill,5.0,2
VGVhY2hlci0zMDA3NjAw,Byron Simmons,5.0,2
VGVhY2hlci0yODQ5Nzk4,Shaunta Singer,1.0,2
VGVhY2hlci0zMDQxMzE0,Ankit Singh,5.0,2
VGVhY2hlci0yNzg5NjM2,Kristin Slagel,4.0,2
VGVhY2hlci0yMzk1NTUw,Carly Sloan,5.0,2
VGVhY2hlci0yNTQ3MjMz,Kenneth Smalls,1.0,2
VGVhY2hlci0yNDQwMzc3,Kirstie Smith,2.0,2
VGVhY2hlci0yNzQxMTg4,Madeline Smith,5.0,2
VGVhY2hlci0zMDg5NTQ2,Sonny Smith,2.0,2
VGVhY2hlci0zMDk3MDU1,Stephen Smith,3.0,2
VGVhY2hlci0zMDkzMjY2,Shae Smith Cox,5.0,2
VGVhY2hlci0yNTQ3MDM3,Jose Solis,5.0,2
VGVhY2hlci0yMDU2OTE2,Francisco Solis ,3.5,2
VGVhY2hlci0yNjQyNDcz,Jieun Song,4.0,2
VGVhY2hlci0yNzk5NDQ1,Melissa Song,5.0,2
VGVhY2hlci0zMTQ4MzUy,Yang  Song,5.0,2
VGVhY2hlci0zMDA2NDc5,Yeon  Soo Park ,4.0,2
VGVhY2hlci0yMzYwOTM5,Alexandra Sousa,5.0,2
VGVhY2hlci0yNDM1Nzk4,Alexandra Sousa,5.0,2
VGVhY2hlci0xNTM5MDg5,Michael Speed,2.0,2
VGVhY2hlci03MzQ4ODU=,Anthony Stanonis,5.0,2
VGVhY2hlci0yNzA0MzQz,Todd Stech,4.0,2
VGVhY2hlci0yNDEzMzU4,Chaztin Stigers,2.0,2
VGVhY2hlci0zMDQ4ODA4,Patrick St. Louis,5.0,2
VGVhY2hlci0yNDkzMjQ3,Laura Stough,1.0,2
VGVhY2hlci0zMDUzODE0,Damesh Stove,4.0,2
VGVhY2hlci0yNzc2MjE1,Chase Straw,5.0,2
VGVhY2hlci0yMDk2MjUz,Louis Strigari,3.5,2
VGVhY2hlci0yMjEwMzU4,Andrea Strzelec,4.0,2
VGVhY2hlci0zMDE4MjU3, Xiaoyu Su,5.0,2
VGVhY2hlci0yNzk5ODM4,Velumani Subramanian,4.0,2
VGVhY2hlci0yMTk4NzE3,Alec Sudtelgte,5.0,2
VGVhY2hlci0xMjE3NjM5,"Dianzhi ""Daniel"" Sui",4.0,2
VGVhY2hlci0yMTM1NDM1,Kunlapath Sukcharoen,4.0,2
VGVhY2hlci0zMDUxOTE2,Alex Sullins,3.0,2
VGVhY2hlci0xOTAwNjgy,Earnestyne Sullivan,1.5,2
VGVhY2hlci0yMzYwMDkw,Maram Sultan,4.0,2
VGVhY2hlci0yMzA5ODU5,Kang Sung,1.0,2
VGVhY2hlci0yMTM4MDU5,Travis Sutton,4.5,2
VGVhY2hlci0yNTc3OTQ0,David Sweeney,5.0,2
VGVhY2hlci0yNDA3OTM2,Steven Sykes,5.0,2
VGVhY2hlci0yMjg1MjAw,Istvan Szunyogh,1.0,2
VGVhY2hlci0yMzQ3NzA5,Elina Tachkova,1.0,2
VGVhY2hlci0zMDg1Mzgz,Jesuino Takachi Tomita,5.0,2
VGVhY2hlci0yOTEwODQ4,Keigo  Tanabe,5.0,2
VGVhY2hlci0yNDY3NDU2,Jian Tao,4.0,2
VGVhY2hlci0yOTUxNDg3,Zhihan Tao,5.0,2
VGVhY2hlci0yNTAzNDM4,James Tate,4.7,2
VGVhY2hlci0yNzQ5Nzky,Cesario Tavares,5.0,2
VGVhY2hlci0yODAyNjMw,Brennan Taylor,4.0,2
VGVhY2hlci0yNDgxOTg0,Emily Tedford,5.0,2
VGVhY2hlci0yMDEyMjMz,Pete Teel,5.0,2
VGVhY2hlci0yMDgxMTI2,Andrea Terry,3.5,2
VGVhY2hlci0yNDM3ODcy,Mehdi Teymouri,4.0,2
VGVhY2hlci0yMjUxNzI1,Shubhechchha Thapa,1.0,2
VGVhY2hlci0xODYxMjI2,Amanda Thibodeau,4.0,2
VGVhY2hlci0yMDg2MDk5,Fran Thielman,4.0,2
VGVhY2hlci0yMzY2NDE0,Amy Thompson,5.0,2
VGVhY2hlci0yNTkzNTk3,Christi Thompson,5.0,2
VGVhY2hlci0yMzE3NzE3,Jim Thompson,5.0,2
VGVhY2hlci0xNTA0NDIz,Ruth Thompson-Miller,3.5,2
VGVhY2hlci0yNDcxNDAy,Michael Thomson,5.0,2
VGVhY2hlci0yNjEyMzY3,Douglass Thornton,5.0,2
VGVhY2hlci0zMDc2MjEx,Hailey Thornton,3.0,2
VGVhY2hlci0zMTA2MDA2,David Threadgill,5.0,2
VGVhY2hlci0yODYzNDQx,Idia Thurston,5.0,2
VGVhY2hlci0yNzcyMzAy,Shuo Tian,5.0,2
VGVhY2hlci0yMzgzNjU3,Laszlo Tihanyi,5.0,2
VGVhY2hlci0yNDUxMjE2,Andrew Till,5.0,2
VGVhY2hlci0yNjk4NjU4,Lesley Tomaszewski,1.0,2
VGVhY2hlci0yMTYxNjY5,Michael Tomchesson,1.0,2
VGVhY2hlci0yNjcwNTcx,John Tomecek,5.0,2
VGVhY2hlci0yOTYyMzcw,Cecilia Tommos,5.0,2
VGVhY2hlci0yMjU2Nzg4,Cheryl Townshend,3.0,2
VGVhY2hlci0yNDc4ODc4,Aaron Trimble,5.0,2
VGVhY2hlci0yOTgzMTk3,Xaio Tsen,5.0,2
VGVhY2hlci0yNjk1MTA2,Xuan Tu,5.0,2
VGVhY2hlci0yNzU0NzI2,Maiya Turner,5.0,2
VGVhY2hlci0yNDQwNjcz,Bailey Urban,5.0,2
VGVhY2hlci0yNjMzOTcy,Maria Isabel Vales,5.0,2
VGVhY2hlci0yMTI4MTAy,Angela Van Boening,5.0,2
VGVhY2hlci0zMDkxMDEz,James Van Zandt,3.0,2
VGVhY2hlci0yOTU0ODIw,Shannon Van Zandt,5.0,2
VGVhY2hlci0yNzY2OTUw,Antonio Vazquez Molinary,5.0,2
VGVhY2hlci0yNzE2MTY1,Leah Venable,5.0,2
VGVhY2hlci0yNTkzMjMy,Vijayanagaram Venkatraj,4.0,2
VGVhY2hlci0yOTM0ODIy,Sara Vera,4.0,2
VGVhY2hlci0yOTYzNzIw,Bridgette Vickers,5.0,2
VGVhY2hlci0yMDM3MDk4,Nancy Videla,5.0,2
VGVhY2hlci02NDkyOTE=,. Vinson,3.8,2
VGVhY2hlci0yMjQ4Mjk2,Martha Vogelsang,5.0,2
VGVhY2hlci0xMzk3NjE3,Nancy Volkman,2.0,2
VGVhY2hlci0xMzMzMDU1,Neha Vora,5.0,2
VGVhY2hlci0xNDQ0MDk5,Susan Wagner,4.5,2
VGVhY2hlci0xNzE4MTc3,Mwangi Waithaka,1.0,2
VGVhY2hlci0yMDc1NDM1,Lane Wakefield ,4.0,2
VGVhY2hlci0yODY3MzIw,Wilson Waldrop,5.0,2
VGVhY2hlci0yMzM2MjE3,Duncan Walker,4.0,2
VGVhY2hlci0yNzE5Nzgw,Qingwei wang,5.0,2
VGVhY2hlci0yMTI1NjY1,Binbin Wang,4.5,2
VGVhY2hlci0zMDY3NTk1,Xi Wang,4.0,2
VGVhY2hlci0zMTUyMzI5,Xin Wang,5.0,2
VGVhY2hlci0yMjczNjEz,Xuanren Wang,5.0,2
VGVhY2hlci0yODQ4MjQ3,Yue Wang,5.0,2
VGVhY2hlci0yMzg4NzA0,Zhujiang Wang,3.0,2
VGVhY2hlci0zMDYxNTcy,Kevin Wann,4.0,2
VGVhY2hlci0yMTU3OTUz,Lauren Ward,4.0,2
VGVhY2hlci0yODY2NzE5,Taylor Ware,3.0,2
VGVhY2hlci0yMzU5NjYy,Debra Webb,4.0,2
VGVhY2hlci0xNzczNTg4,Jennifer Webster,1.0,2
VGVhY2hlci0yOTYyMzIw,Sarah White-Springer,1.0,2
VGVhY2hlci0yMTEwMjMx,Uditha Wijesuriya,1.5,2
VGVhY2hlci0yNzEyMjg1,Daisy Wilbert,1.0,2
VGVhY2hlci0yNTg0MzMx,Ashley Williams,4.0,2
VGVhY2hlci0zMDU3MDAx,Travis Williams,3.0,2
VGVhY2hlci0xOTYzNzgw,Kenneth Williamson,4.0,2
VGVhY2hlci0yMzg4MDAw,Susannah Williamson,5.0,2
VGVhY2hlci0xOTQyMzc0,Katherine Willyard,2.5,2
VGVhY2hlci0xMjc5MTAx,Shannon Wilson,5.0,2
VGVhY2hlci0zMTUyOTQ1,Freddie Witherden,5.0,2
VGVhY2hlci0yNzU1MTUy,Steven Woltering,5.0,2
VGVhY2hlci0xODYwODQz,Dustin Wood,5.0,2
VGVhY2hlci0yNzU0MTUx,Richard Woodward,2.0,2
VGVhY2hlci0yMzMyMzgx,Martin Wortman,1.0,2
VGVhY2hlci0yMTYyNTU2,Yi-Ju Wu,1.0,2
VGVhY2hlci0yNjY2MDU2,Ping Xiang,2.0,2
VGVhY2hlci0yMDkzMjY0,Chunying Xiao,1.0,2
VGVhY2hlci0yMjQ4MzYx,Yu Xiao,4.0,2
VGVhY2hlci0yNTQzNTk0,Guangbo Xu,5.0,2
VGVhY2hlci0yNTk3MjUy,Minjie Xu,2.0,2
VGVhY2hlci0yNDQ1OTA1,Zhihong Xu,3.0,2
VGVhY2hlci0yNTk3MTky,Shwetabh Yadav,4.0,2
VGVhY2hlci0zMDQxNjI1,Hankyeul Yang,1.0,2
VGVhY2hlci0xODYzNjEx,Jae Yang,5.0,2
VGVhY2hlci0zMTIyMDkx,Tianbao Yang,2.0,2
VGVhY2hlci0yOTAyNDY3,Jiahui Ye,5.0,2
VGVhY2hlci0xODIxMTgw,Sherry Yennello,4.0,2
VGVhY2hlci0yODQwNTUw,Jenna Yentes,5.0,2
VGVhY2hlci0zMDkzNzI0,Che Yeun,5.0,2
VGVhY2hlci0yOTExOTgz,Joowon Yi,5.0,2
VGVhY2hlci0yMzY2Mzky,Byung-Jun Yoon,5.0,2
VGVhY2hlci0yNTI3Mjg0,Grace Yoon,5.0,2
VGVhY2hlci0yNjk0NDM3,Qian Youan,5.0,2
VGVhY2hlci0zMTQ5NDI2,Clifford Young,5.0,2
VGVhY2hlci0xNDYyMTky,Erin Young,5.0,2
VGVhY2hlci0yNzU3MjA0,Jamaal Young,2.0,2
VGVhY2hlci0yNTQzMzQw,Han Yu,5.0,2
VGVhY2hlci0yMjIxNjIx,Yuan Yue,2.0,2
VGVhY2hlci0yOTA2OTUy,Chi Zang,3.0,2
VGVhY2hlci0xNjY3NDAx,Anna Zemlyanova,4.5,2
VGVhY2hlci0yOTc1NDQ3,Sijia Zhang,3.0,2
VGVhY2hlci0zMTI0Nzg1,Yu Zhang,5.0,2
VGVhY2hlci0yOTA3NTkz,Qinglin Zhao,5.0,2
VGVhY2hlci0yNDMyNzk5,Alexey Zheltikov,1.0,2
VGVhY2hlci0yOTY0Nzg1,Le Zhou,5.0,2
VGVhY2hlci0zMDcwNDI4,Yang Zhou,5.0,2
VGVhY2hlci0xNjU3NTY2,Siyi Zhu,3.0,2
VGVhY2hlci0yOTEwOTc5,Xuejun Zhu,5.0,2
VGVhY2hlci0zMTQ1NDk5,Xinwei Zhuang,4.0,2
VGVhY2hlci0yMTgxMTk4,Natalie Zielinsk,4.0,2
VGVhY2hlci0yNjA4MzY4,Daniel Zilber,4.0,2
VGVhY2hlci05NzY3NzI=,Jeff Ackerman,5.0,1
VGVhY2hlci0yODMyMzU5,Jorge Alvarado,1.0,1
VGVhY2hlci0xNjUzNTg5,Aaron Ames,5.0,1
VGVhY2hlci0xNDQ2NjE1,Judith Ball,5.0,1
VGVhY2hlci0xNDQwOTI0,Daniel Betti,2.5,1
VGVhY2hlci0yNDk3MzUw,Rickie Bonner,5.0,1
VGVhY2hlci0xMjE3NzY5,Ray Bowen,5.0,1
VGVhY2hlci0xMDA3NjE2,Gerald Bratton,5.0,1
VGVhY2hlci05ODAwNDk=,Alejandro Castillo,5.0,1
VGVhY2hlci0zMDkyMTM0,Roger Cordes,5.0,1
VGVhY2hlci0zMTQ2ODg5,Alyssa  Costello,4.0,1
VGVhY2hlci0xNTQwMTc0,Ernest Cothran,5.0,1
VGVhY2hlci0yMjgzMTM2,Eric Du,5.0,1
VGVhY2hlci0xNjQ5Njc1,Alexander Finklestein,2.0,1
VGVhY2hlci0xMDE0MzA2,Yassin Hassan,5.0,1
VGVhY2hlci0xMzk4ODAy,Behnam Jafarpour,3.5,1
VGVhY2hlci02Njc1NzA=,Corriere Karin,3.0,1
VGVhY2hlci0xNjM4MzI5,Sugam Kharel,4.5,1
VGVhY2hlci05ODQ3NTI=,Danny Klinefelter,2.0,1
VGVhY2hlci0yODU5OTc1,Andreas Kronenbert,1.0,1
VGVhY2hlci0xMTc4Nzk4,Ryan Laddusaw,4.0,1
VGVhY2hlci0yNjM0NTA0,Phil Lewis,5.0,1
VGVhY2hlci0xNDE3NjMz,Robert Lucchese,4.5,1
VGVhY2hlci0xMTczNzQx,James Manhart,3.0,1
VGVhY2hlci0xMTQyMDM4,Amanda Martinez,5.0,1
VGVhY2hlci0yMjUwNjc2,Brent McRoberts,5.0,1
VGVhY2hlci0xMjEyNTU3,M. Duery Menzies,4.0,1
VGVhY2hlci0yODIzOTkx,Hugh Mungus,5.0,1
VGVhY2hlci0xNDEyMTMw,Richard Panetta,1.0,1
VGVhY2hlci03NDI4MTQ=,Linda Perry,5.0,1
VGVhY2hlci0yNTk5NTc4,Gabriella Porter,5.0,1
VGVhY2hlci0xODk5ODQ5,Jeffery Raymond,5.0,1
VGVhY2hlci0xODIwODA1,Tyler Rosas,5.0,1
VGVhY2hlci0xMTQ1OTk0,Audra Rouse,4.0,1
VGVhY2hlci03NTExMzQ=,. Sanders,4.5,1
VGVhY2hlci0xNTA5Mjc5,Roger Schultz,4.0,1
VGVhY2hlci0xNDM1NTQ4,Bharathi Shetty,5.0,1
VGVhY2hlci0xMjkzMDQ5,Patricia Smith,5.0,1
VGVhY2hlci0zMDc4NDkz,Raghavan Srinivasan,2.0,1
VGVhY2hlci0yOTQyODk1,Jacob Svetz,5.0,1
VGVhY2hlci0zNTk2MzM=, Tao,4.0,1
VGVhY2hlci0yMzY2MTE5,Manoj Vanajakumari,5.0,1
VGVhY2hlci0yMDAwNTU2,Jason Vogel,4.5,1
VGVhY2hlci0yMjkzNTI5,Jason West,1.0,1
VGVhY2hlci0yMTE1Nzcx,Zack Wetzel,5.0,1
VGVhY2hlci0xNjk2MjQ3,Cheryl Whitten-Lozano,5.0,1
VGVhY2hlci0yNzU3MDY5,Jennifer Wyle,5.0,1
VGVhY2hlci0zMDM5MzY4,Syed Samar Abbas,3.0,0
VGVhY2hlci0zMTU0NDU2,Rouzbeh Abbassi,3.0,0
VGVhY2hlci0yNjk0NTU2,Ryan Abt,3.0,0
VGVhY2hlci0yMjE3MjUz,Angela Adams,3.0,0
VGVhY2hlci0zMDA2MDE0,BR Adams,3.0,0
VGVhY2hlci0yNzA5MzAw,Isaac Adjei,3.0,0
VGVhY2hlci0yMzU4NDUz,Monir Ahammad,3.0,0
VGVhY2hlci0yMTkzMDky,Sarker Ahmed,3.0,0
VGVhY2hlci0yNDY0NTUz,Changbum Ahn,3.0,0
VGVhY2hlci0zMTQ1MjUx,Jounghwan Ahn,3.0,0
VGVhY2hlci0yNDI2NTM5,Somi Ahn,3.0,0
VGVhY2hlci0yMzEzOTE2,Derya G. Akleman,3.0,0
VGVhY2hlci0yNzkwNTU4,Alyssa Akomer,3.0,0
VGVhY2hlci0zMDk3ODY3,Abdullah Al-Aboosi,3.0,0
VGVhY2hlci0zMTMyODA4,Charlette  Algie,3.0,0
VGVhY2hlci0zMTM0NDA1,Charlotte Algie,3.0,0
VGVhY2hlci0yNzc4MjI3,Jill Almaguer,3.0,0
VGVhY2hlci0zMTM3ODc1,Roa’a Al-Masri,3.0,0
VGVhY2hlci0zMTQxOTQ3,Roa’a Al-Masri,3.0,0
VGVhY2hlci0zMTM3ODc0,Roa’a Al-Masti,3.0,0
VGVhY2hlci0zMTI2NDY3,Tristan Alvarez,3.0,0
VGVhY2hlci0yNzY2NDg2,Nicole Amos,3.0,0
VGVhY2hlci0yMzUzMTU0,Dong An,3.0,0
VGVhY2hlci0zMTE3MjYw,Alina Andrei,3.0,0
VGVhY2hlci0yODg0NDUz,Adrita Anika,3.0,0
VGVhY2hlci0zMTE3Mzc5,Blessing Apata,3.0,0
VGVhY2hlci0zMTEyNDY1,Olukayode Apata,3.0,0
VGVhY2hlci0yNzU5NTI2,Dennis Arce,3.0,0
VGVhY2hlci0yMTY3MjUy,Angela Arenivar,3.0,0
VGVhY2hlci0xMTk0MjAw,Eveta Armstrong,3.0,0
VGVhY2hlci02ODI4ODI=,Maggie Arnold,3.0,0
VGVhY2hlci0zMTMzNDA3,Not Assigned,3.0,0
VGVhY2hlci0yODk5NDk5,Bisi Atoba,3.0,0
VGVhY2hlci0yODA3Njk5,Bruce Aucoin,3.0,0
VGVhY2hlci00NTg3NDI=,Leonardo Auernheimer,3.0,0
VGVhY2hlci0yNDcwNDI5,Essayas Ayana,3.0,0
VGVhY2hlci0zMDgyNTgy,Yunas Aybas,3.0,0
VGVhY2hlci0yOTEwNzAz,olowu babafeyijimi,3.0,0
VGVhY2hlci0yOTIxNjAy,Vanderlei Bagnato,3.0,0
VGVhY2hlci0zMTI1MjQ5,Leila Bahrami,3.0,0
VGVhY2hlci02OTEzMTM=,Barbara Bailey,3.0,0
VGVhY2hlci0zMDcwMTc0,Jackson Bailey,3.0,0
VGVhY2hlci0yMzIyMjI5,Eric Bardenhagen,3.0,0
VGVhY2hlci0yMTExNTY1,Andrew Barr,3.0,0
VGVhY2hlci0zMDM5MjM3,Jessica Barragan,3.0,0
VGVhY2hlci0yNjkzODYw,Peter Bastian,3.0,0
VGVhY2hlci0yNzM4MTUw,Tristan Bauer,3.0,0
VGVhY2hlci0yMjUwMzY0,Emily Baumann,3.0,0
VGVhY2hlci0xMzk4Nzky,Gene Beck,3.0,0
VGVhY2hlci0yMzY1NDA4,Amanda Beckman,3.0,0
VGVhY2hlci0zMTIyNzUy,Claudia Benavides-Espinoza,3.0,0
VGVhY2hlci0yNTkwODky,Scott Benedict,3.0,0
VGVhY2hlci0yODAzMzUx,Gregg Bennett,3.0,0
VGVhY2hlci0zMDAzMTA3,Carmen Benson,3.0,0
VGVhY2hlci0zMDE3MjQy,Tanisha Berrios,3.0,0
VGVhY2hlci0yNTk1NDMx,Ryan Bethel,3.0,0
VGVhY2hlci0yNjEzODI2,Michael Beyerlein,3.0,0
VGVhY2hlci0yOTEzNDA3,Anirban  Bhattacharya,3.0,0
VGVhY2hlci0xMTU3ODA2,Eric Bhattarai,3.0,0
VGVhY2hlci0zMTAxMTE4,Zafar Bhatti,3.0,0
VGVhY2hlci02ODY4MzU=,John Bickham,3.0,0
VGVhY2hlci0zMTAyMDIx,Marcelo  Bigott,3.0,0
VGVhY2hlci0yNTgzNTA5,Christopher Black,3.0,0
VGVhY2hlci0yNTUxMDEx,Ellen Black,3.0,0
VGVhY2hlci0zMTM1Nzc1,Avery Blankenship,3.0,0
VGVhY2hlci0yNDg2ODE3,Thomas blasingame,3.0,0
VGVhY2hlci0yOTA2MzM4,Caleb Boardman ,3.0,0
VGVhY2hlci0yNTM3ODY0,Devon Boland,3.0,0
VGVhY2hlci0yNzc1MjAy,Mohammadreza Bolandnazar,3.0,0
VGVhY2hlci0yNzgyNDIx,Micah Boling,3.0,0
VGVhY2hlci03NDc2NjE=,Robert Bolton,3.0,0
VGVhY2hlci0xNjIxMTA4,Sarah Bondos,3.0,0
VGVhY2hlci0zMTQ5MDgw,Marcus Botacin,3.0,0
VGVhY2hlci0yOTQxODM1,Andreea Botezatu,3.0,0
VGVhY2hlci0yOTE3NzE1,Hannah Bowling,3.0,0
VGVhY2hlci0zMTUyNzU0,Kimberly Breyfogle,3.0,0
VGVhY2hlci0yOTkzNTky,Jacob Brightwell,3.0,0
VGVhY2hlci0zMTQ2NjYz,Cendy Brister-Antley,3.0,0
VGVhY2hlci0xOTYyNDA5,David Brooks,3.0,0
VGVhY2hlci04NzgwMTU=, Brophy,3.0,0
VGVhY2hlci0zMTQ4MDc3,Alex Brown,3.0,0
VGVhY2hlci0zMTUyNzM5,Austin Brown,3.0,0
VGVhY2hlci0yNTA0MTQ5,William Brown,3.0,0
VGVhY2hlci0yMzM3NTg3,Taylor Brysiewicz,3.0,0
VGVhY2hlci04ODA5MDE=, Burchill,3.0,0
VGVhY2hlci0xNTQ0MDY2,Allyson Burgess,3.0,0
VGVhY2hlci0xMzk4Nzkz,David Burnett,3.0,0
VGVhY2hlci0yNDczMjk2,Jonathan Burns,3.0,0
VGVhY2hlci0zMTQ5MDg5,John Burrescia,3.0,0
VGVhY2hlci0yMDg5MDIw,Nicholas Busberg,3.0,0
VGVhY2hlci0zMTQwNTMx,Sweeper’s Button Came Off,3.0,0
VGVhY2hlci0zMTQ4MTg1,Salvatore Calabrese,3.0,0
VGVhY2hlci0zMTUwMjA0,Caitlyn  Calvert,3.0,0
VGVhY2hlci0xNzc5Nzk3,Tim Campbelll,3.0,0
VGVhY2hlci0yNDk3Njgy,Carolyn Cannon,3.0,0
VGVhY2hlci0yODM4MjA4,Marnie Cannong,3.0,0
VGVhY2hlci03NDM1NjA=,Elizabeth Cantwell,3.0,0
VGVhY2hlci0yNTg5MTE5,Poppy Capehart,3.0,0
VGVhY2hlci0yODA1MzQz,Mary Capraro,3.0,0
VGVhY2hlci0yODI2MDky,John Casellas Connors,3.0,0
VGVhY2hlci0yNzc3MjU1,Victor Castillo,3.0,0
VGVhY2hlci0yNjE2NTcz,Filipe Castro,3.0,0
VGVhY2hlci0yMTU4OTk5,Jerald Caton,3.0,0
VGVhY2hlci0zMDYzMzQ4,Betul Cengil,3.0,0
VGVhY2hlci0yNDQwNjk0,Ekaterina Cervantes,3.0,0
VGVhY2hlci0xMTYyODE1,Subrata Chakrabarty,3.0,0
VGVhY2hlci0zMTEzNjc2,Visheeta Chandolia,3.0,0
VGVhY2hlci0yOTEyNTgw,Ping Chang,3.0,0
VGVhY2hlci0yNTA3MzU0,Thomas Chappell,3.0,0
VGVhY2hlci0yNTc0NTg3,Laurie Charles,3.0,0
VGVhY2hlci0yNjMxMzI0,Dikaia Chatziefstathiou,3.0,0
VGVhY2hlci0zMTE1OTYy,Isaac Chavarria,3.0,0
VGVhY2hlci0yNjk2MTMx,Adela Chavez,3.0,0
VGVhY2hlci0yOTQ5MzQ2,Bradley Check,3.0,0
VGVhY2hlci04NzM3NjQ=,S Childs,3.0,0
VGVhY2hlci0yMDIwMjQz,Sunil Chirayath,3.0,0
VGVhY2hlci0yOTczNTQw,John  Chivvis,3.0,0
VGVhY2hlci0xODYwNjM0,Jae-Hyun Cho,3.0,0
VGVhY2hlci0xNTA5Mjcx,Sung Cho,3.0,0
VGVhY2hlci0yODA2NTE5,Junsouk Choi,3.0,0
VGVhY2hlci0xNDY3Mjg5,David Chroust,3.0,0
VGVhY2hlci0yOTM5ODk5,Jooho Chung,3.0,0
VGVhY2hlci0xNDY1ODI1,Alicia Clay,3.0,0
VGVhY2hlci0xMzk4Nzk0,William Cobb,3.0,0
VGVhY2hlci0xNTAyNzE1,Casie Cobos,3.0,0
VGVhY2hlci0yOTEyNDYw,Justin Cole,3.0,0
VGVhY2hlci02NDU5NjQ=,Ellen Collisson,3.0,0
VGVhY2hlci0yMzYxOTgw,Brian Colwell,3.0,0
VGVhY2hlci0yNjMwNTM4,Mallory Compton,3.0,0
VGVhY2hlci0yNzcxMzky,Alicia Cooperman,3.0,0
VGVhY2hlci0yODc0MTky,Carlos Corleto ,3.0,0
VGVhY2hlci0yODA1Njg3,Garth Cosby,3.0,0
VGVhY2hlci0yNzg3NjQx,Kendall Cosley,3.0,0
VGVhY2hlci0xOTUwNDUw,Betty  Cross,3.0,0
VGVhY2hlci0yODE2NzAw,Darcie Crumpacker,3.0,0
VGVhY2hlci0zMTU1MzEz,Bryan  Crutcher ,3.0,0
VGVhY2hlci0zMDc3ODYw,Mary Cuff-Leonard,3.0,0
VGVhY2hlci0yMTUxMjY4,Shuguang Cui,3.0,0
VGVhY2hlci0yNTAwMzgw,Scott Cummings,3.0,0
VGVhY2hlci0yMjg1MzUy,George Cunningham,3.0,0
VGVhY2hlci0yMDg3NTI4,Zachary Damon,3.0,0
VGVhY2hlci0xNDA2NjMy,Ballard Danny,3.0,0
VGVhY2hlci0zMDU2MzI4,Benjamin Davis,3.0,0
VGVhY2hlci0yNjc2MzYx,Danny Davis,3.0,0
VGVhY2hlci0yNzk1NDU1,Danny Davis,3.0,0
VGVhY2hlci0yMDYzNzcx,Dick Davison,3.0,0
VGVhY2hlci0yODU5MDg4,Mark Dawson,3.0,0
VGVhY2hlci0yODU5MDg3,Micah  Dawson,3.0,0
VGVhY2hlci04NzU1NDY=,Noah Dean,3.0,0
VGVhY2hlci0yMDMyOTUz,Jackson De Carvalho,3.0,0
VGVhY2hlci0zMTUwNjU2,Breiana  Degrate,3.0,0
VGVhY2hlci0yODA5Mjcw,Kyle DeMars,3.0,0
VGVhY2hlci0zMDIzNzcz,Alan Demlow,3.0,0
VGVhY2hlci0yOTUyNDY3,Youjin Deng,3.0,0
VGVhY2hlci0yNjk2OTIz,Niraj Dere,3.0,0
VGVhY2hlci0yNTAyMTQ0,Neha Deshpande,3.0,0
VGVhY2hlci0zMDA4NTMx,Paul  Dessauer,3.0,0
VGVhY2hlci0zMTU0MDQ3,Debangan Dey,3.0,0
VGVhY2hlci0yNDAwNTk4,Ana Diaz Artiles,3.0,0
VGVhY2hlci0yOTU4Mzg4,Broderick Dickerson,3.0,0
VGVhY2hlci0yNjc5Mjg3,Marcelo Dinardi-Lopez,3.0,0
VGVhY2hlci0yODUwODQ1,Yu Ding,3.0,0
VGVhY2hlci0yODIzOTE4,Quandale Dingle,3.0,0
VGVhY2hlci0yOTA0MDUx,Imge Dogan,3.0,0
VGVhY2hlci0zMDA2ODUw,Le’Trice Donaldson,3.0,0
VGVhY2hlci0yNDQzNjEw,Yuval Doron,3.0,0
VGVhY2hlci0xODk0MzQw,Christen Dovalina,3.0,0
VGVhY2hlci0yMzA0MzU5,Sarah Doyle,3.0,0
VGVhY2hlci01NjY4NjM=,James Dressler,3.0,0
VGVhY2hlci0yMTAxNDY3,Timothy Duguid,3.0,0
VGVhY2hlci0yODY5OTU0,Bonnie Dunbar,3.0,0
VGVhY2hlci0zMDk5NjM3,Thomas Dunham,3.0,0
VGVhY2hlci0xNTA3OTg2,Rudy Dunlap,3.0,0
VGVhY2hlci0yMDA3NTAz,Elizabeth  Dunn,3.0,0
VGVhY2hlci0yNjQzMDMz,Megan Dunn,3.0,0
VGVhY2hlci0yNzc4Nzgw,Angela Durko,3.0,0
VGVhY2hlci0xNDQ4MjE1,Suzanne Eckert,3.0,0
VGVhY2hlci0zMTQ2NTI5,Olivia Edwards,3.0,0
VGVhY2hlci0zMTM0ODE0,Matthew Ege,3.0,0
VGVhY2hlci0zMTI0MzM2,Shantel Ehrenberg,3.0,0
VGVhY2hlci0yNTE5ODYw,Ali Elgindi,3.0,0
VGVhY2hlci0zMDEzNDgw,Matthew Elliot,3.0,0
VGVhY2hlci0zMTM1MTg1,Pete England,3.0,0
VGVhY2hlci0yNTcwMzQ3,Cady Engler,3.0,0
VGVhY2hlci0yNzg1ODM5,Kent Erickson,3.0,0
VGVhY2hlci0yOTczNjg4,Christina Escamilla,3.0,0
VGVhY2hlci0yNzAzNjc3,Gabriel Esquivel,3.0,0
VGVhY2hlci0yOTEwODY3,Valentín Estévez,3.0,0
VGVhY2hlci0xMzk4Nzg3,Giola Falcone,3.0,0
VGVhY2hlci00NDkzNDM=,R Fan,3.0,0
VGVhY2hlci0yNjk2ODk4,Zheng Fang,3.0,0
VGVhY2hlci0zMDk4MTk5,Nicolas Favrie,3.0,0
VGVhY2hlci0yOTYyNDg3,Shuo Feng,3.0,0
VGVhY2hlci0zMDEzOTQz,Shuo Feng,3.0,0
VGVhY2hlci0yMzM0MDE1,Rachel Fern,3.0,0
VGVhY2hlci0yNTEzMTkw,Carlos Ferreira,3.0,0
VGVhY2hlci0zMTI3OTAw,Darrek Ferrell,3.0,0
VGVhY2hlci0yNzk5NDU4,Thomas Ficht,3.0,0
VGVhY2hlci02ODIxMTI=,Krista Finstuen,3.0,0
VGVhY2hlci0yNjU1MjMz,James Fiorendino,3.0,0
VGVhY2hlci0yNzg5NDkx,Jimbo Fisher,3.0,0
VGVhY2hlci0zMTA3MDY3,Erin Fisk,3.0,0
VGVhY2hlci0zMTQxNzgz,Miguel Flores-Garcia,3.0,0
VGVhY2hlci0zMTEyNDAw,Bruna Fontes,3.0,0
VGVhY2hlci0zMTM2ODUw,Audrey Fovelle,3.0,0
VGVhY2hlci0yOTU4Mjkx,William Fox,3.0,0
VGVhY2hlci0zMDcwMzY0,Mikayla Frauenheim,3.0,0
VGVhY2hlci0xNDQwNzk3,Daniel Freeman,3.0,0
VGVhY2hlci0yNjkxODAx,Patricia French,3.0,0
VGVhY2hlci0yNjA4MDQw,Tyler Fricker,3.0,0
VGVhY2hlci0xMzc1MjIw,Sonya Fritz,3.0,0
VGVhY2hlci0xMzc0NjU5,Sarah Fulton,3.0,0
VGVhY2hlci0zMDQ3OTgx,Tomer Galanti,3.0,0
VGVhY2hlci0yNjY1NTQ0,Yadira Gamez,3.0,0
VGVhY2hlci0xNzQyNjY5,Wendy Gapinski,3.0,0
VGVhY2hlci0yMDk0OTM4,Brianne Garcia,3.0,0
VGVhY2hlci0yOTAyMTA4,Emmber Garcia,3.0,0
VGVhY2hlci0yNjg3NTk5,Jessica Garcia,3.0,0
VGVhY2hlci0yOTk0MjM0,Lucas Garcia,3.0,0
VGVhY2hlci0zMTQ4MTYx,Megan Gardenhour,3.0,0
VGVhY2hlci02NjUyNDQ=,Christopher Garrett,3.0,0
VGVhY2hlci0yNjk5NDkz,Myles Garrett,3.0,0
VGVhY2hlci0yNzk1NDU2,Gregory Gause,3.0,0
VGVhY2hlci0yNjI0ODg1,Natarajan Gautam,3.0,0
VGVhY2hlci0yNjg5OTUz,Inn Hee Gee,3.0,0
VGVhY2hlci0yNTIwOTgz,Dominic Gehring,3.0,0
VGVhY2hlci0yMTk0NTc3,Zihan Geng,3.0,0
VGVhY2hlci0yODY1NjY0,Trudy Georgio,3.0,0
VGVhY2hlci0yNDQ5MjQ0,Alexandros Gerakis,3.0,0
VGVhY2hlci0xNDY4MzY3,Niyazi Anil Gezer,3.0,0
VGVhY2hlci0xMzk4ODAw,Ahmad Ghassemi,3.0,0
VGVhY2hlci0xMzk4ODAx,Eduardo Gilden,3.0,0
VGVhY2hlci0yNjgxODAx,Jessica Gilreath,3.0,0
VGVhY2hlci0yNTAzMTcw,Jessica Girard,3.0,0
VGVhY2hlci0yODY5OTU1,Sharath Girimaji,3.0,0
VGVhY2hlci0yNjA5OTQy,Lesley Gleason,3.0,0
VGVhY2hlci0xMDMyMTQx,Blake Godkin,3.0,0
VGVhY2hlci0zMDU2Njc3,Dottie Goebel,3.0,0
VGVhY2hlci0yMTk3MDcy,Frank Goebel,3.0,0
VGVhY2hlci0yMTc1NjEz,Michael Golding,3.0,0
VGVhY2hlci0zMTE0MTE2,Anastasiia Golovatenko,3.0,0
VGVhY2hlci0yMjQ2OTM5,Carmen Gomez,3.0,0
VGVhY2hlci0zMTU0MjA5,Jiarui Gong,3.0,0
VGVhY2hlci0yMzg1NzY0,Wenlong (Wendy) Gong,3.0,0
VGVhY2hlci0yOTUwNjc1,Joseline Gonzalez,3.0,0
VGVhY2hlci0yNjA4MTQ1,Tiffany Gonzalez,3.0,0
VGVhY2hlci0xNzI3NTgx,Kun Gou,3.0,0
VGVhY2hlci0xODQyMDY0,Blease Graham,3.0,0
VGVhY2hlci00NjUwMzQ=,Vincenzo Greco,3.0,0
VGVhY2hlci0yODI4MTU0,Lisa Green,3.0,0
VGVhY2hlci0xMzIxMjkx,Jennifer Gregory,3.0,0
VGVhY2hlci0yOTU1Njc5,Margaret Gregory,3.0,0
VGVhY2hlci0yOTEwMDg2,Salandra Grice,3.0,0
VGVhY2hlci0yOTUxMTY5,Salandra Grice,3.0,0
VGVhY2hlci0yNzEzMzI1,Ricky Griffin,3.0,0
VGVhY2hlci0xMzU3Mzg5,Ethan Grossman,3.0,0
VGVhY2hlci0xNjMxNjQw,Jennifer C. Guillen,3.0,0
VGVhY2hlci0yNDYxNjAx,Emily Gunnels,3.0,0
VGVhY2hlci0zMDc1OTY0,Adarsh K. Gupta,3.0,0
VGVhY2hlci0yMjU4ODA1,Paul Gustafson,3.0,0
VGVhY2hlci0yOTIzMTM0,Devin Guthrie,3.0,0
VGVhY2hlci0yODIyMTg4,Jose Gutierrez,3.0,0
VGVhY2hlci0yODAyMDE0,Carl Gutke,3.0,0
VGVhY2hlci0yMDM2Nzg1,Sharon  Haigler,3.0,0
VGVhY2hlci0yNTUzMDI1,Jonathan Halket,3.0,0
VGVhY2hlci0xOTg2OTA5,Madison Haltom,3.0,0
VGVhY2hlci0yNzQxNDY1,Silva Hamie,3.0,0
VGVhY2hlci0yODQxMTc1,Brittany Hammond,3.0,0
VGVhY2hlci0yNTI4NTc3,Arum Han,3.0,0
VGVhY2hlci0yNjU0NjMx,Hye Won Han,3.0,0
VGVhY2hlci0xNjc5NTAx,Sungmin Han,3.0,0
VGVhY2hlci0yNjg4ODkz,Jay Hancock,3.0,0
VGVhY2hlci0yMjk1NzY5,Borris Hanin,3.0,0
VGVhY2hlci0zMDA3NzI0,Michael Hanks,3.0,0
VGVhY2hlci0yMzQzNjA3,mark harlow,3.0,0
VGVhY2hlci0yOTE0MDYy,Andre’nay  Harris,3.0,0
VGVhY2hlci0yNzAxODkw,Jeffrey Hatala,3.0,0
VGVhY2hlci03MTY0NDQ=,Laura Hatfield,3.0,0
VGVhY2hlci0xODQ0OTUz,Michael Heaney,3.0,0
VGVhY2hlci0yOTY5MTEw,Anjel Helms,3.0,0
VGVhY2hlci0zMTA1MzE4,Kesha Henry,3.0,0
VGVhY2hlci0xODU2NDQ2,Savannah Hicks,3.0,0
VGVhY2hlci0yODU1OTgy,Tacey Hicks,3.0,0
VGVhY2hlci0yODY1ODcx,Tacey Hicks,3.0,0
VGVhY2hlci0yOTU1MTM4,Katherine Higgins,3.0,0
VGVhY2hlci0yNzgxMzU2,Jasamine Hill,3.0,0
VGVhY2hlci0xNzI2MjY1,Brian Hilton,3.0,0
VGVhY2hlci0zMDYxNzQ3,M. Cynthia Hipwell,3.0,0
VGVhY2hlci0yOTI2NzUz,Mathias Hofmann,3.0,0
VGVhY2hlci0yODUyMzg3,Seth Hoisington,3.0,0
VGVhY2hlci0xMzk4Nzc0,Steve Holditch,3.0,0
VGVhY2hlci0yNDY4MTkw,Christopher Hollar,3.0,0
VGVhY2hlci0zMDgyMjQ4,Brittany  Holly,3.0,0
VGVhY2hlci0yNjk2NDE3,Dylan Holly,3.0,0
VGVhY2hlci0xNjI3NjEz,Travis Hooper,3.0,0
VGVhY2hlci0zMDU0MDYy,Veri HorKnee,3.0,0
VGVhY2hlci0yNzk1NTM4,Peggy Hosea,3.0,0
VGVhY2hlci0zMDA0OTc0,Kristen Howell,3.0,0
VGVhY2hlci0zMDk2NTkw,Michael Howell,3.0,0
VGVhY2hlci0zMDYxNzUz,Kenneth Hoyt,3.0,0
VGVhY2hlci0zMDc4OTkz,Dun-Ya Hu,3.0,0
VGVhY2hlci0xMzE0NDY1,Hao-Chung Hu,3.0,0
VGVhY2hlci0yODcxNDM4,Tongtong Hu,3.0,0
VGVhY2hlci0yNzcxMzc0,Xuehan Hu,3.0,0
VGVhY2hlci0yODg3NDMw,Jeff Huang,3.0,0
VGVhY2hlci0yMjA4ODc0,Ta-Cheng Huang,3.0,0
VGVhY2hlci0yNzA4NzA2,Lisa Hubacek,3.0,0
VGVhY2hlci0zMDczMzQ3,Jason  Huddleston ,3.0,0
VGVhY2hlci0yMTc2NzIy,Peter Hugely,3.0,0
VGVhY2hlci0yNzQwMDA1,Daniel Humphrey,3.0,0
VGVhY2hlci0yOTU2MzI0,Kenneth  Hurst ,3.0,0
VGVhY2hlci0zMDg3MzI0,Taewon  Hwang,3.0,0
VGVhY2hlci0zMTQ5NjU3,Wonmuk  Hwang,3.0,0
VGVhY2hlci0yNzg1NDky,Myung Hwangbo,3.0,0
VGVhY2hlci0zMDk4Mzcw,Lihi Idan,3.0,0
VGVhY2hlci0yMjQzNDQ1,Alfonso Iglesias,3.0,0
VGVhY2hlci0yNzczNzk5,Gillian Imrie,3.0,0
VGVhY2hlci0yODEwOTYz,Carl Ivey,3.0,0
VGVhY2hlci0yODU1NzYy,Ray Ivie,3.0,0
VGVhY2hlci0zMDU5OTUx,Shyamala Iyer,3.0,0
VGVhY2hlci0xODA2MzQy,George Jackson,3.0,0
VGVhY2hlci0zMTUxNzIy,Navid Jafari,3.0,0
VGVhY2hlci0zMDc0ODU4,Fatme Jardali,3.0,0
VGVhY2hlci0yNTQ3ODUx,Holly Jarvis,3.0,0
VGVhY2hlci0yMDI0NDU0,George Jessup,3.0,0
VGVhY2hlci0zMTUwNTIx,Jiwan Jiang,3.0,0
VGVhY2hlci0zMDg1NDY0,Congrui Jin,3.0,0
VGVhY2hlci0yODUzMDY2,Shilan Jin,3.0,0
VGVhY2hlci0yNzk5MDk1,Chung Jin-Sung,3.0,0
VGVhY2hlci0yNDcxNDE2,Young-Ki Jo,3.0,0
VGVhY2hlci0yNTAzNTY5,Austin Johnson,3.0,0
VGVhY2hlci0zMDMwMzk4,Dennis Johnson,3.0,0
VGVhY2hlci0yNjU0NjMz,Lauren Johnson,3.0,0
VGVhY2hlci0yMjY4NzQ0,Mark Johnson,3.0,0
VGVhY2hlci0zMTI0MDkz,Shane Johnson,3.0,0
VGVhY2hlci0yOTM3MzAy,Valen Johnson,3.0,0
VGVhY2hlci0yOTAwNzQ4,Sarah Johnson ,3.0,0
VGVhY2hlci0zMTUwMzk4,Jamey Johnston,3.0,0
VGVhY2hlci0zMDkzNDA0,Cory Jones,3.0,0
VGVhY2hlci0yMjg3NDMx,Daniel Jones,3.0,0
VGVhY2hlci0yNzQ3MDkz,Duane Jones,3.0,0
VGVhY2hlci0yODk2MzM5,Lindsey Jones,3.0,0
VGVhY2hlci0yNzg2MzM4,Yava Jones-Hall,3.0,0
VGVhY2hlci0yOTIyMDEw,Elizabeth Joseph Williams,3.0,0
VGVhY2hlci02NzY4NTU=,Sally Joyner,3.0,0
VGVhY2hlci0yMzU5NTI3,Lindsey Judge,3.0,0
VGVhY2hlci0yNzk0MzA3,Andrea Junqueira,3.0,0
VGVhY2hlci0zMDk1ODM1,Xia Junwei,3.0,0
VGVhY2hlci0zMDkzNjYy,Ryan Kabir,3.0,0
VGVhY2hlci0zMTUxNjI1,David Kahn,3.0,0
VGVhY2hlci0yMzI0NzM1,Heonyong Kang,3.0,0
VGVhY2hlci0yMjc3ODE1,HeonYong Kang,3.0,0
VGVhY2hlci0yMzAwMzU3,Sungeun Kang,3.0,0
VGVhY2hlci0yNDAyMDYx,Nazmul Karim,3.0,0
VGVhY2hlci0zMTQ0MTA2,Jonas Karthein,3.0,0
VGVhY2hlci0zMDc3MjU3,Antonis Kartpanis,3.0,0
VGVhY2hlci05NDcwNTA=,Bita Kash,3.0,0
VGVhY2hlci0yMDQ3NjEw,Elizabeth Kaster,3.0,0
VGVhY2hlci0zMTM4NDY3,Linda P.B. Katehi-Tseregounis,3.0,0
VGVhY2hlci0zMTM4NDY0,Linda Pisti Basile Katehi-Tseregounis,3.0,0
VGVhY2hlci0yNTg0MTI3,Helmut Katzgraber,3.0,0
VGVhY2hlci0zMTAwNTcx,Prabhhu Kaushikk,3.0,0
VGVhY2hlci0yNzk4NTI2,Manogna Kavuru,3.0,0
VGVhY2hlci0xNTAyMjQz,Marisa Kellam,3.0,0
VGVhY2hlci0yNzQzMDkw,David Keller,3.0,0
VGVhY2hlci0zMTU0OTk4,Lorena Keller,3.0,0
VGVhY2hlci0yNzM3MDQ0,Michael Kellet,3.0,0
VGVhY2hlci0yODkwNjE4,Devon Kelly,3.0,0
VGVhY2hlci0yODY4NTk0,Kevin Kelly,3.0,0
VGVhY2hlci0zMDk5NzU3,Curry Kennedy,3.0,0
VGVhY2hlci0yMzQwMTM5,David Kennedy,3.0,0
VGVhY2hlci0zMDI5NDE3,Deanna Kennedy,3.0,0
VGVhY2hlci0yNTAzMDQ1,Kenneth Kenneth Perez,3.0,0
VGVhY2hlci0yNjg0MjMx,Charles Keny,3.0,0
VGVhY2hlci0yODEyMDcy,Mia Khalifa,3.0,0
VGVhY2hlci0yNjkxODg5,Tarring Khan,3.0,0
VGVhY2hlci0zMDc4MDI1,Nguyen T Khanh,3.0,0
VGVhY2hlci0zMDc4MzI1,Nguyen Khanh ,3.0,0
VGVhY2hlci0yOTI0MzYx,Caleb Kicklighter,3.0,0
VGVhY2hlci0yODY0MDkz,Aaron Kidd,3.0,0
VGVhY2hlci0yMzU0NjEy,Hye Ra Kim,3.0,0
VGVhY2hlci0yNzg4MDI5,Soyeon Kim,3.0,0
VGVhY2hlci0zMTI3MjA1,Sunhee Kim,3.0,0
VGVhY2hlci0yNDQxNTUz,Young Kim,3.0,0
VGVhY2hlci0zMTAwMDQ5,Joni Kincaid,3.0,0
VGVhY2hlci0yODE0MTQ4,Maria King,3.0,0
VGVhY2hlci0zMDMyNDA5,Laszlo Kish,3.0,0
VGVhY2hlci0zMDA5OTYw,Kerim Kizil,3.0,0
VGVhY2hlci0zMTUyMzQz,Heather Klein,3.0,0
VGVhY2hlci0yOTM3MjE2,Koen Kleine,3.0,0
VGVhY2hlci0zMDUzMzIw,Alotta Knee,3.0,0
VGVhY2hlci0zMTMzMTYx,Nicholas Knight ,3.0,0
VGVhY2hlci0zMDc3MDU1,Matthias  Koch,3.0,0
VGVhY2hlci0yMzY5NzYy,Michael Koch,3.0,0
VGVhY2hlci0yMTMwNTkz,Roman Kogan,3.0,0
VGVhY2hlci0yNjExMDUx,Hisashi Koiwa,3.0,0
VGVhY2hlci0zMTIwODgx,Pavan Kolluru,3.0,0
VGVhY2hlci0zMDUwMTIw,Fanhao Kong,3.0,0
VGVhY2hlci0zMDg1NjE5,Milad Koohi Koohi,3.0,0
VGVhY2hlci0zMTI4NDc0,Srujan Kotikela,3.0,0
VGVhY2hlci0yMDc1NTYx,Katie Kraft,3.0,0
VGVhY2hlci0yNjA0NzY4,Urs Kreuter,3.0,0
VGVhY2hlci0yOTM4NzM3,Grace  Krinhop,3.0,0
VGVhY2hlci0yOTgyNDIx,Danielle Krueger,3.0,0
VGVhY2hlci0xMDgyMzE3,Konstantin Krutovsky,3.0,0
VGVhY2hlci0xMzc0NzM4,Douglas Kuberski,3.0,0
VGVhY2hlci0zMTUzODk3,Deborah Kuhn,3.0,0
VGVhY2hlci0yMzQ1NjE1,Saptaparni Kumar,3.0,0
VGVhY2hlci0zMTEwODMy,Connie La,3.0,0
VGVhY2hlci0yODEyMjM4,Tarik LaCour,3.0,0
VGVhY2hlci0yOTQyMDM5,Alexandra Lagrand,3.0,0
VGVhY2hlci0yODE0MDQz,Pak-him Lai,3.0,0
VGVhY2hlci0yMTIwNTk4,Thomas Lalk,3.0,0
VGVhY2hlci0yOTMzNjIx,Mark Lam,3.0,0
VGVhY2hlci0zMTAwOTQ5,Matina  Lamprinakou,3.0,0
VGVhY2hlci0zMDcwNTA1,Stamatina Lamprinakou,3.0,0
VGVhY2hlci0zMDkxNDE0,Gholamreza Langari,3.0,0
VGVhY2hlci0zMDc2NTQ5,Reza Langari,3.0,0
VGVhY2hlci0zMDg0NzU4,Reza Langari,3.0,0
VGVhY2hlci0zMDg2MDE0,Marcelo Laprea-Bigott Laprea,3.0,0
VGVhY2hlci0zMDg2MDE1,Marcelo Laprea-Bigott,3.0,0
VGVhY2hlci0zMDk0OTk2,Jospeh Lariscy,3.0,0
VGVhY2hlci0yOTE1NjIx,Tyler  Laughlin,3.0,0
VGVhY2hlci0yMzMwMTcz,Barry Lawrence,3.0,0
VGVhY2hlci0yMTU0Njc2,Ashley Leach,3.0,0
VGVhY2hlci0yNTkzNjQw,Jessica Leatherwood,3.0,0
VGVhY2hlci0yODk3ODA2,Dahye Lee,3.0,0
VGVhY2hlci0yMzQyODkw,Jessica Lee,3.0,0
VGVhY2hlci0yNTcyNDIw,Keehyun Lee,3.0,0
VGVhY2hlci0zMDc0Nzc0,Kyunghwan Lee,3.0,0
VGVhY2hlci0yOTcwODA1,Mi-Ok Lee,3.0,0
VGVhY2hlci0zMTU0MzU5,Sumi Lee,3.0,0
VGVhY2hlci0zMTMxODQ1,Suni Lee,3.0,0
VGVhY2hlci0zMTExMTIw,Dong Joon  LEE,3.0,0
VGVhY2hlci0yODYyNjE4,Kristen LeForte,3.0,0
VGVhY2hlci01MTY3ODM=,Justin Leidwanger,3.0,0
VGVhY2hlci0yNzA5MDEx,Analicia Leiva,3.0,0
VGVhY2hlci0yMTQ3MTIy,Gisele Lemos,3.0,0
VGVhY2hlci0yNTA4MTE0,Victor Leon,3.0,0
VGVhY2hlci0zMDEzOTU1,Matthew J Leonard,3.0,0
VGVhY2hlci0zMTAyMDAz,Matthew Leslie,3.0,0
VGVhY2hlci0yODI3ODQ0,Maximilian Leutermann,3.0,0
VGVhY2hlci0zMTEwMDQ2,Angda Li,3.0,0
VGVhY2hlci0yODk2NzIz,Bo  Li,3.0,0
VGVhY2hlci0zMTMxMDg1,Hanwen Li,3.0,0
VGVhY2hlci0yODk3OTQ2,Sabrina (Fei) Li,3.0,0
VGVhY2hlci0yMzYzMTM4,Xin Li,3.0,0
VGVhY2hlci0yNjk4NTQ1,Yi Li,3.0,0
VGVhY2hlci0yNTM4NDk3,Yutong Li,3.0,0
VGVhY2hlci0yNTYzNzY1,Hong Liang,3.0,0
VGVhY2hlci0yNzc0MzUy,Weifang Liang,3.0,0
VGVhY2hlci0yNzgzODY1,Suzanne Lidstrom,3.0,0
VGVhY2hlci0yMTE3NDQw,Jeffrey Liew,3.0,0
VGVhY2hlci0yODY4NTA5,Robert Lightfoot,3.0,0
VGVhY2hlci0zMTAzOTA1,Idan Lihi,3.0,0
VGVhY2hlci0zMDI2NjIz,Yi-Sheng Lim,3.0,0
VGVhY2hlci0yODE4NTkz,Christopher Limbach,3.0,0
VGVhY2hlci0zMDU1NTA1,Cosmi Lin,3.0,0
VGVhY2hlci0yNDAyMTk5,Yvonna Lincoln,3.0,0
VGVhY2hlci0yODkzNDI1,jason lindo,3.0,0
VGVhY2hlci0yODkzNDI2,Jason Lindo,3.0,0
VGVhY2hlci0xMTUyODUx,Thierry Lints,3.0,0
VGVhY2hlci0zMTAzNzkx,Idan Lithium,3.0,0
VGVhY2hlci0yNjQ3MTMz,Mingyu Liu,3.0,0
VGVhY2hlci0zMDUzNzcy,Summer Liu,3.0,0
VGVhY2hlci0yMjQ4NTg4,Wench Liu,3.0,0
VGVhY2hlci0zMDg0MDk5,Stuart Lloyd,3.0,0
VGVhY2hlci05NDczODQ=,Lori Taylor Loden,3.0,0
VGVhY2hlci0yMzcyNTkx,Alexandra Lodge,3.0,0
VGVhY2hlci0yODI1MzI4,Charles Long,3.0,0
VGVhY2hlci0zMDg3Mjgw,Jose Lopez,3.0,0
VGVhY2hlci0yODU5MjI5,Emiliano Lopez-Barerra,3.0,0
VGVhY2hlci0yNjkxNzYz,Jonathan Louie,3.0,0
VGVhY2hlci0zMDg0OTAx,Jessica  Lowe,3.0,0
VGVhY2hlci01NTEwMDI=,Susan Lowey,3.0,0
VGVhY2hlci0yNzYyNTY5,Yi Lu,3.0,0
VGVhY2hlci0yNzY2NjEx,Henriette Lundgren,3.0,0
VGVhY2hlci0yOTUyODM4,Blanca Lupiani,3.0,0
VGVhY2hlci0xMTI1NDYz,Joanne Lupton,3.0,0
VGVhY2hlci0yOTczODMx,Brent Lyon,3.0,0
VGVhY2hlci0yNTE2NzM0,Jing Ma,3.0,0
VGVhY2hlci0yNjAwODI1,Samuel Ma,3.0,0
VGVhY2hlci03MjI4Mzg=,Stephen MacDaniel,3.0,0
VGVhY2hlci0yODUzNzYx,Jay Maddock,3.0,0
VGVhY2hlci0zMTQyMjIw,Simon  Mahler,3.0,0
VGVhY2hlci0zMDg5MTEw,Katherine Maich,3.0,0
VGVhY2hlci0yNDI5MDA3,Rakesh Mallipeddi,3.0,0
VGVhY2hlci0yOTUxOTc1,Mark Mallory,3.0,0
VGVhY2hlci0xMzk4ODA1,Daulet Mamora,3.0,0
VGVhY2hlci0yMjcxODgz,Vikram Manjunath,3.0,0
VGVhY2hlci0zMDU2ODkw,JAMES MANN,3.0,0
VGVhY2hlci0yOTE4NTk5,Shivani  Mansharamami,3.0,0
VGVhY2hlci0xMjkzOTcz,I Manzano,3.0,0
VGVhY2hlci0xODYyNjEy,Miner Marchbanks,3.0,0
VGVhY2hlci0xODkzODQz,TJ Marcum,3.0,0
VGVhY2hlci0xNDY0Mzcy,Vicki Markowsky,3.0,0
VGVhY2hlci0yOTU5MjQ1,David  Marlett,3.0,0
VGVhY2hlci0zMTI4NDg0,Tiago Marques,3.0,0
VGVhY2hlci0yNzY4MzEw,Sonia Marrero,3.0,0
VGVhY2hlci0zMDQ0MzYw,Lincon Mazumder,3.0,0
VGVhY2hlci0yMjgzMTU4,Bruce McCarl,3.0,0
VGVhY2hlci0yMjEwNjAz,Sean McCarthy,3.0,0
VGVhY2hlci0yNTA4NzEw,Travis McCartney,3.0,0
VGVhY2hlci0zMDcyMTg1,Andrew McCarty,3.0,0
VGVhY2hlci0zMDIzNDQ1,Aarika  McCloskey,3.0,0
VGVhY2hlci0yNzUyNjI0,Anita McCormick,3.0,0
VGVhY2hlci0xOTMzOTgx,Louis Mcdaniels,3.0,0
VGVhY2hlci0zMTM2MjAx,Kevin Mcdonald,3.0,0
VGVhY2hlci0yMzc3Mzg4,Audrey McElroy,3.0,0
VGVhY2hlci0yMDA5NzEw,Anne McGowen,3.0,0
VGVhY2hlci0zMTEzNjMy,Shelby McGrew,3.0,0
VGVhY2hlci0yNzEyMjg0,Nicole McIntosh,3.0,0
VGVhY2hlci0yNzk5NjM1,Garrett McKay,3.0,0
VGVhY2hlci0zMTQ2NzMw,Sean Mckinnon,3.0,0
VGVhY2hlci02NjU0OTk=,Tracy McLawhorn,3.0,0
VGVhY2hlci0xNjc1MjM3,Gary McLean,3.0,0
VGVhY2hlci0yOTQ5NTY1,Heather McMahan,3.0,0
VGVhY2hlci0yNzk0MjA3,Andrew McNeely,3.0,0
VGVhY2hlci0yNzk0MjAx,Andrew McNeely,3.0,0
VGVhY2hlci0yOTIwMDQy,Mike McShane,3.0,0
VGVhY2hlci0yODU3OTMw,Denise Meda-Lambru,3.0,0
VGVhY2hlci0xNjU5MDAx,Kenith Meissner,3.0,0
VGVhY2hlci0yMjQ2NjU0,Samantha Meister,3.0,0
VGVhY2hlci0yODI0NjA1,Lorena Mejia,3.0,0
VGVhY2hlci0zMDMxMTIz,Itza Mendoza,3.0,0
VGVhY2hlci04NjM1NjY=,Michael Messina,3.0,0
VGVhY2hlci0yOTMxODE2,Greg Mezera,3.0,0
VGVhY2hlci0yOTM2ODY5,General Michaelis,3.0,0
VGVhY2hlci0zMDg2OTcz,Allegra  Midgette,3.0,0
VGVhY2hlci0xNzQ2NTY2,Francisca Miller,3.0,0
VGVhY2hlci0xMzcyOTM2,Tyler Miller,3.0,0
VGVhY2hlci0yOTcxNzY0, Jungkyung Min,3.0,0
VGVhY2hlci0yODczNTky,Jungkyung Min,3.0,0
VGVhY2hlci0yNDQwNzU0,Nader Mirabolfathi,3.0,0
VGVhY2hlci0zMDkzMjcw,Pujarinee Mitra,3.0,0
VGVhY2hlci0yNjMwNjUy,Jason Moats,3.0,0
VGVhY2hlci0yODI3OTEx,Amin Mohajeri,3.0,0
VGVhY2hlci0yMTE2ODk5,Muneer Mohammad,3.0,0
VGVhY2hlci0zMDA2MjAw,Alam Mohammad ,3.0,0
VGVhY2hlci0xMzIxNjA1,Robert Mohan,3.0,0
VGVhY2hlci0yODM1OTE1,Rabi Mohtar,3.0,0
VGVhY2hlci0zMTUwMDUw,Larry Monocello,3.0,0
VGVhY2hlci0zMDE0MDUz,Kevin Moore,3.0,0
VGVhY2hlci0xNzgwOTg0,Peter Moore,3.0,0
VGVhY2hlci0zMTU1MjYw,Rachel Moran,3.0,0
VGVhY2hlci0yNjY0MzMw,Delia Moreno,3.0,0
VGVhY2hlci0xNzczNzU3,Daniel Morgan,3.0,0
VGVhY2hlci0zMDM5NDgy,Timothy Morgan,3.0,0
VGVhY2hlci0yNjEzMDM2,Bradford Morith,3.0,0
VGVhY2hlci0yMzgxMDM4,Taylor Morris,3.0,0
VGVhY2hlci0zMDgyNTc5,Matthew Moulton,3.0,0
VGVhY2hlci0yNzQ4NTEz,Ren Mu,3.0,0
VGVhY2hlci0yNzU1Njcz,Rajiv Mukherjee,3.0,0
VGVhY2hlci0xMzk4ODA3,George Mullins,3.0,0
VGVhY2hlci0xMzk4Nzgx,Oliver Mullins,3.0,0
VGVhY2hlci0yMjk3MzYw,David Mundson,3.0,0
VGVhY2hlci0yODE0NTYy,Tom Munns,3.0,0
VGVhY2hlci0yOTQ1NzQz,San Munoz,3.0,0
VGVhY2hlci0yOTgxNDE5,Manuela Muñoz,3.0,0
VGVhY2hlci0yNDExNDg3,Edward Murguia,3.0,0
VGVhY2hlci0xOTE1MzM4,Christine Murray,3.0,0
VGVhY2hlci0yMzg0OTgw,Crystal Murray,3.0,0
VGVhY2hlci0xNTU2Mzcy,Ian Murray,3.0,0
VGVhY2hlci0xNzMzMzQ5,Andrew Naber,3.0,0
VGVhY2hlci0yOTQ3NTk5,Farheen Naqvi,3.0,0
VGVhY2hlci0zMDUyOTYx,Farheen Naqvi,3.0,0
VGVhY2hlci05MTk5MjM=,S. Nasiri,3.0,0
VGVhY2hlci0yODc4ODQx,Malini Natarajarathinam,3.0,0
VGVhY2hlci0yOTcwMDc3,Mthokozisi Ndhlovu,3.0,0
VGVhY2hlci0yNjM5Mzkw,Pamela Neukirch,3.0,0
VGVhY2hlci0yNjg3Mjk3,Michael Neuman,3.0,0
VGVhY2hlci0zMDk0NTAz,Evan  Newell,3.0,0
VGVhY2hlci0yNjk3Njkz,Lorena Newsome,3.0,0
VGVhY2hlci0yNjk1NTE0,Karah Newton,3.0,0
VGVhY2hlci0zMDc3Nzk2,Khanh Nguyen,3.0,0
VGVhY2hlci0zMDg0NDYx,Khanh Nguyen,3.0,0
VGVhY2hlci0zMDc4MzI0,Nguyen Nguyen,3.0,0
VGVhY2hlci0yMTQyMDY5,John Nichols,3.0,0
VGVhY2hlci0zMTMxMzI1,Michael Nielsen,3.0,0
VGVhY2hlci0xODAyNTc3,Zivko Nikolov,3.0,0
VGVhY2hlci0yMjIwODU1,Ali Nikparto,3.0,0
VGVhY2hlci0yNjM5MDY2,Calvin Nite,3.0,0
VGVhY2hlci0yMDI3MzE0,Joseph Noles,3.0,0
VGVhY2hlci0yOTk5Njg0,Frank North,3.0,0
VGVhY2hlci0zMTI2NjY2,Wisdom  Nudze,3.0,0
VGVhY2hlci0yNjQ0MTEw,Judy Nunez,3.0,0
VGVhY2hlci0zMDk1NTg2,Kelly  Núñez Ocasio,3.0,0
VGVhY2hlci0yOTk1OTI4,Faith Odele,3.0,0
VGVhY2hlci0yMjE3MzE5,Rogelio Oliva,3.0,0
VGVhY2hlci0zMTEyMTkz,Michael Oliver,3.0,0
VGVhY2hlci0yNjg0ODM4,James Olson,3.0,0
VGVhY2hlci0yODYwMDgw,Shane Olson,3.0,0
VGVhY2hlci0yNTE0ODQ5,Olufunto Olusanya,3.0,0
VGVhY2hlci0zMDY5OTY4,Madeline Ong,3.0,0
VGVhY2hlci0xMzk3NDE2,Luke Owen,3.0,0
VGVhY2hlci0yNjk2MTMy,Julia Owens,3.0,0
VGVhY2hlci0zMDQ1MTM1,Emmaculate Owiro,3.0,0
VGVhY2hlci0yNjMzNjY4,William Pace,3.0,0
VGVhY2hlci0yNzM4MDA2,Jane Packard,3.0,0
VGVhY2hlci0yMDg5Njgz,Yolanda Padron,3.0,0
VGVhY2hlci0zMTI2NTI1,Morgan Paladino,3.0,0
VGVhY2hlci0yNzIyMzY2,Tyler Palang,3.0,0
VGVhY2hlci0zMDAzNTg4,Alan Palazzolo,3.0,0
VGVhY2hlci0yMjQwNTQ4,Erica Palmer,3.0,0
VGVhY2hlci0zMDEzOTU3,Gaurav Pandey,3.0,0
VGVhY2hlci0yODY3OTAw,Marcelo Paredes,3.0,0
VGVhY2hlci0yNjk2NjI4,Kimberly Parish,3.0,0
VGVhY2hlci0zMDc1NzA1,Jangho Park,3.0,0
VGVhY2hlci0yNjEyODAw,Dawn Parker,3.0,0
VGVhY2hlci0xMjQ3NDE4,Stephen Parker,3.0,0
VGVhY2hlci0yNjQ1OTE0,Joseph Pasciak,3.0,0
VGVhY2hlci0yNjk5NDU1,Taylor Paskett,3.0,0
VGVhY2hlci0yNDI5NjAz,Vidya Patil,3.0,0
VGVhY2hlci0zMDcxNDA2,Samuel Payne,3.0,0
VGVhY2hlci0xNzIzMTE4,Carl Pearcy,3.0,0
VGVhY2hlci0yOTIzMDE4,Rachelle Pedersen,3.0,0
VGVhY2hlci0yODYyOTMy,Mary Pedigo,3.0,0
VGVhY2hlci0yMzk2MTIy,Joanna Pedro,3.0,0
VGVhY2hlci0yOTA4OTUw,Hatice Pehlivan,3.0,0
VGVhY2hlci0zMDk2MDI3,Jingxi  Peng,3.0,0
VGVhY2hlci0xNjE3MDA4,Marisol Perez,3.0,0
VGVhY2hlci0yNDM0ODgz,Lisa Perrott,3.0,0
VGVhY2hlci0yMzY2NDU5,Jonathan Perry,3.0,0
VGVhY2hlci0xNDY5NDU3,David Peterson,3.0,0
VGVhY2hlci0yNjIzMTgy,John Peterson,3.0,0
VGVhY2hlci0yOTU2MzI5,Blake Petty,3.0,0
VGVhY2hlci0yNzc0MDU1,Christine Phillips,3.0,0
VGVhY2hlci0yNzk4NDkz,Tim Phillips,3.0,0
VGVhY2hlci0zMDQzMzc4,Zachary Pierce,3.0,0
VGVhY2hlci0yNzQ4NTk3,Patricia Pietrantonio,3.0,0
VGVhY2hlci0zMDQ3NzI3,Ariana Pikus,3.0,0
VGVhY2hlci0zMTMwMDYw,Jared Pocock,3.0,0
VGVhY2hlci0yNzc0NTcw,Lindsay Poe,3.0,0
VGVhY2hlci0zMTM3NjUw,Punam Pokam,3.0,0
VGVhY2hlci0yMDA1NzYw,Michael Poltash,3.0,0
VGVhY2hlci0yMzA1MTE3,Christopher Pope,3.0,0
VGVhY2hlci0zMDkxMjgy,Michael Portal,3.0,0
VGVhY2hlci0yOTgxNzA1,Lynn Porter,3.0,0
VGVhY2hlci0zMTI2Njg1,Alexsndra Powell,3.0,0
VGVhY2hlci04MDg1Mjc=,Larson Powell,3.0,0
VGVhY2hlci0zMDgxMTE0,Kaushik Prabhu,3.0,0
VGVhY2hlci0zMDgxMzA0,"Kaushik Prabhu,",3.0,0
VGVhY2hlci0zMTAwNTc2,Kaushikkk Prabhuuu,3.0,0
VGVhY2hlci0yNTM4MDcz,Melanie Prengler,3.0,0
VGVhY2hlci0yMTM5ODUw,Constance Previti,3.0,0
VGVhY2hlci0zMTA3NDMy,Michael  Price,3.0,0
VGVhY2hlci0zMTM5MDIz,Paul Price,3.0,0
VGVhY2hlci0zMTM5MzU2,Paul Price,3.0,0
VGVhY2hlci0yMjQ2ODM4,Jack Prudmorre,3.0,0
VGVhY2hlci0yOTU5MjQ2,John Prunte,3.0,0
VGVhY2hlci0yNTc0NTg4,Cherrie Pullium,3.0,0
VGVhY2hlci0zMDAxMDQw,Ammons Quackenbush,3.0,0
VGVhY2hlci0yNDA5OTE4,Cynthia Quin,3.0,0
VGVhY2hlci0yODYyMjE1,Mani Rad,3.0,0
VGVhY2hlci0zMTIxNzIw,Andrew  Rademacher,3.0,0
VGVhY2hlci0zMTEyNjE3,Vidya Rajasingam,3.0,0
VGVhY2hlci0yOTY0MDE2,Suzanna Ramos,3.0,0
VGVhY2hlci0yNzUwMjk3,Lindsey Randolph,3.0,0
VGVhY2hlci0yNjY1ODMw,Arunpriya Rangaswamy,3.0,0
VGVhY2hlci0yNjMzNTEx,Micheal Rangel,3.0,0
VGVhY2hlci0zMDg4Mjkw,Anita Rapp,3.0,0
VGVhY2hlci0yNjQ1NDgy,Bryan Rasmusssen,3.0,0
VGVhY2hlci0zMDM2OTMz,Isaac Ray,3.0,0
VGVhY2hlci0yNjk2OTk1,Curran Reddy,3.0,0
VGVhY2hlci0yNjg4ODg3,Helen Reed,3.0,0
VGVhY2hlci0yOTc4NzA0,Katherine Reed,3.0,0
VGVhY2hlci0yNjEyMTc4,Annette Regan,3.0,0
VGVhY2hlci0zMTQzMjY2,Michael Reilly,3.0,0
VGVhY2hlci0yNzgzODQ0,Jesus Relion,3.0,0
VGVhY2hlci0yMDQ1ODA=,Kimberly Retert,3.0,0
VGVhY2hlci0zMDYyNjgx,Dezerae  Reyes ,3.0,0
VGVhY2hlci02ODIxMDQ=,Cynthia Riccio,3.0,0
VGVhY2hlci0zMDkzNjU5,Erich Riesen,3.0,0
VGVhY2hlci0yNjM1Mjky,Allan Riggs,3.0,0
VGVhY2hlci0yOTM2OTI0,David Riley,3.0,0
VGVhY2hlci0zMTUxMTQ2,Ray Riley,3.0,0
VGVhY2hlci0yODUwNTc4,Julio Rincones-Gamboa,3.0,0
VGVhY2hlci0zMTMwNjAx,Hector Rivera,3.0,0
VGVhY2hlci0yODU3OTA3,Omar Rivera,3.0,0
VGVhY2hlci0yNTA1NzU4,Lacey Roberts,3.0,0
VGVhY2hlci0zMTMzNDUx,Hannah Rochford,3.0,0
VGVhY2hlci0yNzMyNDMx,Jack Rodden,3.0,0
VGVhY2hlci0yODE2MTk0,Carlos Rodriguez,3.0,0
VGVhY2hlci0zMTU1NDIz,Juan Rodriguez,3.0,0
VGVhY2hlci0yNjI2OTM4,Mariana Rodriguez,3.0,0
VGVhY2hlci0yNjQzODM1,William Rogers,3.0,0
VGVhY2hlci0zMTM2NTQx,Edgar Rojas-Munoz,3.0,0
VGVhY2hlci0yOTg3MDM0,Niel Rosenfeld,3.0,0
VGVhY2hlci0yNzY2NjEy,Elizabeth Roumell,3.0,0
VGVhY2hlci0yNzk4MTMx,Lauren Rouse Jenkins,3.0,0
VGVhY2hlci0yMjU2NDA4,Veronica Ruiz Xomchuk,3.0,0
VGVhY2hlci0xNjIyMjQ0,Korben Rusek,3.0,0
VGVhY2hlci0xMzk4Nzg1,Jay Rushing,3.0,0
VGVhY2hlci0yNDMzMjUy,Pusheeshan Sa,3.0,0
VGVhY2hlci0yODIwNzU3,Tyler Sabey,3.0,0
VGVhY2hlci0yNzc2OTQ3,Michael Sachs,3.0,0
VGVhY2hlci0yNzk3NDU2,Cinthya Salazar,3.0,0
VGVhY2hlci0zMTUzNTk3,Hadi Salman,3.0,0
VGVhY2hlci0yNjc3NzIy,Elfreda Samman,3.0,0
VGVhY2hlci0yMzI0OTIx,Paul Samollow,3.0,0
VGVhY2hlci0yNTk5MzY4,Dylan Santos,3.0,0
VGVhY2hlci0yOTEwOTEy,Pratima  Saravanan,3.0,0
VGVhY2hlci0yODYxMjE3,Pratima Saravanan,3.0,0
VGVhY2hlci0xOTI4Nzky,Miles Sasser,3.0,0
VGVhY2hlci0xNTI5ODIw,David Schecter,3.0,0
VGVhY2hlci0yOTg4MzAx,Kimberly Scherer,3.0,0
VGVhY2hlci0xODg2MDY5,Robert Schiffhauer,3.0,0
VGVhY2hlci0yNjcyMTk3,Cason Schmit,3.0,0
VGVhY2hlci0zMDgxODgx,Michael Schuller,3.0,0
VGVhY2hlci0yMzgzODg3,Thomas Seale,3.0,0
VGVhY2hlci0yOTAwOTAz,Ian  Seavey,3.0,0
VGVhY2hlci0xNzk3NDE4,Leslie Seawright,3.0,0
VGVhY2hlci0yNzYzMjM5,Shitiz Sehgal,3.0,0
VGVhY2hlci0zMDc0OTgw,Kerri Seichter,3.0,0
VGVhY2hlci0xNDY1MDMy,Ravi Sent,3.0,0
VGVhY2hlci0zMDQ4OTM0,Hyo Won Seo,3.0,0
VGVhY2hlci0yOTM4MDgy,Morohunfolu  Seton,3.0,0
VGVhY2hlci0yODU5ODQ0,Libo Shan,3.0,0
VGVhY2hlci0yNjY4NTgz,Venkatesh Shankar,3.0,0
VGVhY2hlci0yODE0NjIw,Virender Sharma,3.0,0
VGVhY2hlci0yNjIxMzc5,Guni Sharon,3.0,0
VGVhY2hlci0zMDg2Njky,Surupa Shaw,3.0,0
VGVhY2hlci0yMTI1Mzcy,Sing She,3.0,0
VGVhY2hlci0xODI0NzEy,Andrew Shelnutt,3.0,0
VGVhY2hlci0zMDk0NTcy,Anitha Shenoy,3.0,0
VGVhY2hlci0xOTI3NTg3,Samantha Shields,3.0,0
VGVhY2hlci0yNzY2NzAy,Christy Shimbera,3.0,0
VGVhY2hlci0zMDk2ODc5,Jiho Shin,3.0,0
VGVhY2hlci0yNzkzODUx,Dallas Shipp,3.0,0
VGVhY2hlci0yOTgxNzg5,Keshawa  Shukla,3.0,0
VGVhY2hlci0zMDYyMjUy,Farhan Siddiqui,3.0,0
VGVhY2hlci0yODE4NTUx,Jonathan Siegel,3.0,0
VGVhY2hlci0yMTc2MjY5,Ronald Sievert,3.0,0
VGVhY2hlci0yOTk1OTIy,Anna Simank,3.0,0
VGVhY2hlci0xNTU5ODY3,Raquel Sitcheran,3.0,0
VGVhY2hlci0zMTU1MDM3,Scott Skrla,3.0,0
VGVhY2hlci0yNTQwNDk1,Fred Smeins,3.0,0
VGVhY2hlci0zMTU0ODE0,dana smith,3.0,0
VGVhY2hlci0yOTU2Mjkw,Capt. Brian Smith,3.0,0
VGVhY2hlci0xOTU2MTQy,Christina Smith,3.0,0
VGVhY2hlci0yOTU2Mjg4,Lt. Brian Smith,3.0,0
VGVhY2hlci0yNzA1NTU2,Peyton Smith,3.0,0
VGVhY2hlci0zMDQwMDg3,Wayne Smith,3.0,0
VGVhY2hlci0xNTM5MDg3,William Smith,3.0,0
VGVhY2hlci0zMDM0MTUw,alexei sokolov,3.0,0
VGVhY2hlci0yOTA2NzE0,Joe Sorg,3.0,0
VGVhY2hlci0xNjU4Mzg4,Elizabeth Soriaga,3.0,0
VGVhY2hlci0yMzUzMTUx,Andrew Soto,3.0,0
VGVhY2hlci0zMDkzOTQz,Allyson Spears,3.0,0
VGVhY2hlci0yNDA5NjU0,Hari Sridhar,3.0,0
VGVhY2hlci0zMDc4NDky,Raghaven Srinivasan,3.0,0
VGVhY2hlci0yNjg3NjA5,David Staack,3.0,0
VGVhY2hlci0zMDk1NTk2,Rob Stagg,3.0,0
VGVhY2hlci0zMDkyMTA2,Robert Stagg,3.0,0
VGVhY2hlci0xNDQxMTY0,Christoff Steppich,3.0,0
VGVhY2hlci0yNjY2ODc2,Amanda Steven,3.0,0
VGVhY2hlci0yOTk2Njg4,Jeffery Allen Stevens  Stevens,3.0,0
VGVhY2hlci0yOTg1OTQx,Melvin Stevens,3.0,0
VGVhY2hlci0xNzE4MjE4,Thomas Stidham,3.0,0
VGVhY2hlci0zMDgzOTc0,michael stott,3.0,0
VGVhY2hlci0zMDI1NzU0,Michael Stott,3.0,0
VGVhY2hlci0zMTQ4NzYy,Patricia Stout,3.0,0
VGVhY2hlci0yNDYyMTI4,Charles Stowe,3.0,0
VGVhY2hlci0zMDk3MDM2,Marie Strader,3.0,0
VGVhY2hlci0yNzg4NDY4,Kaijia Sun,3.0,0
VGVhY2hlci0xNzI5MTc1,Natarajan Swakumar,3.0,0
VGVhY2hlci0yMzkzMzMx,Elina Tachkova,3.0,0
VGVhY2hlci0zMDkwOTQ3,Reza Tafreshi,3.0,0
VGVhY2hlci0zMDAyNTYw,Babak Taheri,3.0,0
VGVhY2hlci0yMzY0MDUw,Hedieh Tajali,3.0,0
VGVhY2hlci0xNTAzNTA2,Elizabeth Talafuse,3.0,0
VGVhY2hlci0yNjkzNDc4,Steve Talcott,3.0,0
VGVhY2hlci0zMDM2OTU2,Susanne Talcott,3.0,0
VGVhY2hlci0zMDM2OTU0,Sussane Talcott,3.0,0
VGVhY2hlci0zMDc1OTgx,Catherine (Rongxiang) Tang,3.0,0
VGVhY2hlci0zMDc3NDM2,Rongxiang Tang,3.0,0
VGVhY2hlci0xODA5ODgw,Louis Tassinary,3.0,0
VGVhY2hlci0yNzQ4NTE1,Aileen Teague,3.0,0
VGVhY2hlci0xNjMyNTI2,Elizabeth Tebeaux,3.0,0
VGVhY2hlci0yODc3Nzg0,Yashodhara thakur,3.0,0
VGVhY2hlci0yNjQ2OTk2,Ryan Theis,3.0,0
VGVhY2hlci0zMTM5NzE2,Supreme Thinker,3.0,0
VGVhY2hlci0zMTQxMjMw,"Punjab This is a long review, but Phi",3.0,0
VGVhY2hlci00Njg3NTY=,Christopher Thomas,3.0,0
VGVhY2hlci0zMTMwNjA2,Daniel Thomas,3.0,0
VGVhY2hlci0zMDg2ODgz,Mary Thompson,3.0,0
VGVhY2hlci0yMDIzNTk5,Sean  Thompson,3.0,0
VGVhY2hlci0yNTg5MTI5,Kristin Thyng,3.0,0
VGVhY2hlci0yNDg2MTkw,Nathan Tichenor,3.0,0
VGVhY2hlci0yODA1Mjkz,Scott Tingey,3.0,0
VGVhY2hlci0yNzk4MzMx,Amanda Tinkle,3.0,0
VGVhY2hlci0zMTQ5NjY0,Davide Tomio,3.0,0
VGVhY2hlci0zMDc1MzIw,Fuhui Tong,3.0,0
VGVhY2hlci0xMTE5MTk1,Jacob Tootalian,3.0,0
VGVhY2hlci0yNTY1OTQx,Kim Topp,3.0,0
VGVhY2hlci0xOTY0NzQw,Tim Torno,3.0,0
VGVhY2hlci0zMDA5ODg4,Juan Torres,3.0,0
VGVhY2hlci0yNTgxODU0,Mayra Torres,3.0,0
VGVhY2hlci0yMjMyMjcy,Han Ul Yoon,3.0,0
VGVhY2hlci0xNDY4MzY2,Melike Unal,3.0,0
VGVhY2hlci00MzQ1OTk=,Halit Uster,3.0,0
VGVhY2hlci0yMDI1NzA1,Dennis Utely,3.0,0
VGVhY2hlci0xNTI0MTM4,Reynaldo Valdez,3.0,0
VGVhY2hlci0xNTQ3NjU3,Zulema Valdez,3.0,0
VGVhY2hlci0yNjM5NjM3,Ramiro Valdovinos,3.0,0
VGVhY2hlci0yODkwMzg1,Amin  Vanani,3.0,0
VGVhY2hlci0yOTY0OTQ1,Heidi Vanden Brink,3.0,0
VGVhY2hlci0zMTQ5OTI5,Adrian Van Kan,3.0,0
VGVhY2hlci0zMTU1NDcw,Bret Van Poppel,3.0,0
VGVhY2hlci0zMDIwNTMw,Poondi Varadarajan,3.0,0
VGVhY2hlci0zMDE1MDQz,Jorge Vargas,3.0,0
VGVhY2hlci0zMTE2Nzgw,Aldo Jonathan Vazquez,3.0,0
VGVhY2hlci0zMTEwMDMx,George  Villanueva,3.0,0
VGVhY2hlci0yMzY4OTUw,Francoise Vionnet-Bracher,3.0,0
VGVhY2hlci0yNTY1MjEw,George Voneiff,3.0,0
VGVhY2hlci0xNTA5Mjc3,Ryan Wadle,3.0,0
VGVhY2hlci0yMzQwOTk4,Jeffrey Wahl,3.0,0
VGVhY2hlci0yODg5NDc0,Dara Wald,3.0,0
VGVhY2hlci0yOTEzNDA4,todd walker,3.0,0
VGVhY2hlci0yMjUyOTA2,Justin Walker,3.0,0
VGVhY2hlci0zMTI4MDAw,Kimberley Walker,3.0,0
VGVhY2hlci0yNTQyMzUz,Kenneth Wallen,3.0,0
VGVhY2hlci0yOTQ0MDA5,Michael Walsh,3.0,0
VGVhY2hlci0yMzY1MTAy,Gladys Walter,3.0,0
VGVhY2hlci0yODc5NTU5,Filza Walters,3.0,0
VGVhY2hlci0yNjc4OTQ0,Jiayi Wang,3.0,0
VGVhY2hlci0zMTUzMDY0,Jinbo Wang,3.0,0
VGVhY2hlci0yMzA1Mjgz,Ke Wang,3.0,0
VGVhY2hlci0yMTk3OTM4,Lefan Wang,3.0,0
VGVhY2hlci0yNzgzODQy,Tiandong Wang,3.0,0
VGVhY2hlci0yMzI2MDQy,Wenyi Wang,3.0,0
VGVhY2hlci0yNjk3NTIx,Xiaomei Wang,3.0,0
VGVhY2hlci0yNjYxNjQz,Xingguo Wang,3.0,0
VGVhY2hlci0yNTY5ODI1,Gina Warren,3.0,0
VGVhY2hlci0xMzM2ODQw,Molly Warsh,3.0,0
VGVhY2hlci0xMzk4Nzg2,Bob Wattenbarger,3.0,0
VGVhY2hlci0zMTQ4MzQ4,Katherine Weary,3.0,0
VGVhY2hlci0yNjIwMTQ1,Robert Wegener,3.0,0
VGVhY2hlci0xODY3MTMx,HE Weiling,3.0,0
VGVhY2hlci0yMTUyNTI3,Hector Weir,3.0,0
VGVhY2hlci0yNzk5NzA1,Allyson Weirenga,3.0,0
VGVhY2hlci0yMTIxMjM1,Hector Weiss,3.0,0
VGVhY2hlci0xNzQ1NzA3,Daniel Welch,3.0,0
VGVhY2hlci0yNDMyOTQz,Teri Wenzel,3.0,0
VGVhY2hlci0yNTAzOTc1,Mary Whirley,3.0,0
VGVhY2hlci0yNzY5ODQ5,John Whitcimb,3.0,0
VGVhY2hlci0yODAyNzY2,Edward White,3.0,0
VGVhY2hlci0zNjA5MjA=,Dean Wichern,3.0,0
VGVhY2hlci0yNjk2MDg1,Tanay Wicliff,3.0,0
VGVhY2hlci0yMTY3ODIz,Vythilingam Wijekumar,3.0,0
VGVhY2hlci0yOTk5Njg1,Theresa Wiley,3.0,0
VGVhY2hlci0zMTM2Mzc2,Brandon Willadsen,3.0,0
VGVhY2hlci0yOTcxNjgz,Mike Willey,3.0,0
VGVhY2hlci0yMDkwMTMy,Robert Williams,3.0,0
VGVhY2hlci0yNjIxOTM0,Kenneth Williamson,3.0,0
VGVhY2hlci0xMTgwMTgw,Galen Wilson,3.0,0
VGVhY2hlci0xMzI1NzQ=,Hugh Wilson,3.0,0
VGVhY2hlci0yNjUxMzI5,Morgan Winkler Adams,3.0,0
VGVhY2hlci0yODU0MzIw,William Winslow,3.0,0
VGVhY2hlci0yNjY1NjYz,Taveechai Wititsuwannakul,3.0,0
VGVhY2hlci0yMzY0MDQ0,Amanda Wood,3.0,0
VGVhY2hlci0yMzA1MTI2,Jonathan Wood,3.0,0
VGVhY2hlci0zMDQwMDA1,Wendy Woodard,3.0,0
VGVhY2hlci0yMzg1MTc5,Matthew Wright,3.0,0
VGVhY2hlci0xMzUwNDA1,Bing Cheng Wu,3.0,0
VGVhY2hlci0xNDU1Nzg5,Guoyao WU,3.0,0
VGVhY2hlci0yOTg1MTMw,Brianna Wyatt,3.0,0
VGVhY2hlci0zMDg3OTI4,Meng Xia,3.0,0
VGVhY2hlci0zMTUzODE1,Han Xu,3.0,0
VGVhY2hlci0yOTE0ODM2,Yongzhi Xu,3.0,0
VGVhY2hlci0yNzIwMDM4,Vladislav Yakovlev,3.0,0
VGVhY2hlci0yOTQwNDAz,Catherine Yan,3.0,0
VGVhY2hlci0xNDk0Mzc1,Lilai Yan,3.0,0
VGVhY2hlci0yNTc3MTEw,Sijin Yan,3.0,0
VGVhY2hlci0zMTE0NDY0,Yuxuan  Yang,3.0,0
VGVhY2hlci0xODUzMjc0,Jiong Yang,3.0,0
VGVhY2hlci0yODMwODkx,Nanyin Yang,3.0,0
VGVhY2hlci0xNDk5NDc1,Ping Yang,3.0,0
VGVhY2hlci0xMjE2ODkz,Tinglu Yang,3.0,0
VGVhY2hlci0zMDEzMDAy,Zhilong Yang,3.0,0
VGVhY2hlci0zMTQ2MTk5,Zhiyuan Yang,3.0,0
VGVhY2hlci0yOTM5ODk4,Yinuo  Yao,3.0,0
VGVhY2hlci0zMTQ2MDg4,Jon Yerby,3.0,0
VGVhY2hlci0zMDkwODE4,Che Yeun,3.0,0
VGVhY2hlci0zMDAwNDA1,Karston Yong,3.0,0
VGVhY2hlci0xNzMwNzk2,Myeongsun Yoon,3.0,0
VGVhY2hlci0zMTI1OTg1,Chenoa  Yorgason ,3.0,0
VGVhY2hlci0yNzI2MDI2,Sora Youn,3.0,0
VGVhY2hlci0yMjAxMzA1,Jennifer Young,3.0,0
VGVhY2hlci0yNTUxMTI1,Ryan Young,3.0,0
VGVhY2hlci0yNzk5NzA3,Li Yu,3.0,0
VGVhY2hlci0yNjk4NTA4,Shuhua Yuan,3.0,0
VGVhY2hlci0zMDQ1MjE1,Mandy Zachgo,3.0,0
VGVhY2hlci0xNjEwNTAx,Traci Zaragoza,3.0,0
VGVhY2hlci0zMTUzNTA0,Tatiana Zarate Barrera,3.0,0
VGVhY2hlci0yOTk1OTI5,Karen  Zerda,3.0,0
VGVhY2hlci0zMTQ0MzUw,Oumeng Zhang,3.0,0
VGVhY2hlci0yMjQzNzI3,Renyi Zhang,3.0,0
VGVhY2hlci0yMjE3MTQz,Yingmu Zhang,3.0,0
VGVhY2hlci0yNTkxNDQ1,Yulin Zhang,3.0,0
VGVhY2hlci0yODEwNTY0,Yupeng Zhang,3.0,0
VGVhY2hlci0yNzgwNTk3,Zupeng Zhang,3.0,0
VGVhY2hlci0yOTA4ODYy,Hongwei Zhao,3.0,0
VGVhY2hlci0yNDA2MTk1,Qiuhong Zhao,3.0,0
VGVhY2hlci0xMzc2NDc5,LU Zheng,3.0,0
VGVhY2hlci0yNDQzMDk1,Haotian Zhong,3.0,0
VGVhY2hlci0zMDkzOTA0,Alan Zhou,3.0,0
VGVhY2hlci0yNzY4NDE1,Tao Zhou,3.0,0
VGVhY2hlci0zMDY5OTQ1,Yi Zhou,3.0,0
VGVhY2hlci0zMDEzMTE0,Qilong  Zhu,3.0,0
VGVhY2hlci0zMTQwODA1,Tekeisha Zimmerman,3.0,0
VGVhY2hlci0yNjk2OTAw,Sarah Zubairy,3.0,0
VGVhY2hlci0yNzQzNzU3,Kelly Zuniga,3.0,0
