professor_id,dept_id
VGVhY2hlci0yNzY3Njg5,GLST
VGVhY2hlci0yMzExOTM4,MATH
VGVhY2hlci0yOTUwNjMy,CHEM
VGVhY2hlci0yMzY0MDM2,COMM
VGVhY2hlci0yMzI0NzU0,ESPY
VGVhY2hlci0xMDE1NDQ3,MATG
VGVhY2hlci0yMDM0Mjg2,ART
VGVhY2hlci0xNzU0Mjc0,AGEC
VGVhY2hlci0xMTU3NzQ1,ANTH
VGVhY2hlci0yMTk4NzQw,VTPP
VGVhY2hlci0yNjYxNzAy,PHLT
VGVhY2hlci0yNDQzNzEw,FINC
VGVhY2hlci0yMDkyNzI3,MEEN
VGVhY2hlci0yNjk4NTA2,EDCI
VGVhY2hlci0yMDE0OTk0,SOCI
VGVhY2hlci0xNjYxMjQ3,ENGL
VGVhY2hlci02MDg2MTg=,HIST
VGVhY2hlci0yNjM1OTI4,BIOL
VGVhY2hlci0xNDAxMTUz,INFO
VGVhY2hlci0yMDA0MTcz,POLS
VGVhY2hlci0yMTM3Mjkz,SOCI
VGVhY2hlci0yNTg0MzM0,RDNG
VGVhY2hlci0xMTI4MjE3,PBSI
VGVhY2hlci0yNDYzMzM2,ENG
VGVhY2hlci0yMDA5NzA5,INST
VGVhY2hlci0yMjIwODU2,MEEN
VGVhY2hlci0xOTUyMzE1,ARCHITECTURE
VGVhY2hlci0yOTUwMzMz,ENGINEERING
VGVhY2hlci0yNjM2NDEw,PSYC
VGVhY2hlci0yNjkxMDE3,PHLT
VGVhY2hlci0yNTM4Mjgz,COMM
VGVhY2hlci0xMjc4NjAy,GEOG
VGVhY2hlci0xNDExNTU1,POLS
VGVhY2hlci0yNTU0NTE1,CSCE
VGVhY2hlci0yNDg3OTY0,SOCI
VGVhY2hlci0yMTY0ODc2,ENGL
VGVhY2hlci0yMjIzNDQ2,STATS
VGVhY2hlci0zMTUzNTYz,ENGL
VGVhY2hlci0yOTk1OTgw,FIVS
VGVhY2hlci0xOTUxOTEy,NUEN
VGVhY2hlci0yNjI3NDM5,VIBS
VGVhY2hlci0yNzIwMzE3,MATH
VGVhY2hlci0xMjU4MzE5,MATH
VGVhY2hlci0yODQ4OTc2,BIOL
VGVhY2hlci0xOTQ1MDY3,VIBS
VGVhY2hlci0yMTg0MzMw,ENGL
VGVhY2hlci0yOTA3MzU0,SPMT
VGVhY2hlci0yMjAxOTYx,HLTH
VGVhY2hlci0yODQzOTM0,ANSC
VGVhY2hlci0yMTkzMzc0,INST
VGVhY2hlci0xOTc3Mjk3,PHYS
VGVhY2hlci0yNzA5Mjkz,CSCE
VGVhY2hlci0yNTM0OTM3,CHEM
VGVhY2hlci0yODc1Nzg5,MMET
VGVhY2hlci0yMTk1NzM3,SPAN
VGVhY2hlci0xOTQxMjgw,ENGR
VGVhY2hlci0yMjIwOTg5,ECEN
VGVhY2hlci0xMDIwMTM2,STAT
VGVhY2hlci0yMDg4OTgy,CRJ
VGVhY2hlci0yMTcyNDAz,SPAN
VGVhY2hlci0yMjEyNTU0,EDCI
VGVhY2hlci0yODQwMDAx,BIOLOGY
VGVhY2hlci0yMzk5OTA4,MATH
VGVhY2hlci0yNjcyOTU4,ECEN
VGVhY2hlci01NDcyMTQ=,HISTORY
VGVhY2hlci0yMTk4ODAy,SPMT
VGVhY2hlci0zMDAxNzU3,ALED
VGVhY2hlci0yNTU2NzA0,CSCE
VGVhY2hlci0yOTUxODAw,STAT
VGVhY2hlci0yODI0NTc0,HISTORY
VGVhY2hlci0yMjk2NjYy,GEOS
VGVhY2hlci05NzY0ODU=,ECONDVLP
VGVhY2hlci0yMzUzMzYy,ECMT
VGVhY2hlci0yMjIzOTc5,ENDS
VGVhY2hlci0yNTg0NTk0,ANSC
VGVhY2hlci0yOTI2NzIw,COMM
VGVhY2hlci03NTMyOTg=,BUSN
VGVhY2hlci0yMTY1MDI0,KINE
VGVhY2hlci0xMzI5NzQw,WFSC
VGVhY2hlci0yMzg4MDAw,KINE
VGVhY2hlci0yOTcxNDE1,INST
VGVhY2hlci0yMjIyOTI2,ENGL
VGVhY2hlci0yNjk0ODUw,PHLT
VGVhY2hlci0xNzE1OTI2,HISTORY
VGVhY2hlci0yMTc0NTE4,GEOS
VGVhY2hlci0yNTMzMDY0,ECEN
VGVhY2hlci0yODc2ODMz,POLS
VGVhY2hlci0yMjM2Njk5,ECEN
VGVhY2hlci0xMTAxNjE3,AGEC
VGVhY2hlci0yNDcyNjY4,FSTC
VGVhY2hlci0yNTkwNTYy,COMM
VGVhY2hlci01NTEwMDg=,EDCI
VGVhY2hlci0yMjcxODgw,ECON
VGVhY2hlci0zMDYzMTM5,AGSM
VGVhY2hlci0yODM4NDgx,ANTH
VGVhY2hlci0yMDcyNjA2,BIOL
VGVhY2hlci0xMzA0ODgz,EXASTENTALISM
VGVhY2hlci0xOTM5Nzg2,ALED
VGVhY2hlci0yNTk2NTMw,HRD
VGVhY2hlci0yNTg4NjQ1,CHEM
VGVhY2hlci0yMjAyNzMz,PSYCH
VGVhY2hlci0yMDEwMDc3,ENG
VGVhY2hlci0yMDM0ODc2,ECEN
VGVhY2hlci0xNzY3NzY0,VTPP
VGVhY2hlci04MTg4ODI=,ECEN
VGVhY2hlci0yMzEzMTc4,URPN
VGVhY2hlci0xMDkyMDc=,ECONOMICS
VGVhY2hlci0yNTgxNDA2,MGMT
VGVhY2hlci0xNjY0NDA0,GEOG
VGVhY2hlci0yMDUyMDY1,HISTORY
VGVhY2hlci0yNDM5Mjkx,COMM
VGVhY2hlci05NDc5MTI=,PHYS
VGVhY2hlci0yOTI2Mzcz,CSCE
VGVhY2hlci0yODY2NDkw,CHEM
VGVhY2hlci0yNTg0NjU0,PHLT
VGVhY2hlci0yODk2NTEx,URPN
VGVhY2hlci0yMTI5MTk1,KINE
VGVhY2hlci0yMDI2MTY4,INST
VGVhY2hlci0yOTcxNDIw,CSCE
VGVhY2hlci0yNjQxODY3,HLTH
VGVhY2hlci0xNjEyOTg0,POLS
VGVhY2hlci0yNjAyODQx,ISEN
VGVhY2hlci0zMDA3MzU2,TEFB
VGVhY2hlci0yNTI4NzE5,PSYC
VGVhY2hlci0yMzM0OTE4,GEOG
VGVhY2hlci05MjUyOTM=,KINE
VGVhY2hlci0yNjk0MTA0,EHRD
VGVhY2hlci0yMzEwNjkw,RPTS
VGVhY2hlci0yODk5NTMy,ISEN
VGVhY2hlci0yMDMxNTk1,EPSY
VGVhY2hlci0yMzM3NDg5,ECON
VGVhY2hlci0yNjk2MzI2,MEEN
VGVhY2hlci0yOTQzMDQ5,PERSUASION
VGVhY2hlci0xNTE2ODU3,ENDS
VGVhY2hlci0yMjA4NzEy,ENTO
VGVhY2hlci0yODUyMzQx,PERF
VGVhY2hlci0xOTgxNTkx,BIOLOGY
VGVhY2hlci02MDY3MzQ=,SPAN
VGVhY2hlci0yNDQxNDgz,ECON
VGVhY2hlci0yNzE4Mzgx,HIS
VGVhY2hlci0yOTMxMzQz,CSCE
VGVhY2hlci0yNTExOTE4,PSYCH
VGVhY2hlci0xMjM2OTMy,COMM
VGVhY2hlci0yOTgwMDUy,POSC
VGVhY2hlci0zMTIxMTc3,ECEN
VGVhY2hlci0yMjQ5ODAw,ENGL
VGVhY2hlci0yNjQ4NjIw,CHEN
VGVhY2hlci0xNjEwMzQ0,CSCE
VGVhY2hlci0zMDM5ODM3,CHIN
VGVhY2hlci0yMzY3NDEx,BIMS
VGVhY2hlci0yNTg2MTk4,PBSI
VGVhY2hlci0yMjU5NjMz,ECEN
VGVhY2hlci0yNTg0Mzk2,ACCT
VGVhY2hlci0yNjQ4NDA2,MASC
VGVhY2hlci0xMjY4MjQx,CHEM
VGVhY2hlci0xOTUzMTE0,KINE
VGVhY2hlci0yMjE2NTU2,COMM
VGVhY2hlci0yMDE1MjA3,SOCI
VGVhY2hlci0yNDI4MTU0,ARCH
VGVhY2hlci0yNzU4Njk4,PETE
VGVhY2hlci0yNjQxNTIy,SOCI
VGVhY2hlci0yNDYzMzM2,ENGL
VGVhY2hlci0zMTA2MzM2,MGMT
VGVhY2hlci0yMDQ5MzU5,PHYS
VGVhY2hlci0yNDg4ODU3,BMEN
VGVhY2hlci0xOTM3MTg5,HISTORY
VGVhY2hlci0yNjU3Mjgy,PETE
VGVhY2hlci0yMDAyNDE5,CHEM
VGVhY2hlci0yNDIyMzI1,STAT
VGVhY2hlci0yNDI4NzE4,MEEN
VGVhY2hlci0yODUwNDAy,AGEC
VGVhY2hlci0zMDE1MDQ2,SCIENCE
VGVhY2hlci0xODQ2MjA3,ISTM
VGVhY2hlci0yMjA0NTI3,KINE
VGVhY2hlci0zMDQ4Njkx,ENTOMOLOGY
VGVhY2hlci0yNjY2MDE5,PHYS
VGVhY2hlci0yMzEwMzky,OCNG
VGVhY2hlci0xOTc5MTQ4,CHEM
VGVhY2hlci0yNjg5MDc4,ECON
VGVhY2hlci0xODk0NjIx,ANTH
VGVhY2hlci0yNDgzMjY1,ENGR
VGVhY2hlci0xNjYyMzMz,EDCI
VGVhY2hlci0xOTQ1Njk0,GEOG
VGVhY2hlci0xNTcxNjk1,BIO
VGVhY2hlci0yNTgxNjcw,GEOG
VGVhY2hlci0yNTg2MTk3,POLS
VGVhY2hlci0yMjAxMzEz,MATH
VGVhY2hlci0yMDE2MTI5,ENGL
VGVhY2hlci0xMDUyNjY2,STAT
VGVhY2hlci0yOTI0NjEz,ENGL
VGVhY2hlci0yOTE4ODI3,POLS
VGVhY2hlci0yMTA5MDk0,BICH
VGVhY2hlci0yMTM5NzA1,ANSC
VGVhY2hlci0xNzY4MDg2,STAT
VGVhY2hlci0yOTcxNjc2,ESET
VGVhY2hlci0xNzcwMzI4,ECONOMICS
VGVhY2hlci0xNTU5MjA4,MATHEMATICS
VGVhY2hlci0yMTI5NTkw,CVEN
VGVhY2hlci0yNDAyOTc2,HIST
VGVhY2hlci0yMjk3MzY3,MATH
VGVhY2hlci0xNDk0MTI5,KINE
VGVhY2hlci0xOTUxOTI2,MUSIC
VGVhY2hlci0yODk2MDg1,OCNG
VGVhY2hlci0yOTM5NzYx,PSYCHOLOGY
VGVhY2hlci0xMzAyNTUw,RLEM
VGVhY2hlci0xNzg1MTEx,PSYC
VGVhY2hlci0yMzI5NzQz,MEEN
VGVhY2hlci00MTk2MjI=,ANTH
VGVhY2hlci0yMzg4NjM2,PYSC
VGVhY2hlci0yMTY3Nzcw,ARTS
VGVhY2hlci0yNDIwMzAw,KIN
VGVhY2hlci0xODExMTAz,BIO
VGVhY2hlci0yMTQwNDE2,MATH
VGVhY2hlci0yMTU3OTUz,ENTO
VGVhY2hlci0yMTczNzk5,EDCI
VGVhY2hlci0yMzczMjky,FINP
VGVhY2hlci0yMDgwNTEz,COM
VGVhY2hlci0xODk3OTkx,PLAN
VGVhY2hlci04NDcyMg==,ENGINEERING
VGVhY2hlci0yMDk2NTk5,IBUS
VGVhY2hlci0yOTA4ODU0,ATMO
VGVhY2hlci0xOTQ0Mjc4,CIR
VGVhY2hlci0yMDgyNTU3,ENGL
VGVhY2hlci0yNjY3Nzk2,BIOL
VGVhY2hlci0yOTAzODkx,CSCE
VGVhY2hlci0yMjUzMjE3,SPCH
VGVhY2hlci0xOTU1NDk4,AGEC
VGVhY2hlci0yOTUxODIx,MUSIC
VGVhY2hlci0yODMyNjg4,MATH
VGVhY2hlci0yMDgxNTk1,BESC
VGVhY2hlci0xNjg1MjY2,PERF
VGVhY2hlci0yNDc0Njgw,ACC
VGVhY2hlci0yMDc3MTI4,AGEC
VGVhY2hlci04OTgwOTA=,PHIL
VGVhY2hlci0zMDg4OTQ1,MATH
VGVhY2hlci0yNDMyMDUy,MATH
VGVhY2hlci0xOTcyNjM1,AFST
VGVhY2hlci0yNzM1NzI3,POLS
VGVhY2hlci0yMDEwNDc3,RENR
VGVhY2hlci0yODc0ODY1,BMEN
VGVhY2hlci0yMDEwMDc3,ENGL
VGVhY2hlci0xNTY4MzQ5,ANSC
VGVhY2hlci0yMzgwOTIy,STAT
VGVhY2hlci0yNTUxODMy,SPMT
VGVhY2hlci0yNjY3ODMy,AGEC
VGVhY2hlci0yMzM1MzI3,MSEN
VGVhY2hlci0yNTYyMjgz,RDNG
VGVhY2hlci0xOTQ3Nzg1,MATH
VGVhY2hlci0yMDgwNDky,ACCT
VGVhY2hlci0yMDkxODA4,PETE
VGVhY2hlci04NTQyOA==,BIO
VGVhY2hlci01MTg5NjM=,CHEM
VGVhY2hlci0yMDEyNTA1,OCNG
VGVhY2hlci0yMzAwOTAz,HLTH
VGVhY2hlci0xNjg2MzMy,ENGR
VGVhY2hlci0yODgyMTkw,HONR
VGVhY2hlci0xOTc5ODAx,ANSC
VGVhY2hlci0zMDE2NzY1,CSCE
VGVhY2hlci0yMDc0NTgz,MATH
VGVhY2hlci0xOTMyMzkz,ARTS
VGVhY2hlci0zMDI0OTM1,PERF
VGVhY2hlci0xNDk5Nzcx,MATH
VGVhY2hlci0yODQxNDMx,GEOG
VGVhY2hlci0yODkzMTM3,FINC
VGVhY2hlci0yNDc0OTQx,MSEN
VGVhY2hlci0yNDc4NTU0,CSCE
VGVhY2hlci0yNDM1MDk4,SOC
VGVhY2hlci0yMTMwMTUz,LAND
VGVhY2hlci0xNzY4MDk0,ISEN
VGVhY2hlci0yMzczNDA0,MATH
VGVhY2hlci0yMDA5NzEx,MATH
VGVhY2hlci03NjI5NTE=,PBSI
VGVhY2hlci0zMTE2NzY2,INST
VGVhY2hlci0xNzA2NTE2,SPCH
VGVhY2hlci0yMDY2MTEw,INTS
VGVhY2hlci0yOTc3MDY1,HUMA
VGVhY2hlci0yNjk4NTU3,PHIL
VGVhY2hlci0zMDMzODU2,STAT
VGVhY2hlci0xOTc4ODg5,SOMS
VGVhY2hlci0yMzY1NzM4,PBSI
VGVhY2hlci0yNjQxODY3,HTLH
VGVhY2hlci0yNTE4ODUy,CSCE
VGVhY2hlci0yMDY3NTEx,AGEC
VGVhY2hlci03MjgyMzY=,ENTOMOLOGY
VGVhY2hlci0xOTcyNjM1,SOCIOLOGY
VGVhY2hlci0yMzk1MTA5,GEOL
VGVhY2hlci0yOTc3MzI5,SOCI
VGVhY2hlci0xMTI2MDA1,MATH
VGVhY2hlci0yMjEyMTU1,KINE
VGVhY2hlci0yNTUxMzI4,CHEN
VGVhY2hlci0xMDgxMTU5,SOCI
VGVhY2hlci0yNDE5MzA2,GEOL
VGVhY2hlci0yMDgzMzE3,HLTH
VGVhY2hlci0yMTkwMzkx,AFST
VGVhY2hlci02NjU0NzA=,RELS
VGVhY2hlci0yMDc1ODY5,PSYC
VGVhY2hlci0yMjg1NTAy,INST
VGVhY2hlci0yMjg3NjI0,COMM
VGVhY2hlci0yMTg0Mjcy,ASTRO
VGVhY2hlci0xNTA5Mjgx,TEFB
VGVhY2hlci0zMDUyMDM4,AERO
VGVhY2hlci0yMDkyNTEw,INTS
VGVhY2hlci0yMzk0MTkz,CSCE
VGVhY2hlci0xNTE5OTM0,GEOG
VGVhY2hlci0yNDI5ODQw,ENGL
VGVhY2hlci0zMDQ4NzQx,ISEN
VGVhY2hlci0yNTY5MjQ2,HIST
VGVhY2hlci0zMDE0MjMw,CHEM
VGVhY2hlci0yNDMyODU1,POL
VGVhY2hlci0yMDA5MzMz,CHEN
VGVhY2hlci0xMjc5MzA1,COMM
VGVhY2hlci0yOTYyMjMy,MASC
VGVhY2hlci0xMTczNzQw,NRSC
VGVhY2hlci0yMTg1MjY2,HIST
VGVhY2hlci0xNTg1NTEx,CSCE
VGVhY2hlci0yNzkxMzky,ENGL
VGVhY2hlci0yNzIxNDU3,EHRD
VGVhY2hlci0yNjY1NDYx,ECON
VGVhY2hlci0yNzUyOTIz,COMM
VGVhY2hlci0yMDE3MjE3,MATH
VGVhY2hlci0xOTc2MTI5,MEEN
VGVhY2hlci0yMjA4ODAy,CHEN
VGVhY2hlci0yNzExNjUw,PYSCH
VGVhY2hlci0yNzQ5Nzky,CVEN
VGVhY2hlci0yMDMzNDMw,SOCI
VGVhY2hlci0yMTMwMDg2,AGSM
VGVhY2hlci0yMTgxMTk4,OCNG
VGVhY2hlci0yMjExMDEx,INSTT
VGVhY2hlci0zMDI0MzYz,AERO
VGVhY2hlci0zMDYwMjUy,CSCE
VGVhY2hlci0yODY3MzM2,POLS
VGVhY2hlci0yNjk4NDAz,AGEC
VGVhY2hlci0yNTA4MTA3,FINC
VGVhY2hlci0yNDY4ODgw,ECONOMICS
VGVhY2hlci0xODM5NTgw,ENGL
VGVhY2hlci0yNzQwNDgw,PSYC
VGVhY2hlci0yMzQzMzE0,HONORSPSYC
VGVhY2hlci0xNjgyNDk4,SPAN
VGVhY2hlci0xMDUyNjYw,MATH
VGVhY2hlci0xODkwNjY4,SOCI
VGVhY2hlci0yMTMzMDIy,SCMT
VGVhY2hlci0yODE4MDMw,BIOL
VGVhY2hlci0yMjQxMDU2,KINE
VGVhY2hlci0yMDM2Mjk2,PSYC
VGVhY2hlci02NTA0Mjg=,ENG
VGVhY2hlci0yNjkyNDM3,ECON
VGVhY2hlci0yNDIwMzcx,SOCI
VGVhY2hlci0xODIzMDk5,MATHEMATICS
VGVhY2hlci0yNzcyODAx,CHEMISTRY
VGVhY2hlci0xNjUxMDQ4,ANSC
VGVhY2hlci0yNjM5NzY4,THAR
VGVhY2hlci0yOTUxNTc5,PSYCHOLOGY
VGVhY2hlci0xODU2MTA1,CHEM
VGVhY2hlci0yNDYwMTM1,MKTG
VGVhY2hlci0xODc4OTY4,POLS
VGVhY2hlci0yNDc0OTQy,MEEN
VGVhY2hlci0yOTQ3MTMw,GENETICS
VGVhY2hlci0zMDg1ODY3,ECEN
VGVhY2hlci0yNDU4ODg1,GEOG
VGVhY2hlci0yMDA3MDc3,URPN
VGVhY2hlci0yMjkyMTI3,MATH
VGVhY2hlci04OTUxMw==,MATHEMATICS
VGVhY2hlci0yMjM1NTAx,AFST
VGVhY2hlci0yNjM2NjAx,KINE
VGVhY2hlci0xNDM3NzQ2,POSL
VGVhY2hlci0xNzY5Mzg2,ENTOMOLOGY
VGVhY2hlci0yOTU0ODEw,PLAN
VGVhY2hlci0yNjM2NTk3,MATH
VGVhY2hlci0yMTUwMjIy,CHEM
VGVhY2hlci0yMDkxODA2,CVEN
VGVhY2hlci0yNTc2MTk5,CSCE
VGVhY2hlci0xNzgyNzg2,COMM
VGVhY2hlci0yOTUxNjgy,URPN
VGVhY2hlci0yNjQyNzQy,POLS
VGVhY2hlci0yNTQxMTg2,POLS
VGVhY2hlci0yOTYyMDQx,SPMT
VGVhY2hlci0xMTQ1OTkz,COMMUNICATION
VGVhY2hlci0yNTQxMDAw,ECEN
VGVhY2hlci0yMzc0MTU1,COM
VGVhY2hlci0yNjMzOTcy,HORTICULTURE
VGVhY2hlci0xODA4MjIy,ACCT
VGVhY2hlci0yMjgyNTU=,ORGANICCHEMIST
VGVhY2hlci0yNjcwMjEw,PHLT
VGVhY2hlci0xODk3OTkx,URPN
VGVhY2hlci0xNTUxMjMy,COMM
VGVhY2hlci0yMzQ2MDAz,MATH
VGVhY2hlci0yNDUxMzk=,HIST
VGVhY2hlci0xOTU0Nzc5,ENGL
VGVhY2hlci0yODY5MTk5,FSTC
VGVhY2hlci0zMDQ5MzMw,HISTORY
VGVhY2hlci0yODQ2NjUy,CHEMISTRY
VGVhY2hlci0xNzI0ODM3,HIST
VGVhY2hlci0yOTEwODUz,POLS
VGVhY2hlci0yNTUyNzky,DSCI
VGVhY2hlci0xOTQ0Mzg3,AGEC
VGVhY2hlci0yMzE3MDM0,MGMT
VGVhY2hlci0yMzcwNTU1,MATH
VGVhY2hlci0yNDU3NTI4,PSYC
VGVhY2hlci02NzY4NjI=,ACCT
VGVhY2hlci0xMzMzMDU1,WMST
VGVhY2hlci0yODQ0MDA4,RDNG
VGVhY2hlci0zMDg1Mzgz,AERO
VGVhY2hlci0yODYzODgw,ECEN
VGVhY2hlci0yNDg1OTMz,GLST
VGVhY2hlci0yMTk0NTgw,RDNG
VGVhY2hlci0xNzcyNjgx,HISTUS
VGVhY2hlci0xOTAzMTIz,LOGISTICS
VGVhY2hlci0yMjc4MzU2,PSYCH
VGVhY2hlci0yMDc1MDEw,RPTS
VGVhY2hlci0yODYzNTQx,BUSN
VGVhY2hlci0yODIwNjYx,ARCH
VGVhY2hlci0yNjQ1ODEw,CHEN
VGVhY2hlci03MjQ1MTk=,BIOLOGY
VGVhY2hlci0yODMwNjIy,CHEMISTRY
VGVhY2hlci0xNjU2OTgw,ENGR
VGVhY2hlci0yMjk5NTUx,PSYC
VGVhY2hlci0yNDQ0NDIz,BIO
VGVhY2hlci0xODYzNjEx,KINE
VGVhY2hlci02ODI4Nzk=,MGMT
VGVhY2hlci0yNzAxNDAw,BAEN
VGVhY2hlci0yODQ1Nzc5,ECCB
VGVhY2hlci0yNzgxMjU0,BIOL
VGVhY2hlci0xODQ2MjA3,ISYS
VGVhY2hlci0yMzA3NjU3,WSP
VGVhY2hlci0xNDc4MTMw,GEOG
VGVhY2hlci01MTYzODg=,CALCU
VGVhY2hlci0xMzk3NDc3,KINES
VGVhY2hlci0yMjkzOTAy,ECEN
VGVhY2hlci0zMDQ1Njk1,BUSN
VGVhY2hlci0yMjc3ODE5,COMM
VGVhY2hlci0yOTAyNDY3,ISEN
VGVhY2hlci0yMDQwMTI1,AGLS
VGVhY2hlci0yMTk4MTI4,ECON
VGVhY2hlci0yNzIxNTY0,STATS
VGVhY2hlci0xOTY0MDQ4,HLTH
VGVhY2hlci0xOTM2Njkw,ATMO
VGVhY2hlci03NDAzMTY=,MATH
VGVhY2hlci0xNDc3NTc=,HIST
VGVhY2hlci0yNTg1NjYy,STAT
VGVhY2hlci0yODAwNzc0,ECON
VGVhY2hlci0yMTcyMDI4,HLTH
VGVhY2hlci0zMDMxNTY2,MEEN
VGVhY2hlci0yNDY5MjQz,ATMO
VGVhY2hlci0yNDgxNDU4,CSCE
VGVhY2hlci0xOTEzMzc5,ENGL
VGVhY2hlci0yNTAyNzU4,ENG
VGVhY2hlci0xMzY2NTUz,ANTH
VGVhY2hlci0yMTU0MDUw,POL
VGVhY2hlci0yMzc3MTI1,ECON
VGVhY2hlci0yMDA4MjE5,SCIENCE
VGVhY2hlci0yODkzNDc4,COMM
VGVhY2hlci0yMTEwODgw,STAT
VGVhY2hlci0xNzc2MDQ1,ENDG
VGVhY2hlci0yMDE0NDUx,SOC
VGVhY2hlci0yMDk0MTMx,ENGR
VGVhY2hlci0yMzI0NDEy,VIBS
VGVhY2hlci0xNjY0NDA2,CHEM
VGVhY2hlci0yNjkzODU0,GEOL
VGVhY2hlci0yNjc1NDY5,SCMT
VGVhY2hlci00MTA5Njg=,KINE
VGVhY2hlci0xODY5NjU0,PHYS
VGVhY2hlci0yMzE4NTE1,ECO
VGVhY2hlci0yOTU3NTAy,COMM
VGVhY2hlci0yOTE3NDA1,ENGL
VGVhY2hlci0xOTg1MDg3,SOC
VGVhY2hlci0yNDgxMTk5,SOMS
VGVhY2hlci0yNzU1MDcx,MGMT
VGVhY2hlci0yODkwNDMw,PERF
VGVhY2hlci0xNjM0OTEy,PSYCHOLOGY
VGVhY2hlci0yMDIwNDk3,KINE
VGVhY2hlci0yNjQ2NDI0,POLS
VGVhY2hlci0yNTc4NjQ1,AGEC
VGVhY2hlci0xNzc3MTgy,ANTH
VGVhY2hlci0yNjQ4NDA4,MASC
VGVhY2hlci0yMTEzMDU=,ENGL
VGVhY2hlci0yNTQ3NTEw,AGEC
VGVhY2hlci0yMjMwMjc3,HLTH
VGVhY2hlci0yNjU1NjI5,SENG
VGVhY2hlci0yMjgyMzM3,MATH
VGVhY2hlci0zMTUxNzUx,GEOG
VGVhY2hlci0xNzE5MjU3,CSCE
VGVhY2hlci0yMjkxOTc3,EHRD
VGVhY2hlci0xNDg0Njg0,GEOS
VGVhY2hlci0xMTU3NDcw,MNGT
VGVhY2hlci0zMDA1MzY1,ACCT
VGVhY2hlci0yMTM1NzM2,MATH
VGVhY2hlci0zNTA2Nzc=,POL
VGVhY2hlci0yNzU0OTAx,ACCT
VGVhY2hlci0xNDYwMjIy,ENG
VGVhY2hlci0yNjk1MjMx,PHLT
VGVhY2hlci0yNDI4ODQ4,MATH
VGVhY2hlci0yMzUzNDg0,HORT
VGVhY2hlci0xODUyODIw,ASTR
VGVhY2hlci0yMzU4ODE2,COMM
VGVhY2hlci0yOTk5MDgy,FINC
VGVhY2hlci0xOTI5MzM0,CSCE
VGVhY2hlci0yMjQ2NTMx,PSYC
VGVhY2hlci0yNTEzNTYz,ENG
VGVhY2hlci0yODIyODEw,COMMUNICATION
VGVhY2hlci0yMjExMzgz,MATH
VGVhY2hlci0yOTM3MzM4,COMM
VGVhY2hlci0yODE0NjE2,GEOG
VGVhY2hlci0yMzU2NDg0,SCED
VGVhY2hlci0yMjEyNjM3,MKTG
VGVhY2hlci0yNjE1ODIz,MATH
VGVhY2hlci0yMjAwNzk2,HLTH
VGVhY2hlci0yMDYwNzE0,AMATH
VGVhY2hlci0yMzI1NDg3,IBUS
VGVhY2hlci0yNTU0MTY2,ACCT
VGVhY2hlci0yOTI1MjY5,ENGL
VGVhY2hlci0yODc1NDcw,MATH
VGVhY2hlci0yNDI2NjM1,CHEM
VGVhY2hlci0xODEwOTc3,ANTH
VGVhY2hlci0yNDU2Njg3,ISEN
VGVhY2hlci0xNTc0Mw==,ENG
VGVhY2hlci0yNDczMTk3,AGEC
VGVhY2hlci0yNzQzOTg3,KINE
VGVhY2hlci0yMzg4Njk3,CVEN
VGVhY2hlci0yNTY2NDM3,RELS
VGVhY2hlci0yNTY1NTI3,MEEN
VGVhY2hlci0yMDI0MTU5,PHYS
VGVhY2hlci0zMDY5NjEy,PSYCHOLOGY
VGVhY2hlci0yNTQwNzM3,CVEN
VGVhY2hlci0yNTI0NzMx,OCEN
VGVhY2hlci0yMTEwNzMz,COMM
VGVhY2hlci0xMjUzMzA4,SOILFERTILITY
VGVhY2hlci0xOTY3MjY3,CSCE
VGVhY2hlci0yOTI3MTY5,MATH
VGVhY2hlci0yODAwNDcz,IBUS
VGVhY2hlci0yMDI1Nzg5,ISYS
VGVhY2hlci0yNjA0ODYx,ARCH
VGVhY2hlci0yOTU0ODEw,URPN
VGVhY2hlci0xOTUxOTMx,PHYSICS
VGVhY2hlci0yMDAxOTQz,URPN
VGVhY2hlci0zMDk3MDU1,ANSC
VGVhY2hlci0yNDE2NDI1,NRSC
VGVhY2hlci0yNDMwNTk4,SCSC
VGVhY2hlci0yODA0ODQx,AFST
VGVhY2hlci0yNDU3MTYx,COMM
VGVhY2hlci0xMTczNzM5,PSYCH
VGVhY2hlci0yMjY3MTM3,FYEX
VGVhY2hlci0xNDcxMjI4,ECEN
VGVhY2hlci0yMjc3MjY4,ENGL
VGVhY2hlci0xODQyMTMz,PSYC
VGVhY2hlci0yNTg3MDMw,NUKE
VGVhY2hlci0zMDYzMDI0,AGRICULTURE
VGVhY2hlci0yNzU5ODEx,CLEN
VGVhY2hlci0yNDU0MjQw,MEEN
VGVhY2hlci0yMzI4NDk3,ISEN
VGVhY2hlci0xNTY0MjU2,HIST
VGVhY2hlci0yNjkyMzky,BICH
VGVhY2hlci0xNjEyOTg0,MAS
VGVhY2hlci0yMzAxMDI2,POLS
VGVhY2hlci0yOTk5MzE4,HMGT
VGVhY2hlci0yODIyODEw,COMM
VGVhY2hlci04NTU5NDQ=,ENGR
VGVhY2hlci0yMjc5MDQ2,MATH
VGVhY2hlci0yMDY3Nzg3,ECON
VGVhY2hlci0yMTQxMDE5,ESSM
VGVhY2hlci0yNTU1MDI5,GEOG
VGVhY2hlci0yMDgyMDU5,SCOI
VGVhY2hlci0zMDk2MTY3,ENGL
VGVhY2hlci0xNzQ2ODYy,ABCD
VGVhY2hlci0yODYzNDIz,MGMT
VGVhY2hlci0yMTk1NTk5,CHEM
VGVhY2hlci05MzAwMzk=,CSCE
VGVhY2hlci0xNjA3MDA3,PSYCH
VGVhY2hlci0xNzI2Mjkx,EHRD
VGVhY2hlci01ODczMTI=,CSCE
VGVhY2hlci0yMDY3MDM1,ALEC
VGVhY2hlci0yMjcyNjg4,COMM
VGVhY2hlci0xODk4NTcz,EPSY
VGVhY2hlci0yNzU2NTA2,CSCE
VGVhY2hlci0yOTIyNDIw,CSCE
VGVhY2hlci0zMDA1ODg1,ECONOMICS
VGVhY2hlci03MjU3MTc=,ARGO
VGVhY2hlci0yOTEwOTE4,MATHEMATICS
VGVhY2hlci0yMjc4MzEw,FILM
VGVhY2hlci0yNzM1MDUy,CHEM
VGVhY2hlci05MjMzMDc=,FSTC
VGVhY2hlci0yNzk2NzM4,BAEN
VGVhY2hlci0yNTgzNjMw,KINE
VGVhY2hlci0xOTk3MTM4,COMMUNICATION
VGVhY2hlci0yNjkxNDc4,HLTH
VGVhY2hlci0yOTgxNzQ5,AREN
VGVhY2hlci0zMTAzNTIz,INTA
VGVhY2hlci0xODU3MjAw,PHYS
VGVhY2hlci0yNjM5NzY4,PERF
VGVhY2hlci0yMDc3NDky,MATH
VGVhY2hlci0xOTgzNDA0,CVEN
VGVhY2hlci0yNDU1ODQz,ISEN
VGVhY2hlci0xNDYwMjIy,ENGL
VGVhY2hlci0yMjQ1Nzcy,GEO
VGVhY2hlci0yMjEyNTM3,ISEN
VGVhY2hlci0yMjg1MjIw,INST
VGVhY2hlci0yODYyNjEx,COMM
VGVhY2hlci0yODQ0NzA4,BIOL
VGVhY2hlci0yMDczMDc4,NUTR
VGVhY2hlci0xODU4NTEx,ENGLISH
VGVhY2hlci0xODEwOTc2,BIOL
VGVhY2hlci0zNTA2ODA=,MATH
VGVhY2hlci0yNTU3ODk5,PSYC
VGVhY2hlci0yNDYwMzgx,SOCI
VGVhY2hlci0xOTUwMTc0,POLS
VGVhY2hlci0xMzUzOTA2,ENTC
VGVhY2hlci0yNjQ0MzQw,MEFB
VGVhY2hlci0yMjAxNTQx,HIST
VGVhY2hlci0yNTAyNTQ5,FINC
VGVhY2hlci0yMzA5NjI3,MEEN
VGVhY2hlci0yODY2OTAz,POLS
VGVhY2hlci0yNTAzOTc2,SCTS
VGVhY2hlci0yNjU1NjQy,ISEN
VGVhY2hlci0xNzA4Mw==,CALC
VGVhY2hlci0yMjY4MjU5,GOLF
VGVhY2hlci0yOTgwNTYw,CHEN
VGVhY2hlci0yMzY2NTI4,ECEN
VGVhY2hlci0yMzQzNDIz,AGEC
VGVhY2hlci0xOTUxOTI2,MUSC
VGVhY2hlci0yMDEwNzEz,STATISTICS
VGVhY2hlci0xNTc0Mw==,ENGL
VGVhY2hlci0yNjY2MzEx,ECMT
VGVhY2hlci0yMTUyOTg0,PHIL
VGVhY2hlci0yOTUyMzYz,ART
VGVhY2hlci0yOTYxMTQ0,MEEN
VGVhY2hlci0yMDgyMDU5,SOCIO
VGVhY2hlci0xOTkwNTA4,SCMT
VGVhY2hlci0xOTEzNDU4,BIOLOGY
VGVhY2hlci02NzIxNzc=,AFST
VGVhY2hlci0xOTQ4NTI3,HLTH
VGVhY2hlci0xOTE5ODE4,TEFB
VGVhY2hlci0yNjkxODkx,COMM
VGVhY2hlci0yMjIzMjYz,CHEN
VGVhY2hlci0xNzcxNDIz,ATMO
VGVhY2hlci0yMDE3MjE5,ENG
VGVhY2hlci05MTIxNjE=,POLS
VGVhY2hlci0yNTYwNzQ1,STAT
VGVhY2hlci0yNDI2MjMw,ISEN
VGVhY2hlci0yMjA2NjA1,MATH
VGVhY2hlci0zMDAwMjgw,HORT
VGVhY2hlci0yMjM1NTAx,ENGL
VGVhY2hlci0yOTk1OTI2,COMMUNICATION
VGVhY2hlci0yNjAwNjU1,COM
VGVhY2hlci0yNzUyODk0,STAT
VGVhY2hlci0yMjEyMjUz,CHEM
VGVhY2hlci0yMDExNDk2,ECON
VGVhY2hlci0yOTUxODIx,MUSC
VGVhY2hlci0yNzk3OTM3,SOCI
VGVhY2hlci0yNDUyMDky,STAT
VGVhY2hlci0yMjAyNzMz,PSYC
VGVhY2hlci0yNjcwNTcx,WFSC
VGVhY2hlci0zMTMwODA5,MUSC
VGVhY2hlci0yNDAxMjQ2,ECEN
VGVhY2hlci0xNTE4ODUw,ENG
VGVhY2hlci0yMjEyNTQ5,MMET
VGVhY2hlci0yMDA1Njg5,LBAR
VGVhY2hlci0yODM3NTg3,PHYS
VGVhY2hlci0yODg4MTg5,ENGL
VGVhY2hlci0yOTgzNDMx,ENGINEERING
VGVhY2hlci04ODMxNzQ=,ANSC
VGVhY2hlci0yMTAxNzUy,HLTH
VGVhY2hlci0yMDczMDc4,NFSC
VGVhY2hlci0yMTA1NjMw,GEOS
VGVhY2hlci0xOTY3Nzcz,DCED
VGVhY2hlci0xODc4Nzc3,MGMT
VGVhY2hlci0yNTU5MDMz,CSCE
VGVhY2hlci0yNDA0NTQ=,HIST
VGVhY2hlci0yMTQ3OTQ0,ENGR
VGVhY2hlci0xOTUxNTgy,POLS
VGVhY2hlci02MDY3MzQ=,INTSPN
VGVhY2hlci0xNzEwNDY4,JOUR
VGVhY2hlci0yMzIzMzg4,CHEN
VGVhY2hlci02MTk0NzI=,NUEN
VGVhY2hlci0yMzA4ODk5,HIST
VGVhY2hlci0yNDg0ODU0,TEFB
VGVhY2hlci03NDY4NTQ=,PSYCHOLOGY
VGVhY2hlci0yNTA3MDk0,VIST
VGVhY2hlci0yNTExOTE4,PSYC
VGVhY2hlci0yNzIwMTQw,MGMT
VGVhY2hlci0xNjAyMzIx,STAT
VGVhY2hlci0yNDQwOTkw,ALED
VGVhY2hlci0xMzc1NDk2,PSYC
VGVhY2hlci0yMTI1NjQ4,KINE
VGVhY2hlci0xODkzOTk5,ENGL
VGVhY2hlci0yODc5OTMw,CSCE
VGVhY2hlci0yNzg5ODYz,PBSI
VGVhY2hlci0yNDM4MTk4,STAT
VGVhY2hlci0yMDYxNjQw,ENGLISH
VGVhY2hlci0yOTQyMDA5,RWFM
VGVhY2hlci0zMDY0ODE2,MEEN
VGVhY2hlci0yOTI3NzAy,SPAN
VGVhY2hlci0xOTUwOTA2,COMM
VGVhY2hlci0yMzE5Mjgy,MATH
VGVhY2hlci0yMjA0MDI5,KINS
VGVhY2hlci0xODYxNTA0,AGCJ
VGVhY2hlci0yMjE4NTEx,CHEM
VGVhY2hlci0yMjQ3Njc5,COMM
VGVhY2hlci0yOTU1NTcw,RWFM
VGVhY2hlci0xNjEyODU4,HISTORY
VGVhY2hlci0yMDM2NTk=,ENGLISH
VGVhY2hlci0xOTE4OTcy,PUBLICSPEAKING
VGVhY2hlci0yODgzODIw,RWFM
VGVhY2hlci0yMTY5Mjk1,NURS
VGVhY2hlci0yOTQ5Mzc2,AGRICULTURE
VGVhY2hlci0yNjM4NDA1,PETE
VGVhY2hlci0yNTEyMTc2,ECEN
VGVhY2hlci01NDcyMTQ=,HISTSSEMI
VGVhY2hlci0xNzIzODQy,ANTHROPOLOGY
VGVhY2hlci0yMzYwMzc1,ENGL
VGVhY2hlci0yMzAwMTAw,CSCE
VGVhY2hlci0yNDM5NTU1,MATH
VGVhY2hlci0yMjQ1NDEz,STAT
VGVhY2hlci0yNzI0MzQ2,PETE
VGVhY2hlci0yNDM0OTE4,MKTG
VGVhY2hlci0yODg1NzMz,ISTM
VGVhY2hlci0yMjgyMDkx,ALEC
VGVhY2hlci0yNDQxNTY3,CSCE
VGVhY2hlci0yNTk2OTcz,AERO
VGVhY2hlci0yMjk2ODQ0,ENGL
VGVhY2hlci0yOTYwMzAx,OCNG
VGVhY2hlci0yMDg4OTgy,SOCI
VGVhY2hlci0yMTkyMDM2,PSYCH
VGVhY2hlci0yNTIxNTI3,CHEM
VGVhY2hlci0yNDg2Mjk5,RPTS
VGVhY2hlci0yNjIwMzgx,ESET
VGVhY2hlci0zMDY0ODU0,FILM
VGVhY2hlci0yNzY2OTUw,ARCHITECTURE
VGVhY2hlci0yNDgxMzUw,VIB
VGVhY2hlci0xNDA2NjI3,HLTH
VGVhY2hlci02NDkzMDk=,CHEMISTRY
VGVhY2hlci0xNjExNjk0,ANTH
VGVhY2hlci0yNzIzMjcx,ATMO
VGVhY2hlci0yNDg5MDY3,IDIS
VGVhY2hlci0yMTM2NjA4,ECEN
VGVhY2hlci0yMTUwMTg3,ARCH
VGVhY2hlci0xMjE3NjM5,GEO
VGVhY2hlci0yMzQxMDk=,CHEMISTRY
VGVhY2hlci0xNTg0Mzcw,ANSC
VGVhY2hlci0yMzA5ODYy,SPAN
VGVhY2hlci05Njg=,NA
VGVhY2hlci0yNjI3OTMx,ENTO
VGVhY2hlci0zMDc1Mjgz,FINC
VGVhY2hlci0xOTQ5NDk2,EHRD
VGVhY2hlci0yNTU2NTYw,ALED
VGVhY2hlci0yOTU1NjE2,CSCE
VGVhY2hlci0yNDY2Njg2,MKTG
VGVhY2hlci0yMjA3MzE0,PERF
VGVhY2hlci0yNTU0NTU2,ECON
VGVhY2hlci03NDM4Mjk=,BIOANTH
VGVhY2hlci0yMzQ4Njg1,BIO
VGVhY2hlci0xNDM3OTkz,BEFB
VGVhY2hlci0yMzA2Mjk2,PSYC
VGVhY2hlci0yMDE3MjE5,ENGL
VGVhY2hlci0yNDg0MTE0,SCSC
VGVhY2hlci03Mjk1Njg=,HIST
VGVhY2hlci02NzIzNzk=,MGMT
VGVhY2hlci0yMTc5ODQ5,NRSC
VGVhY2hlci0yNDY5MjQz,GEOL
VGVhY2hlci0yNzYzNDQ2,STAT
VGVhY2hlci02ODM1NDg=,ACCT
VGVhY2hlci0zMTEyNjc3,HLTH
VGVhY2hlci0yMjM5MDEz,HRD
VGVhY2hlci0yNzkyMDgy,BIOL
VGVhY2hlci0yMDI1Nzg5,SCMT
VGVhY2hlci0yNTEzMDQ3,MATH
VGVhY2hlci0xODU4MzE3,FSTC
VGVhY2hlci02ODUyMzE=,CVEN
VGVhY2hlci0yNDA3OTM2,BIO
VGVhY2hlci0yNzM2OTQ2,AGEC
VGVhY2hlci0yMjAyMjk5,PERF
VGVhY2hlci0yMjUzODQ5,ENGL
VGVhY2hlci0yMDI0NDE5,ENDS
VGVhY2hlci0yNDEzNTc0,ENGL
VGVhY2hlci0xODExMDEw,ASTRO
VGVhY2hlci0yMjgyNTU=,CHEMISTRY
VGVhY2hlci0yNDExMTM4,PSYCH
VGVhY2hlci0yMjQxMTgy,NUTR
VGVhY2hlci0zMDgwODQy,ADMINISTRATION
VGVhY2hlci0yNDAzNDA2,CSCE
VGVhY2hlci0xNDE0Mjk3,HIST
VGVhY2hlci0yMDY2NzI5,ECON
VGVhY2hlci0yNzQ1MDMz,COMM
VGVhY2hlci0yNjQ1NTMz,ALED
VGVhY2hlci0xNjUyODg3,PHIL
VGVhY2hlci0xNzI0ODM3,HISTORY
VGVhY2hlci0xNzExNTk0,ENGL
VGVhY2hlci0yNTkwNTQy,COMM
VGVhY2hlci0xMjUxMjQy,HNRCOMM
VGVhY2hlci0yNTI5MTYy,CHEN
VGVhY2hlci0xMDE1NDQ3,MAH
VGVhY2hlci0yMTQyMDI4,GEOL
VGVhY2hlci0xOTYzODY1,MATH
VGVhY2hlci0yMjg5Mjgy,PHIL
VGVhY2hlci0yMTI1MjM4,COMM
VGVhY2hlci0yNjA3Mjk1,EPSY
VGVhY2hlci0xNTA3NjI=,ECCB
VGVhY2hlci0yMzE4MDI4,ARCH
VGVhY2hlci0yNDgxMzUw,VIBS
VGVhY2hlci0yNjg4MTQ2,ENGL
VGVhY2hlci0yMjgwODcz,KINE
VGVhY2hlci0yNDAxMTEz,GENE
VGVhY2hlci0xOTg5NzE3,GEOG
VGVhY2hlci0yNDMxMzM0,MATH
VGVhY2hlci0zMDQwMDAx,MATHEMATICS
VGVhY2hlci0yNTk1Mjgy,ANSC
VGVhY2hlci0yMDAyNDAz,ENGR
VGVhY2hlci0yOTg5NDAw,ELECTROBOOM
VGVhY2hlci0zMDE5Njc3,CSCE
VGVhY2hlci0yMDAyNDAz,MEEN
VGVhY2hlci0xMTU3NDcw,HONORSMGMT
VGVhY2hlci0xOTg1NjUw,ENGLISH
VGVhY2hlci0xNTU3Mzk0,ENGL
VGVhY2hlci0yMTE5ODMx,STAT
VGVhY2hlci0xNDg3Nzc=,MATHEMATICS
VGVhY2hlci0yNjIzMzYx,HIST
VGVhY2hlci0yMTQyNDA2,ESS
VGVhY2hlci0xODU2MjAy,FSTC
VGVhY2hlci0xNDczNzc3,CSCE
VGVhY2hlci0yMzcyOTM5,ISTM
VGVhY2hlci0yMzMxMTgx,BICH
VGVhY2hlci0zMDczNTg=,ENGR
VGVhY2hlci0yNDAwMzkw,EDTC
VGVhY2hlci0yODE4Mjc1,MATH
VGVhY2hlci0yMDU4ODc1,STATS
VGVhY2hlci0xMzc1Mzk0,MATH
VGVhY2hlci0yMTE0NTAx,NUEN
VGVhY2hlci0yMjg3NDI4,E
VGVhY2hlci0yOTMzMzEx,ECEN
VGVhY2hlci0yMTMwMTU0,UPRN
VGVhY2hlci0yMDc4MTAw,COMM
VGVhY2hlci0yMDczODM3,OCNG
VGVhY2hlci0xOTc3Mjk3,PHYSICS
VGVhY2hlci0xOTAzODAy,AERO
VGVhY2hlci0yOTQzNDE4,HIST
VGVhY2hlci0yMDUwOTYw,MATHEMATICS
VGVhY2hlci0xNTcyNTU4,ENGR
VGVhY2hlci0yMjQxMTgy,NFSC
VGVhY2hlci0yMDI0Njg3,MATH
VGVhY2hlci0yOTczNTUy,GEOG
VGVhY2hlci0yMTI1NTg2,COMM
VGVhY2hlci05MTczMTE=,VTPP
VGVhY2hlci0xNDcwMzM3,GEOG
VGVhY2hlci0yMzIwNTMw,CSCE
VGVhY2hlci0xODA3ODE4,AFST
VGVhY2hlci0yMDA5NzA0,CALC
VGVhY2hlci0xOTYzMTY3,VIST
VGVhY2hlci0yOTQyMDE5,BIOL
VGVhY2hlci0yMzE5MTU4,ECON
VGVhY2hlci0xNzI3ODc2,BRITLIT
VGVhY2hlci04MzIxNTY=,ARTS
VGVhY2hlci0yNzAwMzc5,MEEN
VGVhY2hlci0xOTk5MTAz,CHEM
VGVhY2hlci0yOTYwODY2,CSCE
VGVhY2hlci0xODEwOTc4,COMM
VGVhY2hlci0yNzQ5MzAy,MMET
VGVhY2hlci0yNTkzMTAx,STAT
VGVhY2hlci0yMDQxNDM0,MATH
VGVhY2hlci0zMTQ2MzQ0,BESC
VGVhY2hlci0yMjA4NDMz,HIST
VGVhY2hlci0xOTQxMTQ4,SCIENCE
VGVhY2hlci0xMzUzNTE4,PSYC
VGVhY2hlci0yMTc3NzQ1,BICH
VGVhY2hlci0yNzQyODk3,CSCE
VGVhY2hlci0yMTIxNDYw,ENGL
VGVhY2hlci0yMDY4OTA5,DASC
VGVhY2hlci0xNDYzMzI0,SPED
VGVhY2hlci0yMDAxNDc1,OCHEM
VGVhY2hlci0yMjk5MjM1,ANSC
VGVhY2hlci0yMjQ0Mjg5,WFSC
VGVhY2hlci0yNTk2NTMw,EHRD
VGVhY2hlci0yNjcxMjE5,OCNG
VGVhY2hlci0xMzc0NTY5,STATEANDLOCAL
VGVhY2hlci0yNjQ4NDA4,TEFB
VGVhY2hlci0zMDQ4ODE1,KINE
VGVhY2hlci0yMDE3MjQ0,COMM
VGVhY2hlci0yNzM3NDQ3,CSCE
VGVhY2hlci0yNzQyODU1,HLTH
VGVhY2hlci0yMTI5MDEz,AFST
VGVhY2hlci0zMDgxMzAy,AERO
VGVhY2hlci0yNDI2ODg5,ANTH
VGVhY2hlci0yNzM2Nzc3,ECEN
VGVhY2hlci0yMDU3NzU5,GEN
VGVhY2hlci0yOTIyNTY3,ENGL
VGVhY2hlci0yOTUzNzQy,ART
VGVhY2hlci0xMjE1Mjg1,INST
VGVhY2hlci0yMTMzMTgw,KINES
VGVhY2hlci0yOTMxODc3,STAT
VGVhY2hlci0yNzg1MDIw,CSCE
VGVhY2hlci00NzcxNjg=,PHIL
VGVhY2hlci0yNzQzOTAz,CHEM
VGVhY2hlci0xNjMxNjM4,SOCI
VGVhY2hlci0zMDUxOTE4,SPMT
VGVhY2hlci0yNTg1OTE3,FYEX
VGVhY2hlci0yMzA5OTI0,SOCI
VGVhY2hlci0yNjM0MTkz,BESC
VGVhY2hlci0xMzUzODMx,OCNG
VGVhY2hlci0zMTQ4MTcz,HIST
VGVhY2hlci0zMDUzNDI0,RDNG
VGVhY2hlci0xOTQyNzU4,MATH
VGVhY2hlci0yNTY1Nzc4,ECONOMICS
VGVhY2hlci01NTEwMDg=,TEFB
VGVhY2hlci0yNTczMTY1,MATH
VGVhY2hlci0xMzk2OTEz,POLS
VGVhY2hlci0yMTQ1Njgz,ACCT
VGVhY2hlci0yNzkwMTIw,MATH
VGVhY2hlci0yNTIzNjQ1,MEEN
VGVhY2hlci0xMDY3NDA0,AGSM
VGVhY2hlci0yNTg2MTc1,PBSI
VGVhY2hlci0yMjcwNDA2,INST
VGVhY2hlci0yNDg1OTc3,PHIL
VGVhY2hlci0yNjA2MTI3,HIST
VGVhY2hlci0yMDA0Mjky,SPANISH
VGVhY2hlci0yMTAyNzgz,ECMT
VGVhY2hlci0yMzcwODIx,VIBS
VGVhY2hlci0yMTkzNzMy,POLS
VGVhY2hlci0yNzY2NzM4,MSEN
VGVhY2hlci0yMDgxMjQ1,TEFB
VGVhY2hlci03Mjg3Mjk=,PSYCH
VGVhY2hlci0yNTUyNzAz,MEEN
VGVhY2hlci0xODI4ODIz,SPAN
VGVhY2hlci0xMjMzNDIy,ENG
VGVhY2hlci0yMDg2MDk5,ENGL
VGVhY2hlci0yNzY1MTM0,PHLT
VGVhY2hlci0zMDU3MDg3,AGEC
VGVhY2hlci0yMDE4OTY1,MUSC
VGVhY2hlci0yOTQ3ODc2,MATH
VGVhY2hlci0yMDI4MTI2,MATH
VGVhY2hlci0zMDg5MjIz,MEEN
VGVhY2hlci0yNjAzNTE1,RWFM
VGVhY2hlci0yNzg1NDM2,COMM
VGVhY2hlci0yMjc4MzU2,PSYC
VGVhY2hlci0yMjAwMzg4,SOC
VGVhY2hlci0yMTA0NDA0,KINE
VGVhY2hlci0yMzYwMzc4,PHLT
VGVhY2hlci0yMjcyNjAw,CSCE
VGVhY2hlci0xMzkwMjU5,CHEM
VGVhY2hlci0yOTgwNTAx,ESET
VGVhY2hlci02MjU0MzU=,HLTH
VGVhY2hlci0yMTk4MzE4,PSYCH
VGVhY2hlci0yNTEwNzIz,HONR
VGVhY2hlci0yNDU3NDgx,FINC
VGVhY2hlci0xMzk4ODA5,PETE
VGVhY2hlci0xNjIwNjIy,ECEN
VGVhY2hlci0yMjc4MDA0,MSEN
VGVhY2hlci0yMzYwOTM5,MGMT
VGVhY2hlci0yMDEzNTY4,COMM
VGVhY2hlci0yMTMwOTEx,ENGR
VGVhY2hlci0yNTI2MDUy,COMM
VGVhY2hlci0yMjE5OTI3,RELS
VGVhY2hlci0yNTg2MjQy,COM
VGVhY2hlci0yMzY1NzM4,NRSC
VGVhY2hlci0yMzM3NTgw,CHEM
VGVhY2hlci0zMDU2NzAx,MSEN
VGVhY2hlci0yNDg3MjE4,MGMT
VGVhY2hlci0yOTA1OTI3,SPMT
VGVhY2hlci0yOTU2ODgx,MGMT
VGVhY2hlci0yNTk1ODkw,MATH
VGVhY2hlci0xOTYwNDE5,WGTS
VGVhY2hlci0xNzEwNDY4,COMM
VGVhY2hlci0yNjU1ODcx,CSCE
VGVhY2hlci0yNDg1ODk4,ECON
VGVhY2hlci0zMTQ3NTQx,RWFM
VGVhY2hlci0yMzk1MjYw,MEEN
VGVhY2hlci0xOTk5MDkz,MGMT
VGVhY2hlci0yMTUxODY1,ARTS
VGVhY2hlci0yMDI0MTMy,MSEN
VGVhY2hlci02NjIyODk=,PSYCHOLOGY
VGVhY2hlci0yMzEyNDYz,MEEN
VGVhY2hlci0zMDU0OTQ3,PSAA
VGVhY2hlci0yMTQyNDEz,ESSM
VGVhY2hlci0yMTkyMjQ3,BUSN
VGVhY2hlci0yMDA2OTM0,SPAN
VGVhY2hlci0yNzc1OTY1,CSCE
VGVhY2hlci0yOTA2MzA2,CSCE
VGVhY2hlci0xOTUzNzU5,GEOLOGY
VGVhY2hlci0yNDkxOTA5,NUEN
VGVhY2hlci0yMTU2MDM1,KINE
VGVhY2hlci0yMjEzMTA1,STAT
VGVhY2hlci0yNjk5OTgz,BESC
VGVhY2hlci0yMzU4MzQ2,EDCI
VGVhY2hlci0yMzQ5MTA3,INST
VGVhY2hlci0yNjY1Nzc2,BIOL
VGVhY2hlci0yMjM0MjE3,GERM
VGVhY2hlci0yNDg4ODU3,CSCE
VGVhY2hlci0yNTAzNDM4,ENDS
VGVhY2hlci0yNzUwNjQ2,ANTH
VGVhY2hlci01NDcwMTg=,GEOGRAPHY
VGVhY2hlci0xOTUxOTIw,MATH
VGVhY2hlci0yOTUxNDg3,URPN
VGVhY2hlci0yMDAzMTcx,IDIS
VGVhY2hlci0yNTk0NTIx,GEOL
VGVhY2hlci0yMzI0MTI3,ENG
VGVhY2hlci0yMDcyMTcz,MATH
VGVhY2hlci0yMjEyMjIw,ENGLISH
VGVhY2hlci0yMDc0MjE2,RDNG
VGVhY2hlci0yMDM5NjE5,CSCE
VGVhY2hlci0yMDAzOTE5,BIOL
VGVhY2hlci0zMDQ0MDMx,SOCI
VGVhY2hlci0zMTI3NTcy,PSYCHOLOGY
VGVhY2hlci0yODY1ODMx,MEEN
VGVhY2hlci0yNzg5NDQ4,MEEN
VGVhY2hlci04NjgxOTU=,ANSC
VGVhY2hlci0xOTMwMzY2,MATHEMATICS
VGVhY2hlci0yMTA0NjE1,COMM
VGVhY2hlci0yNDc3NTk3,TEFB
VGVhY2hlci0xODIxMjc1,ACCT
VGVhY2hlci0yMjk1NDc2,MUSIC
VGVhY2hlci0yNjA4MzY4,STAT
VGVhY2hlci0yMTUwMjIy,ARSC
VGVhY2hlci0xODA3ODE4,ENG
VGVhY2hlci0zMDM3NzQy,MATHEMATICS
VGVhY2hlci0yNDQzNjYz,ECON
VGVhY2hlci0xNTQ0Ng==,PSYCH
VGVhY2hlci0yNTI5NDY0,GERM
VGVhY2hlci0yOTEwOTc5,CHEN
VGVhY2hlci0yNzA5Mjk1,VIBS
VGVhY2hlci0xNTc1NjA4,ENDS
VGVhY2hlci0yNTkyMjU4,PHYS
VGVhY2hlci0yNDI3ODc5,ENGL
VGVhY2hlci0yMzIzMTg4,SPTM
VGVhY2hlci0yNjk5MzMz,ACCT
VGVhY2hlci0yMjExMDEx,INST
VGVhY2hlci0yOTQ2MzQ5,MATH
VGVhY2hlci0yNTIwMzk2,CSCE
VGVhY2hlci0yMzczODA3,ENDS
VGVhY2hlci0zMDk5NzMw,IDIS
VGVhY2hlci0yOTAwMjA2,ANTHROPOLOGY
VGVhY2hlci0yODQxNzQ2,SPMT
VGVhY2hlci0yMjcwODMz,PHIL
VGVhY2hlci0yNDExMTM4,PHYC
VGVhY2hlci0yOTk3MDYx,AGRICULTURE
VGVhY2hlci0xOTYzMTYw,VIST
VGVhY2hlci0yMTY1NzA4,MATH
VGVhY2hlci0yNDg0Mjg3,AFST
VGVhY2hlci0xOTg2NjQ5,CHEM
VGVhY2hlci0yNDUyMjI5,COMM
VGVhY2hlci0zMDI5NTc5,HLTH
VGVhY2hlci0yMjM3MDEw,ELI
VGVhY2hlci0yMzU4MzUw,EDCI
VGVhY2hlci0yOTQ4MTY2,MEEN
VGVhY2hlci0yNTIyODM3,GEOG
VGVhY2hlci0yNTE0MTU4,BIOL
VGVhY2hlci0yNDQwMzc3,SOCI
VGVhY2hlci0xMjMzNDIy,ENGL
VGVhY2hlci0yMjgyMTQ3,ENGR
VGVhY2hlci0yMTI1NTg2,ENG
VGVhY2hlci04MzMzNzU=,GOGE
VGVhY2hlci0yMTUzNzIz,VTPP
VGVhY2hlci0yNzc1Mjky,PHYS
VGVhY2hlci0yMjA4NzA0,NRSC
VGVhY2hlci0yNDQ1NzIy,STAT
VGVhY2hlci0yNDQ0MTk3,MEEN
VGVhY2hlci0yNDA0NDEw,COS
VGVhY2hlci0yNTM0NTUx,CLEN
VGVhY2hlci0yNDEzMzU4,MASC
VGVhY2hlci0yNTAyMzc3,COMM
VGVhY2hlci0zMDE1MDQ2,MST
VGVhY2hlci0yNDkyOTcy,MASC
VGVhY2hlci0yMzg1NzEy,KINE
VGVhY2hlci0xMzI5NzQw,BIOLOGY
VGVhY2hlci0yMDIyNTE3,GOV
VGVhY2hlci0yODQ1NzAx,CSCE
VGVhY2hlci0yMzAzODIz,ENGL
VGVhY2hlci0yNzEyMzM3,SOCI
VGVhY2hlci0xOTQwODcy,MATH
VGVhY2hlci0yNjQzNDM1,ATMO
VGVhY2hlci0xMTczNzM5,PSYC
VGVhY2hlci0yODAxMjg2,HORT
VGVhY2hlci0xOTU3OTk4,PSYCHOLOGY
VGVhY2hlci0yMTQ1MjQ4,ARCHITECTURE
VGVhY2hlci0xMDgxMTU5,INTA
VGVhY2hlci0xMzk4Nzk5,ENGR
VGVhY2hlci0yMjYwODk2,TCMG
VGVhY2hlci0yMjYxODUw,PSYC
VGVhY2hlci0yNzM4MzU5,MATH
VGVhY2hlci0yMjIxNTIy,CSCE
VGVhY2hlci0yOTgxOTMx,STAT
VGVhY2hlci0yMzY1NDQx,HLTH
VGVhY2hlci0yODY2OTE2,GENE
VGVhY2hlci0yNTM0NTAw,PSYC
VGVhY2hlci0yMzYzMjQx,SPAN
VGVhY2hlci04Mjky,OCHEM
VGVhY2hlci0yNzk4Mjg1,SOCI
VGVhY2hlci0yMTI3NDM5,POLS
VGVhY2hlci0zMDAyOTYw,PHLT
VGVhY2hlci0yMTcyMDI4,SPMT
VGVhY2hlci0yMjU3MjIz,ALED
VGVhY2hlci0xNjA3MDA3,PSYC
VGVhY2hlci0yMTA0MTcz,MATH
VGVhY2hlci0zMDQ4Mzcx,HONR
VGVhY2hlci04NDcxMw==,BIOL
VGVhY2hlci03MDQwMzY=,PHIL
VGVhY2hlci0yNTcyNTMw,MKTG
VGVhY2hlci0xMzcyOTcy,MKTG
VGVhY2hlci0yMzgyNzIz,CHEN
VGVhY2hlci0yMjY4MjU5,KINE
VGVhY2hlci0yMDYxMDgw,ENG
VGVhY2hlci0yNDE5MzMy,SPAN
VGVhY2hlci0yNDAzNDA2,CSC
VGVhY2hlci0yNDc3NTQz,HIST
VGVhY2hlci0yNDIwMjQx,COM
VGVhY2hlci0yNjk3MDk0,BIMS
VGVhY2hlci0yNzk0MzQ1,ISEN
VGVhY2hlci0yMjIzMjYw,CHEN
VGVhY2hlci0yMTY3Nzcw,ART
VGVhY2hlci0xMDg4NzE3,PHYS
VGVhY2hlci0yMTI5NTk0,CVEN
VGVhY2hlci0yMDkwOTY=,INFO
VGVhY2hlci0yMjgxNDA1,PETE
VGVhY2hlci0yOTk5OTI5,AGRICULTURE
VGVhY2hlci04NjE0MzA=,ENG
VGVhY2hlci04NzgwMDE=,ENG
VGVhY2hlci0yMzI0MTI3,ENGL
VGVhY2hlci0yNjk4NzIz,ENGL
VGVhY2hlci0yNzk1MDEy,ENGL
VGVhY2hlci0zMDAyMDY0,FINC
VGVhY2hlci01MDUyMjQ=,VETMICROBIOLOG
VGVhY2hlci0xOTYyMzQ2,PHYS
VGVhY2hlci0yOTEwOTE4,MTH
VGVhY2hlci0zMjI3NjE=,CSCE
VGVhY2hlci0yMjQ4MzYx,URPN
VGVhY2hlci0yNzM0Mjg5,MAMM
VGVhY2hlci0yNzg1NzYw,AGEC
VGVhY2hlci0xODA3ODE4,ENGL
VGVhY2hlci0xODYxMjI2,ENGL
VGVhY2hlci0yNDI0NzA2,ANT
VGVhY2hlci0yNzkyOTI4,ARCHITECTURE
VGVhY2hlci0yMjA5MjIx,PS
VGVhY2hlci0xOTY3Nzcz,KINE
VGVhY2hlci0yNTQzNTk0,MATH
VGVhY2hlci0xOTc5NDc5,MATHEMATICS
VGVhY2hlci0yMTY1MDI0,KINES
VGVhY2hlci0xMzM4NzYx,ATSRO
VGVhY2hlci0yNzE1MTc3,ENGR
VGVhY2hlci0yMzU4MzQ0,STAT
VGVhY2hlci0yOTA0Njcx,MGMT
VGVhY2hlci0yMDc1Mjk5,EHRD
VGVhY2hlci0zMTA1MjYz,PHLT
VGVhY2hlci04Mzg5ODU=,SOCI
VGVhY2hlci0yNjkzMDI1,SOCI
VGVhY2hlci0yNTU0NTIw,BICH
VGVhY2hlci0yOTI3MTk1,ENGINEERING
VGVhY2hlci0yNDU1NjIx,SOCIO
VGVhY2hlci0yODg3Mjgz,BIMS
VGVhY2hlci0yNjg4MDk5,CVEN
VGVhY2hlci03NDAzMTU=,MATH
VGVhY2hlci0zMDY5NDcx,AREN
VGVhY2hlci0yMzA4OTc5,PHYS
VGVhY2hlci0yNDkxOTMz,MGMT
VGVhY2hlci0yNDgzMzc0,CALC
VGVhY2hlci0yNjM1MTk4,CHEN
VGVhY2hlci0yODQyOTcy,POLS
VGVhY2hlci0xMDg5NTAx,ENGL
VGVhY2hlci0yMzM1MTY1,NFSC
VGVhY2hlci0yMTAyODE1,PSYC
VGVhY2hlci0yODU1OTYw,OCNG
VGVhY2hlci0yOTE1ODM4,ENGLISH
VGVhY2hlci0yMjQ3ODQ1,MATH
VGVhY2hlci0yMjcyNjcy,MATH
VGVhY2hlci0yOTYzNDg3,AERO
VGVhY2hlci0yMDY0NzQ0,ANSC
VGVhY2hlci0xODc3OTkw,ENGR
VGVhY2hlci0yMTI1NTg2,ENGL
VGVhY2hlci0yMjAxMjE5,KINE
VGVhY2hlci0xMzc0NTY5,ANTH
VGVhY2hlci0yNDM2MTIy,CSCE
VGVhY2hlci0xOTQwODAx,ENGR
VGVhY2hlci0xOTY2Mzk4,ECON
VGVhY2hlci0yMjc1Nzg2,CHEM
VGVhY2hlci0yNzk5MjAw,ECEN
VGVhY2hlci0yNTk0MzI3,OCNG
VGVhY2hlci0yNDU2MjI2,POSC
VGVhY2hlci0yNTkyNDM2,STAT
VGVhY2hlci0yOTI2MjEw,STATISTICS
VGVhY2hlci0xNzExMzEx,ECMT
VGVhY2hlci0xNDM4NjQ4,OCNG
VGVhY2hlci03Mjg3Mjk=,PHYC
VGVhY2hlci0yOTQyMDUw,ENGL
VGVhY2hlci0yOTU0ODIw,PLAN
VGVhY2hlci0xOTY2MjY0,ATHLETICS
VGVhY2hlci0yNDQ0OTYw,SPMT
VGVhY2hlci0xODgzNjcz,POL
VGVhY2hlci0yODQ4MjQ3,ISEN
VGVhY2hlci0xMTY4NDMy,BIOL
VGVhY2hlci0yNDcxOTM3,GENE
VGVhY2hlci0yNTgzODcw,CSCE
VGVhY2hlci0yOTA2OTUy,MARKETING
VGVhY2hlci0yMTY2NzYw,HIST
VGVhY2hlci0yMzk5MzE0,ATMO
VGVhY2hlci0yMzE1MjQ3,AGEC
VGVhY2hlci0yNjkwNzky,ARCH
VGVhY2hlci0yOTIzNTU4,ARSC
VGVhY2hlci01MjI0MzI=,CHEM
VGVhY2hlci0yMTczOTIw,ACCT
VGVhY2hlci0xNDY1MDMz,INFO
VGVhY2hlci0yNjI5Mzg4,ENTO
VGVhY2hlci0yOTExNDM0,SOCI
VGVhY2hlci0yNTY2NTM0,ANTH
VGVhY2hlci0yNDE2NjM5,ECON
VGVhY2hlci0xODcyOTUy,KINE
VGVhY2hlci0yOTMyMDQ0,ISTM
VGVhY2hlci03MzQ4ODU=,HIST
VGVhY2hlci0yODA4MjAw,MEEN
VGVhY2hlci0yMDQ1Mzcw,COMMUNICATION
VGVhY2hlci0yNTI5MTg5,GEO
VGVhY2hlci0zMDU2NTE2,GEOG
VGVhY2hlci0yMTAxOTAw,CSCE
VGVhY2hlci0zMTE2MTY5,BICH
VGVhY2hlci0yNzI5NTcx,BIOL
VGVhY2hlci0xODY5MjU2,KINE
VGVhY2hlci02MzM4MA==,PHYS
VGVhY2hlci0xMDY4NDY0,ENG
VGVhY2hlci0zMDU2Mzgw,AGEC
VGVhY2hlci0zMTEyMzQ1,RLST
VGVhY2hlci0xOTU0NDcy,POLS
VGVhY2hlci0yMzY2MTE4,IDIS
VGVhY2hlci0yMDcxMTE0,CSCE
VGVhY2hlci0xOTAzODA3,KINE
VGVhY2hlci0yNjQ4MTU2,URPN
VGVhY2hlci0yMzE4MTg2,MGMT
VGVhY2hlci0yNzcwNzEy,SPAN
VGVhY2hlci0yMDM3Njg0,ECON
VGVhY2hlci0xODc3NzAz,TEFB
VGVhY2hlci0yNTg5NzA0,ENGL
VGVhY2hlci0yNDUxMjE2,NUEN
VGVhY2hlci0yNzEyNDE5,PHIL
VGVhY2hlci0xOTAzNzk2,AERO
VGVhY2hlci0yMDYxMDgw,ENGL
VGVhY2hlci0yODQ1ODA0,PHYS
VGVhY2hlci0yNDI1MTM0,ALED
VGVhY2hlci0yMjMzNjI5,CHEN
VGVhY2hlci0yMTMzNDYx,GNDR
VGVhY2hlci0yMDY0NzQ0,ANSCHNRS
VGVhY2hlci04NjE0MzA=,ENGL
VGVhY2hlci0yOTQyMDQ3,ENGLISH
VGVhY2hlci04NzgwMDE=,ENGL
VGVhY2hlci0yNzgzMjQz,CHEM
VGVhY2hlci0yMTQxMTc5,ENGL
VGVhY2hlci0xNjMxNjQ0,SOC
VGVhY2hlci0zMDg2ODg3,GEOL
VGVhY2hlci0yMTQ5MjU5,STAT
VGVhY2hlci0yNjMyMDE5,GEOL
VGVhY2hlci0yMjczNjUy,NUEN
VGVhY2hlci0yMTIzODQy,EDCI
VGVhY2hlci0yMDYxNzY5,GOVT
VGVhY2hlci0yMzE1MzYw,HORT
VGVhY2hlci0yMDYzNjY4,MATH
VGVhY2hlci0yNjMyNjA3,HIST
VGVhY2hlci0yMjIzNDQ2,STAT
VGVhY2hlci0yNDUyMTY2,ISEN
VGVhY2hlci0yMjc3NjY3,RPTS
VGVhY2hlci0yMTkyMDM2,PSYC
VGVhY2hlci0yMDEwNzEz,HRD
VGVhY2hlci0yMTQ0OTYy,ECEN
VGVhY2hlci0yODk1OTI2,MEEN
VGVhY2hlci0yMTI4MDEx,AGCJ
VGVhY2hlci0yMDQzMDcx,VIST
VGVhY2hlci0yODM1MTEz,PHILOSOPHY
VGVhY2hlci0yNDcxODI2,ECON
VGVhY2hlci0yMzQwNDQw,ANSC
VGVhY2hlci0yMDYzMTc4,SOCI
VGVhY2hlci0yODUxMzY2,POLS
VGVhY2hlci0yMDgyMzY3,MEEN
VGVhY2hlci0yNTA3MDI0,ACCT
VGVhY2hlci0yNjQ3NzE2,SPMT
VGVhY2hlci0xNzkzMjIz,PHIL
VGVhY2hlci0yMTQ0NDMx,HLTH
VGVhY2hlci0xODkzMjMw,ENGL
VGVhY2hlci02MjM0Njc=,GRADASSESSMENT
VGVhY2hlci03MzA4NTM=,AGEC
VGVhY2hlci0yNTEwMTI0,STAT
VGVhY2hlci0xOTk1NDYy,POLS
VGVhY2hlci02NjA2Mjk=,HORTSECT
VGVhY2hlci0zMDY5Mjg3,ACCT
VGVhY2hlci0xNjIxNjM3,CHEN
VGVhY2hlci0xODM1NDg0,INTA
VGVhY2hlci0zMTE5Njg2,PBSI
VGVhY2hlci0yOTk2MjA5,MMET
VGVhY2hlci0yMDYyNTYx,ENGR
VGVhY2hlci0xMjI2OTU3,IBUS
VGVhY2hlci0yMDk2NTk5,ISTM
VGVhY2hlci0yNjU1NjI5,CHEN
VGVhY2hlci0yMzQzMjMx,ECON
VGVhY2hlci0zMTMxNDA1,AGCJ
VGVhY2hlci0yMTE3ODE=,TXHISTORY
VGVhY2hlci0yMzU3MjA0,BIOL
VGVhY2hlci0xOTQwODAx,ENG
VGVhY2hlci0yMDU4MTAz,WFSC
VGVhY2hlci0yMjIxNzc4,MEEN
VGVhY2hlci0yMzQ0OTA0,BIO
VGVhY2hlci0yMTI5MzMy,BIO
VGVhY2hlci0xOTk3OTMx,MATH
VGVhY2hlci0yMzEyMjAx,PERF
VGVhY2hlci0zMDc3MzMy,CSCE
VGVhY2hlci0yNTY2NDQw,PREL
VGVhY2hlci02MjM0Njc=,PSYC
VGVhY2hlci0yNzY3Njg5,ARAB
VGVhY2hlci0zMDQ3MjI2,CSCE
VGVhY2hlci0yNDg0MTUw,NRSC
VGVhY2hlci0yMzQ3ODQw,CVEN
VGVhY2hlci0yMTUzMDE0,BIMS
VGVhY2hlci05MjMzMDc=,ANSC
VGVhY2hlci0yMjU5NzY3,ISEN
VGVhY2hlci0yMjQ3ODE1,SOCI
VGVhY2hlci0yMDExODU1,ATMO
VGVhY2hlci0yMzU4NDU1,SPAN
VGVhY2hlci0yNjQzMTE4,SPANISH
VGVhY2hlci0xMzM0Mzg4,ANTH
VGVhY2hlci0yODYzNTE0,PHYS
VGVhY2hlci0yMTQwOTQ0,MKTG
VGVhY2hlci0xOTAzODA4,MAT
VGVhY2hlci0xOTUxNzE1,PSYCHOLOGY
VGVhY2hlci0yNzczNjI0,OCNG
VGVhY2hlci0yMTA1MTcz,ANSC
VGVhY2hlci0yMDU4MjI0,KINS
VGVhY2hlci0yODQ0ODAx,SPMT
VGVhY2hlci0yMDkwODQz,AFST
VGVhY2hlci04OTkwNTI=,MATH
VGVhY2hlci0yNDgzNDg5,SCSC
VGVhY2hlci0yODAyMDU0,SPAN
VGVhY2hlci0yNDExMTM4,PSYC
VGVhY2hlci0zMDgyOTM5,BICH
VGVhY2hlci0yMTYwNjg1,ENG
VGVhY2hlci0yNzAyMzY0,SCMT
VGVhY2hlci0zMDcwNDI4,CVEN
VGVhY2hlci0yMTk1MDU3,WFSC
VGVhY2hlci0yMjAwMzgy,ASTR
VGVhY2hlci0xNzgxNDM0,INFO
VGVhY2hlci0yMzA0NDM2,SPAN
VGVhY2hlci0yMjgxNzMy,GEO
VGVhY2hlci0zMDA4MjQ0,HOSPITALITY
VGVhY2hlci0yNjM3Njg2,MATH
VGVhY2hlci0yOTQ3OTY0,MATHEMATICS
VGVhY2hlci0xNDY5NzIy,PHYS
VGVhY2hlci0xMzM0OTUz,HTM
VGVhY2hlci0yMjg4NDQw,AERO
VGVhY2hlci0yNzg4MTg2,ANTH
VGVhY2hlci0yNDU3NzUw,ARTS
VGVhY2hlci0yNDI1MTM0,RPTS
VGVhY2hlci0yMzc5NDUy,MATH
VGVhY2hlci0yODc0NDIw,NRSC
VGVhY2hlci0yNzk0OTQ5,CSCE
VGVhY2hlci0yOTgyOTIy,FINC
VGVhY2hlci0yNTg3MTQ3,EDCI
VGVhY2hlci0yMTI1NjY1,CVEN
VGVhY2hlci0zMTExMzUy,PETE
VGVhY2hlci0xOTU0NTcw,INTS
VGVhY2hlci02ODM1NTQ=,MGMT
VGVhY2hlci0yMzU3NjI0,PSYCH
VGVhY2hlci0xNjMxNjUw,SOCISOCI
VGVhY2hlci01MjczODY=,AMERICANNATL
VGVhY2hlci0yMTc5ODQ5,PSYCH
VGVhY2hlci0yMzY1NDQx,HEFB
VGVhY2hlci0xNDU2OTcy,GENE
VGVhY2hlci0zMDM5Mzkw,MATH
VGVhY2hlci0xNTk3OTYz,PSYC
VGVhY2hlci0xOTYxMjQ3,HIST
VGVhY2hlci0xMzExOTMx,HIST
VGVhY2hlci0yMDE2NTIx,INST
VGVhY2hlci0zMTQ4NTU2,MANAGEMENT
VGVhY2hlci0yNDcxNDAy,SCSC
VGVhY2hlci0yNjY5NjE1,ESET
VGVhY2hlci01MjI0MjQ=,BIOLOGY
VGVhY2hlci0yMDAxNDc1,CHEM
VGVhY2hlci0yMTI1NDY0,ENGR
VGVhY2hlci0yMTk4NDUw,VTPP
VGVhY2hlci0yMzI5Nzkw,URPN
VGVhY2hlci0yMzA3NTQw,POLS
VGVhY2hlci0yMTQ4ODc0,BIOL
VGVhY2hlci0yOTUxNTc5,PSYC
VGVhY2hlci0yMjA2Nzk5,ECON
VGVhY2hlci0xNTk2MTA1,PHYS
VGVhY2hlci0zMDM4MDQ3,TEFB
VGVhY2hlci01MTM4MjU=,ISEN
VGVhY2hlci05MzQ1NzY=,CSCE
VGVhY2hlci0xOTc5Mzc4,VIST
VGVhY2hlci0yNTc2Nzg0,MUSC
VGVhY2hlci0xMDUyNjgx,MATH
VGVhY2hlci0yNzkzMDAw,HLTH
VGVhY2hlci0yOTc2OTYw,HMGT
VGVhY2hlci0xOTM5MTU5,SOCIOLOGY
VGVhY2hlci0yNzEyNTcx,FINC
VGVhY2hlci0yMjg1NDI4,MSEN
VGVhY2hlci0yMDU3NzU5,GENE
VGVhY2hlci0zMDY5NzQ1,MGMT
VGVhY2hlci0zMDg3NTkz,STAT
VGVhY2hlci0yMzk4OTE0,ITAL
VGVhY2hlci0zMDI5NDg0,SPMT
VGVhY2hlci02NjIxODM=,HISTORY
VGVhY2hlci0zMDEwODUy,HLTH
VGVhY2hlci0yNzM2Nzc3,DAYCARE
VGVhY2hlci0yNDc2Nzcz,COMM
VGVhY2hlci03MjU1MTg=,MATH
VGVhY2hlci0yNTA3Njg3,MSEN
VGVhY2hlci0yMjU1OTA1,JOUR
VGVhY2hlci0xMzM4Mjgw,SOCIOLOGY
VGVhY2hlci0yMzY1NDI0,SCSC
VGVhY2hlci0xMjYwNDA0,HIS
VGVhY2hlci0xNTYxNjE1,GEOGRAPHY
VGVhY2hlci0xNjY3NDAx,MATH
VGVhY2hlci0yNjA2OTcy,MATH
VGVhY2hlci0yMTUyOTIw,STAT
VGVhY2hlci05NTEyMDE=,PHYS
VGVhY2hlci0yMTI2ODM1,INST
VGVhY2hlci0xMTAxNjE3,AGRI
VGVhY2hlci0yMTM5NzQ2,HLTH
VGVhY2hlci0yNDUxMTg1,CVEN
VGVhY2hlci0yNzI4NzQ5,COMM
VGVhY2hlci0yMTgxMTc5,KINE
VGVhY2hlci0yNTU3OTEw,AERO
VGVhY2hlci0yNTg3MTgx,TEFB
VGVhY2hlci0yMjU5NjYy,AGCJ
VGVhY2hlci0yMDc5NDMx,INTS
VGVhY2hlci0xODIzMDk5,CAL
VGVhY2hlci0yNzMzMDE2,PBSI
VGVhY2hlci0yODg2MzQz,MMET
VGVhY2hlci0yMDYyNTYx,ENG
VGVhY2hlci04NDI2Nw==,MATHEMATICS
VGVhY2hlci0yNDc0NTA0,GEOS
VGVhY2hlci0yNzIzODQw,ENGR
VGVhY2hlci0yNTI3NzUy,VIST
VGVhY2hlci0yMjIwOTgy,CSCE
VGVhY2hlci0yOTQ2NTM4,DECD
VGVhY2hlci0yMDg3MzA4,AGRICULTURE
VGVhY2hlci0yMDkyOTAx,POLS
VGVhY2hlci0yMjI2ODk5,MATH
VGVhY2hlci0xMzI0Nzg5,ASIA
VGVhY2hlci0yNDcxNTI5,AGSM
VGVhY2hlci0yMjkxNjkz,ACCT
VGVhY2hlci0yOTI1NzYw,CSCE
VGVhY2hlci0yMjc3ODE5,LBAR
VGVhY2hlci0yNzY0NDUz,ENGINEERING
VGVhY2hlci0yMDkwOTY=,ISYS
VGVhY2hlci05OTUyNDM=,ANTH
VGVhY2hlci0yNjIwNjAx,MTH
VGVhY2hlci0yMzIzMTg4,SPMT
VGVhY2hlci0yNDQwNzk1,ANSC
VGVhY2hlci0xNTI0MzUz,HIST
VGVhY2hlci0xOTAwMzc0,BICH
VGVhY2hlci0xOTU4ODgx,PSYC
VGVhY2hlci0yNjc5ODcx,ECON
VGVhY2hlci0yMjE3NTgy,PHIL
VGVhY2hlci0yNjI0NTgy,ANTH
VGVhY2hlci0yOTY0Nzg1,MGMT
VGVhY2hlci0yMDYzNTI0,ITSM
VGVhY2hlci0yMTYwNjg1,ENGL
VGVhY2hlci0yMDYyNjc2,ARCH
VGVhY2hlci0yMDAwNTI2,KINES
VGVhY2hlci0xNTg1MDAy,HIST
VGVhY2hlci0yMDE4MDQx,COMM
VGVhY2hlci0yMDM5ODQ1,SOCI
VGVhY2hlci0yMzA3Njk0,ANSC
VGVhY2hlci0xODcxODc0,CSCE
VGVhY2hlci0xOTYyMzcz,ANTHROPOLOGY
VGVhY2hlci0yMzU3MzE2,ANTH
VGVhY2hlci0zMTQzNjQx,CVEN
VGVhY2hlci0yMjIyODIw,ENGR
VGVhY2hlci0yNzQ3OTIz,MATH
VGVhY2hlci0xMzIwNDk0,BIO
VGVhY2hlci0yMjk2MDQ4,VIST
VGVhY2hlci0xNDg0Njg0,GEOG
VGVhY2hlci0yODMwMzI5,MATH
VGVhY2hlci0xODYwMTk2,CHEM
VGVhY2hlci0zMDExOTk1,MATHEMATICS
VGVhY2hlci03MjgyMTE=,ENTO
VGVhY2hlci04NTY3NTU=,BICH
VGVhY2hlci0xNzIzODQy,ANTH
VGVhY2hlci0yNzg1NDM2,MGMT
VGVhY2hlci0zMTUyNDU4,SOCI
VGVhY2hlci0yMzk2Mjk2,OCHEM
VGVhY2hlci0yNzI5MDU0,POLS
VGVhY2hlci0yNDI3NDc0,SCSC
VGVhY2hlci0yMDMxOTk0,ANTH
VGVhY2hlci0yMzQzMzIz,CSCE
VGVhY2hlci03Mjg3Mjk=,PSYC
VGVhY2hlci0yMjU4MzA4,VTPP
VGVhY2hlci02NjIyODk=,PSYCH
VGVhY2hlci0yNDM3NzY5,ANTH
VGVhY2hlci0yMzY2MTUx,MEEN
VGVhY2hlci0yMDYyNTYx,NUEN
VGVhY2hlci0yNzAyMTAw,ECON
VGVhY2hlci0yNTIzOTE0,ENGL
VGVhY2hlci0yNjM5OTk2,ACCT
VGVhY2hlci0yNjk1NDMx,GEOG
VGVhY2hlci0yMDYyNzcx,HLTH
VGVhY2hlci0yOTk4NTgw,INST
VGVhY2hlci0yNzM4OTIy,EDCI
VGVhY2hlci0xNjMwNzE5,PSYC
VGVhY2hlci0yMjEyNjM3,MKGT
VGVhY2hlci0yNTQzMzQw,ECON
VGVhY2hlci0xNjU3NTcx,POLS
VGVhY2hlci0yNjMxMTMx,SOCI
VGVhY2hlci0zMDEwMDI5,CSCE
VGVhY2hlci0yNjk2ODk5,ECON
VGVhY2hlci0yOTI3MTk1,DAEN
VGVhY2hlci0zMTA2MDA2,NUTR
VGVhY2hlci0yNzMyMDc0,CLAS
VGVhY2hlci0xNTg4MzQ3,CHEMISTRY
VGVhY2hlci0xNjM0OTEy,PSYC
VGVhY2hlci0xOTQ0MjI3,STATISTICS
VGVhY2hlci0yOTAyOTY5,MASC
VGVhY2hlci0yMjE2MDgx,URPN
VGVhY2hlci01ODI5OA==,MATHEMATICS
VGVhY2hlci03NjI5NTE=,PSCYC
VGVhY2hlci0yMDAwMDQy,ENGL
VGVhY2hlci0yMjY0NzMz,BIOL
VGVhY2hlci0yMzY2NDE0,BUSN
VGVhY2hlci0yODk5NTMy,ENGR
VGVhY2hlci0xMzMxOTg5,PHYS
VGVhY2hlci0yNzU0MDkz,MATH
VGVhY2hlci0zODUyNzg=,SCSC
VGVhY2hlci0yNzg5ODYz,PSYCHOLOGY
VGVhY2hlci05Njg=,GEOG
VGVhY2hlci0yMDQ2ODcz,HLTH
VGVhY2hlci0yMTYxNjg5,FINC
VGVhY2hlci0yMzg4NzA5,MEEN
VGVhY2hlci0yMzI0MjY3,HLTH
VGVhY2hlci0yNTE5Mzkx,PSYC
VGVhY2hlci0yNjM0Mjgw,ART
VGVhY2hlci0zMDQyNTE4,HOSPITALITY
VGVhY2hlci0xNjQwODUy,BIOLOGY
VGVhY2hlci0yMDcyNjA2,BIO
VGVhY2hlci0zMDQzNDM4,COMMUNICATION
VGVhY2hlci0xNTU5MjA4,MAT
VGVhY2hlci0yMzM3NTA1,CSCE
VGVhY2hlci0xOTkxNTYx,GEOS
VGVhY2hlci0zMDQ1OTQ0,PSYCHOLOGY
VGVhY2hlci0yNDYyODU5,SCEN
VGVhY2hlci0yOTg3MzA1,ECEN
VGVhY2hlci0yMjIwOTAx,MATH
VGVhY2hlci0yNzc4MDA5,ARCH
VGVhY2hlci0yMjUxNTEz,ENGL
VGVhY2hlci0yMzE3MjY4,ESSM
VGVhY2hlci0zMDM1Mzk5,CSCE
VGVhY2hlci0yNDAwMzkw,TCMG
VGVhY2hlci0xMjUzNTc4,RPTS
VGVhY2hlci0zMTMxMTk0,MGMT
VGVhY2hlci0xOTQ1MDY4,ECONOMICS
VGVhY2hlci0yNjA5MzQ2,BLOCK
VGVhY2hlci0yNjE0NTUy,VTPB
VGVhY2hlci0yMjIwOTg2,ECEN
VGVhY2hlci0yNDkzMjkx,MEEN
VGVhY2hlci0yNTI3NTAy,FILM
VGVhY2hlci0yMjM5MDEz,EHRD
VGVhY2hlci0zMDI2NTMz,ANTH
VGVhY2hlci0yNTc0NjA4,MATH
VGVhY2hlci0yMDk2NTk5,ISYS
VGVhY2hlci0yMjYwNTA0,RDNG
VGVhY2hlci0yMjM5NzUy,BICH
VGVhY2hlci0yMzA5ODU5,RPTS
VGVhY2hlci0yNDEwODE4,GEOG
VGVhY2hlci0xMzc2MjI2,GOVT
VGVhY2hlci0xNTM5MDg4,STAT
VGVhY2hlci0yNDI3OTU0,MATH
VGVhY2hlci0zMTQ5NDM2,POLS
VGVhY2hlci0yNzc0Nzc1,PSYCH
VGVhY2hlci0yMjgyMTQ3,PHIL
VGVhY2hlci0xOTAxODg0,ASTR
VGVhY2hlci0xNDk2NDcx,PHYS
VGVhY2hlci0xNDE3NjMy,CHEMISTRY
VGVhY2hlci0yMzUzNzk1,CSCE
VGVhY2hlci0yOTc5NzU2,CVEN
VGVhY2hlci0yMDA3MTgz,ENGR
VGVhY2hlci0yMTc0NjEy,STAT
VGVhY2hlci02NjEwMzQ=,GEOGRAPHY
VGVhY2hlci0xNDM4Mjk2,ASTR
VGVhY2hlci0yMzE2NjQ5,POLS
VGVhY2hlci0yOTYxMTMw,MGMT
VGVhY2hlci0xNTA4NTkx,GEOG
VGVhY2hlci0xNTQ0Ng==,PSYC
VGVhY2hlci0yMTMwODk2,ALEC
VGVhY2hlci0yMTYxNzcx,ANTHRO
VGVhY2hlci0yMjUwNDIz,MATH
VGVhY2hlci0yNjM5MjMx,STAT
VGVhY2hlci0yMTQ4MTc3,ACCT
VGVhY2hlci0yMjIzMjYw,CHEM
VGVhY2hlci0zMTUwNzc4,GEOL
VGVhY2hlci0zMDc1ODQ5,PVFA
VGVhY2hlci0yMjMxMTc2,HORT
VGVhY2hlci0yNjA0Nzk5,PHYS
VGVhY2hlci0xODU3NDcy,CALCULUS
VGVhY2hlci0yMzU2NDg0,EDCI
VGVhY2hlci0xMjEwNjQ4,ENGLISH
VGVhY2hlci0zMDAyMjUz,HLTH
VGVhY2hlci0yNjIzNzQz,NUTR
VGVhY2hlci0yMDYxOTUw,HLTH
VGVhY2hlci0xNTM1NjU=,ANTH
VGVhY2hlci0yMTI5NTkw,ENG
VGVhY2hlci0xOTUxODkx,CHEM
VGVhY2hlci0yMDA1MzQ5,THEATER
VGVhY2hlci0yODYzOTc0,COMM
VGVhY2hlci0yMTM5MTkz,MUSC
VGVhY2hlci0yNzU2MTE2,PHIL
VGVhY2hlci0yNTM3NjQx,CVEN
VGVhY2hlci0xOTAwNzky,HISP
VGVhY2hlci0yNjk4NjU4,PHLT
VGVhY2hlci01NDI5NDQ=,CHEM
VGVhY2hlci0yNzM2MTU2,MATH
VGVhY2hlci0yNjQ2NDQx,MKTG
VGVhY2hlci0yMDc1ODQ0,KINE
VGVhY2hlci04NDcxMw==,SCIENCE
VGVhY2hlci0xOTUwMTU5,ENGLISH
VGVhY2hlci0zMDQxNjI1,POLS
VGVhY2hlci0xOTg3MTc3,SPAN
VGVhY2hlci0yNDI1Mjky,BUSN
VGVhY2hlci0zMDQ1OTMz,POSC
VGVhY2hlci0yMDE4NTAx,SPMT
VGVhY2hlci0yMjE4NTEw,CHEN
VGVhY2hlci04ODIxMjM=,ENGR
VGVhY2hlci0yNTU3MTE3,CHEM
VGVhY2hlci0xODE2MDIx,BESC
VGVhY2hlci0zMDU2OTU0,ECEN
VGVhY2hlci0xMjc3MDc3,RPTS
VGVhY2hlci0yMzQ4NTc0,CSCE
VGVhY2hlci0yOTI1MjY5,ENGLISH
VGVhY2hlci0xOTYzMDU3,AGEC
VGVhY2hlci0xODY1OTEy,SOC
VGVhY2hlci0yNTM0ODY5,CVEN
VGVhY2hlci0yMjI4MjAx,COMM
VGVhY2hlci0yMDg1ODkx,OCNG
VGVhY2hlci0xNjUwNTY5,GEOS
VGVhY2hlci0yOTQ2NDkw,MANAGEMENT
VGVhY2hlci05NzM0Mjg=,MATHEMATICS
VGVhY2hlci0xOTg1MDg3,AFST
VGVhY2hlci0yMzA0OTE5,SOCI
VGVhY2hlci0yNDExODc2,ENGR
VGVhY2hlci0yNTI1OTc5,MSEN
VGVhY2hlci0yNjM4NjIw,EDUCATION
VGVhY2hlci0yNTg2MTc1,NRSC
VGVhY2hlci0yNTI0MTQ2,PHYS
VGVhY2hlci0zMDkxNzI5,VIST
VGVhY2hlci0yNjcwNDIz,MKTG
VGVhY2hlci0yNDUyNDM1,STAT
VGVhY2hlci0yNjkxMzEy,ENGR
VGVhY2hlci0yNTI5MzY3,ATTR
VGVhY2hlci0yMDEyMjMz,ENTO
VGVhY2hlci0yMzQ2MDMx,PLPA
VGVhY2hlci0xODUwMTQx,AGRICULTURE
VGVhY2hlci02NTg1Mzc=,ECO
VGVhY2hlci0xODI0NjUx,SUB
VGVhY2hlci0xOTYwMzY0,HIST
VGVhY2hlci0zMzg5MzI=,ANS
VGVhY2hlci0zMDc0NzU1,ISEN
VGVhY2hlci0xNDQ4MjE3,FRENCH
VGVhY2hlci0zMTQ1NDk5,ARCH
VGVhY2hlci0yODQ4MzIx,CLAS
VGVhY2hlci0yMzAwMDIw,PSYC
VGVhY2hlci0yNDQ3NTYx,BUSN
VGVhY2hlci0yMDQ0MzYw,GEO
VGVhY2hlci0yNjQyNzQ3,KINE
VGVhY2hlci0yMjk4Mzcx,ARCH
VGVhY2hlci0zMDM2OTIz,POLS
VGVhY2hlci0yODU2NDgz,MMET
VGVhY2hlci0yODY2NzQ0,MATH
VGVhY2hlci0yNjIzNzQz,NFSC
VGVhY2hlci0xNTM5MDky,STAT
VGVhY2hlci0yNjQ2ODg5,RPTS
VGVhY2hlci0yNDI3NjUy,NUTR
VGVhY2hlci0yODE4OTky,FINC
VGVhY2hlci0yNTU3MzUy,CVEN
VGVhY2hlci01NTEwMDg=,EDUCATION
VGVhY2hlci0yNDAzMDYw,CHEM
VGVhY2hlci00ODk1MzI=,CLAS
VGVhY2hlci0yMDk3MTU5,CHEM
VGVhY2hlci0zMTQ5NDI2,POLS
VGVhY2hlci04Mjk5MjM=,LIGUISTICS
VGVhY2hlci0xNTM0NTU=,MATH
VGVhY2hlci0yMDgyMDU5,SOCI
VGVhY2hlci0yMjAyNzMy,ENGL
VGVhY2hlci0yNzIxNTY0,STAT
VGVhY2hlci0zMDk1OTk0,RDNG
VGVhY2hlci0xNzExNTg1,GEOGRAPHY
VGVhY2hlci0yMTY0NTUx,URPN
VGVhY2hlci0yMjIwOTgz,MEEN
VGVhY2hlci0xOTMzMDQ2,MATHEMATICS
VGVhY2hlci0yMDg2NDM3,SPAN
VGVhY2hlci0xOTQyMzcy,MATHEMATICS
VGVhY2hlci0yNjQ5MTkz,VTTP
VGVhY2hlci0yMjEzMzM5,MSEN
VGVhY2hlci0yMTgzODYz,CALC
VGVhY2hlci0yMzgyNjU4,MATH
VGVhY2hlci0zMDA2NDg0,MKTG
VGVhY2hlci0yODUxMTk4,SOCIOLOGY
VGVhY2hlci0yMDg5ODc1,FTSC
VGVhY2hlci0yNzU1MTUy,EPSY
VGVhY2hlci0yMDg3MzA4,AGLS
VGVhY2hlci0xNDMxNzky,ECON
VGVhY2hlci0zMDEwNjU5,ENGR
VGVhY2hlci0zMDUyMDM1,MEEN
VGVhY2hlci0yNjM1NzI2,PHLT
VGVhY2hlci0xOTUwMjAy,ACCT
VGVhY2hlci0yNzkwMjYw,SCMT
VGVhY2hlci0yNzY3OTQ0,FYEX
VGVhY2hlci0yNjM3NjE0,GEOL
VGVhY2hlci0yNzU0ODg5,COMM
VGVhY2hlci0yMTA1MjUz,ENGL
VGVhY2hlci0yNTM0MjE3,PSYC
VGVhY2hlci0yNDYzNzcz,ECEN
VGVhY2hlci0xNTc0Nw==,SENIORSEMINAR
VGVhY2hlci0yMjAwOTc3,PHIL
VGVhY2hlci0yNTk2MTk3,ENGL
VGVhY2hlci0yMjE5NTk5,IDIS
VGVhY2hlci0yMjczNzIx,GENE
VGVhY2hlci0yNTE1NzM5,AGEC
VGVhY2hlci0yMTQ3Mzc4,COMM
VGVhY2hlci0xMjMzNDIy,WGST
VGVhY2hlci0yNzk1OTAx,MKTG
VGVhY2hlci0yMDk0NDI1,ENGR
VGVhY2hlci0yOTUzNzY3,CSCE
VGVhY2hlci02ODIyNzc=,ECEN
VGVhY2hlci0yMjMyNTE4,FINC
VGVhY2hlci0yMTY1NjE1,ENGR
VGVhY2hlci0yNzIzODU1,RDNG
VGVhY2hlci0yMjY4NjY3,GEOL
VGVhY2hlci0yODkxNDg5,ESET
VGVhY2hlci0yMDgzMTMy,WFSC
VGVhY2hlci0yMjM5MTkz,ISEN
VGVhY2hlci0xODU0NzA0,ENGL
VGVhY2hlci0yNDI3NjUy,NFSC
VGVhY2hlci0yOTA0ODYy,MEEN
VGVhY2hlci0zMDYwNzg4,SOCI
VGVhY2hlci0yMTMxMzYx,FREN
VGVhY2hlci0yNjk0NTI4,PSYC
VGVhY2hlci0yNTc4NjQ1,FINP
VGVhY2hlci0xODkyMzEw,SPMT
VGVhY2hlci0yODc4MzU4,CVEN
VGVhY2hlci0xOTAwNzky,SPAN
VGVhY2hlci0yMjg1MTc2,WFSC
VGVhY2hlci0xMDE1NDQ3,MATHEMATICS
VGVhY2hlci0yMjQ2NjYx,SPAN
VGVhY2hlci0yMjg3NzAw,EPSY
VGVhY2hlci0yNDMxNjk3,RPTS
VGVhY2hlci0xNDYwMjIy,ENGLISH
VGVhY2hlci0yNzU5Mjkz,AERO
VGVhY2hlci0xOTA1NzY1,GEOL
VGVhY2hlci0yOTY5Njk4,CHEM
VGVhY2hlci0yNTIyMzcw,BIO
VGVhY2hlci0yNDM0ODYx,RDNG
VGVhY2hlci0xNzE5ODgy,BIOL
VGVhY2hlci04NDcyMg==,CVEN
VGVhY2hlci0yNDIyMzI1,STATS
VGVhY2hlci0yNjQ5Mjkx,STAT
VGVhY2hlci0yMTc0NzA4,ANTH
VGVhY2hlci0xOTI1MDU4,MATH
VGVhY2hlci0zMDY5NzE3,BUSN
VGVhY2hlci0yMjA4OTgz,MAATH
VGVhY2hlci0yNDU1NzI0,ISEN
VGVhY2hlci0zMDg2MjQx,STAT
VGVhY2hlci0yOTU4NDg0,GEOL
VGVhY2hlci0yMjI1Njc2,VTPP
VGVhY2hlci04MDU4OTY=,STATISTICS
VGVhY2hlci0yMDA3MDc3,ARCH
VGVhY2hlci0yMzA4MjM2,ENGL
VGVhY2hlci0yOTI1NTY3,SOCI
VGVhY2hlci0yODE4MDMw,BIO
VGVhY2hlci0yOTUzNTg2,CVEN
VGVhY2hlci0yMTM2OTA2,EHRD
VGVhY2hlci0yMjU5MjQx,MATH
VGVhY2hlci0yNjA0NDky,MEEN
VGVhY2hlci0yNDMxMjY5,URPN
VGVhY2hlci0yNzk5ODM4,MEEN
VGVhY2hlci0yMTgzMzg1,ENG
VGVhY2hlci03MjQyNjU=,MATH
VGVhY2hlci0xOTEwNzc5,BIOLOGY
VGVhY2hlci0xNjM0OTEy,PSCY
VGVhY2hlci0xOTc4NDIy,MATH
VGVhY2hlci0xODE2NTcw,PHYS
VGVhY2hlci0yMzg4NzA2,CHEN
VGVhY2hlci0yNjI4MzAx,BMEN
VGVhY2hlci0yMTg1Mzg3,EDCI
VGVhY2hlci0yMTEwMjMx,STAT
VGVhY2hlci0yMzEyMjAx,AFST
VGVhY2hlci0xODkwNjY5,SOCI
VGVhY2hlci0yMDA3MDA3,ART
VGVhY2hlci0yMjM5NzUy,CSCE
VGVhY2hlci0yNTk0NDUy,KINE
VGVhY2hlci0yODAyMzEz,POLS
VGVhY2hlci0yNjI3NTUy,AGCJ
VGVhY2hlci0yNzE4Mzgx,HIST
VGVhY2hlci0yNzU5MTQ1,MEEN
VGVhY2hlci0yNzc2NjM5,BIOL
VGVhY2hlci0yMjY4MjIy,BIMS
VGVhY2hlci0yNzA1MzI1,BIOL
VGVhY2hlci0yNjU0OTYy,PSYC
VGVhY2hlci0yMDYzMjE2,ANTH
VGVhY2hlci0yMjAzNzMx,CHEN
VGVhY2hlci0yNjM0MDM5,FIVS
VGVhY2hlci0yNzczODYx,AGEC
VGVhY2hlci0yMTg1Nzk5,PHYS
VGVhY2hlci0yMTU3OTUx,ALED
VGVhY2hlci0xNzkyNDA1,ENG
VGVhY2hlci0yMDc1NTYz,RPTS
VGVhY2hlci0yNzcwMDA1,NUTR
VGVhY2hlci0yMjY3ODUz,PHLT
VGVhY2hlci0yMjEyNTA5,GEOG
VGVhY2hlci0xOTU0NDcy,POL
VGVhY2hlci0xMzExOTMx,HISTORY
VGVhY2hlci0xODU0OTQ1,SOCI
VGVhY2hlci0yMTk2Mzc0,ECMT
VGVhY2hlci03NjAzNTA=,ECONOMETRICS
VGVhY2hlci0xNzU5OTky,HISTORY
VGVhY2hlci0yNjQ0Nzcw,HISP
VGVhY2hlci0xODA2OTU1,GEOG
VGVhY2hlci0zMDUxOTIy,AFST
VGVhY2hlci0yOTI1ODA3,COMM
VGVhY2hlci0yODQ4MTM1,ENGLISH
VGVhY2hlci0yOTg2Mjkx,FINC
VGVhY2hlci0xODI1OTEx,ANSC
VGVhY2hlci0yMzQ1Nzk2,ISEN
VGVhY2hlci0zMTI5NTIx,VIBS
VGVhY2hlci0yNjU0MzMw,GEOL
VGVhY2hlci0xMDgxMTU5,INTS
VGVhY2hlci0xOTQ4NDEz,ENGR
VGVhY2hlci0yMjY4MzA3,MICRO
VGVhY2hlci0xOTQwNzk4,PHYS
VGVhY2hlci0zMDQ2NTY5,EDUCATION
VGVhY2hlci0xOTc0NDU2,ACCT
VGVhY2hlci0yOTE4NTg0,VTPB
VGVhY2hlci0yMDEyMjI5,ENTO
VGVhY2hlci0zMDU5ODI3,POLS
VGVhY2hlci0yMzI4ODM4,POSC
VGVhY2hlci0xMTA0MzYx,FSTC
VGVhY2hlci0yMzY3NDc1,POLS
VGVhY2hlci0xOTUxNzE1,PSYCH
VGVhY2hlci0yMDU0MDE3,SPAN
VGVhY2hlci0yNDEzOTk4,HLTH
VGVhY2hlci04NTU2NzY=,HIST
VGVhY2hlci0yMjAxMDE1,RDNG
VGVhY2hlci0yNjM5Mzk3,ENGL
VGVhY2hlci0yMTM5MTkz,THAR
VGVhY2hlci0xNzc0OTM3,HIS
VGVhY2hlci0yOTA3NTkz,MGMT
VGVhY2hlci0yNzE0Mjc0,ENGR
VGVhY2hlci0yNDgxOTQx,MSEN
VGVhY2hlci0xODI1OTEx,A
VGVhY2hlci0yNDAzMTcw,GEOL
VGVhY2hlci0zMDg5Mjgx,DCED
VGVhY2hlci0yMDc3NDk1,KINESE
VGVhY2hlci0yNjcyNTE2,BUSN
VGVhY2hlci0yNzgxMjU0,BIO
VGVhY2hlci0yMDAxNzEw,ARCH
VGVhY2hlci0yMzg0Nzk1,MATH
VGVhY2hlci0yNjU1MTEw,ISEN
VGVhY2hlci0xNjIyMDc1,JAPN
VGVhY2hlci0yNzc2NTU1,HISTORY
VGVhY2hlci0zMDgzMzU3,ENGL
VGVhY2hlci0yMjAxNzc4,IDIS
VGVhY2hlci0yNTkwNDM4,CVEN
VGVhY2hlci00OTYyMjY=,PHYS
VGVhY2hlci0yNDgwMTY5,ENDS
VGVhY2hlci0yNTgxMjAw,ENGL
VGVhY2hlci0yMDA0ODc0,ENG
VGVhY2hlci02OTY3NTM=,BIO
VGVhY2hlci0xOTg5NjE0,POLS
VGVhY2hlci0xNTY5ODMy,ENGR
VGVhY2hlci0yMTQ0OTU2,ECEN
VGVhY2hlci0xNzE1MDM1,OCGN
VGVhY2hlci0zMDM2MTc2,CONSTRUCTION
VGVhY2hlci0yMzY1NDQx,FYEX
VGVhY2hlci0yMjY3MTM3,ENG
VGVhY2hlci0zMjYyOTU=,FRE
VGVhY2hlci0yOTcwOTUw,MEEN
VGVhY2hlci04ODczODg=,PETR
VGVhY2hlci0yNTA3ODk3,ARTS
VGVhY2hlci0yNDA1NTM4,GOES
VGVhY2hlci0xODM0NTg4,THEATER
VGVhY2hlci0yNTg0ODI4,ATMO
VGVhY2hlci0yMDQ5Mjky,PSYCH
VGVhY2hlci0yMTQ5Mjgw,MATH
VGVhY2hlci0xMzM3NjE2,AGRICULTURE
VGVhY2hlci0xNDM1ODg4,PSYC
VGVhY2hlci0yOTUwOTcw,CHEN
VGVhY2hlci0yMDk5OTEw,FILM
VGVhY2hlci0yMTgzMzg1,ENGL
VGVhY2hlci0yMzgxNjAx,CVEN
VGVhY2hlci0yMDE0OTk0,SOCIOLOGY
VGVhY2hlci0yMzI4MTEz,ENGLISH
VGVhY2hlci0xMTkyMzMy,ENTC
VGVhY2hlci0yMzY3NDEw,VTPB
VGVhY2hlci0yMjYzNTQz,CVEN
VGVhY2hlci0yNTQ3MzQ2,AGEC
VGVhY2hlci0xNjI5NjEz,PHIL
VGVhY2hlci0xMzc0NTY5,POLISCI
VGVhY2hlci0yMzY0MDUx,HIST
VGVhY2hlci0yNTEzMzg3,MATH
VGVhY2hlci0yNTkzODE1,ISEN
VGVhY2hlci0yNzQzNzM4,CHEM
VGVhY2hlci0yMzEzMzgx,MASC
VGVhY2hlci0yOTQyMDM3,BIOL
VGVhY2hlci0xODU2MTA1,CHEMISTRY
VGVhY2hlci0yMDc1Mjgy,GEOS
VGVhY2hlci0xOTI0MzE5,MATHEMATICS
VGVhY2hlci0xNzkyNDA1,ENGL
VGVhY2hlci0yMzE5NTMz,PHLT
VGVhY2hlci0yMjAyNDk2,FREN
VGVhY2hlci0yODUyMTMw,POLS
VGVhY2hlci0yMjU0MTMy,ANTHR
VGVhY2hlci02ODMxMTk=,ANSC
VGVhY2hlci0yMjUxODU5,STAT
VGVhY2hlci0yNzM0NDY3,VTPB
VGVhY2hlci0yMzU3NjI0,PSYC
VGVhY2hlci0xOTg2NjQ5,BIS
VGVhY2hlci0zMDAyMTAw,FINC
VGVhY2hlci0zMDkxMDEz,MUSC
VGVhY2hlci0xOTk3NzAx,HLTH
VGVhY2hlci0yMDcwNjYz,MSEN
VGVhY2hlci0yNDMxMTc5,KINE
VGVhY2hlci0yMDAxMjIw,FIVS
VGVhY2hlci0yMDEzODg2,GEOG
VGVhY2hlci03MzYzNTU=,MATHEMATICS
VGVhY2hlci0zMDU3OTM5,HORT
VGVhY2hlci0yNjM5NzU1,GEOGRAPHY
VGVhY2hlci0yNzU2NDUy,MMET
VGVhY2hlci0xNTYxNjE1,GEOG
VGVhY2hlci0yMDA3MTgz,PHYS
VGVhY2hlci0xNzcwNDMx,MATHEMATICS
VGVhY2hlci0xOTYyMzQ2,PHYSICS
VGVhY2hlci0yNTU2Njg4,ENGR
VGVhY2hlci02Mjc2MjM=,ANSC
VGVhY2hlci0yMzA3NTQw,POL
VGVhY2hlci0yMDk3MTU3,CHEM
VGVhY2hlci0xNDQ4MjE3,FYEX
VGVhY2hlci0yMzMwNTM2,HLTH
VGVhY2hlci0yOTY1MTc1,EHRD
VGVhY2hlci0yNTkxMjMw,ENGL
VGVhY2hlci0yOTI3OTY0,FINC
VGVhY2hlci0yNzk4OTY2,STAT
VGVhY2hlci0yNzM5NTc2,SOCI
VGVhY2hlci0xNzA3OTk4,ARTS
VGVhY2hlci0yOTQ2NTM4,DCED
VGVhY2hlci0yMDA1MzQx,ENGINEERING
VGVhY2hlci0xMjUzNTc4,RWFM
VGVhY2hlci0yMjk1NDc2,PERF
VGVhY2hlci0yNzgzNzYy,GENETICS
VGVhY2hlci0zMDMxOTY0,MATH
VGVhY2hlci0xMzcyOTcy,MKT
VGVhY2hlci0yNjE3NTUx,PSY
VGVhY2hlci0yODQ1NjE3,MATHEMATICS
VGVhY2hlci02OTIzNTU=,MATH
VGVhY2hlci0yODA0ODQx,ENGLISH
VGVhY2hlci0yMjA5MzEz,PHYS
VGVhY2hlci0yMzE2MzE2,ENGL
VGVhY2hlci0xNjU5MTIy,ACCT
VGVhY2hlci0yNTE0NjUw,KINE
VGVhY2hlci0yNDcwMjQy,RENR
VGVhY2hlci0zMTM3NDUz,RUSS
VGVhY2hlci0yMTc0ODUx,GERM
VGVhY2hlci0yNTI3NDA0,ECCB
VGVhY2hlci01MjczODY=,HIST
VGVhY2hlci0yNDY3NDU2,ENGR
VGVhY2hlci0yODMyMzU3,MMET
VGVhY2hlci0yOTg3OTcx,PBSI
VGVhY2hlci01OTk0ODk=,PSYCH
VGVhY2hlci0yMjgyNjA=,MATH
VGVhY2hlci0yMDUyMjY2,GEOL
VGVhY2hlci0yMjMxNzgx,ARCH
VGVhY2hlci0xMjkzMDUw,BAEN
VGVhY2hlci0yNDY1NzEw,ISEN
VGVhY2hlci0yOTQwMTU2,CSCE
VGVhY2hlci0yMTIxNjU4,HIST
VGVhY2hlci0yNDIzNTEy,MGMT
VGVhY2hlci0xMzk4Nzkx,PETE
VGVhY2hlci0yODU1NzUz,SOMS
VGVhY2hlci0xNDkxNDAx,SPAN
VGVhY2hlci0xOTQyNjEy,CHEM
VGVhY2hlci0yNTQ3NDMz,ANTH
VGVhY2hlci03MzI2NDE=,MATH
VGVhY2hlci0yNTM2MzU5,VTPB
VGVhY2hlci0yMTE1OTc3,TCMG
VGVhY2hlci0yNTkzNzM4,ECON
VGVhY2hlci0yMjgwMzY1,ENGR
VGVhY2hlci0xODI1NDMw,OCHEM
VGVhY2hlci0xMDI5OTc0,CALC
VGVhY2hlci0yMjY3MTM3,ENGL
VGVhY2hlci0xODU4NTIw,PHILOSOPHY
VGVhY2hlci0xNzQxNDg3,HBIO
VGVhY2hlci0yNTAxMzQy,HIST
VGVhY2hlci0yMTgzNjQy,ASTR
VGVhY2hlci0yNTM4ODQy,BIMS
VGVhY2hlci0yODYwNzMz,GEOGRAPHY
VGVhY2hlci0yODE2MTk1,ECONOMICS
VGVhY2hlci0zMDkxOTUx,INST
VGVhY2hlci0xNjU3NTY2,ECON
VGVhY2hlci0yODI2MTI4,MATH
VGVhY2hlci0yNDQxMzQx,GEOG
VGVhY2hlci0xMzk4Nzcy,PETE
VGVhY2hlci0yOTM5MTk1,NUEN
VGVhY2hlci0yODQ1MjYx,MATHEMATICS
VGVhY2hlci0yNDQwOTc2,COM
VGVhY2hlci0yOTc2MDUz,ISEN
VGVhY2hlci0xNjk2MTQ1,WFSC
VGVhY2hlci0yNTg2MTk4,PSYC
VGVhY2hlci0yNzE5Nzgw,PSYC
VGVhY2hlci0yNzE3MDMx,HIST
VGVhY2hlci0yMzUzNDg1,HORT
VGVhY2hlci0yMjQzNDQ3,PETE
VGVhY2hlci0yMzcxMDQw,CVEN
VGVhY2hlci0zMTIyNTcz,MATH
VGVhY2hlci0yODIyMTc5,ENGL
VGVhY2hlci0yNjY1MzMw,ECON
VGVhY2hlci0xODM1NDg0,INTS
VGVhY2hlci0xOTUxOTI2,ANTH
VGVhY2hlci0yMjEwMzU4,MEEN
VGVhY2hlci0yNzY3Njg5,INTS
VGVhY2hlci0yNDcyNDIz,HRDV
VGVhY2hlci0yMzkyMTMx,PBSI
VGVhY2hlci0yNjExNzQ5,BMEN
VGVhY2hlci0xNTA3OTg4,RPTS
VGVhY2hlci0yMDcwMDEy,ISTM
VGVhY2hlci0yNTgwNTMx,ESET
VGVhY2hlci0yNDgzNDc3,MGMT
VGVhY2hlci0yMjM0OTI1,HUMA
VGVhY2hlci02NjIyODk=,PSYC
VGVhY2hlci0yNzUzMTgy,STATS
VGVhY2hlci0xODEwOTc2,BIO
VGVhY2hlci0yMDI0NDE5,ART
VGVhY2hlci0yMzc5NTM0,GEOG
VGVhY2hlci04NzgwMTg=,GEOG
VGVhY2hlci0zMDUzODE0,ANTH
VGVhY2hlci0yMzI0NzU0,INST
VGVhY2hlci0yNzIyMTM3,ECEN
VGVhY2hlci0yNzA0MzQz,SCMT
VGVhY2hlci04OTgwODk=,PHILOSOPHY
VGVhY2hlci0yODU0MTY4,AGEC
VGVhY2hlci0yMzA4NDE2,HORT
VGVhY2hlci0yMzYxODk4,MATH
VGVhY2hlci0xMTU3NzQ1,BIOANTH
VGVhY2hlci0yNjk4Mzk3,ECON
VGVhY2hlci0yNTI5NTY2,ACCT
VGVhY2hlci0yNzE2ODMw,ISEN
VGVhY2hlci0yOTkwMTM2,FYEX
VGVhY2hlci0yNjk0MTQw,POLS
VGVhY2hlci0yMTE5NDE1,ANSC
VGVhY2hlci0yNDM0OTAz,EDCI
VGVhY2hlci0zMTQ1ODE2,SPANISH
VGVhY2hlci0yNjYyMzIy,POLS
VGVhY2hlci0xNTE4ODUw,CVEN
VGVhY2hlci0xODQ1NDMx,MATH
VGVhY2hlci0yODU3MDAy,ECEN
VGVhY2hlci0xOTM5MDM1,SOCI
VGVhY2hlci0yMjc0Nzc3,BIOL
VGVhY2hlci0yNjQzMDg2,MEEN
VGVhY2hlci0yMTEwNDA5,RUSS
VGVhY2hlci04OTUxMw==,MATH
VGVhY2hlci0yNDUyNDM1,CSCE
VGVhY2hlci0yMzU2NzM1,CHEM
VGVhY2hlci0yNDkzMjQ3,EPSY
VGVhY2hlci0yMDIzNDcz,MATHEMATICS
VGVhY2hlci0yMDU4ODc1,STAT
VGVhY2hlci0yNzUzNDI5,FYEX
VGVhY2hlci0xMTg0ODkz,ECON
VGVhY2hlci0yODMxODA2,GEOG
VGVhY2hlci0xMDE5,MATH
VGVhY2hlci0yNDA3NDYy,MASC
VGVhY2hlci0yMDM0NTU3,GERM
VGVhY2hlci0yMTkyMzk3,SCMT
VGVhY2hlci0yODEyMzIw,COMM
VGVhY2hlci00NDQ5NTc=,ENDG
VGVhY2hlci0yMDU2ODEz,ENG
VGVhY2hlci0xNjA5OTE5,PYSC
VGVhY2hlci0yMjE4NjMw,ENGL
VGVhY2hlci0zMDI2NDQx,ENGLISH
VGVhY2hlci0xOTYzMDU3,ECON
VGVhY2hlci0yNDIwMzE1,CLEN
VGVhY2hlci0yNTI2NDM0,PSYCH
VGVhY2hlci0xMDI5OTc0,MATHEMATICS
VGVhY2hlci0yMDAzMTcz,STAT
VGVhY2hlci0yNDU4OTY0,ISEN
VGVhY2hlci0zMDQ1ODE3,INST
VGVhY2hlci0xMzI5Nzk=,ENG
VGVhY2hlci0xMjE3NTIw,FRENC
VGVhY2hlci0xODQ0MzA2,PHIL
VGVhY2hlci0yMzg5NTkz,BIMS
VGVhY2hlci0yMjEyNTYx,EDCI
VGVhY2hlci03MTAzNTg=,MMET
VGVhY2hlci0xMzU4NjUw,HISTORY
VGVhY2hlci0yMzU1Mjg1,AGEC
VGVhY2hlci0xMzIxNzI0,BIO
VGVhY2hlci0xMDE0NTk4,MATH
VGVhY2hlci0yOTIzNTU4,JOURNALISM
VGVhY2hlci0zMzg5MzI=,ANSC
VGVhY2hlci0yNDcyNjY4,NFSC
VGVhY2hlci0xNjU0NzE1,HIPHOPPHIL
VGVhY2hlci0yMzAwMTUw,COMM
VGVhY2hlci0yMjYyOTA5,COMM
VGVhY2hlci0yMjQzNTI4,PSYC
VGVhY2hlci0yODQ0NjE3,ANSC
VGVhY2hlci0zMDQ2Mzk4,ACCOUNTING
VGVhY2hlci0yNjQ0ODk2,POLS
VGVhY2hlci0xOTQ3NTk1,HISTORY
VGVhY2hlci02ODUyMzQ=,CVEN
VGVhY2hlci0yMDc2NzY1,PHLT
VGVhY2hlci0yMjQ2NTMx,PYSC
VGVhY2hlci0xOTQ0Mzcy,MUSC
VGVhY2hlci0yNzIzODU1,EDCI
VGVhY2hlci0yMjg4NDQw,MATH
VGVhY2hlci0yMTM0Mzc2,ENDS
VGVhY2hlci0yNTg2NzAy,ISEN
VGVhY2hlci0yNDM4OTI5,CSCE
VGVhY2hlci0yMTk4NDUw,SOCI
VGVhY2hlci0xMDgxMTU5,SOCIOLOGY
VGVhY2hlci03NjI5NTE=,PSYC
VGVhY2hlci0yNTA0MzUy,URPN
VGVhY2hlci0yNTQ0NTc2,BICH
VGVhY2hlci0zMDU3MDg3,AGEG
VGVhY2hlci0yNzE3MDI4,GENE
VGVhY2hlci0xNTc3MzU0,BIOL
VGVhY2hlci02MDk3MDQ=,BIOL
VGVhY2hlci0yOTgxOTMx,MATH
VGVhY2hlci0yMjYwNDA1,ECEN
VGVhY2hlci0yMzg5NzMx,CHEM
VGVhY2hlci0yNTk0Nzgz,SCMT
VGVhY2hlci0xMzcyOTcy,MKGT
VGVhY2hlci0yNTU0MjA1,MMET
VGVhY2hlci0yMTQyODM5,STATS
VGVhY2hlci0xOTc5NTkz,SOC
VGVhY2hlci0yODY3Nzc1,ENGL
VGVhY2hlci0yMzYzMjQx,ENGL
VGVhY2hlci0yMTQxMzky,GEOP
VGVhY2hlci0yNTM4Mjgz,COM
VGVhY2hlci0yMzgyMjUz,MATH
VGVhY2hlci0yMzYzMzU1,SPAN
VGVhY2hlci0xODk1NjI4,MATH
VGVhY2hlci0yNDA0Mjcx,MATH
VGVhY2hlci0xNDY5NzIy,PHYSICS
VGVhY2hlci0yNTAyODY4,PHIL
VGVhY2hlci0xOTUwOTM0,KINE
VGVhY2hlci0yNjQ1NTMw,COMM
VGVhY2hlci0yMDAyNDAz,CLEN
VGVhY2hlci0yNjM2NzU1,HIST
VGVhY2hlci0yNjkxMzEy,PHIL
VGVhY2hlci0yNDk2MDUz,ESSM
VGVhY2hlci0yNDg0MTUw,VIBS
VGVhY2hlci0yNDM5ODg4,PERF
VGVhY2hlci0yNzM1MDUy,CHEMISTRY
VGVhY2hlci0yMDMzNDMw,SOCIOLOGY
VGVhY2hlci0xNjgzMDk0,HIST
VGVhY2hlci0yMjEwNjM5,UGST
VGVhY2hlci0zMDg1NjIw,ECEN
VGVhY2hlci01MjI0MjQ=,BIO
VGVhY2hlci0xNTE2ODU3,ARCH
VGVhY2hlci0xOTYwNDA4,HIST
VGVhY2hlci0yNDM1MDkw,RDNG
VGVhY2hlci0yODU0NDE2,MATH
VGVhY2hlci0xODA4MDU5,OCNG
VGVhY2hlci0xODY0NTM4,AGEC
VGVhY2hlci0zMTYyNjE=,ASIA
VGVhY2hlci02Nzc=,ANSC
VGVhY2hlci0yNTUyMDMy,SOCI
VGVhY2hlci0yNDA5Mjky,ENGL
VGVhY2hlci0yNzU2Njgw,LAND
VGVhY2hlci0yMTMwMTUx,ARCH
VGVhY2hlci0yNzk0MjA4,ANSC
VGVhY2hlci0yNTk0NDUy,HLT
VGVhY2hlci0yMDI0NDYx,SPED
VGVhY2hlci0zMDc4NzU4,POLS
VGVhY2hlci0yNjQxOTA2,AERO
VGVhY2hlci0zMDQ3MTE0,ARSC
VGVhY2hlci0xMjQxOTYx,RPTS
VGVhY2hlci0xOTYzMTcz,VIST
VGVhY2hlci0zMTQxNzQ5,CSCE
VGVhY2hlci0xMTQ5NzYy,ENG
VGVhY2hlci0yNzc0MjMw,BMEN
VGVhY2hlci0xMDA2MzE3,ATMO
VGVhY2hlci0xMzQyNzU5,VIST
VGVhY2hlci0xODYzNjIy,SPAN
VGVhY2hlci0zMDU1Mzk1,RWFM
VGVhY2hlci0xMjMzNDIy,ENGLISH
VGVhY2hlci0yODE2OTA5,HIST
VGVhY2hlci0yNTQzNzA0,PHYS
VGVhY2hlci01MTM4MjU=,INEN
VGVhY2hlci0yNTUwMDEx,LAND
VGVhY2hlci05NTEyMDE=,PHYSICS
VGVhY2hlci0yNTgzMDY0,MSEN
VGVhY2hlci0yNDU1NjIx,SOCI
VGVhY2hlci0yNzcwOTc4,BICH
VGVhY2hlci0xNjU3NTYy,CHEM
VGVhY2hlci0yMDU2ODEz,ENGL
VGVhY2hlci0yODQzMjMz,HORT
VGVhY2hlci02MTk0NzI=,NUCL
VGVhY2hlci0xMzc2MjI2,POLI
VGVhY2hlci0yNzMyNDUw,DESIGNII
VGVhY2hlci0xMDM0MjYz,RUSS
VGVhY2hlci0yODYxNDQ4,PERF
VGVhY2hlci0yNDM5ODg4,VIST
VGVhY2hlci0yMjg5OTU4,CSCE
VGVhY2hlci0xMzM4NzYx,ASTR
VGVhY2hlci0xMDUyNjU4,MATH
VGVhY2hlci0yMTk3ODM2,ENG
VGVhY2hlci0xODc4Nzc3,A
VGVhY2hlci0yMjE3MjMz,BIOL
VGVhY2hlci0zMDE5ODk3,ACCT
VGVhY2hlci0yOTc0MjY0,MGMT
VGVhY2hlci0yMTk5NDM5,MUSC
VGVhY2hlci0yNzg2OTcx,MATH
VGVhY2hlci0yNTY2MjA4,PHLT
VGVhY2hlci0xNzM1Njcx,PHYS
VGVhY2hlci0zMDEyMDE1,ENGL
VGVhY2hlci0yODU5NTc5,PHIL
VGVhY2hlci0yMzAzNDEx,ENDS
VGVhY2hlci0yNTcyMzg2,BMEN
VGVhY2hlci0yODQwMDAx,BIOL
VGVhY2hlci0zMTI0Nzg1,CSCE
VGVhY2hlci0xOTQwMzg2,BIOL
VGVhY2hlci0zMTIzMTQw,CHEM
VGVhY2hlci0yMTYxNjY5,KINE
VGVhY2hlci0yNjQxMzgz,STAT
VGVhY2hlci0zMTQ2NDU4,SCSC
VGVhY2hlci0yNzMxMjg1,ANSC
VGVhY2hlci0xNTM5MDkz,STAT
VGVhY2hlci0yMjgxMzU1,MEEN
VGVhY2hlci0xMDEwOTcw,RDNG
VGVhY2hlci0yMzA3OTA5,ANSC
VGVhY2hlci0xOTM3NTcx,BMEN
VGVhY2hlci0xNjE4MzU4,HIS
VGVhY2hlci0xNzYxMTg0,GEOG
VGVhY2hlci0xNjMxNjUw,SOCI
VGVhY2hlci0yNTI5MTg5,ENSS
VGVhY2hlci0yMDcwNDcy,INTS
VGVhY2hlci0yMDk1NDg3,ARCH
VGVhY2hlci0yNTM5ODU5,BIMS
VGVhY2hlci0yNjUxMzU0,ACCT
VGVhY2hlci0yNTc3OTQ0,TCMG
VGVhY2hlci0yNDc4Mzgw,MATH
VGVhY2hlci0yNDUyMDkz,MATH
VGVhY2hlci0yNDAwMzgw,MTH
VGVhY2hlci0yMTQyMDc1,URPN
VGVhY2hlci0yMjAxMzA5,SOC
VGVhY2hlci0yNzU2NTky,ISEN
VGVhY2hlci0xNDkxODc3,POLS
VGVhY2hlci0yOTAxMjE5,SPAN
VGVhY2hlci0zMDg2ODg3,GEOLOGY
VGVhY2hlci0yMzgzMDIz,MATH
VGVhY2hlci0xNjEyOTg0,POLSI
VGVhY2hlci0yMDU3NzU5,BICH
VGVhY2hlci0yMzk5MzI3,INST
VGVhY2hlci0xOTQ0Mzkz,AGRICULTURE
VGVhY2hlci0xOTgyODg4,UGST
VGVhY2hlci0yNzc3MTQ2,ISEN
VGVhY2hlci0yODkzNTIy,ESET
VGVhY2hlci00OTI4OQ==,ENTO
VGVhY2hlci0xODU2MjAy,FS
VGVhY2hlci01OTk0ODc=,CHEM
VGVhY2hlci0yNDg2Mzk2,RDNG
VGVhY2hlci0xOTY3NTUw,LAAH
VGVhY2hlci0yMDc5NjA2,CHIN
VGVhY2hlci0yMDExODYy,ENDG
VGVhY2hlci0yMDcyNTg2,COMM
VGVhY2hlci0yNTY4Mjky,KINE
VGVhY2hlci0yMDM4MzM1,GEOG
VGVhY2hlci0yNDI1OTAz,ATMO
VGVhY2hlci0xODc3OTkw,ENGINEERING
VGVhY2hlci00Nzg2MjI=,COS
VGVhY2hlci0xODY0OTA2,ISEN
VGVhY2hlci0yMjk2MDQ4,PYSC
VGVhY2hlci02Njg3NDc=,PSYC
VGVhY2hlci0xOTk2MDg4,PSYCH
VGVhY2hlci0yNjE0NTU2,BIMS
VGVhY2hlci0yMzA2MTI0,OCGN
VGVhY2hlci0xODA3ODE4,ENGLISH
VGVhY2hlci0xODgwMzY3,EDCI
VGVhY2hlci0yMDA4NDEw,INST
VGVhY2hlci0zMDU3OTg4,MASC
VGVhY2hlci0yOTQ0MzY1,COMMUNICATION
VGVhY2hlci0yMDYwNzE0,MATH
VGVhY2hlci0xODQ5ODY0,MATH
VGVhY2hlci0yMTk2NTcy,ENG
VGVhY2hlci0yMTc0ODUx,JWST
VGVhY2hlci0yNjQyMTc3,SPMT
VGVhY2hlci0yMDcwMDEy,ISYS
VGVhY2hlci0yMTkzMDIw,OCN
VGVhY2hlci0yNjIzOTk4,ENGR
VGVhY2hlci0xOTc1NzQ4,RELIGION
VGVhY2hlci0xMDAyOTk3,ELIV
VGVhY2hlci0yMTM2OTA2,TCMG
VGVhY2hlci0zMDgxNTM3,BIOL
VGVhY2hlci0yNzgzODEz,ACCT
VGVhY2hlci0xODMyNTUy,CHEM
VGVhY2hlci02ODI4Nzk=,MANAGEMENT
VGVhY2hlci0zMDg1MTc2,AGEC
VGVhY2hlci0yNjk1MTA2,AGEC
VGVhY2hlci0yOTQyMDE5,BIO
VGVhY2hlci0yMDc2OTMz,GEOL
VGVhY2hlci0yMzk5Nzg2,EHRD
VGVhY2hlci0yMjA2MjI0,HISP
VGVhY2hlci0yMDkxOTI1,HLTH
VGVhY2hlci0zMTA2ODkz,ARTS
VGVhY2hlci0xMzQyNzU5,VIZT
VGVhY2hlci0yMzk1NTUw,ECON
VGVhY2hlci0yMDYzNTI0,ISMT
VGVhY2hlci0yNDg1OTMz,NA
VGVhY2hlci0yNjYwMzY0,AGCJ
VGVhY2hlci0xMjcyOTE3,POLS
VGVhY2hlci05OTQ5NDg=,PHYS
VGVhY2hlci0xMTQ5NzYy,ENGL
VGVhY2hlci05MTIxNjE=,PHIL
VGVhY2hlci0yMDYxNzEz,ENTO
VGVhY2hlci0yNTE5MTQ0,PHYS
VGVhY2hlci0yODU2NzMz,MATH
VGVhY2hlci0yMjIwOTgy,ECEN
VGVhY2hlci0yMDA1MzUz,ENGINEERING
VGVhY2hlci0xOTQ4MTYx,SOCI
VGVhY2hlci0yMjkyODA5,GEOG
VGVhY2hlci0xOTg2OTEx,ANT
VGVhY2hlci0xMzk4Nzk2,PETE
VGVhY2hlci0xMzgzNjIx,ECEN
VGVhY2hlci0xNDYyMTky,PSY
VGVhY2hlci0yNDQzNDIy,ASCC
VGVhY2hlci0yNDA5NDA4,CVEN
VGVhY2hlci0xNjI0NDQw,PSYCHOLOGY
VGVhY2hlci0yODY5MTk5,NUTR
VGVhY2hlci0xMzc1NDk2,PYSC
VGVhY2hlci0zMDkzNDI1,ALED
VGVhY2hlci0yNjQxODY3,KINE
VGVhY2hlci01NDcyMjY=,ENGR
VGVhY2hlci0yMzYyOTUy,COMM
VGVhY2hlci02NzQ0MDc=,ANTHRO
VGVhY2hlci0xNTA0MjA5,MUSC
VGVhY2hlci01NDcyMjY=,MEEN
VGVhY2hlci0yOTU4ODcw,ENGLISH
VGVhY2hlci0yMjIzMzEw,CHEM
VGVhY2hlci0xODkxOTQ4,CSCE
VGVhY2hlci0xOTAyNDM1,ECONOMICS
VGVhY2hlci0yOTAyMjc0,ISEN
VGVhY2hlci0yNjgxODE0,MATH
VGVhY2hlci0xOTc1NDc3,COMM
VGVhY2hlci0yMDQ0MTQ4,SPANISH
VGVhY2hlci0xMTkwOTU5,CSCE
VGVhY2hlci0yMDkwODQz,SOCI
VGVhY2hlci0yOTAxMTY1,ARCH
VGVhY2hlci0yMTA1MjUz,WGST
VGVhY2hlci0yMTkwNzYw,EDSGN
VGVhY2hlci0yOTU4ODIz,ECEN
VGVhY2hlci0yMDA2Mzcy,TEFB
VGVhY2hlci0xNDU2OTcy,GENETICS
VGVhY2hlci0yNzU2MzMx,GEOS
VGVhY2hlci0yODg0MjU3,COMMUNICATIONS
VGVhY2hlci0zMDk2ODI2,HMGT
VGVhY2hlci0xOTAxMzk0,BCD
VGVhY2hlci0yODM5ODUz,TCMG
VGVhY2hlci0yNTYxNTMz,POLS
VGVhY2hlci01MDQwMjY=,HLTH
VGVhY2hlci0yNDI2ODc3,SOCI
VGVhY2hlci0yMzY2OTU2,ENTO
VGVhY2hlci02NjA2MjU=,WEBDESIGN
VGVhY2hlci0xNjY4Mzc3,COMM
VGVhY2hlci0yMTg2Mzg2,MATH
VGVhY2hlci01MDUyMjQ=,VTPB
VGVhY2hlci0yNTc0NDIx,CSCE
VGVhY2hlci0yOTYzNzIw,AGEC
VGVhY2hlci04Mjk5MjM=,ENGL
VGVhY2hlci0xOTAyOTg2,ENGL
VGVhY2hlci0yMjM0OTI1,PHIL
VGVhY2hlci0zMDE4MjM1,MATH
VGVhY2hlci0zMTM2MDU0,BUSN
VGVhY2hlci0yMDQyNjg1,ENGR
VGVhY2hlci0yMTQ5NzI1,SPAN
VGVhY2hlci0yMTg5MTQ0,OCGN
VGVhY2hlci0yNjQ2NDk5,PHIL
VGVhY2hlci0zMDY4NjM5,ENGL
VGVhY2hlci0yODU5MjI1,AGEC
VGVhY2hlci0yMjg3NjI0,COM
VGVhY2hlci0yOTQ1Mzg0,KINE
VGVhY2hlci0yNzA4OTcy,PSAA
VGVhY2hlci0yMzE3NTkx,MASC
VGVhY2hlci0xOTUxNzE1,PSYC
VGVhY2hlci0yNTM5ODU5,VIBS
VGVhY2hlci0yMzQ3MDUx,MGMT
VGVhY2hlci0yMzg3OTE2,PHI
VGVhY2hlci02MzYxOTE=,GENERALCHEM
VGVhY2hlci0yMDQ0MTQw,GEOP
VGVhY2hlci0yMjIyOTI2,CLAS
VGVhY2hlci0yNzEyMjg1,BICH
VGVhY2hlci0yODY2MTkz,ENGL
VGVhY2hlci0yMTQ1NDE2,GENE
VGVhY2hlci0yMDAxNTY1,CHEM
VGVhY2hlci0yMjI3NDky,SPMT
VGVhY2hlci0yODUxODQ2,CSCE
VGVhY2hlci02Nzc=,AGRICULTURE
VGVhY2hlci0zMTUwNDI1,ARCHITECTURE
VGVhY2hlci0yNjg2Njky,ISEN
VGVhY2hlci0xMjc5MzA1,COM
VGVhY2hlci0zMTQxNzIx,ENGL
VGVhY2hlci0xMDEyMDEz,SOCI
VGVhY2hlci0yMDQ2MjU0,CSCE
VGVhY2hlci03Njg3MTU=,POLS
VGVhY2hlci02OTY3NTY=,CHEM
VGVhY2hlci0xMTczNzQw,PBSI
VGVhY2hlci0xMjUxMjQy,COMM
VGVhY2hlci0xOTUxMTAw,ENDS
VGVhY2hlci0yMjM5MDEw,EHRD
VGVhY2hlci0yMDQyNDkx,PHYS
VGVhY2hlci0yNTkwODg0,ENGL
VGVhY2hlci0xMzk4ODEw,PETE
VGVhY2hlci0yMjIwOTg1,ECEN
VGVhY2hlci0xNjY0NDA0,GEOGRAPHY
VGVhY2hlci0yMDc5MDE5,SOCI
VGVhY2hlci0yMjMyNjQy,SPMT
VGVhY2hlci0yNTA3NTYx,ECON
VGVhY2hlci0yOTc2MDMx,ISEN
VGVhY2hlci0yMDEwMDc3,FRENCH
VGVhY2hlci0yMDg2NTQw,COMM
VGVhY2hlci0yMDc4NDk3,HORT
VGVhY2hlci0xMTIwOTc1,ENTC
VGVhY2hlci02NzIxNzc=,HIST
VGVhY2hlci02NjU0NTA=,CVEN
VGVhY2hlci0yNzAwMzc5,MSEN
VGVhY2hlci0yNjE0NTU2,VIBS
VGVhY2hlci0yMzU5NTI4,ACCT
VGVhY2hlci0yMjg0Mzk1,PERF
VGVhY2hlci02ODM1NDA=,ACCT
VGVhY2hlci0xNjE5MTQ0,SOCI
VGVhY2hlci0yMDExOTEw,DCED
VGVhY2hlci0yNjI3Njcx,POLS
VGVhY2hlci0xNTg2OTgz,ECEN
VGVhY2hlci0zMDk2MDAw,INST
VGVhY2hlci0xOTU0ODU0,STAT
VGVhY2hlci0xNzE1MDM1,OCNG
VGVhY2hlci0zMDEwMTIw,OCNG
VGVhY2hlci0yNTc2MjAw,CSCE
VGVhY2hlci0yMDQ5Mjky,PSYC
VGVhY2hlci0zMDY2OTA2,ENGL
VGVhY2hlci0yNjUzNzgz,SPAN
VGVhY2hlci0yMDEyMDAx,EHRD
VGVhY2hlci0yMTgwMzkx,LAND
VGVhY2hlci0yNzg0MTMz,ACCOUNTING
VGVhY2hlci0yNDM1MDk4,SOCI
VGVhY2hlci0xMjg4MTg3,BUSN
VGVhY2hlci0xNzA4Mw==,MATH
VGVhY2hlci0yMDUwMDYw,ANTH
VGVhY2hlci0xMjg2MTQy,ENTO
VGVhY2hlci0yMzI3MTE4,CSCE
VGVhY2hlci0yNjM1NDMy,MGMT
VGVhY2hlci0yMjAwMzgy,ASTRO
VGVhY2hlci0xNTA3NjI=,WFSC
VGVhY2hlci0yMjAwNTY3,EDCI
VGVhY2hlci0xMDA2MzEz,ATMO
VGVhY2hlci0yMjM2NjE0,STAT
VGVhY2hlci0xOTQ3Nzg1,MATHEMATICS
VGVhY2hlci0yNTAyMDMw,FINC
VGVhY2hlci0yNDcyMzE1,MASC
VGVhY2hlci0xMzIyNDA1,POLS
VGVhY2hlci0yOTYxMTg0,CSCE
VGVhY2hlci0yNDE5NzY3,VIST
VGVhY2hlci0yODkwNDMw,THEA
VGVhY2hlci0yNDQ1MDIz,KINE
VGVhY2hlci0xNjEzNjEx,MUSIC
VGVhY2hlci0zMDM2OTIy,POLS
VGVhY2hlci0yMDE3MDQ4,ECON
VGVhY2hlci0yMTk1NTYy,STAT
VGVhY2hlci0yMDAzOTE5,BIO
VGVhY2hlci0yMjEyNTky,CSCE
VGVhY2hlci0yMDI1MzEz,CHEM
VGVhY2hlci0yMzEzNDc1,SPAN
VGVhY2hlci0yMjA0ODI1,MASC
VGVhY2hlci0xNDYwODk3,HORT
VGVhY2hlci0xODUyNjg2,ANTH
VGVhY2hlci0yOTE5OTA3,BIOL
VGVhY2hlci01NDcyMTQ=,HIST
VGVhY2hlci0yNTQ3NTY0,HIST
VGVhY2hlci0xOTQ1Njk0,GEOGRAPHY
VGVhY2hlci0yODQ0MTc4,AERO
VGVhY2hlci0xMzk4Nzc3,PETE
VGVhY2hlci00ODE4NDg=,HIST
VGVhY2hlci0xNTAyOTk4,GEOLOGY
VGVhY2hlci0yNjY3Nzk0,ENGR
VGVhY2hlci0yMzM2MjM5,GEOG
VGVhY2hlci0xMzQyNzU5,CSCE
VGVhY2hlci0yMjA4ODY3,SPMT
VGVhY2hlci0yNDg2Mzk2,RDING
VGVhY2hlci0yMDkyNTYx,COMM
VGVhY2hlci0yNzM1MTE1,CVEN
VGVhY2hlci0yNDUzMzgw,AGEC
VGVhY2hlci0yMTQxMTY2,ECMT
VGVhY2hlci0yNDcwMjQy,ECCB
VGVhY2hlci0yODQ4Nzg1,PHIL
VGVhY2hlci0yMjQ2NjQ3,RDNG
VGVhY2hlci0xNjIyODU5,BESC
VGVhY2hlci0yOTA5ODMy,STAT
VGVhY2hlci0yNTE5MDg3,STATS
VGVhY2hlci0yMTkzMzc0,TEFB
VGVhY2hlci0yODc5OTc1,FINC
VGVhY2hlci0yMDE2MDM3,VIST
VGVhY2hlci0xNzE1OTI2,HIST
VGVhY2hlci0xODI1NDMw,CHEM
VGVhY2hlci0yMDQyNjg1,ENG
VGVhY2hlci01MDQwMjY=,HTLH
VGVhY2hlci0zMTU0ODE5,MEEN
VGVhY2hlci0yNjM1Nzgz,EDCI
VGVhY2hlci0yMDM4NDkx,ECON
VGVhY2hlci04MDQzMDc=,ME
VGVhY2hlci0yOTg5ODU5,ENGL
VGVhY2hlci0yNDA3NDYy,TEFB
VGVhY2hlci0zMDczNTQ=,PHYS
VGVhY2hlci0yNDM4OTE0,VIST
VGVhY2hlci0xNTY4NTM0,BIOLOGY
VGVhY2hlci0yNzI5NTcx,SCEN
VGVhY2hlci0yMjA0NTI3,DCED
VGVhY2hlci0xMzk4Nzc5,PETE
VGVhY2hlci0zMDA4MjQ0,HMGT
VGVhY2hlci0yMTIyODg0,CSCE
VGVhY2hlci03MTI3NTQ=,PLAN
VGVhY2hlci0yMDUyMDY1,HIST
VGVhY2hlci0xOTc2NTIw,MATH
VGVhY2hlci05MDE5OTU=,AGEC
VGVhY2hlci0yNDUwMDAw,AGSC
VGVhY2hlci0yMDEyMDAx,COMM
VGVhY2hlci0yMDkyNDg4,ENGL
VGVhY2hlci0xNzE0NTk1,MATHEMATICS
VGVhY2hlci0yMjg2MjAw,FINC
VGVhY2hlci0yODc2Njc3,FYEX
VGVhY2hlci0zMTQ1OTM=,GEOG
VGVhY2hlci0yMjc2MTE4,CHEM
VGVhY2hlci0yMTAyNjk0,KINE
VGVhY2hlci0yNzU5Mjkx,AERO
VGVhY2hlci0yNjg0ODYy,IDIS
VGVhY2hlci0yNTA0MTQ3,ECON
VGVhY2hlci0xMjE1Mjg1,EDCI
VGVhY2hlci0xOTQwODAx,CLEN
VGVhY2hlci0yNTMxMzU1,ACCT
VGVhY2hlci0zMDQ1MzI1,ANTH
VGVhY2hlci0xOTQ3Nzc3,MATH
VGVhY2hlci0yMjU4Nzc2,CVEN
VGVhY2hlci0yMTgwODk0,RPTS
VGVhY2hlci01OTk0ODk=,PSYC
VGVhY2hlci0yNDAzNzk2,MRKT
VGVhY2hlci0xODM3ODky,ENG
VGVhY2hlci0yMjU0MDQy,STAT
VGVhY2hlci0yODkwNDc3,PHLT
VGVhY2hlci0xODQ0NTMz,POLS
VGVhY2hlci0yMDU0Nzg0,COMM
VGVhY2hlci03NDE2NTk=,ELN
VGVhY2hlci0yOTc0NjIy,ESET
VGVhY2hlci0yMjQxMjE4,ECEN
VGVhY2hlci0yMDEwNDc3,ESSM
VGVhY2hlci0yMDA4MjE5,OCNG
VGVhY2hlci0yODIwNjYx,MEEN
VGVhY2hlci0yMjQ1MjAz,ENGL
VGVhY2hlci0xNjMwNzE5,WGST
VGVhY2hlci0yMjM5MDgy,HISTORY
VGVhY2hlci0yMjIxODky,GEOL
VGVhY2hlci0xODU3NDcy,MATH
VGVhY2hlci0yODQxNDMx,GEOGRAPHY
VGVhY2hlci0yNDU3NzAz,MATH
VGVhY2hlci0yMDczNTc4,ENG
VGVhY2hlci0yNjM3Njky,CHEM
VGVhY2hlci0yNTYxOTA2,CHEM
VGVhY2hlci0yMzcyOTM5,IBUS
VGVhY2hlci0yMjkyNTEz,CSCE
VGVhY2hlci04NDcyMg==,ARH
VGVhY2hlci0xOTEwNzc5,BIO
VGVhY2hlci0xODgwMzY3,BIO
VGVhY2hlci0xMjMzNDIy,WMST
VGVhY2hlci0yMTk4ODEz,KINE
VGVhY2hlci0yNjg4MjA2,ATMO
VGVhY2hlci0yMzM1NjMx,AGRICULTURE
VGVhY2hlci0yMzgwOTcz,ATMO
VGVhY2hlci0yMDM4Mzcw,ANSC
VGVhY2hlci0yMDY4OTA5,ANSC
VGVhY2hlci0zMDQ5NTAw,INTA
VGVhY2hlci0yNDc0OTQx,CHEN
VGVhY2hlci0zMTUyOTU0,OCEN
VGVhY2hlci0yMzMxNzE0,BIOL
VGVhY2hlci0xODE2NTcw,PHYSICS
VGVhY2hlci0yMDg4OTgy,CRIJ
VGVhY2hlci0xODI1NDI1,PHYS
VGVhY2hlci0yODg2ODA0,ECEN
VGVhY2hlci0yMzczMjky,AGLS
VGVhY2hlci0yMTQ0OTU2,ISEN
VGVhY2hlci0yMDA5Mzk0,PHYS
VGVhY2hlci0yNTE1NDcz,ECON
VGVhY2hlci0yNTkwNTQy,HMGT
VGVhY2hlci03MjQ1MTk=,BIOL
VGVhY2hlci0yNzE0ODE1,MATH
VGVhY2hlci0zMTIyMDkx,CSCE
VGVhY2hlci0xNzM1Nzg0,HISTORY
VGVhY2hlci0yODI0NTQ2,HLTH
VGVhY2hlci0yNjkzMDA5,PHLT
VGVhY2hlci0yMTc2Njgw,ECON
VGVhY2hlci0zMTQ2ODEw,STAT
VGVhY2hlci0yNDUyMjYz,SPMT
VGVhY2hlci0yNjg5Mzkx,SPMT
VGVhY2hlci0yOTU4MTQw,PHIL
VGVhY2hlci0yNjM5NzY4,THEA
VGVhY2hlci0yOTAyMzYw,MMET
VGVhY2hlci0zMDg1NTA0,HORT
VGVhY2hlci0yODc1ODcw,ATMO
VGVhY2hlci0yMjI2NjE1,PSYCH
VGVhY2hlci0yNDQ3NTYx,MKTG
VGVhY2hlci02ODM1NTI=,INFO
VGVhY2hlci0yODUzMzQz,ARCHITECTURE
VGVhY2hlci0yMTYwNjg1,ENGLISH
VGVhY2hlci0yMzE4NTE1,ECMT
VGVhY2hlci0yODk2NzIy,CVEN
VGVhY2hlci0yMTgzMzEz,ME
VGVhY2hlci0yNzM2NTUz,STATS
VGVhY2hlci0xNDY1Mzk5,MATH
VGVhY2hlci0xMDE0NTk4,EHRD
VGVhY2hlci0yNDU1MDg5,MEEN
VGVhY2hlci0yMzc1Njc5,ARCH
VGVhY2hlci02NzM4MTM=,THAR
VGVhY2hlci0yNDI0Mjg3,ENGL
VGVhY2hlci0zMDE1MDQ2,BESC
VGVhY2hlci0zMDg1NTA0,HONR
VGVhY2hlci0yODkwNDc3,HLTH
VGVhY2hlci0yMjA0NTQz,KINE
VGVhY2hlci0xOTYyMzY5,ANTH
VGVhY2hlci0zMDA2MTYw,MKTG
VGVhY2hlci0xOTQwNzk4,PHYSICS
VGVhY2hlci0zMDE0NTA5,ENGR
VGVhY2hlci0yMDQ5Njk2,SPAN
VGVhY2hlci0yMjYxOTY2,STAT
VGVhY2hlci0zMTE4MDE=,MATH
VGVhY2hlci0xODExMzE4,MGMT
VGVhY2hlci0yNjMyMzk4,CSCE
VGVhY2hlci0yODE0MTUy,MEEN
VGVhY2hlci0yMDg5ODc1,NFSC
VGVhY2hlci0xOTUzMTQz,ENGLISH
VGVhY2hlci03MjI3NzE=,RDNG
VGVhY2hlci0yNTM0NTg5,PHLT
VGVhY2hlci0yMjEzMzEy,CVEN
VGVhY2hlci0yNDQ2NDkx,GEOL
VGVhY2hlci0xODUwMTQz,NUTR
VGVhY2hlci0yMjcxNjg=,FIVS
VGVhY2hlci0xNDAxMTU1,ASTRONOMY
VGVhY2hlci0yNjkxMjU2,PHLT
VGVhY2hlci0yNDgxOTg0,URPN
VGVhY2hlci03Mjg3Mjk=,PSYCHXXX
VGVhY2hlci0yNDM4NDM3,MATH
VGVhY2hlci0xNzExNTky,LATIN
VGVhY2hlci0yMDE0NDUx,SOCI
VGVhY2hlci0yMDY3NDA2,PHIL
VGVhY2hlci0yNDE2NDI1,PBSI
VGVhY2hlci0xMDEwOTcw,EDCI
VGVhY2hlci0yMzIzMzkx,CHEN
VGVhY2hlci0yMTUwMTg3,ENDS
VGVhY2hlci0yOTY5Nzk5,ECCB
VGVhY2hlci0yMjY4MDg4,SPMT
VGVhY2hlci0yNTI2NDM0,PSYC
VGVhY2hlci0yNDM1MjEx,MATH
VGVhY2hlci0yNjM3MTky,ISEN
VGVhY2hlci04Nzc5OTc=,CLASSSECTION
VGVhY2hlci0xOTQ3MzI2,PSYC
VGVhY2hlci0zMDkxMzI3,KINE
VGVhY2hlci0xODM3ODky,ENGL
VGVhY2hlci0xOTQ1MjA2,SPCH
VGVhY2hlci0yMDMxNTk1,INST
VGVhY2hlci0yNTExNzY1,ASCC
VGVhY2hlci0yNTQyNzI5,HLTH
VGVhY2hlci0xOTY0MDQ4,KINE
VGVhY2hlci0zMTAwMjcz,ECCB
VGVhY2hlci0yNDU3NzU5,ARCH
VGVhY2hlci0yNDcxNDg0,VTPP
VGVhY2hlci0xNzE1MjE2,PSYCH
VGVhY2hlci05MDYxMjI=,PSYCH
VGVhY2hlci0yNTM2ODk1,CVEN
VGVhY2hlci0yMjgzMzk2,INST
VGVhY2hlci0yMzI2Nzgy,PHLT
VGVhY2hlci0yMTMwMzE4,PSC
VGVhY2hlci0yMzIyNjg0,ARTS
VGVhY2hlci0xODA3OTgx,ANTH
VGVhY2hlci0yOTQ4ODY4,STAT
VGVhY2hlci0yMDg0NzQw,ART
VGVhY2hlci0xOTYyMzM4,BUSINESS
VGVhY2hlci0yNzkwODQ0,ENTOMOLOGY
VGVhY2hlci0yODUwODMx,RPTS
VGVhY2hlci0xNjc1NTM1,SOCI
VGVhY2hlci0xOTE3MjI3,ANTH
VGVhY2hlci0yNDAzMDU4,BESC
VGVhY2hlci0yMDg0MDQ3,ANTH
VGVhY2hlci00Mjc0NDA=,MATH
VGVhY2hlci03OTkxOTU=,ANTH
VGVhY2hlci0zMDQ5NDk4,CSCE
VGVhY2hlci0yMDg3NTc5,STAT
VGVhY2hlci0xNDM4Mjk2,ASTRO
VGVhY2hlci0yNjY1NTQ3,ENG
VGVhY2hlci0yNDgyOTgy,ALED
VGVhY2hlci0yMjcyNjg4,COM
VGVhY2hlci0zNTc5ODM=,QUALRESEARCH
VGVhY2hlci0yMzE3NzE3,IDIS
VGVhY2hlci0yMzA3Mzcz,AGEC
VGVhY2hlci03MTI3NTQ=,URPN
VGVhY2hlci0zMDEwOTA3,NA
VGVhY2hlci0xOTUxOTEy,ENGR
VGVhY2hlci01NDcwMTg=,GEO
VGVhY2hlci0yMjE1MDU4,ECEN
VGVhY2hlci0yMTg5NTcz,COMM
VGVhY2hlci0yMjgyMzM3,MATHEMATICS
VGVhY2hlci0xNTk2MTAz,ENG
VGVhY2hlci0yNjExMjMz,GEOG
VGVhY2hlci0xODUwMTQz,NFSC
VGVhY2hlci0xODM0MDg3,ENDS
VGVhY2hlci0xOTM5MDM1,SOC
VGVhY2hlci05MDE1Nzk=,CVEN
VGVhY2hlci0xMDkyMDc=,ECON
VGVhY2hlci02OTUzOTI=,ARCH
VGVhY2hlci0yMjI5MDUx,ENG
VGVhY2hlci0yMzAzMDY5,ENTO
VGVhY2hlci0yNjQ0ODQ2,POLS
VGVhY2hlci0yNzEyNjU5,STAT
VGVhY2hlci0zMDU3OTg4,TEFB
VGVhY2hlci0yNTcwNDAy,BMEN
VGVhY2hlci0xMzc0NTY5,PLOS
VGVhY2hlci0yMTQ0MTc2,STAT
VGVhY2hlci0yMDI0NDUy,INST
VGVhY2hlci0yMzkxMTAy,SOCI
VGVhY2hlci0yNjM1Mjk4,MATH
VGVhY2hlci0yMTY3MDg1,PHYS
VGVhY2hlci0yOTYyMjMy,EDCI
VGVhY2hlci0yNDkwNDQ4,INST
VGVhY2hlci0xODYxODYw,RENR
VGVhY2hlci0zMDYyMDY2,MEEN
VGVhY2hlci0zMDM2MzQ5,MMET
VGVhY2hlci0xODU4NTMx,PHIL
VGVhY2hlci0yNTY3MTAz,ENGL
VGVhY2hlci0xOTY4Njcx,PSYCNRSC
VGVhY2hlci0yMzY1Mjgz,COMM
VGVhY2hlci0yMTIzODY2,ENGL
VGVhY2hlci0yNTUyMDMy,SPMT
VGVhY2hlci0yMjQ5NTUz,BUSN
VGVhY2hlci0yNjQ4MjQy,ENGL
VGVhY2hlci0yNTU4MjYy,CSCE
VGVhY2hlci0yNzIzMDE4,JOUR
VGVhY2hlci0yOTU4ODc0,COMM
VGVhY2hlci0yNTI1OTc5,CVEN
VGVhY2hlci05MjUyOTE=,CHEM
VGVhY2hlci01OTk0OTA=,SPAN
VGVhY2hlci0yMzIzMzkx,BIOT
VGVhY2hlci0yMzA4NDI1,HIST
VGVhY2hlci0yNzYyNDI1,MEEN
VGVhY2hlci0yMTAzNzM2,MEEN
VGVhY2hlci0yMjA0OTE5,GEOG
VGVhY2hlci0yMDQyNjg1,PHYS
VGVhY2hlci0yMTkyMzcx,COMM
VGVhY2hlci0yNzM0MTAz,ENGL
VGVhY2hlci0yNjIxMjA5,EHRD
VGVhY2hlci0xMTcxMTgz,CHEM
VGVhY2hlci0yMDU2OTE2,CSCE
VGVhY2hlci0yMjMxNTE0,AFST
VGVhY2hlci0xODU4MzE3,NUTR
VGVhY2hlci0yMzI2Nzgy,HLTH
VGVhY2hlci0yODE4MjAx,POLS
VGVhY2hlci0xOTIyMzMx,TEFB
VGVhY2hlci0yNjExODg2,MEEN
VGVhY2hlci0zMTA4NTE3,VIST
VGVhY2hlci0yMTkwODky,CSCE
VGVhY2hlci0yMzI0NzU0,FYEX
VGVhY2hlci0yNDE4Mzg4,BESC
VGVhY2hlci0yNzQ1NTAy,PHIL
VGVhY2hlci0yMjIwOTky,ECEN
VGVhY2hlci0yMTcxMjc5,ACCT
VGVhY2hlci0zMDAzMzQ1,KINE
VGVhY2hlci0yMzYwMzgy,CSCE
VGVhY2hlci0yMzkyMTMx,NRSC
VGVhY2hlci0yMjAzNTU5,BIOL
VGVhY2hlci0yMjcyNzE5,PHYS
VGVhY2hlci03MTQzNTI=,BIOL
VGVhY2hlci0yNDAwNTA2,ATMO
VGVhY2hlci0yNjM5NDk3,HLTH
VGVhY2hlci04NTQyNw==,ANTH
VGVhY2hlci0yOTQ4Mzk2,ASTR
VGVhY2hlci0yNzg5MzUx,SOCI
VGVhY2hlci0yMzg4NzA5,ENG
VGVhY2hlci0yNTA5NTA3,SPMT
VGVhY2hlci0zMTQ1OTMx,EDCI
VGVhY2hlci0yMTYyNjg2,ECON
VGVhY2hlci0yOTk3MjA3,MASC
VGVhY2hlci0yODY2MDcw,STATISTICS
VGVhY2hlci0yODMwNjIy,CHEM
VGVhY2hlci0yNzYxNjA3,BIOL
VGVhY2hlci0xMzE3NzMy,MGMT
VGVhY2hlci0xMzM4Mjgz,SOC
VGVhY2hlci0yMDQ0MzYw,GEOL
VGVhY2hlci0xNjA4OTQz,MATH
VGVhY2hlci0yNTU2NTYw,ALEC
VGVhY2hlci0zMDQ5MzMw,HIST
VGVhY2hlci0xNzcyNjgz,POLS
VGVhY2hlci0yNTMzNTI0,PERF
VGVhY2hlci0xNzcwMzI4,ECON
VGVhY2hlci0xNTc3MzU0,BIOLOGY
VGVhY2hlci0zMDkyNzM3,CSCE
VGVhY2hlci0yMzI4MjM=,PHYSICALORGANI
VGVhY2hlci0xODUyODIw,PHYS
VGVhY2hlci0yMjcyNzE5,CHEM
VGVhY2hlci0yMjI3MjE0,ENGL
VGVhY2hlci0xODU2MjAy,NUTR
VGVhY2hlci0yNTg3MDUz,ENGLISH
VGVhY2hlci0yODkxMDk5,CHEM
VGVhY2hlci0yODMzNDYz,ARCH
VGVhY2hlci0yMDEyODg5,ENGR
VGVhY2hlci0yODE0NjE2,GEOGRAPHY
VGVhY2hlci0yNDQ1NTU0,PERF
VGVhY2hlci0xNDM3NzQ2,POLS
VGVhY2hlci0xNDg5NzAz,STAT
VGVhY2hlci0yODc1MzA1,HIST
VGVhY2hlci0yOTUwMjM2,CVEN
VGVhY2hlci0yMDcwNDcy,ENGL
VGVhY2hlci0yMzE4MDM1,KINE
VGVhY2hlci0yNTY2NjA2,PHYS
VGVhY2hlci05OTI5MDc=,POLS
VGVhY2hlci0xOTUxOTMw,VIST
VGVhY2hlci0yNjY1NTQ3,ENGL
VGVhY2hlci0xOTUyMTMw,SOC
VGVhY2hlci0yNTY2NDM3,GLST
VGVhY2hlci0yNDI4NzE4,CVEN
VGVhY2hlci02NzIxNzc=,HISTENGL
VGVhY2hlci0yMjQyNDI5,MKTG
VGVhY2hlci0yOTg3OTcx,PSYCHOLOGY
VGVhY2hlci0xOTEzNDU4,BIOL
VGVhY2hlci0yNzExNjUw,PBSI
VGVhY2hlci0yNzY5MjM4,CSCE
VGVhY2hlci0xOTk4NzUy,SOCI
VGVhY2hlci0yMDIwNDk3,DCED
VGVhY2hlci02OTQxMTc=,PRECA
VGVhY2hlci0xNjU1OTc5,AGEC
VGVhY2hlci0yNTA3ODk3,ART
VGVhY2hlci0xODUzMTcw,LBAR
VGVhY2hlci0yNzQzOTAz,CHEMH
VGVhY2hlci0yMTkzOTc5,COMM
VGVhY2hlci0yMjk3NjYx,ENDS
VGVhY2hlci0xOTQwMTUz,ECEN
VGVhY2hlci0yMjc3NzE1,BMEN
VGVhY2hlci0yNTgxNjY3,GEOG
VGVhY2hlci0yMTQ3ODI1,ARTS
VGVhY2hlci0yMzU4NDk2,EDCI
VGVhY2hlci0yODIzMDU5,NUEN
VGVhY2hlci0zMDQxMzI4,ENTOMOLOGY
VGVhY2hlci0yMDI0NDE5,ARCH
VGVhY2hlci0yMzk1Mjc4,ANTH
VGVhY2hlci0yMjM5NTc2,KINE
VGVhY2hlci0yNTc1NDEy,PETE
VGVhY2hlci0yMjI5MDUx,ENGL
VGVhY2hlci0yNDg5MTQ0,ENC
VGVhY2hlci0yMDc0MDc1,KINE
VGVhY2hlci0xODQ5Nzc3,NUTR
VGVhY2hlci0yMjA2Nzkw,ECON
VGVhY2hlci01MzE2NDc=,STAT
VGVhY2hlci0xMTMyNjg2,HIST
VGVhY2hlci0yMzM2ODgz,HLTH
VGVhY2hlci0yMjAxMDA4,INST
VGVhY2hlci0zMDIyMzEx,MEEN
VGVhY2hlci0xNjExNjk0,MUSIC
VGVhY2hlci02NzIxNzc=,HISTORY
VGVhY2hlci0xOTk2MDg4,PSYC
VGVhY2hlci0yNjIzODU2,CVEN
VGVhY2hlci0yMjE4OTMx,MEEN
VGVhY2hlci0zMTQ4NzA3,STAT
VGVhY2hlci0zMDU2OTUz,MATHEMATICS
VGVhY2hlci0yNDM1Nzk4,COMM
VGVhY2hlci0yMzE3NzIz,IDIS
VGVhY2hlci0xNzA2NTE2,COMM
VGVhY2hlci0yODQzOTM4,KINE
VGVhY2hlci0yNjMwODU4,ECCB
VGVhY2hlci0yMzA2MTI0,OCNG
VGVhY2hlci0xNTk3OTU3,GEO
VGVhY2hlci0yMDAyNTU=,LBAR
VGVhY2hlci0yMDkyNzMw,MATH
VGVhY2hlci0xODU2MjAy,NFSC
VGVhY2hlci0xOTQ4NTI3,KINE
VGVhY2hlci0xOTk4NzMz,MATH
VGVhY2hlci0yNDY3NjU2,MATH
VGVhY2hlci0zMDkyMjgx,ATMO
VGVhY2hlci02NDkwMDM=,CSCE
VGVhY2hlci0xNzcyMTM2,RPTS
VGVhY2hlci0yNTY2NDMz,MATH
VGVhY2hlci0yOTEwMTUx,FREN
VGVhY2hlci0xOTc2MTMy,MEEN
VGVhY2hlci0xMzIwNDk0,BIOL
VGVhY2hlci0yMzA3MTcx,MERN
VGVhY2hlci0yNDM4OTE0,ART
VGVhY2hlci0yOTYwNjE1,NUEN
VGVhY2hlci0xNzcyNjc0,THAR
VGVhY2hlci0yMzQxNTE0,IDIS
VGVhY2hlci0zMTQ2Nzkz,ISEN
VGVhY2hlci0yNzQ4Nzky,ECMT
VGVhY2hlci02NTAzNzk=,MATH
VGVhY2hlci0zMDM5OTc2,MATH
VGVhY2hlci0yODA2MDM3,SOCI
VGVhY2hlci0zMDkzMTg3,DCED
VGVhY2hlci0yMTI5OTM4,COMM
VGVhY2hlci0yNjA5MzQ2,SPED
VGVhY2hlci0yMTk0NjE3,PSYCH
VGVhY2hlci0yNTU1OTgw,COMM
VGVhY2hlci0yOTUwMzMz,ENGR
VGVhY2hlci0yMDY3NDc5,CLAS
VGVhY2hlci0yMjk5NzMx,SPAN
VGVhY2hlci0xODI1MDM4,MATH
VGVhY2hlci0xOTUwNDUx,HISTORY
VGVhY2hlci0yOTc0NzQ4,HLTH
VGVhY2hlci0yMjE2MjE5,STAT
VGVhY2hlci0xNjEzNjEx,MUSC
VGVhY2hlci0yNDQzNDMw,STATS
VGVhY2hlci0yMDc3NTcz,KINE
VGVhY2hlci0yMDI2MDA4,COMM
VGVhY2hlci0xNTkwODYw,SOC
VGVhY2hlci0xNTEzMjQ1,ANTH
VGVhY2hlci0yNjg4MTQ2,ENC
VGVhY2hlci0yMDk5ODQz,COMM
VGVhY2hlci0yNTk1Mjg5,GEOG
VGVhY2hlci0yMDY4OTA5,FTSC
VGVhY2hlci0xMjE0NTc4,ECO
VGVhY2hlci0yNDM5ODg4,ENGL
VGVhY2hlci0yNTkzMjMy,BIMS
VGVhY2hlci0yNzg5OTcw,ACCT
VGVhY2hlci0yNzE1ODMx,MATH
VGVhY2hlci0yMjMxNTE0,ENG
VGVhY2hlci0zMTI3ODkz,SOCIOLOGY
VGVhY2hlci0yMDc1Mjgy,GEOG
VGVhY2hlci0yMjU0MTMy,ANTH
VGVhY2hlci0yMzYwMzc5,PHLT
VGVhY2hlci0xOTIzNTEz,BIOLOGY
VGVhY2hlci0xOTA2NDUw,CSCE
VGVhY2hlci0yMzIyMjM5,POLS
VGVhY2hlci0zMTQ4NzA3,STATISTICS
VGVhY2hlci0yNzM2Njcy,CHEM
VGVhY2hlci0yODY1ODkx,AGEC
VGVhY2hlci0xODg3OTM5,SOCI
VGVhY2hlci0yMTk5NDQw,SCMT
VGVhY2hlci0yNTgzODcw,MGMT
VGVhY2hlci0yMzkzMzMw,MGMT
VGVhY2hlci0yMzYwMzg1,ENG
VGVhY2hlci0xNDczMjQ4,POLS
VGVhY2hlci0yNzk4Mjg3,SPMT
VGVhY2hlci0xMTM2ODc2,HISTORY
VGVhY2hlci0yMjMxOTY2,KINE
VGVhY2hlci02NjA2Mjk=,PLANTPHYS
VGVhY2hlci0yNTM4NzI4,HORT
VGVhY2hlci0yMzgxOTA2,COMM
VGVhY2hlci03NjAzNTA=,ECON
VGVhY2hlci0zMDk1OTc5,PHIL
VGVhY2hlci0yODQ4NjQ0,MASC
VGVhY2hlci0yMTg5MTQ0,OCNG
VGVhY2hlci0yNjQzODE1,BMEN
VGVhY2hlci0yMTcyMDMw,MATH
VGVhY2hlci0yMDgxMjQ1,EDCI
VGVhY2hlci0yNDUwMDAx,AGSC
VGVhY2hlci0yNzU2Njgw,URPN
VGVhY2hlci0xNTY1ODk0,HIST
VGVhY2hlci0zMDEyNDUw,OCEN
VGVhY2hlci0xODU4MDIz,MUSC
VGVhY2hlci0yMzY2Mzcw,SOCI
VGVhY2hlci0yNjA1MjUx,MGMT
VGVhY2hlci0yMDc5NDMx,CHIN
VGVhY2hlci0yMDk3OTgw,PSYCH
VGVhY2hlci01MjczODY=,POLSPOLS
VGVhY2hlci0yNDk2MTU3,CSCE
VGVhY2hlci0zMDUwMzQ2,ANTH
VGVhY2hlci0xMzU0ODc3,HLTH
VGVhY2hlci0yMTk4OTU5,RDNG
VGVhY2hlci0yNTgyOTI3,ALED
VGVhY2hlci0yNzUwNzkx,RUSS
VGVhY2hlci0yNjQxNzI4,CSCE
VGVhY2hlci01MTM4MzA=,MATH
VGVhY2hlci02NzIzNzk=,INTROTOBUAD
VGVhY2hlci0zMDg5NTQ2,PSAA
VGVhY2hlci0yMTk4MDUw,THAR
VGVhY2hlci0yODA1NDg3,ECON
VGVhY2hlci0yNjY4NTg3,MKTG
VGVhY2hlci0yNzY2MDEy,STAT
VGVhY2hlci0yNTU2Njg1,HLTH
VGVhY2hlci0yMDE1NTIy,COMM
VGVhY2hlci0xMjY4MjQ1,SOC
VGVhY2hlci0yNTg1NDAz,MASC
VGVhY2hlci0xODk4NTcy,ALED
VGVhY2hlci0yNzIzMDE4,COMMUNICATION
VGVhY2hlci0yMTQ1NTI2,ARCH
VGVhY2hlci0yMTAyOTcx,ATMO
VGVhY2hlci0yMDEyMDAx,TCMG
VGVhY2hlci0zMDkxNzUy,CSCE
VGVhY2hlci0yMzAwNzE3,SOCI
VGVhY2hlci0yNzMyNTky,URPN
VGVhY2hlci02MTk0NzI=,MISCNUCL
VGVhY2hlci0xOTcyNjM1,SOC
VGVhY2hlci0xOTY0NjU5,ENTO
VGVhY2hlci0xNDk1NTIz,MATH
VGVhY2hlci0zMDE5MzQ4,SPMT
VGVhY2hlci0zMDU3MDk3,FINP
VGVhY2hlci0xNDc3NTc=,NORMANDYSM
VGVhY2hlci04Mzg5ODU=,AFST
VGVhY2hlci0yNzUwOTk1,ECEN
VGVhY2hlci0yNzMwMTU4,MATH
VGVhY2hlci0yMjgyMTQ5,ANTH
VGVhY2hlci03NTMyOTk=,ANSC
VGVhY2hlci0xNzExMjc2,PHIL
VGVhY2hlci0yMzk4OTE0,FILM
VGVhY2hlci0yNDI2ODc3,SOC
VGVhY2hlci0yMjA3NTk5,SOCI
VGVhY2hlci0yNTQ2NjI2,SENG
VGVhY2hlci0yNTk4NzQx,SCMT
VGVhY2hlci0yNjM1ODAw,MATH
VGVhY2hlci0yNjYzMzk5,SPMT
VGVhY2hlci0yNzk4NTUx,CHEN
VGVhY2hlci0yNjM2NjQ0,ANSC
VGVhY2hlci0yODk0Mzk1,BIOL
VGVhY2hlci0yNDI1NDcw,BUSN
VGVhY2hlci0yMjA0MDI5,KINE
VGVhY2hlci0yOTM0ODIy,HLTH
VGVhY2hlci0xNDYzNzQ0,PHYS
VGVhY2hlci0yNDgzMjY1,MEEN
VGVhY2hlci02OTk5NzU=,MATH
VGVhY2hlci0xMTg2MTQ5,PSYCHOLOGY
VGVhY2hlci0yMjA5MjIx,PSYC
VGVhY2hlci0yODk2MTcz,PSYCHOLOGY
VGVhY2hlci0yODY0NjUx,COMM
VGVhY2hlci0yOTQyMDQ1,ENGL
VGVhY2hlci0yMzU5Mjg4,ASTR
VGVhY2hlci0xMzE2ODQy,CHEMISTRY
VGVhY2hlci0xOTA2NDUw,ARCHITECTURE
VGVhY2hlci0yMjcwNDA2,TESOL
VGVhY2hlci0yNDc0Njkx,ASTR
VGVhY2hlci0yMjE3NjQw,ECON
VGVhY2hlci0yNjg4MjI4,PSAA
VGVhY2hlci0yNTkxMDUy,PSYCH
VGVhY2hlci0yMTA1NzQ5,ARCH
VGVhY2hlci0zMDY5OTAw,MEEN
VGVhY2hlci0yNjQ5NDQz,FINC
VGVhY2hlci0yNjY2MDU2,KINE
VGVhY2hlci0yNDkxMTIw,POSC
VGVhY2hlci0yOTYwODg3,BIOL
VGVhY2hlci0xOTQ5NDk2,HRDV
VGVhY2hlci0yNTY2MjAz,LAND
VGVhY2hlci0yMjgyMDkx,ACOM
VGVhY2hlci0xMDgxMTU5,WGST
VGVhY2hlci0yNjQzMDgz,MEEN
VGVhY2hlci0yNzA0NDEz,MATHEMATICS
VGVhY2hlci0xOTYzODY1,MATHEMATICS
VGVhY2hlci0yMjMxNTE0,ENGL
VGVhY2hlci0yODgzODMx,ECEN
VGVhY2hlci0yNTQ3Mjk4,MATH
VGVhY2hlci0yNzIzMDE4,COMM
VGVhY2hlci03MjI3NzE=,EDCI
VGVhY2hlci05MzQ1NzY=,COS
VGVhY2hlci0yOTgyMzEx,COMMUNICATION
VGVhY2hlci0yNTczMTY1,CALC
VGVhY2hlci0yNDI3ODAw,PHIL
VGVhY2hlci0xOTY3NTUw,ENGLISH
VGVhY2hlci0yODU3MjE5,EURO
VGVhY2hlci0xMDM5ODA2,PSYCH
VGVhY2hlci0yMzYwMzg1,ENGL
VGVhY2hlci0yMTAxNzEw,MATH
VGVhY2hlci04NDcyMg==,ENGR
VGVhY2hlci0yMzA5MTkx,ENDS
VGVhY2hlci0yMDg0MzUy,ENDS
VGVhY2hlci0yMTY1NjE1,CLEN
VGVhY2hlci0xODYwMTk2,CHEMISTRY
VGVhY2hlci0yNTE0NjUw,KINES
VGVhY2hlci0yNzQ1NzUx,HLTH
VGVhY2hlci0yODMzNjkz,CHEN
VGVhY2hlci0yNzk5NDQ1,ECON
VGVhY2hlci0yMTI3NjUw,HLTH
VGVhY2hlci0yNDI0ODAw,MATH
VGVhY2hlci0xMzM3NjE2,SCSC
VGVhY2hlci0yMDkyNDM0,AGEC
VGVhY2hlci0yNjgyOTIx,BMEN
VGVhY2hlci0xMjYwNDA0,HIST
VGVhY2hlci0zMDczNTQ=,PHSYS
VGVhY2hlci0yMzQ3MzEy,SCMT
VGVhY2hlci0zMDg0MDU4,ENGR
VGVhY2hlci0xMzIwNDkz,NUTR
VGVhY2hlci0yMzEzMzEy,ACCT
VGVhY2hlci0yNTA4NzQ1,MMET
VGVhY2hlci0yMDY5MDI0,ANSC
VGVhY2hlci0yNDI2MTUz,ENGR
VGVhY2hlci0zMDQ5Mzg0,ENGL
VGVhY2hlci0yOTA2MzA3,MATH
VGVhY2hlci0yMTcyMzIx,GEOL
VGVhY2hlci00OTgyMTc=,NAZIGERM
VGVhY2hlci0yOTQyMDQz,ENGLISH
VGVhY2hlci0xOTYwNzA4,THAR
VGVhY2hlci0yOTc1NDQ3,ECON
VGVhY2hlci0xNzg1MTEx,XXX
VGVhY2hlci0xMzk4Nzgw,PETE
VGVhY2hlci00OTgyMTc=,NAZIHISTORY
VGVhY2hlci0yNzMyMzEw,ENDS
VGVhY2hlci0yMzM2MjE3,ECEN
VGVhY2hlci0yOTAyMzI2,CSCE
VGVhY2hlci0yOTk2Mzc2,FINANCE
VGVhY2hlci0yMzczODA3,ARCH
VGVhY2hlci0yNjU0Nzcx,AERO
VGVhY2hlci0zMTAyMTkw,STATISTICS
VGVhY2hlci0yMDEwNzEz,HLTH
VGVhY2hlci0yNTU4Njc2,ECEN
VGVhY2hlci0xOTIxNzQw,ECONOMICS
VGVhY2hlci0xNzczMjc2,MATHEMATICS
VGVhY2hlci0yMjA3MzE0,MUSC
VGVhY2hlci0yNjk0MTAx,EHRD
VGVhY2hlci0yNzMwMDI=,AMLIT
VGVhY2hlci0yNjQ5MTkz,VTPP
VGVhY2hlci0yMjc4MzEw,COMM
VGVhY2hlci0yMzczNDk0,EDCI
VGVhY2hlci0yNzkzMTY0,ECEN
VGVhY2hlci02NTk1NDM=,MATH
VGVhY2hlci0yNjQzMTk2,SOCI
VGVhY2hlci0xNTU1MTQ0,PSYCHOLOGY
VGVhY2hlci0yOTcxNjgy,ESET
VGVhY2hlci0yODE0NDUy,AERO
VGVhY2hlci0yMDI1Nzg5,ISTM
VGVhY2hlci0zMTI2NDM5,ANTH
VGVhY2hlci0yMTgzNjQy,ASTRO
VGVhY2hlci0xNjQwNTQ3,ECON
VGVhY2hlci0yNzk2MzAw,MATH
VGVhY2hlci0yMzE5NjM2,MMET
VGVhY2hlci0zMDQxMDM1,CSCE
VGVhY2hlci0yMjIwOTkx,ECEN
VGVhY2hlci0yMDc3MTI4,RENR
VGVhY2hlci0yNDYzNzM0,CSCE
VGVhY2hlci0zMDUxOTE2,SPMT
VGVhY2hlci0yMTQxMDE2,ESSM
VGVhY2hlci03OTk4MjU=,CVENXXX
VGVhY2hlci0yODk2NTQz,BUSN
VGVhY2hlci0yNzk1ODcy,KINE
VGVhY2hlci0yMDAxMzU3,AFST
VGVhY2hlci0yMzE3NDA3,OCEN
VGVhY2hlci0yNzU5MjI0,NUTR
VGVhY2hlci0yOTI2NDQw,IDIS
VGVhY2hlci0xMzk4Nzc2,PETE
VGVhY2hlci0yNDc4ODc2,ESSM
VGVhY2hlci0yNDgwNjQz,ACCT
VGVhY2hlci0yMzQxMDk=,CHEM
VGVhY2hlci0yMzEzMTc4,UPRN
VGVhY2hlci0yNjQxNjEx,ENGL
VGVhY2hlci0yMjAyMjk5,MUSC
VGVhY2hlci0yMDUzODc0,ANTH
VGVhY2hlci0xNjEyODU4,HIST
VGVhY2hlci0yNjc5Njgy,ANTH
VGVhY2hlci0yNTI5MDc2,CSCE
VGVhY2hlci00MzIyMzE=,AGEC
VGVhY2hlci0xOTk1NjA5,SPAN
VGVhY2hlci0yNzU5MDk0,CHEM
VGVhY2hlci0yMzExODc3,MATH
VGVhY2hlci0yNDg2NDY2,ANSC
VGVhY2hlci0yMDI1MzEz,ARSC
VGVhY2hlci0xMzA4MjEy,AERO
VGVhY2hlci0yNTIyMzcw,BIOL
VGVhY2hlci0yNjcyNjE4,MATH
VGVhY2hlci0yMjI3NDky,SMPT
VGVhY2hlci0yMzAzMDY5,DRIP
VGVhY2hlci00NDQ5NTc=,ENGR
VGVhY2hlci04NDcyMg==,ARTS
VGVhY2hlci04NDcyMg==,ARTHISTORY
VGVhY2hlci0xOTQ5NDAz,HLTH
VGVhY2hlci0xOTYwNzA4,ANTH
VGVhY2hlci0yNTY2NTQz,VTPB
VGVhY2hlci0yNzUwOTg4,ECEN
VGVhY2hlci0yNzkwMTIw,MATHEMATICS
VGVhY2hlci0yMDg0ODk2,FIVS
VGVhY2hlci0xMTUyOTE3,BIOL
VGVhY2hlci0xNzIzNTQ5,ANSC
VGVhY2hlci0yNzM5OTY2,PSYCH
VGVhY2hlci0yMjAwMzg4,SOCI
VGVhY2hlci0xOTI3NTgz,CSCE
VGVhY2hlci0yMzMyODQ5,MLSC
VGVhY2hlci0yMTkzNTk5,ACCT
VGVhY2hlci0zMDQxNDQw,ITDE
VGVhY2hlci04NDI2Nw==,MATH
VGVhY2hlci0yMjI2NjE1,PSYC
VGVhY2hlci0zMTAzMzQy,ECON
VGVhY2hlci0yMzk5Mzkw,AGCJ
VGVhY2hlci00OTgyMTc=,HISTORY
VGVhY2hlci0yMDg2Mzkz,ESSM
VGVhY2hlci0yMjgyNTU=,CHEM
VGVhY2hlci0xNzcwMDEx,WGST
VGVhY2hlci0yODkyMDgy,CVEN
VGVhY2hlci0yNzk4MDIw,BIOLOGY
VGVhY2hlci02ODM1Mzk=,ACCTT
VGVhY2hlci0yMzIwNzk0,PSYCH
VGVhY2hlci0zMDA3NjAw,PHIL
VGVhY2hlci0xNDM0ODU3,PCB
VGVhY2hlci0yODIxOTMx,ECEN
VGVhY2hlci0yNjI1OTQw,ISEN
VGVhY2hlci0yODE1MDE1,GEOS
VGVhY2hlci0yNjM1Mjgw,NFSC
VGVhY2hlci0yMTk5MzA0,SCSC
VGVhY2hlci0yMjA3NTM5,ATMO
VGVhY2hlci0yMTk4OTg2,ENGL
VGVhY2hlci0yNjg5MDA0,BIO
VGVhY2hlci0yOTcyMTM4,ALED
VGVhY2hlci0yMDc0NTI2,EHRD
VGVhY2hlci0yMjYxODUw,PBSI
VGVhY2hlci0yMDY5MDQ1,RDNG
VGVhY2hlci02NjIyODk=,PSBI
VGVhY2hlci0yMzkzNTc0,ARTS
VGVhY2hlci04NDcyMg==,ENG
VGVhY2hlci0yNjkwNjM5,ISEN
VGVhY2hlci0yMDA4ODc5,CSCE
VGVhY2hlci0yNDMyMTI1,ENGL
VGVhY2hlci0xMTgxNzkz,STAT
VGVhY2hlci0xNDA2NjMw,HLTH
VGVhY2hlci0yNTgzMDY2,MEEN
VGVhY2hlci0yNTc0NDQw,FYEX
VGVhY2hlci0yNjQxMjA5,HIST
VGVhY2hlci0yMTMxNTU1,COMM
VGVhY2hlci0yOTI1MzE4,CSCE
VGVhY2hlci0yNjEzODg0,CSCE
VGVhY2hlci0yMjQ0Mjg5,ECCB
VGVhY2hlci0yMDA5MzMz,ENGR
VGVhY2hlci0yMzQ3NzA5,MGMT
VGVhY2hlci0yMTc3NzQ1,BCIH
VGVhY2hlci0xMDk4NzMz,ENTO
VGVhY2hlci0xNzczNTg4,MATH
VGVhY2hlci0zMDk0MTk5,CSCE
VGVhY2hlci0yNTQyMTg0,PHIL
VGVhY2hlci0xOTE0NTc0,ENGL
VGVhY2hlci0yNTEzNTYz,ENGR
VGVhY2hlci0yNDg4NzU3,MEEN
VGVhY2hlci02NDYxNDM=,CHEMISTRY
VGVhY2hlci0yMTYzNTk5,SOCI
VGVhY2hlci0yMDc3NDk1,KINE
VGVhY2hlci0yMzE2Njk0,ENGL
VGVhY2hlci0yMTkzMDIw,ONCG
VGVhY2hlci0yOTgwNTYy,AGRICULTURE
VGVhY2hlci0yODE1NDIx,AERO
VGVhY2hlci03MzQ1OTE=,HIST
VGVhY2hlci0yMDcwNjYz,MEEN
VGVhY2hlci0yNjMwNDk2,SOCI
VGVhY2hlci0yNjQwNTg3,CHEN
VGVhY2hlci0zMTMyNTc0,STAT
VGVhY2hlci0yNzQyMTYz,MMET
VGVhY2hlci0xNzE1MjE2,PSYC
VGVhY2hlci05MDYxMjI=,PSYC
VGVhY2hlci0yMzM3NDM0,AERO
VGVhY2hlci0xNzQwNjM1,ENGL
VGVhY2hlci0yMzc5NTM0,CVEN
VGVhY2hlci0yMDkyNzkw,FIVS
VGVhY2hlci0zMTQyODMw,CHEM
VGVhY2hlci0yODIwNDc5,POLS
VGVhY2hlci0yOTUxMDAz,ECONOMICS
VGVhY2hlci0yMjE5NTk5,ISEN
VGVhY2hlci0yNzU0MTUx,AGEC
VGVhY2hlci0xOTEzNDU1,BIOL
VGVhY2hlci0yMzcxMjI3,PETE
VGVhY2hlci04OTgwODY=,MODERPHIL
VGVhY2hlci0yMDI0MTMy,CSCE
VGVhY2hlci02NDkyOTc=,CSCE
VGVhY2hlci0xNzE2NDgz,ECON
VGVhY2hlci04OTgwODc=,PHIL
VGVhY2hlci0yNjE0NTU2,VTPB
VGVhY2hlci0yMzc0NTE0,CVEN
VGVhY2hlci0yMjUxNzI1,GEOG
VGVhY2hlci0yNjQyNDM5,SPAN
VGVhY2hlci0xODM5MTc1,ENGL
VGVhY2hlci0xODIzMDk2,MATH
VGVhY2hlci0xOTU4ODgx,PSYCHOLOGY
VGVhY2hlci0yMzM3MDY0,MEEN
VGVhY2hlci0yMTQ1MjEz,RDNG
VGVhY2hlci0zMDU3Njg4,GEOG
VGVhY2hlci0yNTQwNTMy,URPN
VGVhY2hlci0xODUzMTcw,FILM
VGVhY2hlci0yMzEzMDQ3,MRKT
VGVhY2hlci0yMjExODAz,RPTS
VGVhY2hlci0yODI1ODk2,BIOL
VGVhY2hlci0xODIzMTAy,HLTH
VGVhY2hlci0yMzYyNDU2,WFSC
VGVhY2hlci0yNDY1ODA1,CSCE
VGVhY2hlci0yNDAzMDYw,CHEMISTRY
VGVhY2hlci0yMzE4MzEz,GEOG
VGVhY2hlci0xNjU3Njk1,RENR
VGVhY2hlci0yNDE4Mzgy,ISEN
VGVhY2hlci02NjEwMzQ=,GEO
VGVhY2hlci0xODc3NzAz,EDCI
VGVhY2hlci0yMzM1NDA2,ALED
VGVhY2hlci0xODI0NjUx,MATH
VGVhY2hlci0xNzQ2ODYy,CHEM
VGVhY2hlci0yMTQ1NDE2,BICH
VGVhY2hlci00NDQ5NTc=,ENG
VGVhY2hlci0yMjgyOTY0,MATH
VGVhY2hlci0yMzA4MDAx,KINE
VGVhY2hlci0xNDAxMTU1,ASTR
VGVhY2hlci02OTY3NTM=,BIOL
VGVhY2hlci0yMzcxODg1,INST
VGVhY2hlci0yNjY2NzMy,PHYS
VGVhY2hlci0xODEwOTc3,THAR
VGVhY2hlci0xMTQ1OTkz,COMM
VGVhY2hlci0xMzI5NzQw,BIOL
VGVhY2hlci0xMzk4Nzk5,PETE
VGVhY2hlci0yNDg2OTcx,AERO
VGVhY2hlci0yNDI0MDcx,MGMT
VGVhY2hlci0xOTc0NDU2,ACCOUNTING
VGVhY2hlci0xOTgxNjA0,KINE
VGVhY2hlci0yMjI1NDg4,MEEN
VGVhY2hlci0xNzI4NTQy,CSCE
VGVhY2hlci0yMjA0NjE1,ECEN
VGVhY2hlci03Mjg3Mjk=,PSYCHOLOGY
VGVhY2hlci0xOTc5OTY5,MATH
VGVhY2hlci0yMzYyNTg0,CSCE
VGVhY2hlci0yMjMxMDM4,PSYC
VGVhY2hlci04MDU4OTY=,STATS
VGVhY2hlci02Nzc=,BBQCLASS
VGVhY2hlci0yMjAwNTY3,TEFB
VGVhY2hlci0yNTM3Nzcy,PHLT
VGVhY2hlci0yMTE0MzE1,PHYS
VGVhY2hlci0yMzEzMjU4,SPAN
VGVhY2hlci0yMDEwMjE1,GEOG
VGVhY2hlci0yNDE5MTA1,CVEN
VGVhY2hlci0yNDU2Njg4,ISEN
VGVhY2hlci0xOTQ5NDAz,HTLH
VGVhY2hlci0yMzk0Mjc1,PHIL
VGVhY2hlci0yMDE4NzY1,MATH
VGVhY2hlci0xNzExNTky,CLAS
VGVhY2hlci0xNjMwNzE5,PSYCHOLOGY
VGVhY2hlci0xNzc1NjA3,POLS
VGVhY2hlci0yNDcxNTYx,MATH
VGVhY2hlci0xNDM0MzQ5,ENG
VGVhY2hlci0yNDQ5NzYy,MEEN
VGVhY2hlci0xNzcwMDEx,COMM
VGVhY2hlci0yNzUzMTgy,STAT
VGVhY2hlci0xODYwODQz,COMM
VGVhY2hlci0zMDkwODg4,MGMT
VGVhY2hlci0yMTc0OTUw,CVEN
VGVhY2hlci0yNjEzMDQ2,ENGL
VGVhY2hlci0xNTY4NTM0,BIO
VGVhY2hlci0zMDM2Mjc3,POLS
VGVhY2hlci0yODY3OTk0,MTDE
VGVhY2hlci0xNjIyODU5,ESSM
VGVhY2hlci0yNDU0MzUw,LAND
VGVhY2hlci0yODAyMTE5,CHEN
VGVhY2hlci0yOTEzNDgz,PBSI
VGVhY2hlci0xMzMwNDY=,SOCI
VGVhY2hlci0zMDczNTQ=,PHYSICS
VGVhY2hlci0xNTk2MTAz,ECEN
VGVhY2hlci0yMTIyMzg4,MKTG
VGVhY2hlci0yNTkzODY0,INST
VGVhY2hlci0yODg2MzQz,MXET
VGVhY2hlci0yOTEzNjQ2,ARCHITECTURE
VGVhY2hlci0yNjIzNzQz,NFSSC
VGVhY2hlci01MTM3Mjk=,GEOGRAPHY
VGVhY2hlci0xNzA2NTE2,PUBLICSPEAKING
VGVhY2hlci0yMzMxNzEx,OCN
VGVhY2hlci0xOTA3ODY5,OCNG
VGVhY2hlci0yNTExNzY1,SOMS
VGVhY2hlci0yNjI1MjE2,ESET
VGVhY2hlci0yMjExOTQ2,ENGL
VGVhY2hlci0xMTczMjEy,MATH
VGVhY2hlci0xODk4NTk3,CHEM
VGVhY2hlci0yMDExODYy,ENGR
VGVhY2hlci0zNTcyNzg=,MEEN
VGVhY2hlci0yNDUwMDA0,POSC
VGVhY2hlci0yNTg0Mjgw,PBCH
VGVhY2hlci0zMDQ2NDc3,ISEN
VGVhY2hlci0xOTcxNDA5,ENGL
VGVhY2hlci0yOTU0ODA1,INTS
VGVhY2hlci0xMzM4NzYx,ASTRO
VGVhY2hlci0yNDU3NDgx,FIN
VGVhY2hlci0xNzE1MDI3,HIST
VGVhY2hlci0yNjE2NjYz,FYEX
VGVhY2hlci0yODExMDEy,BMEN
VGVhY2hlci0yMzY1NDQx,KINE
VGVhY2hlci0yMDM5ODQ1,SOCIOLOGY
VGVhY2hlci04MzMzNzU=,GEOG
VGVhY2hlci0yMzcxMDQw,ENGR
VGVhY2hlci0yMDk5OTEw,AFST
VGVhY2hlci0zMTQ3ODc5,SOCIOLOGY
VGVhY2hlci0xNTcxNjk1,BIOLOGY
VGVhY2hlci0yMDIwMzcz,CSCE
VGVhY2hlci0yNzU5NzA1,PHIL
VGVhY2hlci0yMzQ2NzYw,URPN
VGVhY2hlci0yMTU2NjEz,AGSM
VGVhY2hlci0zMDY3NTkz,CSCE
VGVhY2hlci0xOTYwNzA4,PERF
VGVhY2hlci0xNDk2NDcx,PSYCH
VGVhY2hlci04OTgwOTE=,PHILOSOPHY
VGVhY2hlci0zMDAxMjQw,ESET
VGVhY2hlci0yNTUwNDQ3,BUAD
VGVhY2hlci02ODM1NTI=,DBAAMPD
VGVhY2hlci0yNjM0Mjc4,SCSC
VGVhY2hlci0yMzE0NTg0,GEOL
VGVhY2hlci0yMzc3MDM2,CHEM
VGVhY2hlci0yNTM3NzEy,GEOG
VGVhY2hlci0yOTcyMTI5,CHEN
VGVhY2hlci0zMDU1OTEz,POSC
VGVhY2hlci0xOTUyMzE4,CSCE
VGVhY2hlci0yMjY5Njgz,PHYS
VGVhY2hlci0xODk4NTY3,ALED
VGVhY2hlci0yMDkyMDEw,VTPP
VGVhY2hlci0yNzQyNjEw,PHYS
VGVhY2hlci0yOTg1NDUx,PSYCHOLOGY
VGVhY2hlci0xNTcxNjk1,CELL
VGVhY2hlci0yOTQyMDM3,BIO
VGVhY2hlci0xODExMTAz,BIOLOGY
VGVhY2hlci02MzczOTM=,ENGR
VGVhY2hlci0xNzExNTg1,GEO
VGVhY2hlci0yNDIxNDU5,AGEC
VGVhY2hlci0yMjA5Nzkw,KINE
VGVhY2hlci0yNDAwNzM2,BIOL
VGVhY2hlci0yMDMxNTk1,FYEX
VGVhY2hlci0yMzkyMTMx,PSYCH
VGVhY2hlci0yMTk4OTU5,EDCI
VGVhY2hlci0zMDA2NDc5,POLS
VGVhY2hlci0xNTQ0Ng==,PSYCHOLOGY
VGVhY2hlci0xNTE4ODUw,ENGR
VGVhY2hlci0yNDc1NDM4,ARCH
VGVhY2hlci0yNDA0NDEw,CSCE
VGVhY2hlci0xNDc2NTQ0,CHEM
VGVhY2hlci0yNTk0MzI3,GEOS
VGVhY2hlci0yNTkxMjMy,NFSC
VGVhY2hlci0yNTUxMzI4,SENG
VGVhY2hlci0yNjE2NjYz,POLS
VGVhY2hlci0yMTE3ODE=,HIST
VGVhY2hlci0yMzM3Nzkw,SOCI
VGVhY2hlci0xODUwMTQx,ACGJ
VGVhY2hlci02Nzk5NjE=,RELI
VGVhY2hlci0xNDQ0MDk5,KNFB
VGVhY2hlci0yNjY2NDkw,MKTG
VGVhY2hlci0yOTUyNjY0,BUSN
VGVhY2hlci0yOTg3NDc2,NUEN
VGVhY2hlci0yNTE2NjEy,BIOL
VGVhY2hlci0zMDQ2NDQx,HIST
VGVhY2hlci0yMTQyODM5,STAT
VGVhY2hlci0yNjI5NDMy,PSYC
VGVhY2hlci0xODk0NDk1,HIST
VGVhY2hlci0xNjI0NDQw,PSYC
VGVhY2hlci0xOTMwNTkw,CHEMISTRY
VGVhY2hlci0yMDYzNjY4,MA
VGVhY2hlci0yODc4ODgw,MEEN
VGVhY2hlci0yNzM1Nzk2,FINC
VGVhY2hlci0yMDAyNTU=,SHAKESPEAR
VGVhY2hlci0yNjM4MzY1,HIS
VGVhY2hlci0yNDI5MjYy,MATH
VGVhY2hlci0yNzQwNTAz,CLEN
VGVhY2hlci0yNTc2MDY0,CHEN
VGVhY2hlci0yNTEzMzY1,MA
VGVhY2hlci0yNzY1NTUy,CSCE
VGVhY2hlci0yNzM3OTU3,MASC
VGVhY2hlci0yNTc4NzY2,VIBS
VGVhY2hlci0yMjM4Nzc3,ENGL
VGVhY2hlci0yMjQ1Nzcy,GEOG
VGVhY2hlci0yMjIxNTk4,ENG
VGVhY2hlci0xOTcwNTEy,PHYS
VGVhY2hlci0yNDU1NjIx,RELS
VGVhY2hlci0xOTg2OTEx,ANTH
VGVhY2hlci0xNzYxMTg0,GEO
VGVhY2hlci0yODU0MTY1,AGEC
VGVhY2hlci0yNjQzMDkw,PHYS
VGVhY2hlci01NzcyMDI=,INST
VGVhY2hlci0yNTg3MDMw,NVAC
VGVhY2hlci0yODM0MDc0,ISEN
VGVhY2hlci0yNjk0NDM3,AGEC
VGVhY2hlci0yNTY2NDQw,COMM
VGVhY2hlci0yNjU0NDcz,SOCIO
VGVhY2hlci0yODcxMDkw,NUTR
VGVhY2hlci0zMDMzNDY5,MKTG
VGVhY2hlci02NzIzNzk=,MGNT
VGVhY2hlci0yMjAzOTA0,ANTH
VGVhY2hlci0xMTQ4NjY0,MATH
VGVhY2hlci0yNTg4Njc1,STAT
VGVhY2hlci0zMDMwNjMw,ACCT
VGVhY2hlci0yNjUzMzk0,OCEN
VGVhY2hlci0yNDAwMzgw,MATH
VGVhY2hlci0yODI2MDY3,CHEMISTRY
VGVhY2hlci0xOTU0NTcw,HIST
VGVhY2hlci0zMTAzMDgz,AGCJ
VGVhY2hlci0yNjQ0MzQw,TEFB
VGVhY2hlci0yODYwNDY5,COMMUNICATION
VGVhY2hlci0yMjI3NTg2,STAT
VGVhY2hlci0yOTg0NDA1,CSCE
VGVhY2hlci0yODMyMzgy,ANTH
VGVhY2hlci0yMTQ5NDg2,MEEN
VGVhY2hlci0yNzQxNjYz,ISTM
VGVhY2hlci0yNjQ1MTI5,MMET
VGVhY2hlci0yOTkzODU5,BIOL
VGVhY2hlci0xOTYyMzM0,GEOG
VGVhY2hlci0xODU2NTU4,HIST
VGVhY2hlci0yMjIwOTkw,CSCE
VGVhY2hlci0yMzY3OTE3,VTPB
VGVhY2hlci0yNTg1MjY1,ACCT
VGVhY2hlci0xODA3OTYy,HIST
VGVhY2hlci0zMDYxNTcy,ANTHROPOLOGY
VGVhY2hlci0xNDQ4MjEz,BIOL
VGVhY2hlci01NDcyMjY=,ENGINEERING
VGVhY2hlci0yMTQxMzk4,AGEC
VGVhY2hlci0yNjQ0Njcz,SOMS
VGVhY2hlci0xNDM4NjQ4,METEOROLOGY
VGVhY2hlci0yMDE5NzA1,SCSC
VGVhY2hlci0yMTk0NjE3,PSYC
VGVhY2hlci0xODQ1NzQ4,MATH
VGVhY2hlci0xMTI1NjE3,AERO
VGVhY2hlci0xMjI2OTU3,FINC
VGVhY2hlci0yNjU0NDcz,AFST
VGVhY2hlci0yNjQ3MjEw,PHIL
VGVhY2hlci0yMDg5ODc1,FSTC
VGVhY2hlci0yNTUzMTgx,MATH
VGVhY2hlci0yNDE3NjQ3,PHLT
VGVhY2hlci0yMDAyODky,EPSY
VGVhY2hlci0yMTkxODk1,HORT
VGVhY2hlci0yMTkyMjQ3,BUNS
VGVhY2hlci0yNzMwODg1,MATH
VGVhY2hlci0yMjE4OTIz,MEEN
VGVhY2hlci0yMDMxNTk1,ESPY
VGVhY2hlci0yMTgxMTUy,CSCE
VGVhY2hlci0yNzQ0Nzcw,ARSC
VGVhY2hlci0zMjYyOTU=,FRENCH
VGVhY2hlci0yNDY3MjAy,CSCE
VGVhY2hlci0xNjMxNjQ0,SOCI
VGVhY2hlci0yMTg5MTQ0,OCEN
VGVhY2hlci0xNjU0NzE1,AFST
VGVhY2hlci0xOTc5OTY5,PDE
VGVhY2hlci0yODQ4NDc5,MEEN
VGVhY2hlci0yNjc4ODQ3,MEEN
VGVhY2hlci0yMzMzMjI5,COMM
VGVhY2hlci0zMTI0MDM1,NUTR
VGVhY2hlci0xODQ2MjA3,ISMT
VGVhY2hlci0xOTQ1NzAw,RDNG
VGVhY2hlci0yOTk3MDYx,ALED
VGVhY2hlci0yNDczODk2,MKTG
VGVhY2hlci0xNzc4MDk5,RDNG
VGVhY2hlci0xNzE1MjE2,PSCY
VGVhY2hlci0yMTYyMjg5,INST
VGVhY2hlci0yNjMzNzcy,COMM
VGVhY2hlci0yMzM3MjQ2,BIOL
VGVhY2hlci0yMzA4NjAz,PSYCH
VGVhY2hlci0yNDQ0OTYw,SOCI
VGVhY2hlci0yMjk4NjEx,MATH
VGVhY2hlci0yMDc2NTIy,SOC
VGVhY2hlci0xODk0NjA1,PSYCHOLOGY
VGVhY2hlci0yODYwNDY5,COMM
VGVhY2hlci0xOTk3MTM4,COMM
VGVhY2hlci0zMDEyNjc2,POSC
VGVhY2hlci0zMTQ3NDc3,URPN
VGVhY2hlci0xODU4ODE4,HIST
VGVhY2hlci0yNTgzMDY0,MEEN
VGVhY2hlci0xNzc0OTM3,HIST
VGVhY2hlci0yNjMwNTg2,MKTG
VGVhY2hlci0xOTQzODM2,HISTORY
VGVhY2hlci0yMDAxMzU3,PSY
VGVhY2hlci0xOTQ3Nzk2,THEATER
VGVhY2hlci0xMzIxNzI0,BIOL
VGVhY2hlci0yOTA1Mjg5,SPAN
VGVhY2hlci0xNTA0MzI0,CHEM
VGVhY2hlci0yODQ5MDcz,MGMT
VGVhY2hlci0xNTA0NDIz,SOC
VGVhY2hlci0xOTIyMzMx,EDUCATION
VGVhY2hlci0yOTk3NjY2,AREN
VGVhY2hlci0xMTg2MTQ5,PSYCH
VGVhY2hlci0yMTMwMzE4,POSC
VGVhY2hlci0yMjAxNDc1,MATH
VGVhY2hlci0yOTA0MTI0,CSCE
VGVhY2hlci0yNTk0NDUy,HLTH
VGVhY2hlci0yMzA0OTE5,SOCIOLOGY
VGVhY2hlci0yMzU3MzE2,BIOANTH
VGVhY2hlci0yMDk3OTgw,PSYC
VGVhY2hlci0yNjI1MjE2,BMEN
VGVhY2hlci0xNjExNjk0,THAR
VGVhY2hlci0xOTg1NjUw,ENG
VGVhY2hlci0yOTYyMjYx,MATH
VGVhY2hlci0yMjc0Nzc3,BIO
VGVhY2hlci0yMDgzMTMy,RENR
VGVhY2hlci0yNTgyNzUw,COMM
VGVhY2hlci0yMzA3Njcz,BIMS
VGVhY2hlci0yOTM5ODEx,ENGL
VGVhY2hlci0yNzE0OTQx,MATH
VGVhY2hlci0yMjIxNTk4,ENGL
VGVhY2hlci0yOTY5ODIx,MUSC
VGVhY2hlci0yNjI1MzAx,PHLT
VGVhY2hlci0yNTUwNDQ3,ISTM
VGVhY2hlci0yMDM2NTk=,ENGL
VGVhY2hlci0yNjgzNjg5,PHYS
VGVhY2hlci0yMzY3NjM4,MATH
VGVhY2hlci0yNDE4OTQw,ACCT
VGVhY2hlci0xNDI3NDI4,CHEM
VGVhY2hlci0xODEwOTc3,PERF
VGVhY2hlci0yMDc3MTcx,PHYS
VGVhY2hlci0xNTMyNjg0,ENTO
VGVhY2hlci0zMTUwODYz,STAT
VGVhY2hlci0xNTAwODI3,PHYS
VGVhY2hlci0yMDg2NDU2,HLTH
VGVhY2hlci02ODM1Mzk=,ACCT
VGVhY2hlci0yNzUyMDUy,FSTC
VGVhY2hlci03MTk0MTY=,ACCT
VGVhY2hlci0xMzczMzgx,POLS
VGVhY2hlci0xOTk3OTMx,MATHEMATICS
VGVhY2hlci0yMjA0Mzkz,INST
VGVhY2hlci0yMTI5MDAz,ALED
VGVhY2hlci0xMzc0NTY5,POLS
VGVhY2hlci0xMjU3Mjk1,KINE
VGVhY2hlci0xOTk1NjI1,SPAN
VGVhY2hlci0yODY3MzIw,FYEX
VGVhY2hlci0xMDMyNDAx,CHEM
VGVhY2hlci0yNTA1Njk0,PHYS
VGVhY2hlci0yNTYyMjU3,VTPB
VGVhY2hlci0yODEyMzg2,SPAN
VGVhY2hlci0yNjAzMDg2,URPN
VGVhY2hlci0yMzY2Mjgx,BICH
VGVhY2hlci0yNjM3NjA3,POLS
VGVhY2hlci0yMzgwOTcz,GEOS
VGVhY2hlci0yMjI2ODk5,CALC
VGVhY2hlci01MjI0MjQ=,BIOL
VGVhY2hlci0yMDA1MzM4,ENGINEERING
VGVhY2hlci0yNzE0Mjc0,AGSM
VGVhY2hlci0yNTEwNzIz,PYHS
VGVhY2hlci0yNjI5Mzg4,FIVS
VGVhY2hlci0yNTc2MzU2,COMM
VGVhY2hlci0yMTkxNjQ3,COMM
VGVhY2hlci0xMTA1MTc4,ENTC
VGVhY2hlci0zMDk1MTk4,ENGINEERING
VGVhY2hlci0xOTQyNjEy,CHEMISTRY
VGVhY2hlci0yNTkxMDUy,PSYC
VGVhY2hlci0zMDY5NDQw,VIZA
VGVhY2hlci0yMDA3MDcz,MATH
VGVhY2hlci0yOTk3MDYx,AGCJ
VGVhY2hlci0zMDkxNzg0,GEOLOGY
VGVhY2hlci0yNTI3Mjg0,STAT
VGVhY2hlci0xOTM5MTU5,AIS
VGVhY2hlci0yOTUzNzQy,DCED
VGVhY2hlci0yNDU1NTE0,PHLT
VGVhY2hlci0yMzYwMDkw,STAT
VGVhY2hlci0xNTc3MzU0,BIO
VGVhY2hlci0zMDQ2NTM1,BUSN
VGVhY2hlci02MDk3MDQ=,BIO
VGVhY2hlci0yOTk1MDc1,MKTG
VGVhY2hlci0yMjM2Nzg1,GENE
VGVhY2hlci0yNjkyMzc0,HIST
VGVhY2hlci0yNDI4MDY0,ENDS
VGVhY2hlci0zMDA1NjY1,MASC
VGVhY2hlci0zMDQ1ODM5,RDNG
VGVhY2hlci0yOTQxMDk2,AREN
VGVhY2hlci0yNzQxMTUx,CSCE
VGVhY2hlci0yMjAxNzc4,ESET
VGVhY2hlci0xODU5MDQ2,POLS
VGVhY2hlci0yMDI0NTM3,ENG
VGVhY2hlci0yODM1MTEz,PHIL
VGVhY2hlci0yMDY3NDc5,ANTH
VGVhY2hlci0xODUyODIw,PHYSICS
VGVhY2hlci0zMDIyNDQy,BIOLOGY
VGVhY2hlci0yODc1ODcw,GEOS
VGVhY2hlci01OTk0ODk=,HISTPSYC
VGVhY2hlci0zMTUxMzk1,AERO
VGVhY2hlci0xNzQ5NzIy,CHEMISTRY
VGVhY2hlci0yMTY1ODM0,CHEM
VGVhY2hlci0xOTYzNzgw,CHEM
VGVhY2hlci0xMDM5ODA2,PSYC
VGVhY2hlci0yOTUyMjM2,ECEN
VGVhY2hlci0xNTU1MTQ0,PSYCH
VGVhY2hlci0yOTc0MTg0,GENE
VGVhY2hlci0yNjMzNzQ0,VIBS
VGVhY2hlci0yMTYyNTU2,RPTS
VGVhY2hlci0yNTUyNjc4,OCEN
VGVhY2hlci0xMTU3NDY5,ISTM
VGVhY2hlci0zMDUxOTIy,HIST
VGVhY2hlci0yMTMwNDAy,NUTR
VGVhY2hlci0yMjEyNTQw,PBSI
VGVhY2hlci0zMDY2OTYx,PSAA
VGVhY2hlci0yNDgwOTAw,KINE
VGVhY2hlci0yMTY3Nzcw,VIST
VGVhY2hlci0yMzAwNzE3,SOC
VGVhY2hlci0yODE1MDE1,GEOL
VGVhY2hlci0yNDM3NzY5,ANTHRO
VGVhY2hlci0yMDYwODkz,THAT
VGVhY2hlci0yNzE2ODgy,MSEN
VGVhY2hlci0yNjM5NzU1,GEO
VGVhY2hlci0yNDQ3NTYx,MKGT
VGVhY2hlci0zMDEwNDI5,SPAN
VGVhY2hlci0xOTk1NDYy,POLI
VGVhY2hlci02OTM5MTY=,MATH
VGVhY2hlci0yNTQwOTU3,ARTS
VGVhY2hlci0yMjQxMjIx,ECEN
VGVhY2hlci02NzM4MTM=,ENGL
VGVhY2hlci0yNDY3MjAy,ENGR
VGVhY2hlci02NjA2MjU=,HORT
VGVhY2hlci0yODAwODk1,SOCI
VGVhY2hlci0yMDk5OTEw,ENGL
VGVhY2hlci0yOTE4OTk5,SPMT
VGVhY2hlci0yOTk0NTM2,ENGL
VGVhY2hlci0yNDQxNDgz,AGEC
VGVhY2hlci00Nzg2MjI=,ENGR
VGVhY2hlci0xMjk2OTkx,PSYC
VGVhY2hlci0xMDM2ODkw,CVEN
VGVhY2hlci03MTQ2OTE=,GEOL
VGVhY2hlci0yMDc3MTI4,ECCB
VGVhY2hlci0yNDU1MDg5,COMM
VGVhY2hlci0yMDY4OTQx,CSCE
VGVhY2hlci0yNzM4MTkx,AERO
VGVhY2hlci0zMDQ3MDQ4,SPAN
VGVhY2hlci0xOTg1NjUw,ENGL
VGVhY2hlci0yMDU4MjI0,KINE
VGVhY2hlci0xODUwMTY0,AGRICULTURE
VGVhY2hlci0yNDE4NDY2,SPANISH
VGVhY2hlci0yOTA0Njgx,DCED
VGVhY2hlci0xNzA2NDI2,ARCH
VGVhY2hlci0yNDQwNTE2,MATH
VGVhY2hlci0yMzU2NTE4,CLAS
VGVhY2hlci0yMTgzNjcz,AERO
VGVhY2hlci0yMTk4ODEz,KINES
VGVhY2hlci0yOTgzNzcx,CHEMISTRY
VGVhY2hlci0yMjA4ODAy,MATH
VGVhY2hlci0yMjE1MjYx,MEEN
VGVhY2hlci0yMTk5NDM5,ANTH
VGVhY2hlci0yMzYwMzc5,PHT
VGVhY2hlci0yMDA5NzEy,EDCI
VGVhY2hlci0yOTg1ODU4,POLS
VGVhY2hlci0xNTAwMTM5,GEOG
VGVhY2hlci0yNTQ0MzY2,MEEN
VGVhY2hlci0yNjc1ODcx,CVEN
VGVhY2hlci0yNzExNjM5,BIMS
VGVhY2hlci0xNzEwNjU5,AGEC
VGVhY2hlci0yNDA2MzEw,PSYCH
VGVhY2hlci0zMDU3MTQ3,ECONOMICS
VGVhY2hlci0yODE1NDc1,AERO
VGVhY2hlci0xOTYzMjM2,ANTH
VGVhY2hlci0yOTcxODMz,OCEN
VGVhY2hlci0xOTMyMzkz,VIST
VGVhY2hlci0yMzYwMzE1,SCSC
VGVhY2hlci0zMTI3NzI2,EDCI
VGVhY2hlci0xNjA0MzIw,SOCI
VGVhY2hlci0yMDY5NDk2,VIBS
VGVhY2hlci0xMjc5MDEx,MATH
VGVhY2hlci0yMzk5MjA5,ACCT
VGVhY2hlci0xODU0Nzc1,MATH
VGVhY2hlci0zMTE3NzMw,BIOLOGY
VGVhY2hlci0xODU0OTQ1,SOCIOLOGY
VGVhY2hlci0yNTgxMTA3,COMM
VGVhY2hlci0yNzQwMzU5,SPAN
VGVhY2hlci0xOTU5NjA3,GEOG
VGVhY2hlci0yOTYyMzcw,BICH
VGVhY2hlci0yOTU0ODYy,COMMUNICATION
VGVhY2hlci0xODkwMDEz,POLS
VGVhY2hlci0zMDA4NDA3,ATMO
VGVhY2hlci0yNzc1MTY5,GENETICS
VGVhY2hlci0yMDI5NzMx,ENG
VGVhY2hlci0yODkzMTQx,ENGL
VGVhY2hlci0yNzA4MTU0,ARAB
VGVhY2hlci0xNTM1NjU=,ANTHROPOLOGY
VGVhY2hlci0yNDMzODg5,TEFB
VGVhY2hlci0yMDQwMTI1,NUT
VGVhY2hlci0yMDA5MzI5,KINE
VGVhY2hlci0yNzQ5Njcy,ALED
VGVhY2hlci05NzA4Mjk=,PSYC
VGVhY2hlci0yODYzMzk4,BIOL
VGVhY2hlci0zMDg4MTU5,CSCE
VGVhY2hlci0xNjYyMTM1,GEOG
VGVhY2hlci0yNzQ5Mjg3,MATH
VGVhY2hlci0yNjE3NjE1,NURS
VGVhY2hlci0xNTk2NDA0,VTPB
VGVhY2hlci0xMTI4MjE3,PSYCHOLOGY
VGVhY2hlci0zMDEyMDE1,ECONOMICS
VGVhY2hlci0yMDYzNjg3,LMAS
VGVhY2hlci0xNTE4ODUy,CVEN
VGVhY2hlci0yMTE5MzM0,ATMO
VGVhY2hlci0yMjIyNDI=,ANTH
VGVhY2hlci0yNzM5OTY2,PSYC
VGVhY2hlci0zMDY3NTk1,BMEN
VGVhY2hlci0zMDUzOTY0,ARCHITECTURE
VGVhY2hlci0yMDI0NTM3,ENGL
VGVhY2hlci05MDE5OTU=,AGEG
VGVhY2hlci0yMDg2MjA4,OCNG
VGVhY2hlci0xOTc5Mzg2,ENGR
VGVhY2hlci0yNDgyMzUy,NVSC
VGVhY2hlci0xODY2MjQ4,CVEN
VGVhY2hlci0zMTQ5NDc1,FINC
VGVhY2hlci0xNjQwODUy,BIOL
VGVhY2hlci0yMzIwNzk0,PSYC
VGVhY2hlci0yMTI1NDY0,MMET
VGVhY2hlci0yMjg1NDI4,CHEN
VGVhY2hlci0zMDUwNDA4,AREN
VGVhY2hlci0yODYzOTc0,COM
VGVhY2hlci0yMDYyNzcx,KINE
VGVhY2hlci0yNTg1NTQw,ENGL
VGVhY2hlci0yMjkzMjUy,DCED
VGVhY2hlci0yNDc0Njgw,ACCT
VGVhY2hlci00MDgzMzQ=,COMM
VGVhY2hlci0zMDE1MDQ2,ENDS
VGVhY2hlci0yMjkxOTU3,HLTH
VGVhY2hlci0xODUzNzQ4,PSYC
VGVhY2hlci0xMTczNzQw,PSYCH
VGVhY2hlci0yMjAwMTQy,ANTH
VGVhY2hlci0yMjUzODQ5,ENLG
VGVhY2hlci0yMjExMTEw,SOCI
VGVhY2hlci0yNTE5MDg3,STAT
VGVhY2hlci0xNDg3OTM=,HST
VGVhY2hlci0yMTM0Mjk5,MATH
VGVhY2hlci0xNjYwMTMw,THAR
VGVhY2hlci0yNjM1NDI5,MGMT
VGVhY2hlci0yMjY4MjIy,VTPP
VGVhY2hlci0yNjk1ODU4,BIOL
VGVhY2hlci0yNTkxMzg1,ANSC
VGVhY2hlci0xNzA4Mw==,MAH
VGVhY2hlci0zMTQyNTAy,BUSH
VGVhY2hlci0yNzY1NzQ5,STAT
VGVhY2hlci0yNTUxNTQ0,MGMT
VGVhY2hlci0xMTM2ODc2,HST
VGVhY2hlci0xOTQ4NTI3,IMPROV
VGVhY2hlci0xNDk2NDcy,ATMOLAB
VGVhY2hlci0yNjM3NDUx,HLTH
VGVhY2hlci0yNjYyODk1,ECCB
VGVhY2hlci0yNjY1NTgy,ISEN
VGVhY2hlci0yMDc2OTU5,KINE
VGVhY2hlci0yNjgyMjIy,POLS
VGVhY2hlci0yMzA1MTA1,MUSIC
VGVhY2hlci0yMTQzODA2,POLS
VGVhY2hlci0yODMyNjQz,MATH
VGVhY2hlci0yNjE3NTUx,PSYCH
VGVhY2hlci0yMzAwMjYy,POLS
VGVhY2hlci0yNjkwOTI3,ISEN
VGVhY2hlci0yODMwNzY1,ARCH
VGVhY2hlci0yMzI0MjY3,KINE
VGVhY2hlci0yMjI1Njg0,MUSC
VGVhY2hlci0yOTg5MzY5,GOON
VGVhY2hlci0yMzU1Nzg4,ISEN
VGVhY2hlci03MzI2NDE=,D
VGVhY2hlci0zMDQxNjMz,MATH
VGVhY2hlci0xNTY4NzEy,ECEN
VGVhY2hlci0yMDAxNzEw,ENDS
VGVhY2hlci0zMDk0OTk0,SOCI
VGVhY2hlci0xOTA1OTI3,ENGL
VGVhY2hlci0xOTQ0Mzg3,AGRICULTURE
VGVhY2hlci0xNjExNjk0,PERF
VGVhY2hlci0xOTUzODg2,HLTH
VGVhY2hlci0yNTQ4OTIy,MEEN
VGVhY2hlci0zNTcyNzk=,MEEN
VGVhY2hlci0yMTI0OTgx,INTS
VGVhY2hlci0yMTU3NzE1,INST
VGVhY2hlci0yMzc3NDE4,BIMS
VGVhY2hlci0yMzI3ODk1,BIOL
VGVhY2hlci0xODI4NTA2,HIST
VGVhY2hlci0yOTU4NDQx,GEOS
VGVhY2hlci0yMzUzNTk0,STAT
VGVhY2hlci0zMDEwMzkz,INST
VGVhY2hlci0yMDA1MzUz,ISEN
VGVhY2hlci00OTgyMTc=,AFST
VGVhY2hlci0yMDQ0MzYw,GEOLOGY
VGVhY2hlci0yMDMzMjA4,MKTG
VGVhY2hlci0xNzk4NDU5,BIOL
VGVhY2hlci0xNDc0MjI1,ENGL
VGVhY2hlci0yMTg0MzA5,ENG
VGVhY2hlci0yNDMwMTg1,GERM
VGVhY2hlci0xOTYyMzg2,SOCI
VGVhY2hlci0yMTUzNzIz,MASC
VGVhY2hlci0yMTgxMTUw,PHIL
VGVhY2hlci0yMDc3Nzg5,GEOL
VGVhY2hlci0yNTI3NDA0,ESSM
VGVhY2hlci0yMDIwNzA0,GEOLOGY
VGVhY2hlci03NTMyOTg=,MATH
VGVhY2hlci0yNTMyNjIz,BMEN
VGVhY2hlci0yNzIxNjA0,IBUS
VGVhY2hlci0yOTEwODQ4,POLS
VGVhY2hlci0xMjE3OTE2,MATHH
VGVhY2hlci0xODYyNzE1,WFSC
VGVhY2hlci04MDEyOTg=,SCIE
VGVhY2hlci0yODI4NDUz,AGLS
VGVhY2hlci0yMjM4NTI5,KINE
VGVhY2hlci0yMTE3ODE=,HISTORY
VGVhY2hlci0yMDI5NzMx,ENGL
VGVhY2hlci0yNjU2NDg1,FYEX
VGVhY2hlci0yMjc3NDY5,CVEN
VGVhY2hlci0xODM3ODky,ENGLISH
VGVhY2hlci0zMjYyOTc=,RPTS
VGVhY2hlci0yMzgyMjU1,MATH
VGVhY2hlci0xNzg2MTAy,CVEN
VGVhY2hlci0yNjEzMjAw,CVEN
VGVhY2hlci0yNDIzMjUy,ASTR
VGVhY2hlci0yNzU5NTIy,SPAN
VGVhY2hlci0yNDIwMDgw,MATH
VGVhY2hlci0yNjQ3NjEx,ARCH
VGVhY2hlci0yNzE1MTc3,CVEN
VGVhY2hlci03NDY4NTQ=,PBSI
VGVhY2hlci0yOTUwMjk2,CHEM
VGVhY2hlci0yNzYwMTg1,ENGR
VGVhY2hlci0zMDUyODEx,CVEN
VGVhY2hlci0yMjI2NzU3,MATH
VGVhY2hlci0xODA4MDU5,POLS
VGVhY2hlci0yMzczMDU1,COMMM
VGVhY2hlci0yMjQ1OTI2,ENGL
VGVhY2hlci0yNTg1NDI3,STAT
VGVhY2hlci0yNDA0MTEz,MATH
VGVhY2hlci04MTMyODc=,CSC
VGVhY2hlci0xMzc2MjI2,GOVERNMENT
VGVhY2hlci02NjIxODM=,HIST
VGVhY2hlci0yODE4NDMz,CSCE
VGVhY2hlci0xOTU0NTQ5,PSYCHOLOGY
VGVhY2hlci0yNTIyNTM2,AGEC
VGVhY2hlci0yMzk0NzU3,IDIS
VGVhY2hlci0yNDc3NTI0,VIZ
VGVhY2hlci0yNTkxMTc0,STAT
VGVhY2hlci0yNzIzMjcx,ATSC
VGVhY2hlci0yMjEyMjIw,ENGL
VGVhY2hlci0yOTIyOTQw,MATH
VGVhY2hlci0yMDE0NDUx,RELS
VGVhY2hlci0yMjcxNjg=,ECCB
VGVhY2hlci0xNjY2MDU4,THEATER
VGVhY2hlci0yMjQxNTM3,ARAB
VGVhY2hlci0xODY1OTEy,SOCI
VGVhY2hlci0yMTU3MDk3,MASC
VGVhY2hlci0yMTE4MzA4,FINC
VGVhY2hlci01MTM3Mjk=,GEOG
VGVhY2hlci0xNjg1MjY2,THEATER
VGVhY2hlci0yNjAyMTg1,SPAN
VGVhY2hlci0yMzA0NTk5,ENGR
VGVhY2hlci0yMTU2MDMy,ENGL
VGVhY2hlci0zMDA2NDgy,MKTG
VGVhY2hlci0yNDk2MTU3,ECEN
VGVhY2hlci0xODk5MzM4,ECON
VGVhY2hlci0yNDUxOTAw,HLTH
VGVhY2hlci0yMDg3MzA4,ALED
VGVhY2hlci0yOTQ4NDM2,HLTH
VGVhY2hlci0xNjA5OTE5,PSYCH
VGVhY2hlci0zMDIwODA5,SPAN
VGVhY2hlci0xODA3OTYy,HISTORY
VGVhY2hlci0yMDY4OTA5,NFSC
VGVhY2hlci0yNjI1NjEw,MGMT
VGVhY2hlci0yODQ4MTg4,HORT
VGVhY2hlci0yMTQyODk0,CVEN
VGVhY2hlci0xMjY1MjI3,HIST
VGVhY2hlci05MDE1NzU=,CVEN
VGVhY2hlci0zMDMxODQ3,ANTH
VGVhY2hlci0yMTI4Mzcx,ARTS
VGVhY2hlci0zMTA3MDI0,MATH
VGVhY2hlci0yODM4Njcw,ACCT
VGVhY2hlci0yNTM5NjUz,RPTS
VGVhY2hlci0zNTcyNzc=,ENGR
VGVhY2hlci0zMDQ4MDY2,POLS
VGVhY2hlci0yMTg5NzQ1,ECON
VGVhY2hlci0xMDgxMTU5,WMST
VGVhY2hlci0yNzM5OTk5,ENTO
VGVhY2hlci0xODM0NTk0,ANSC
VGVhY2hlci0yMTMxMzYx,FRE
VGVhY2hlci0xOTEzNDU1,BIOLOGY
VGVhY2hlci0yNTg1ODYw,EHRD
VGVhY2hlci0xODMyNTUy,CHEMISTRY
VGVhY2hlci0yMzE4MDM1,KINES
VGVhY2hlci0yMDYzMTEw,SOCIO
VGVhY2hlci0xNTg4MzQ3,CHEM
VGVhY2hlci0xOTc1NzQ4,COMM
VGVhY2hlci0xNDM4Mjk2,PHYS
VGVhY2hlci0zMDA3NTkz,BMEN
VGVhY2hlci0yMjExMzg4,CSCE
VGVhY2hlci0yOTAyNzI5,ECCB
VGVhY2hlci0yMTgxMDA3,MATH
VGVhY2hlci0xODc4Nzc3,BUSINESS
VGVhY2hlci0yNDU0OTIx,MATH
VGVhY2hlci0yMjEyNTky,ESTIMATING
VGVhY2hlci0yOTgwNDI0,ECON
VGVhY2hlci0xNDk2NDcx,PSYC
VGVhY2hlci0zMDczODcz,ENGL
VGVhY2hlci0yNjgzODMz,ENGL
VGVhY2hlci0xNjE4MzU4,HIST
VGVhY2hlci0yNDA0NTE=,ENG
VGVhY2hlci0xNjIzODI1,GEOL
VGVhY2hlci0yMTQ5NTE5,PSYC
VGVhY2hlci0yMzQzMzE0,PSY
VGVhY2hlci0yODY0Mjk4,BICH
VGVhY2hlci0zMTQ4MzUy,URPN
VGVhY2hlci0yMTg0MzA5,ENGL
VGVhY2hlci0yMDA0Mjky,SPAN
VGVhY2hlci0yNTE3MDYy,BIOL
VGVhY2hlci0yNTA0MTQ3,HIST
VGVhY2hlci0yMjQ4MDgw,ECCB
VGVhY2hlci0zMDc2NTcy,COMMUNICATION
VGVhY2hlci0xMjg4MTg3,INFO
VGVhY2hlci0yNTgxODc1,PHIL
VGVhY2hlci04MTEzNjQ=,MATH
VGVhY2hlci0yNjIzNzQz,NSFC
VGVhY2hlci0yMjg4MjIx,ENGR
VGVhY2hlci0yNDk4OTU1,STAT
VGVhY2hlci0xNzc0OTM3,HISTORY
VGVhY2hlci0yMjg3MDI1,CSCE
VGVhY2hlci0yMzkyMTMx,PSYC
VGVhY2hlci04Nzc5OTk=,CALC
VGVhY2hlci0yMjI2MzYx,GEOL
VGVhY2hlci0yMTAzNDY3,COMMUNICATION
VGVhY2hlci0yNDM2Mjky,GEOG
VGVhY2hlci0yNzM1NzUx,ENGR
VGVhY2hlci0yNTQzMDkz,CSCE
VGVhY2hlci0yMTcyNDAz,ENGL
VGVhY2hlci0xNzM2MzE1,GENE
VGVhY2hlci0yNDE1MjU3,CHEM
VGVhY2hlci0yNjE2NjYz,POL
VGVhY2hlci0xOTM5MDM1,SOCIOLOGY
VGVhY2hlci0yMjQ3NzM3,BIOL
VGVhY2hlci0yNzQwNjAz,PHYS
VGVhY2hlci0yMTk4NDk0,FYEX
VGVhY2hlci0yMTYxNzYy,ACCT
VGVhY2hlci0yOTY0OTY5,ENGINEERING
VGVhY2hlci02MDY3MzQ=,SPANISH
VGVhY2hlci0xNDE3NjMy,CHEM
VGVhY2hlci0yODk2NzIy,SOMS
VGVhY2hlci0yNDc1MDc2,MATH
VGVhY2hlci0xOTEwNzc5,BIOL
VGVhY2hlci0xODgwMzY3,BIOL
VGVhY2hlci0yNDIxMzEz,HIS
VGVhY2hlci0yOTk5OTU3,CARC
VGVhY2hlci0yMzYwMzc2,STATS
VGVhY2hlci0xOTk3ODIy,RPTS
VGVhY2hlci0yMTA1NjMw,GEOL
VGVhY2hlci0yMzM1MTY1,NUTR
VGVhY2hlci0yODY5MTk1,MATH
VGVhY2hlci0zMDMwMzQx,CLEN
VGVhY2hlci0yODk5OTcy,ENGINEERING
VGVhY2hlci0yOTI2NzIw,COMMUNICATION
VGVhY2hlci0yMjI3NzUw,ENGR
VGVhY2hlci0xOTUyMTMw,SOCIO
VGVhY2hlci05NjI1NTc=,HORT
VGVhY2hlci0xNDY3Mjg4,PHYS
VGVhY2hlci0yNDc1MTM1,CVEN
VGVhY2hlci0yOTA1MDYw,NUEN
VGVhY2hlci0yMDA2Mzcy,RDNG
VGVhY2hlci0zMTE0Njgx,MATH
VGVhY2hlci0yMDE3MjU5,HLTH
VGVhY2hlci02NTg1Mzc=,GRADMICROECON
VGVhY2hlci0zMDk5MTQz,COMM
VGVhY2hlci0yOTk2Mzc0,DCED
VGVhY2hlci0yMTY3NDMx,CVEN
VGVhY2hlci0yMTAyOTcx,GEOS
VGVhY2hlci0yNjE4MjYw,MKTG
VGVhY2hlci0yMjkxMTcz,IDIS
VGVhY2hlci0yMDY5MDI2,EDCI
VGVhY2hlci0yNzU0MjIy,SPAN
VGVhY2hlci0zMTA2OTcz,CHEM
VGVhY2hlci0xMTkyMjI5,PHIL
VGVhY2hlci0yMjQ3NjYw,POLS
VGVhY2hlci0yODQ5Nzk4,EDCI
VGVhY2hlci0yNDgyMjg1,CSCE
VGVhY2hlci0xNjI1ODc4,ECEN
VGVhY2hlci01MTYzODg=,MATH
VGVhY2hlci0yMTQ0OTU2,ENGR
VGVhY2hlci0xOTI1MDU4,MATHEMATICS
VGVhY2hlci0xNTk3OTU3,GEOL
VGVhY2hlci0yNjQ4MTky,BESC
VGVhY2hlci0yNTQ3MTI1,MTDE
VGVhY2hlci0yMDcxNTYx,ANTH
VGVhY2hlci04OTgwODY=,PHIL
VGVhY2hlci0yNzczNTkz,FSCT
VGVhY2hlci0xOTQxMjgw,ENGINEERING
VGVhY2hlci0yNzUzOTIw,MKTG
VGVhY2hlci0yNDkxMTIw,VTMI
VGVhY2hlci01MDI1OTE=,STATISTICS
VGVhY2hlci0xNDczMDEy,ACCT
VGVhY2hlci0yMDc3NTYy,ANTH
VGVhY2hlci0yMzAwNzM5,ENG
VGVhY2hlci0yMTAzNDY3,COMM
VGVhY2hlci0xOTU3Mzkx,PSYC
VGVhY2hlci0yODI0MTE3,MATH
VGVhY2hlci0yMzcxODcw,SCMT
VGVhY2hlci0yMTI4NzM2,SCSC
VGVhY2hlci0zNTc5ODM=,AHRDAHRD
VGVhY2hlci0yMjQ4Mjk2,ANSC
VGVhY2hlci0zMDk2NTI5,SOCI
VGVhY2hlci0xMjc3NzAx,SOC
VGVhY2hlci0yMjkxOTU3,HEFB
VGVhY2hlci0yNzQ5MTIy,POLS
VGVhY2hlci0yMTc3NzQ1,BUCH
VGVhY2hlci0yNTcyMzg3,BMEN
VGVhY2hlci0xOTc4NDIy,MATHEMATICS
VGVhY2hlci0yMjY4MzA3,BIOL
VGVhY2hlci0yMzIxODQw,ARCH
VGVhY2hlci0yMjAxMTMw,CHEM
VGVhY2hlci0yMjMwNjk3,KINE
VGVhY2hlci02NjIyODk=,PSCYOLOGY
VGVhY2hlci0xODY3OTE0,TEFB
VGVhY2hlci0yNDM5ODg4,FILM
VGVhY2hlci0yNjk0ODA3,NRSC
VGVhY2hlci0yNDg0NTA0,ENGL
VGVhY2hlci0yOTIzNTU4,COMM
VGVhY2hlci0yNTU3Mjkw,GEOG
VGVhY2hlci0yMTc2MjQ2,ENGL
VGVhY2hlci0xMTcxNDQ5,MATH
VGVhY2hlci0yMzMxNzE0,BIO
VGVhY2hlci0yMTk0MTEz,COMM
VGVhY2hlci0yOTY1MTcz,DAEN
VGVhY2hlci0yNTQzOTEz,KINE
VGVhY2hlci0yMDQwMTI1,NUTR
VGVhY2hlci0yMzY1OTk0,HLTH
VGVhY2hlci0yMDg2NTcx,STATS
VGVhY2hlci0xNTI5NTYw,CHEN
VGVhY2hlci0yNzI0NDAw,ENTO
VGVhY2hlci0xNjU0NzE1,PHIL
VGVhY2hlci0yMzE2NjU5,ENGL
VGVhY2hlci0yNDA0NTE=,ENGL
VGVhY2hlci04Nzc5OTk=,MATHEMATICS
VGVhY2hlci0xOTUxNzE1,PYSC
VGVhY2hlci0yMTExODM1,ENGL
VGVhY2hlci0xMjc4NjAy,GEO
VGVhY2hlci04ODU0MzA=,CHEM
VGVhY2hlci0yNTg0MzM3,RDNG
VGVhY2hlci03MjQ1MTk=,BIO
VGVhY2hlci0yMDgzMTMy,ECCB
VGVhY2hlci0zMDUyNTI4,HIST
VGVhY2hlci0zMDM5NzY3,INST
VGVhY2hlci0yNzAwMjQ3,MGMT
VGVhY2hlci0yODAyNjMw,CSCE
VGVhY2hlci0yNTI5MTg5,GEOG
VGVhY2hlci0xOTQwODAx,MEEN
VGVhY2hlci0yMDkwOTY=,ISTM
VGVhY2hlci0yNDY3MDQw,MEFB
VGVhY2hlci0yMTI0OTgx,AFST
VGVhY2hlci0yMzA4NjAz,PSYC
VGVhY2hlci0yNDQ1Mjc1,BICH
VGVhY2hlci0yOTQ3Nzk1,HLTH
VGVhY2hlci0zMDUyNDQ4,GEOG
VGVhY2hlci0yMDEyNTA3,SOCI
VGVhY2hlci0yMjk5NTg1,STAT
VGVhY2hlci0yNTY0Njc0,ESLMETHODS
VGVhY2hlci0yNjExOTEw,MTDE
VGVhY2hlci0zMDQ1NDEx,CVEN
VGVhY2hlci01MDI1OTE=,ACCOUNTING
VGVhY2hlci0yNDI1MzU2,LMAS
VGVhY2hlci0xMTg2MTQ5,PSYC
VGVhY2hlci0zMDM1Njc1,THEA
VGVhY2hlci0yMDgxMDYy,ENG
VGVhY2hlci0xNzcxMzQ0,CLASS
VGVhY2hlci0xOTYyMzM0,GOEG
VGVhY2hlci0yMjAyNDk2,FRE
VGVhY2hlci0yODkzMjY1,CSCE
VGVhY2hlci0yMDc1Mjgy,GEO
VGVhY2hlci0yMzc1NTc5,AERO
VGVhY2hlci0yNDU0MzUw,URPN
VGVhY2hlci0yOTcwNDQ1,CHEM
VGVhY2hlci0yMDAzODA0,SOCI
VGVhY2hlci0yOTQ0MTIz,ANTHROPOLOGY
VGVhY2hlci0yNzMyNjAy,INST
VGVhY2hlci0yMDQwMTI1,NFSC
VGVhY2hlci0yMjI3NzUw,ENG
VGVhY2hlci0yMjgxMzQ1,ENGR
VGVhY2hlci0yMDEwNzkz,INTS
VGVhY2hlci0zMDQwNDk4,PHYS
VGVhY2hlci0yMDk4Njcx,MATH
VGVhY2hlci0xODYxNTA0,NA
VGVhY2hlci0yNzE2NDQ0,ENGL
VGVhY2hlci0yOTUwMjEy,EDUCATION
VGVhY2hlci0yMTM4MDU5,ENGL
VGVhY2hlci0xODMxNzAy,MATH
VGVhY2hlci0yMjk5ODgz,MKTG
VGVhY2hlci0yMTUzNzIx,MATH
VGVhY2hlci0xNzQxNDg3,BIOL
VGVhY2hlci0yOTUxODAw,STATISTICS
VGVhY2hlci0yMTI4MTAy,GEOL
VGVhY2hlci0yNzU4Mjc2,MATH
VGVhY2hlci0yMTczOTIw,FINC
VGVhY2hlci0xOTc1Mzg2,SOCI
VGVhY2hlci0yMTk1NzQ3,ANTH
VGVhY2hlci0zMTExMTUy,SOCI
VGVhY2hlci0yMDA3MTgz,PHSY
VGVhY2hlci0zNTc5ODM=,EHRD
VGVhY2hlci0yMzc4MTIz,KINE
VGVhY2hlci0yMzE1MzA2,MKTG
VGVhY2hlci01MjI0MzI=,MATH
VGVhY2hlci0yNDU1MDI1,CSCE
VGVhY2hlci0yNjMzNjE5,STAT
VGVhY2hlci02NzIxNzc=,BRITISHHISTORY
VGVhY2hlci0yMTMxNjE0,ACCT
VGVhY2hlci0yMzE3NDA3,CVEN
VGVhY2hlci0xOTYwMzY0,ASIA
VGVhY2hlci0yMzAwNzM5,ENGL
VGVhY2hlci0yNTc4NjQ1,AGLS
VGVhY2hlci0yMjk2NjYy,OCGN
VGVhY2hlci0yNTEzMzY1,MATH
VGVhY2hlci0xNjg2MzMy,CHEN
VGVhY2hlci0yNTM1MTI0,MEEN
VGVhY2hlci0zMTUwMDYx,GEOL
VGVhY2hlci0yMTI3ODQ1,SOCI
VGVhY2hlci0yMDI0MTMy,ECEN
VGVhY2hlci0xNjUxNTU4,ECON
VGVhY2hlci0yNzEwMTA0,SOCI
VGVhY2hlci0yOTkzOTc3,ENTO
VGVhY2hlci0yNTQyNTkx,SCSC
VGVhY2hlci0yOTA4MDQ0,ECEN
VGVhY2hlci0xOTQ5NDk2,TCMG
VGVhY2hlci04ODczODg=,GEOL
VGVhY2hlci0xNDQ4OTE3,HIST
VGVhY2hlci0yMDIxNjc3,ARCH
VGVhY2hlci0xNDY1MDMz,ISTM
VGVhY2hlci0yNTgxNTEx,VTPB
VGVhY2hlci0yODQyMjMz,MANAGEMENT
VGVhY2hlci0yNjg3Njky,MATH
VGVhY2hlci0yMzk0NzU2,IDIS
VGVhY2hlci0yNDYzMzM2,ENGLISH
VGVhY2hlci0yODE5MjE3,CSCE
VGVhY2hlci0xODQ0NTMz,SUSY
VGVhY2hlci0xOTE4OTcy,COMMUNICATION
VGVhY2hlci0yMDk5ODQ3,PHIL
VGVhY2hlci0yNTI5NTc4,ECCB
VGVhY2hlci0yMDQ1Mzcw,COMM
VGVhY2hlci0yMzY2OTEw,BIOL
VGVhY2hlci0yNzExNjUw,PSYCH
VGVhY2hlci0yMzE5OTE2,URPN
VGVhY2hlci0yNTkyNjky,NFSC
VGVhY2hlci0zMTE0NDMx,ANTH
VGVhY2hlci0yNDU3NzU0,ARTS
VGVhY2hlci0xOTI3OTI2,INTA
VGVhY2hlci0zMjI3NjE=,ENGR
VGVhY2hlci0yMzcyOTM5,ISMT
VGVhY2hlci0zMTA1MjYy,PHLT
VGVhY2hlci0yNDQzNDMw,STAT
VGVhY2hlci0zMDYzNDYw,ENGL
VGVhY2hlci0xOTc2NzEw,ATMO
VGVhY2hlci0zMTI3NTcy,PBSI
VGVhY2hlci0yMTUzMDE0,GEN
VGVhY2hlci0xOTQ4NTI3,ATHLETICS
VGVhY2hlci0yMjE3NDM3,CSCE
VGVhY2hlci0yMjgxNzMy,GEOG
VGVhY2hlci0yMzA5NDc5,RPTS
VGVhY2hlci0zMTA5ODc2,PBSI
VGVhY2hlci0xNjMxNzQ2,MUSIC
VGVhY2hlci02NjA2Mjk=,HORT
VGVhY2hlci0yMDEyMDIw,ALED
VGVhY2hlci0yNDEzMTM1,BIOL
VGVhY2hlci0yMzcxNDI3,MGMT
VGVhY2hlci0yMzE5NTc3,CHEM
VGVhY2hlci03Mjc1NTQ=,SOCI
VGVhY2hlci0yMDcyNTg4,MGMT
VGVhY2hlci0yMTQyMzYw,FINC
VGVhY2hlci0yNDY1NDc2,RDNG
VGVhY2hlci0yNjQyNjM4,MMET
VGVhY2hlci0yMzY1OTk0,HTLH
VGVhY2hlci0xNTU1MTQ0,PSYC
VGVhY2hlci0yMzY2NTQ1,COMM
VGVhY2hlci0xOTQ1MDY4,ECON
VGVhY2hlci0yNzQ4NDk4,CVEN
VGVhY2hlci0yMjI2NjEx,MATH
VGVhY2hlci0yMDc1MDEw,RENR
VGVhY2hlci0yMzA2ODc1,CHEM
VGVhY2hlci0yMjA3NTM5,GEOS
VGVhY2hlci0xOTY4NzIw,BIMS
VGVhY2hlci0yMjk4Mjc5,ANTH
VGVhY2hlci0yNTQ3MzQ0,MGMT
VGVhY2hlci0yOTY4MTI0,ISEN
VGVhY2hlci0xNDczNzUx,PHIL
VGVhY2hlci0yMTk4NTU1,ENGR
VGVhY2hlci0yMzMyMDM2,ECEN
VGVhY2hlci0yNDQ0MjI4,MEEN
VGVhY2hlci0xNTE2ODU5,ENDS
VGVhY2hlci02NzQ0MDc=,ANTH
VGVhY2hlci0yNjgwNzE4,COMM
VGVhY2hlci0yODMwNzYw,PHLT
VGVhY2hlci0yNDc3Njc4,SCMT
VGVhY2hlci0xOTAzODA0,AERO
VGVhY2hlci0xODUwMTQx,AGCJ
VGVhY2hlci0yODU3MDAy,ENGR
VGVhY2hlci0yMjEwNjM5,ENG
VGVhY2hlci0yMjM2ODMx,EHRD
VGVhY2hlci0xOTY4Njcx,PSYCHOLOGY
VGVhY2hlci0xMjE3NTIw,FREN
VGVhY2hlci04NzgwMTc=,ARCH
VGVhY2hlci0zMDEzNDA5,MEEN
VGVhY2hlci0yNDMwMzYz,ENGL
VGVhY2hlci0xNjU1OTc5,AGECO
VGVhY2hlci0zMDE0NTA5,MTDE
VGVhY2hlci0yMzQ4NDIy,MASC
VGVhY2hlci0yMDgxMDYy,ENGL
VGVhY2hlci0yNjk4Mzk0,AGEC
VGVhY2hlci0zMTE2NDI5,MATH
VGVhY2hlci0zMDQ2NjU2,FINP
VGVhY2hlci0yMzA1MTA1,MUSC
VGVhY2hlci0yMzg2OTg5,MKTG
VGVhY2hlci0yMzE5MDM5,SCSC
VGVhY2hlci0yMjQyOTA0,HIST
VGVhY2hlci04OTgwODk=,PHI
VGVhY2hlci0yMzE5MTU4,ECMT
VGVhY2hlci0xMTI4MjE3,PSYCH
VGVhY2hlci02OTIzNTU=,MATHEMATICS
VGVhY2hlci0yMjE4NTEx,CHEN
VGVhY2hlci0yMjU4Nzc2,PHYS
VGVhY2hlci0xOTE4OTcy,COMM
VGVhY2hlci0yMjc1NDA2,BIOL
VGVhY2hlci0yNjAyODM4,LAND
VGVhY2hlci0yNDE0Nzgw,CHEN
VGVhY2hlci0yMDc5MDE5,SOCIO
VGVhY2hlci0yNjEyNjg2,FILM
VGVhY2hlci0yNTgxOTUx,ECEN
VGVhY2hlci03MTQzNTI=,BIO
VGVhY2hlci0yNTkyNDg5,PHLT
VGVhY2hlci0yNDcwMjY3,MEEN
VGVhY2hlci0yNDA2MzEw,PSYC
VGVhY2hlci01MjczODY=,POLI
VGVhY2hlci0yMTA0Nzg0,SOCI
VGVhY2hlci0yNDI2Nzcy,ACCT
VGVhY2hlci0yMjkzMjUy,KINE
VGVhY2hlci0xNzE1MDIz,ECON
VGVhY2hlci04NzM0MDA=,MATH
VGVhY2hlci0yNzYyMDE0,ECEN
VGVhY2hlci0yOTEwNzU3,HIST
VGVhY2hlci0yNDA1NTM4,GEOS
VGVhY2hlci0xNzU5OTky,HIST
VGVhY2hlci0xMzA4MjEz,AERO
VGVhY2hlci03MzI2NDE=,MATHEMATICS
VGVhY2hlci0yOTUwMzMz,CLEN
VGVhY2hlci0yMzI0OTE4,VTPB
VGVhY2hlci0yODE5NzU5,CHEM
VGVhY2hlci0yNjMxNTUw,CHEN
VGVhY2hlci0xNDM3NzQ2,POLSC
VGVhY2hlci0xOTYzMTY3,ARTS
VGVhY2hlci0yMDIyNTE3,POLS
VGVhY2hlci0yODQ4MjYx,PHLT
VGVhY2hlci0xOTA4MTI2,RUSS
VGVhY2hlci0yMzc0MjE0,GEOS
VGVhY2hlci0yOTgwOTky,ACCT
VGVhY2hlci0yNDY2MDI5,HIST
VGVhY2hlci0yMjY0NjQ0,BIOL
VGVhY2hlci0xNzcyNjgx,HIST
VGVhY2hlci0zMDI2OTIw,ANTH
VGVhY2hlci0xMjk4NDYy,ARCH
VGVhY2hlci0yODE4OTg4,ISEN
VGVhY2hlci0xNzgxNDM0,ISTM
VGVhY2hlci0xNzE0NTk1,MATH
VGVhY2hlci0xOTYyMzM4,BUSN
VGVhY2hlci0xNjAwNDM0,MATH
VGVhY2hlci0yMjI3Mjg2,ECEN
VGVhY2hlci0yNTU4Nzgw,SPAN
VGVhY2hlci0yMTI0MjAz,ASTR
VGVhY2hlci0yMjcxNjg=,ENTO
VGVhY2hlci0yMTMwOTEx,MATH
VGVhY2hlci0xOTEzNDU4,BIO
VGVhY2hlci0yNDU0MzM2,CVEN
VGVhY2hlci0yODA1Njg4,ESET
VGVhY2hlci0xMTMzMDM5,ECEN
VGVhY2hlci0yMzQ1OTM4,RPTS
VGVhY2hlci0yMDAzNjU5,MATH
VGVhY2hlci0yMDQ5Njk5,BIOL
VGVhY2hlci0yMDUzNDUx,SPAN
VGVhY2hlci02ODM1NTI=,DBWEBDEVEL
VGVhY2hlci0yNjQ0MzQw,BIOL
VGVhY2hlci0yNTcwNDgx,ECEN
VGVhY2hlci0zMDE0Mjc5,MGMT
VGVhY2hlci0yMTA0MTc1,AERO
VGVhY2hlci0xODE5MjE1,SCSC
VGVhY2hlci0zMTUyMzI5,CVEN
VGVhY2hlci0xMDEyMDEz,SOCIOLOGY
VGVhY2hlci0yNTQzNDAw,MATH
VGVhY2hlci0xNTE5OTM0,GEO
VGVhY2hlci0xOTQ0MjI3,STAT
VGVhY2hlci0yNDg0ODE4,SPMT
VGVhY2hlci0yNjg4MDY2,ECEN
VGVhY2hlci0zMDAyMjUz,NUTRITION
VGVhY2hlci0zMDM2NjEw,HIST
VGVhY2hlci0yMDc4MTAw,PHIL
VGVhY2hlci0yMjE2MjY3,KINE
VGVhY2hlci0yNjE4MTM5,COMM
VGVhY2hlci0yNzczMjYy,BICH
VGVhY2hlci0yMDAyOTkz,STAT
VGVhY2hlci0yMzAzNDEx,ARCH
VGVhY2hlci0yMzAyMDYw,MATH
VGVhY2hlci0yMTk5MjY2,BANA
VGVhY2hlci0yNzc2NTU1,HIST
VGVhY2hlci0yODQ0ODAx,PSYCHOLOGY
VGVhY2hlci0zMDM0OTQ0,CSCE
VGVhY2hlci0yNTY2MjYw,CSCE
VGVhY2hlci0zMDA4MjE2,ENGL
VGVhY2hlci0yMzg1MDk5,PHLT
VGVhY2hlci0yNDEwNjMw,COSI
VGVhY2hlci0yMTYyMzI4,ENG
VGVhY2hlci0xMTczNzQw,PSYC
VGVhY2hlci0yNzY2NzM2,MSEN
VGVhY2hlci0xODUzMTcw,PHILRELS
VGVhY2hlci04MzIxNTY=,VIST
VGVhY2hlci0xOTI4MzI3,MATHEMATICS
VGVhY2hlci02MDg2MTg=,HI
VGVhY2hlci0yMTAzNzM2,MSEN
VGVhY2hlci0yMzc5NDg4,URPN
VGVhY2hlci0yMjEwNjM5,ENGL
VGVhY2hlci0yMzAyMjIz,HLTH
VGVhY2hlci0xMDY3MTg2,HIST
VGVhY2hlci0yMjk1NDc2,MUSC
VGVhY2hlci0yOTcxMTgx,ENGR
VGVhY2hlci0yNDIzOTky,MATH
VGVhY2hlci0yNjMzMTU3,MATH
VGVhY2hlci0xODU4NTIw,PHIL
VGVhY2hlci02Nzc=,ANIMALSCIENCE
VGVhY2hlci0yNTg1NjYy,MATH
VGVhY2hlci0yNjQzMTE4,SPAN
VGVhY2hlci0zMDQ3NzUy,BICH
VGVhY2hlci0yNDM1MDk4,SOCIOLOGY
VGVhY2hlci0yMzMzODMx,KINE
VGVhY2hlci0yNjE3NTUx,PSYC
VGVhY2hlci0xMDE5,MATHEMATICS
VGVhY2hlci0yMDM4NjMw,MATH
VGVhY2hlci0xOTUwMTU5,ENG
VGVhY2hlci0yMzgyMjU1,CSCE
VGVhY2hlci0yOTcwOTQy,CHEM
VGVhY2hlci0xMzA2MTIx,KINE
VGVhY2hlci0xOTE3ODAz,PHYS
VGVhY2hlci0xOTc5OTIy,SOCI
VGVhY2hlci0yMTc0ODUx,INST
VGVhY2hlci0xODA1NTQy,BIOL
VGVhY2hlci0xMTcxMTgz,CHEMISTRY
VGVhY2hlci0yMDYwODkz,THAR
VGVhY2hlci0yNzk3NTYw,SOCI
VGVhY2hlci0yMTcwMjAy,SCMT
VGVhY2hlci0yNTA1Mjc4,MGMT
VGVhY2hlci0yMjIwOTkw,ECEN
VGVhY2hlci0yMTIyMzg4,MKGT
VGVhY2hlci0yMzIzOTUw,BIMS
VGVhY2hlci0zMDQ2NDI4,MATH
VGVhY2hlci0yMDc1Mjk5,HRD
VGVhY2hlci0xNzA4Mw==,CALCULUS
VGVhY2hlci0xNjk2MTQ1,ECCB
VGVhY2hlci0yOTU2Mzcy,EHRD
VGVhY2hlci0yMDkyNzMy,PET
VGVhY2hlci0yMTY3ODA2,ANSC
VGVhY2hlci0xOTUxOTI2,MUS
VGVhY2hlci0yMDI4NzAx,MEEN
VGVhY2hlci0yOTEwMzgz,ECON
VGVhY2hlci0yNDg3MjE4,SOCI
VGVhY2hlci0yNjA1MDg0,MMET
VGVhY2hlci0xOTc5NTkz,SOCI
VGVhY2hlci0yMDQwMTI1,NUTRITION
VGVhY2hlci0yNTc2MDU4,ESSM
VGVhY2hlci0yNDM3ODcy,CVEN
VGVhY2hlci0yMzU3NDU4,AERO
VGVhY2hlci0yNTgzNjc5,CVEN
VGVhY2hlci0xNzUxNjAw,PSYC
VGVhY2hlci0xOTU0Nzc5,ENGLISH
VGVhY2hlci0yOTk1OTI0,COMM
VGVhY2hlci05NjY2ODQ=,INST
VGVhY2hlci0yMTA0MTc1,MEMA
VGVhY2hlci0xNzA4Mw==,M
VGVhY2hlci0yMDI0NDUy,EDCI
VGVhY2hlci0xOTgxNjA0,KINES
VGVhY2hlci0yNjQ3MTQ0,POLS
VGVhY2hlci0zMDg5MzIz,GEOG
VGVhY2hlci0xOTkwNTEy,BUSN
VGVhY2hlci04OTgwODk=,PHIL
VGVhY2hlci0yMzIzMTg4,SCMT
VGVhY2hlci0xOTUwMjE0,ANTH
VGVhY2hlci0xMzExOTI4,CHEM
VGVhY2hlci0yNjgyNTQ4,TCMG
VGVhY2hlci0xODc1NzQz,CHEM
VGVhY2hlci0yMzM5Mzcy,MEEN
VGVhY2hlci0xMjkwNTI3,FIM
VGVhY2hlci0yMTMwMTQ0,RDNG
VGVhY2hlci0yNDI5Nzk1,PHYS
VGVhY2hlci0xNzQwNjM1,ENGLISH
VGVhY2hlci0yODk1OTk1,MGMT
VGVhY2hlci0xOTQyMzc0,SOCIOLOGY
VGVhY2hlci0yMzE3NzIz,ISEN
VGVhY2hlci0xNDAxMTU1,ASTRO
VGVhY2hlci0yMDA2Mzcy,EDCI
VGVhY2hlci0yOTUwNzg5,ENTO
VGVhY2hlci0yOTM3MzM4,COMMUNICATION
VGVhY2hlci0yMjA2OTY2,ATMO
VGVhY2hlci0yMDE3Mjkx,OCNG
VGVhY2hlci0yOTY0ODgz,DAEN
VGVhY2hlci01ODczMTI=,VARIOUS
VGVhY2hlci0xNDc3NzYz,CHEM
VGVhY2hlci0xOTk3NDEz,ESET
VGVhY2hlci0yOTc2OTU0,MEEN
VGVhY2hlci0xNzEzMTYw,ENH
VGVhY2hlci0yMjYxOTYz,STAT
VGVhY2hlci0yODY2ODQ5,COMMUNICATION
VGVhY2hlci0zMDU3Njk5,DAEN
VGVhY2hlci0yNjM0Mjc2,BIOL
VGVhY2hlci0yMTAyNzgz,ECON
VGVhY2hlci0xOTMzNDY3,BMEN
VGVhY2hlci0yOTQwMTU2,STAT
VGVhY2hlci0xOTUyODc1,SPMT
VGVhY2hlci0xODY3OTE0,INST
VGVhY2hlci0zMTI4NTcx,ECON
VGVhY2hlci0yNDY3MDQw,INST
VGVhY2hlci0yOTUyNTY5,KINE
VGVhY2hlci0yOTA4MjEx,ECMT
VGVhY2hlci0zODUyNzg=,AGRO
VGVhY2hlci0yOTQ5NTY5,MATH
VGVhY2hlci0yNzQ0NDY5,BICH
VGVhY2hlci0yNjEyNjg2,FREN
VGVhY2hlci0yNDI5NDQ3,MATH
VGVhY2hlci0yMTYyMzI4,ENGL
VGVhY2hlci0yNjkyMDk3,GEOL
VGVhY2hlci0yODY3MDUx,ACCT
VGVhY2hlci0xNjA5OTE5,PSYC
VGVhY2hlci0xNDc4MTMw,GEO
VGVhY2hlci0yMzY1NDQx,KINES
VGVhY2hlci0yMTQ0MTcy,ANSC
VGVhY2hlci0yOTcxNjcz,MMET
VGVhY2hlci0xODQ4NzM=,MATH
VGVhY2hlci0yNjQ4MTU2,LAND
VGVhY2hlci0xNjMxNzQ0,BIOLOGY
VGVhY2hlci0yNjIxODE5,POLS
VGVhY2hlci02NTg1Mzc=,ECON
VGVhY2hlci0yMTU1NTMx,ANTH
VGVhY2hlci0yMTMwMTI0,TEFB
VGVhY2hlci0yMTI2Mjkz,SCMT
VGVhY2hlci0yMjgwNDE4,ASTR
VGVhY2hlci0xOTUwMTU5,ENGL
VGVhY2hlci0yMjExODAz,KINE
VGVhY2hlci0xMDk4NzMz,ENTOMOLOGY
VGVhY2hlci0yNDA0NzU5,GEOG
VGVhY2hlci0xODYxNTMy,FINC
VGVhY2hlci0yNDg1OTQx,EDCI
VGVhY2hlci0xOTQ3MzI2,PSYCHOLOGY
VGVhY2hlci0xNjYzMzcw,ANTH
VGVhY2hlci0yNTUyOTgx,CVEN
VGVhY2hlci0yNTg3MDMw,ECEN
VGVhY2hlci04OTg5NjI=,PHYS
VGVhY2hlci0xMzk4ODAz,CVEN
VGVhY2hlci0yMzY3OTE3,VTPP
VGVhY2hlci04Mjky,CHEM
VGVhY2hlci0yMTI1OTAx,BMEN
VGVhY2hlci0yMzI5OTUx,HLTH
VGVhY2hlci0xNzUzOTYy,GEOG
VGVhY2hlci0yNjY1OTI2,AGEC
VGVhY2hlci0yMjM2Nzg1,BICH
VGVhY2hlci0xNjc1MjY3,GENE
VGVhY2hlci0yMzc4MzQx,ESSM
VGVhY2hlci0xOTQyNzU3,ANTH
VGVhY2hlci0yMDM0ODgx,ECEN
VGVhY2hlci0yNjU0NDcz,SOCI
VGVhY2hlci0yNDMyOTc3,PHLT
VGVhY2hlci0yNTQ2ODA0,SOCI
VGVhY2hlci0yMTMwNTM5,SPAN
VGVhY2hlci0zMDA3MzU2,INST
VGVhY2hlci0yMjAxMzA5,SOCI
VGVhY2hlci0yMzMxNzEx,OCNG
VGVhY2hlci0yMzEwMzI3,AERO
VGVhY2hlci0yMjExOTQ2,ENGLISH
VGVhY2hlci0zMDA1MDMx,FINC
VGVhY2hlci0xNzk1NDYz,SPAN
VGVhY2hlci0yMDAxOTQz,LDEV
VGVhY2hlci0xOTQxNTU2,PHYS
VGVhY2hlci0yMzgyMjMx,COMM
VGVhY2hlci0xOTcxNDA5,ENGLISH
VGVhY2hlci0yNjMxMTMy,MGMT
VGVhY2hlci0yMTM1NDM1,AGEC
VGVhY2hlci0yMzQxMDk=,HIST
VGVhY2hlci0yNzE1NTg5,MEEN
VGVhY2hlci0yODMyOTUy,PHYS
VGVhY2hlci0zMDQxNDc4,CSCE
VGVhY2hlci0yMTg3MTc2,MASC
VGVhY2hlci0xMjg4MTg3,SCMT
VGVhY2hlci0yMjcwMjY1,HIST
VGVhY2hlci0zMDA2MTk5,CHEN
VGVhY2hlci0yNTkzNTk3,STAT
VGVhY2hlci0zMDE2Nzg0,FINC
VGVhY2hlci0yMjUyNDU4,HLTH
VGVhY2hlci0yOTY3NTM5,MEEN
VGVhY2hlci0xODA3OTYy,AFST
VGVhY2hlci0yMTk4MTk1,CHEM
VGVhY2hlci0xMDA3MTIw,PHYS
VGVhY2hlci0yNzM5MzMx,FILM
VGVhY2hlci0yNDExODc2,MEEN
VGVhY2hlci02ODI4Nzk=,USGOVERNMENT
VGVhY2hlci0yMDc1MDQy,MATH
VGVhY2hlci0yODQ2Nzgx,ANTH
VGVhY2hlci0zMDQ5OTEz,POLS
VGVhY2hlci0xODIxMjc2,ACCT
VGVhY2hlci0yNDgwMzY4,SPAN
VGVhY2hlci0yODE5MDc2,BIOL
VGVhY2hlci0yNDg5NTkw,ANTH
VGVhY2hlci0xNjMyMDc3,CSCE
VGVhY2hlci0zNTc5ODM=,EDAD
VGVhY2hlci0yODYwMjY5,ANTHROPOLOGY
VGVhY2hlci0xNzgxNDM0,ISYS
VGVhY2hlci0xNDY1MTQ2,LDEV
VGVhY2hlci0yMzQxNzYz,AGEC
VGVhY2hlci0yMDkxODA2,MEEN
VGVhY2hlci0yNjM3NDQ2,STAT
VGVhY2hlci0yNDQ2MTc2,BICH
VGVhY2hlci0yMjQzMzE2,ARTS
VGVhY2hlci0yMzI3NjE2,ARCH
VGVhY2hlci0yMDA1MzQ5,THAR
VGVhY2hlci0xNjAwNzU4,ANTH
VGVhY2hlci0yMzMwMTc0,IDIS
VGVhY2hlci0yNTQ3Njkz,HIST
VGVhY2hlci0yNzQxMTg4,ENG
VGVhY2hlci0zMDQ1Njk5,OCNG
VGVhY2hlci0yNzQ4NTAx,ECMT
VGVhY2hlci00NTIyODQ=,ADVANCEDORGANI
VGVhY2hlci0yMjAyMDA1,ENGL
VGVhY2hlci0yNDkwMjU2,MGMT
VGVhY2hlci0zMDY5NzQ1,ENTR
VGVhY2hlci0yMzA5NTA5,PHLT
VGVhY2hlci0yNzg1OTY5,MMET
VGVhY2hlci04MDU4OTY=,STAT
VGVhY2hlci03OTk4MjU=,CVEN
VGVhY2hlci0yNTYyOTc2,STAT
VGVhY2hlci0xODQ5ODY0,MATHEMATICS
VGVhY2hlci0yOTk4NTIx,SOCIOLOGY
VGVhY2hlci0yNjkwOTc3,STATS
VGVhY2hlci0yOTQyMDQ4,ENGL
VGVhY2hlci0xMzU4NjUw,HIST
VGVhY2hlci0yMjI1NjUy,MEEN
VGVhY2hlci0yNjc2MTc4,ESET
VGVhY2hlci0yMTI4NzI2,MGMT
VGVhY2hlci0zMDQ0MTUz,SOCI
VGVhY2hlci0zMTI4OTE0,CHEN
VGVhY2hlci0xNTEzMjQ1,LBAR
VGVhY2hlci0yNDE2NDI1,PSYC
VGVhY2hlci0xODU2MTk5,CHEM
VGVhY2hlci0xNTUxNzE2,ENGL
VGVhY2hlci0xOTQ3NTk1,HIST
VGVhY2hlci0xOTAzODA4,MATH
VGVhY2hlci0yNTg0MzUy,SPAN
VGVhY2hlci0yMjI5NjE0,ECEN
VGVhY2hlci0xNDQ0MDk1,BSC
VGVhY2hlci0yMjU5MjQ1,CVEN
VGVhY2hlci0yNjQwNjg3,MASC
VGVhY2hlci0yMjA4OTgz,MATH
VGVhY2hlci0yOTgzMjQ3,ARTS
VGVhY2hlci0xOTUwODI0,DRUGACTION
VGVhY2hlci0yMjAyMjk5,ANTH
VGVhY2hlci0yMzg5NTU5,GEOG
VGVhY2hlci0yOTM3ODMw,CHEMISTRY
VGVhY2hlci0yOTI5OTMw,FINC
VGVhY2hlci0xNjc1NTM1,SOCIOLOGY
VGVhY2hlci0yMTczNzk5,MASC
VGVhY2hlci0yNzY4NjA0,MTDE
VGVhY2hlci0yMjY1NzI0,KINE
VGVhY2hlci0yNjM0Mjgw,ARTS
VGVhY2hlci0xODUyNjg2,ANTHROPOLOGY
VGVhY2hlci0yNDE2MDY0,ECEN
VGVhY2hlci0yMjQxNTM3,INTS
VGVhY2hlci0yNzEyMTQx,ECON
VGVhY2hlci0xOTgxNjA0,KIND
VGVhY2hlci0yNDMyNzk5,PHYS
VGVhY2hlci0yOTI5MjE0,MEEN
VGVhY2hlci0xNjU0NzE1,PHILOSOPHY
VGVhY2hlci0zMTUxODI5,MATH
VGVhY2hlci0xMzAyNTUw,GEOG
VGVhY2hlci0yMzQ3MzU5,CSCE
VGVhY2hlci0yNjg5MDA0,BIOL
VGVhY2hlci0yMDc0MDc1,HLTH
VGVhY2hlci0zMDIxNzE2,SOCI
VGVhY2hlci0yODYxNDQ4,MUSC
VGVhY2hlci0yNjk0NDMz,AGEC
VGVhY2hlci0yMzMyMTk3,SOCI
VGVhY2hlci0yNjc1NjIw,BMEN
VGVhY2hlci0yMDA5Mjky,NUTR
VGVhY2hlci0yMDAyNDE5,CHEMISTRY
VGVhY2hlci0yMzI0NTc3,CSCE
VGVhY2hlci0yOTMzNDA5,ENGL
VGVhY2hlci0xNDM0ODU3,BIOL
VGVhY2hlci0xOTc5MTQ4,CHEMISTRY
VGVhY2hlci0yODMxMjYz,STAT
VGVhY2hlci0xNzEzMTYw,MEPS
VGVhY2hlci0yODcwMTQ1,ENGL
VGVhY2hlci0yMDc2OTI1,AGCJ
VGVhY2hlci0yNjM2NjI2,ATMO
VGVhY2hlci0yNzYyNDQy,MEEN
VGVhY2hlci0yMDYwODkz,PERF
VGVhY2hlci0xNjMxNzQ2,MUSC
VGVhY2hlci0yNTQyOTU5,ANTH
VGVhY2hlci0yOTE2ODI0,STAT
VGVhY2hlci0yMjM2NjAz,CSCE
VGVhY2hlci0yOTcyNDQz,PHLT
VGVhY2hlci0xMzQyNzU5,VIZ
VGVhY2hlci0yMDk2NTk2,ACCT
VGVhY2hlci0yNzg5MzUx,AFST
VGVhY2hlci0yMDA1MzUz,STAT
VGVhY2hlci0yNzEwOTQx,PSYCHOLOGY
VGVhY2hlci0xMTUyOTE3,BIO
VGVhY2hlci0xODU5MzM4,MATH
VGVhY2hlci0yMDU2OTIy,MGMT
VGVhY2hlci0xNTc0Mw==,ENGLISH
VGVhY2hlci0yNTYxOTQ3,CVEN
VGVhY2hlci0xNDI3NDMz,GEOL
VGVhY2hlci0yMDcxNTEy,GEOG
VGVhY2hlci0yMjk2MDQ4,PSYC
VGVhY2hlci0yNDgwMjc1,VLCS
VGVhY2hlci0zMDQ4Mzcx,ANTHROPOLOGY
VGVhY2hlci0yMjQ4MzM5,ENGL
VGVhY2hlci0yNTIwNzUy,ENGR
VGVhY2hlci0yMDcyMTcz,MAT
VGVhY2hlci02NDk5OTY=,HIST
VGVhY2hlci0yNTEwNzIz,CVEN
VGVhY2hlci0yMjQ5NTQ3,GERM
VGVhY2hlci0yMTMwMTU0,URPN
VGVhY2hlci0yNjk1Mjc1,SCMT
VGVhY2hlci0yODE2MTk1,ECON
VGVhY2hlci0yNjEyNzU5,MEEN
VGVhY2hlci0yODE3NjUx,PSYC
VGVhY2hlci0yMTI0OTgx,TEFB
VGVhY2hlci0yNjU2NDg1,BUSI
VGVhY2hlci0xODM1NDg0,RELIGION
VGVhY2hlci02OTUzOTI=,ENDS
VGVhY2hlci0yNDc3OTM3,ECON
VGVhY2hlci0yNjQyNzUx,POLS
VGVhY2hlci0yNDMwNjIy,CSCE
VGVhY2hlci0xNDczNzc4,CSCE
VGVhY2hlci0yNDg0NDcy,ANTH
VGVhY2hlci0yMzgzNjU3,MGMT
VGVhY2hlci0yMzY5NDU1,COMM
VGVhY2hlci0xNzg1MTEx,PSY
VGVhY2hlci0yMjQ0OTY0,MEEN
VGVhY2hlci0yMTk5MjY2,ECON
VGVhY2hlci0zMDczNTg=,CSCE
VGVhY2hlci0yMDYzNjg3,SOCI
VGVhY2hlci0yMDc3NTcz,HLTH
VGVhY2hlci0yOTUwMzQx,CSCE
VGVhY2hlci0yMDA5Mjky,NFSC
VGVhY2hlci0yODQ4MTM1,ENGL
VGVhY2hlci0zMDQxNDc4,ENGR
VGVhY2hlci0yNzg5MzUx,SOCIOLOGY
VGVhY2hlci0xMDM0MjYz,INTS
VGVhY2hlci02NDkwMDc=,CSCE
VGVhY2hlci0yMTMwOTA1,ENG
VGVhY2hlci0yMjIxNTIx,CSCE
VGVhY2hlci0yODQ1NjY5,ISEN
VGVhY2hlci0yMDk4MzM4,ENG
VGVhY2hlci0zMDQ2NTc4,ALED
VGVhY2hlci0xODA3OTUz,HIST
VGVhY2hlci0zMTQ3NDA4,PBSI
VGVhY2hlci0yNzU5MTc1,KINE
VGVhY2hlci0yMzM0OTIw,GEOG
VGVhY2hlci0yOTc4ODI3,LAND
VGVhY2hlci0xOTY3ODk0,ATMO
VGVhY2hlci02NjA2Mjk=,HORTICULTURE
VGVhY2hlci0yNjI2MzQ0,MEEN
VGVhY2hlci0yNTQwNTMy,ARCH
VGVhY2hlci0yODcyMzQ2,MATH
VGVhY2hlci0yNzMwMTQ1,BIOL
VGVhY2hlci0yNTk3Nzkz,MATH
VGVhY2hlci0xNzExMzEx,ECON
VGVhY2hlci0yMjQ3Mjc4,PHYS
VGVhY2hlci0xMzk3NjE3,LAND
VGVhY2hlci0zMTUyOTQ1,OCEN
VGVhY2hlci02NzM4MTM=,SCRIPTANALYSIS
VGVhY2hlci0yNDA2NTM1,BMEN
VGVhY2hlci0xOTYwNDE5,WGST
VGVhY2hlci0xMDA4NDMx,PETE
VGVhY2hlci0yNDQyNTI4,SPAN
VGVhY2hlci0yMTIwMTA2,CHEM
VGVhY2hlci0xNzgxODMw,ANTH
VGVhY2hlci0xMzIzNTYw,MATH
VGVhY2hlci0yMjA0Nzg1,PHIL
VGVhY2hlci0xODUxNDkw,STAT
VGVhY2hlci0xOTEzNDU1,BIO
VGVhY2hlci0yNDQyNjA1,CVEN
VGVhY2hlci0yMTQ1MjQ4,VIST
VGVhY2hlci0xOTc1NzQ4,COMS
VGVhY2hlci0yNDg1MDkx,ECEN
VGVhY2hlci0yMjg0NzI3,HIST
VGVhY2hlci0xOTY4Njcx,PSYCH
VGVhY2hlci0xNzI3ODc2,ENGL
VGVhY2hlci0yMzM4Nzg5,ISEN
VGVhY2hlci0yMjU0Mjc5,SOCI
VGVhY2hlci0yMjk2NjYy,OCNG
VGVhY2hlci0yMzYwMzA1,PHL
VGVhY2hlci0yODgyMTkw,PERF
VGVhY2hlci0xMjE3OTE2,MATH
VGVhY2hlci0zMDcyMzU4,GEOLOGY
VGVhY2hlci0yNTE5NzAy,ANTH
VGVhY2hlci0yMzAxODA4,MATH
VGVhY2hlci0zMDI5Mzg2,SOCIOLOGY
VGVhY2hlci0yMzg4NzA2,MEEN
VGVhY2hlci0xODUxOTU3,MATH
VGVhY2hlci0yOTU4MjI3,ENGR
VGVhY2hlci0yNDkxMzk3,FINC
VGVhY2hlci0yNzU0NzI2,INST
VGVhY2hlci0yOTA3NjAz,ATMO
VGVhY2hlci0xMjkxMTM5,ACCT
VGVhY2hlci0yNzExNjUw,PSYC
VGVhY2hlci0yMjE3ODQ3,HISP
VGVhY2hlci0xNTY4NTM0,BIOL
VGVhY2hlci0zMDkxNzgy,VIST
VGVhY2hlci0zMDQ5NDY1,PVFA
VGVhY2hlci0yOTE0NDAw,EHRD
VGVhY2hlci0yMTEwNzI1,SPAN
VGVhY2hlci0yMTkxMDc2,KINE
VGVhY2hlci0yMzEzNzgz,HLTH
VGVhY2hlci0yMjQ2MzU0,ARCH
VGVhY2hlci0yMjgzNDkw,MEEN
VGVhY2hlci0yOTAwMDIx,MMET
VGVhY2hlci0xMDMyMjYy,BAEN
VGVhY2hlci0yMzIwOTky,RDNG
VGVhY2hlci0yMzI4MTEz,ENGL
VGVhY2hlci00NTIyODQ=,CHEM
VGVhY2hlci0yODk0Njkz,KINE
VGVhY2hlci0yNTA2OTk5,EDCI
VGVhY2hlci0yNDMxMjQw,ENGL
VGVhY2hlci0xNDQ4MjE3,FREN
VGVhY2hlci0xMzI5NzQw,BIO
VGVhY2hlci0yNzkzNjc1,ECON
VGVhY2hlci0yOTgzOTg1,MEEN
VGVhY2hlci0yMTYxNjk0,SCMT
VGVhY2hlci0zMTYyNjE=,AFST
VGVhY2hlci0yOTEzNjUx,ARCHITECTURE
VGVhY2hlci0zMDk1OTk2,CHEM
VGVhY2hlci0yNzY2ODEz,FYEX
VGVhY2hlci0yNzYyMDE0,DAYCARE
VGVhY2hlci0yOTA2Mzkz,ECCB
VGVhY2hlci0xNTcyNTU4,CHEN
VGVhY2hlci0yMDE2NjI3,ECON
VGVhY2hlci0yMjMxMDM4,PSYCNRSC
VGVhY2hlci0yOTU3ODA1,ANTHROPOLOGY
VGVhY2hlci0yMDYzMTU3,CSCE
VGVhY2hlci0yMzM2ODAw,ECEN
VGVhY2hlci0yNjQyNDcz,RPTS
VGVhY2hlci0yMDE3MjE5,ENGLISH
VGVhY2hlci0yNTgzMDY2,MSEN
VGVhY2hlci0yMDMyODMy,INST
VGVhY2hlci0yMTMzNDYx,ENGL
VGVhY2hlci0yNTkzMTAx,MATH
VGVhY2hlci0xNTU5MjA4,MATH
VGVhY2hlci0yMDExODM5,STAT
VGVhY2hlci0yNDUxMzk=,HISTORY
VGVhY2hlci0yNTQ0MDQ5,STAT
VGVhY2hlci0yMTg4ODQz,SOCI
VGVhY2hlci0yNDAwMTc1,STAT
VGVhY2hlci0yNTUwNzY0,COMM
VGVhY2hlci0yMTc0ODUx,FILM
VGVhY2hlci0yMDk2MjUz,PHYS
VGVhY2hlci0xMTI4MjE3,PSYC
VGVhY2hlci0yMDY3Njc5,BIMS
VGVhY2hlci0yMTQ3OTQ0,ENG
VGVhY2hlci0yMDM0NTU2,ANTH
VGVhY2hlci0yMzIyNTgy,KINE
VGVhY2hlci0yMjY4Nzg2,ECON
VGVhY2hlci0yMTI3ODQ1,SOC
VGVhY2hlci0xOTc5Mzc4,ARTS
VGVhY2hlci0yMTI2NjQ0,VIST
VGVhY2hlci0yMTUzMzgw,ENGL
VGVhY2hlci0yNDQyODQ2,RPTS
VGVhY2hlci0yMzc1MTk2,COMM
VGVhY2hlci0yNzU4NDgy,MATH
VGVhY2hlci0yMDk4MzM4,ENGL
VGVhY2hlci0xOTQ3Nzc3,MATHEMATICS
VGVhY2hlci0yMTc5ODQ5,PSYC
VGVhY2hlci0yNjk3OTA1,URPN
VGVhY2hlci0yMzA4NDA0,ANSC
VGVhY2hlci0yMDc3NTcz,KIN
VGVhY2hlci0yMjQ5NTUz,SCMT
VGVhY2hlci02NzM4MTM=,ALUMNI
VGVhY2hlci0xMzQyNzU5,VIZA
VGVhY2hlci0yMjIxMDc1,POLS
VGVhY2hlci0zMDk0MzY0,ECON
VGVhY2hlci0yNjMyMDE5,GEOS
VGVhY2hlci0yMjA0Mzkz,RDNG
VGVhY2hlci0yNTUwMjMz,MEEN
VGVhY2hlci0zMDkyMzY3,INTA
VGVhY2hlci0yNDI5Mzk1,AGSC
VGVhY2hlci0yODc3NTQx,CLASSICS
VGVhY2hlci0yNjkzMDA1,BIOL
VGVhY2hlci0zMDY4NjUx,FYEX
VGVhY2hlci0xODU3NDcy,MATHEMATICS
VGVhY2hlci0yMDkyNzMy,PETE
VGVhY2hlci0xODM0NTg4,THAR
VGVhY2hlci0xODY1MDA2,ANTH
VGVhY2hlci0xMjUxMjQ2,JOUR
VGVhY2hlci0yNDU3NzUw,VIST
VGVhY2hlci0yNzMxNDM4,HLTH
VGVhY2hlci0yMzg0Nzk1,STAT
VGVhY2hlci0xNjExNjk0,MUSCAA
VGVhY2hlci0yMDgwNDky,CSCE
VGVhY2hlci0yMjgxNzMy,GOEG
VGVhY2hlci0yMjk2MDUz,PSYC
VGVhY2hlci0yMjU2Nzg4,MASC
VGVhY2hlci0yNDQ2NzM3,CVEN
VGVhY2hlci0yNjI4MjQ1,STAT
VGVhY2hlci0yNzg4MjQx,ECEN
VGVhY2hlci0yMzAyNjM3,ENGL
VGVhY2hlci0yMDA3MDA3,ARTS
VGVhY2hlci0yMzM3MDY0,MSEN
VGVhY2hlci0yMDY5MDI2,TEFB
VGVhY2hlci0xNDc4OTA2,HIST
VGVhY2hlci0yNjc4NDQz,BIOL
VGVhY2hlci0yMjQyODMw,HLTH
VGVhY2hlci0yMDg0ODk2,EHRD
VGVhY2hlci0xNzM2MzE1,BICH
VGVhY2hlci0yNTI3NzUy,ARTS
VGVhY2hlci0yNjE4ODI2,AERP
VGVhY2hlci0yMzA5NTIw,OCNG
VGVhY2hlci0yMDA1MzM4,MMET
VGVhY2hlci0yNDAwNzM2,BIO
VGVhY2hlci0yMzY3NDA5,ENTO
VGVhY2hlci0yODUxODQ2,STAT
VGVhY2hlci0zMDEzOTYx,ALED
VGVhY2hlci0xODIzMTAz,ENGR
VGVhY2hlci0yNzQ5NDUz,BMEN
VGVhY2hlci0yODM0MDc0,ENGR
VGVhY2hlci0xNDc3NTc=,HISTORY
VGVhY2hlci0yMjE3ODQ3,SPAN
VGVhY2hlci0yMDQyNjg1,ENRG
VGVhY2hlci0zMDE1ODIw,ISEN
VGVhY2hlci0yMDU5ODcz,SOCI
VGVhY2hlci0xMzE0NDY5,RPTS
VGVhY2hlci0xNzczMjc2,MATH
VGVhY2hlci0yMzk2Mjk2,CHEM
VGVhY2hlci0yOTgzMTk3,FINC
VGVhY2hlci0yMDExODM5,STATISTICS
VGVhY2hlci0xODg5NTUy,PHIL
VGVhY2hlci0yMTI1NjYz,CVEN
VGVhY2hlci0xMTU3NDcx,MKTG
VGVhY2hlci0yNTE2NjEy,BIO
VGVhY2hlci0yOTcxNzMw,KINE
VGVhY2hlci0yMDg4Njg2,OCNG
VGVhY2hlci0xNzI3MDMy,POLS
VGVhY2hlci0yNDQ2MDE5,ECON
VGVhY2hlci0yNjY1NTkx,EHRD
VGVhY2hlci0yMzMyODUy,SOMS
VGVhY2hlci0yNTU5MDEy,AERO
VGVhY2hlci0yMTkyNDk2,STATS
VGVhY2hlci0yNTQ3NjI5,KINE
VGVhY2hlci0yNjk0ODA3,VIBS
VGVhY2hlci0yODk3MjI2,CSCE
VGVhY2hlci0yMTY2MTA4,ENGL
VGVhY2hlci0yNzA5Mjk1,BIMS
VGVhY2hlci0yNzc4Njc3,ESET
VGVhY2hlci0yNTkyODcw,MASC
VGVhY2hlci0yMTI3NjEz,ISEN
VGVhY2hlci0zMDQ1NDcz,ANTH
VGVhY2hlci0yNDY3MzM5,ECEN
VGVhY2hlci0xNzE1MjE2,PYSC
VGVhY2hlci0xODI0NzEx,GEOS
VGVhY2hlci0yNjg3ODEy,PHYS
VGVhY2hlci0yMzY1NDE5,SCSC
VGVhY2hlci0yNTc0Mzg5,ENGL
VGVhY2hlci0yNjI4MDAw,CSCE
VGVhY2hlci05ODE0ODc=,CHEM
VGVhY2hlci0yMzAwOTU1,IDIS
VGVhY2hlci0yMDQ1Nzky,BIOGEOGRAPHY
VGVhY2hlci04NTQyNw==,ATHRO
VGVhY2hlci0yNTU3OTE0,AERO
VGVhY2hlci04NTU5NDQ=,PHYS
VGVhY2hlci0xOTI3OTI2,INTS
VGVhY2hlci0xODM4MDMy,ART
VGVhY2hlci0yMDgwNTEz,COMM
VGVhY2hlci02MzYxOTE=,CHEM
VGVhY2hlci0xMjEwMTY=,MATH
VGVhY2hlci0xNTA3MzQ1,COMM
VGVhY2hlci02NzIxNzc=,ASIA
VGVhY2hlci0yMjcwMjY1,RELS
VGVhY2hlci0xODUwMTY0,AGSM
VGVhY2hlci0yMDg5ODc1,NSFC
VGVhY2hlci0xMzA0ODgz,PHIL
VGVhY2hlci0xMzE2ODQy,OCHEM
VGVhY2hlci0xODIzMDk5,MATH
VGVhY2hlci0yMDAyNTU=,ENG
VGVhY2hlci0yNjM2MTAw,SOCI
VGVhY2hlci0yMjk5MTUw,AGEC
VGVhY2hlci0yNDI4MTU0,ENDS
VGVhY2hlci0xNzQwMTgz,CLAS
VGVhY2hlci0yNTQwNjAx,MATH
VGVhY2hlci0yMDAwMDcz,BIMS
VGVhY2hlci0yNDU3NzU5,ARTS
VGVhY2hlci0yMDAyNDAz,ENG
VGVhY2hlci0xNzgzOTcz,ECON
VGVhY2hlci0zMDk4NDIx,JOUR
VGVhY2hlci00OTgyMTc=,NAZIGERMANY
VGVhY2hlci0zMDQyNDM3,SOCIOLOGY
VGVhY2hlci0yMTMzMzA2,ENGL
VGVhY2hlci0yNDE3NjQ3,PHIL
VGVhY2hlci0xOTQxOTc2,ACCT
VGVhY2hlci0zMTYyNjE=,HST
VGVhY2hlci0yNDk3NTI5,ME
VGVhY2hlci0yMTkwNzYw,ENGR
VGVhY2hlci0xNDM3NDc0,AERO
VGVhY2hlci00Mjc0NDA=,MATHEMATICS
VGVhY2hlci02NjYyNzA=,OCHEMII
VGVhY2hlci0yMDEwNzEz,EHRD
VGVhY2hlci0xMTU3NDcw,MGMT
VGVhY2hlci0yMDAzMjY4,STAT
VGVhY2hlci0yMzUyODM2,SOCI
VGVhY2hlci0yODY0MTcz,VTPB
VGVhY2hlci0yMDgxMjQ1,MEFB
VGVhY2hlci0xNTYyMjI3,ECON
VGVhY2hlci0xOTA1OTI3,ENGLISH
VGVhY2hlci0xOTAwNjgy,INST
VGVhY2hlci0yNjMyMjQw,MATH
VGVhY2hlci0xOTYwNDE5,WGSTSOCI
VGVhY2hlci0yMTk4NTYz,ECON
VGVhY2hlci0yNjY4MzU5,FINC
VGVhY2hlci0xNTY0MjU2,HISTORY
VGVhY2hlci0yMTA1NzQ5,ENDS
VGVhY2hlci0yNzM2Njg1,PLAN
VGVhY2hlci0yMzM3MjQ2,BIO
VGVhY2hlci0yMDU2Njc0,CSCE
VGVhY2hlci04OTkwNTI=,MAT
VGVhY2hlci0yOTE4OTI3,ENGL
VGVhY2hlci0yMzk5MzM2,SOCI
VGVhY2hlci0xOTY3OTgy,CVEN
VGVhY2hlci0yMTMwMDg2,BAEN
VGVhY2hlci0yNTkyMjIw,BIO
VGVhY2hlci0yMDYzMTEw,SOCI
VGVhY2hlci0yMjE4NjMy,ENGL
VGVhY2hlci0yNjE4ODI2,AERO
VGVhY2hlci0yNjMxMTMx,MGMT
VGVhY2hlci0yMzQxNTE1,IDIS
VGVhY2hlci0yMjEyNTQw,PSYCH
VGVhY2hlci0yMjQxODkx,ECMT
VGVhY2hlci0yNTk1OTEz,HIST
VGVhY2hlci0xNjYyMzMz,TEFB
VGVhY2hlci0yODM3MTk2,CHEM
VGVhY2hlci0yNjg0ODYy,MMET
VGVhY2hlci0yNTc1Njcz,TCMG
VGVhY2hlci0yNTI5NDMw,HIST
VGVhY2hlci0xODI5MzEz,MKTG
VGVhY2hlci03MjU1MTc=,PHYS
VGVhY2hlci0yOTI5NDI4,HIST
VGVhY2hlci0xOTAyNDM1,ECON
VGVhY2hlci0yMTM5OTcx,EPFB
VGVhY2hlci0zMjYyOTU=,STUDYABROAD
VGVhY2hlci0yMzE3NTYw,MMET
VGVhY2hlci0yOTg4MDM0,MGMT
VGVhY2hlci0yNTI3MTk0,KINE
VGVhY2hlci0yMDY3ODMz,POLS
VGVhY2hlci0xOTM5MDI3,SOCI
VGVhY2hlci0zMTMwNTAw,MEEN
VGVhY2hlci0yMjM0MjE3,INTS
VGVhY2hlci0xMzI5NzQx,ENG
VGVhY2hlci0yMjM5MDgy,HIST
VGVhY2hlci0xOTE5NTUw,CVEN
VGVhY2hlci0yOTMxMzM3,CSCE
VGVhY2hlci0yMjE5OTUy,ENGL
VGVhY2hlci0yMjMwNDE0,HLTH
VGVhY2hlci0xMjQyNjU3,PSYC
VGVhY2hlci0yMzY1NzM4,PSYC
VGVhY2hlci0xOTE5ODE4,INST
VGVhY2hlci0yNDEyMTcx,GERM
VGVhY2hlci0yMjcxODgx,ECON
VGVhY2hlci0yNzYzODM5,BIOL
VGVhY2hlci0zMDk3MTI4,GEOL
VGVhY2hlci0xNTk3OTU3,GEOLOGY
VGVhY2hlci0yNjAzNjk1,ANTH
VGVhY2hlci0xODA1NTQy,BIOLOGY
VGVhY2hlci0yMjc3MTI5,SPAN
VGVhY2hlci0yODAyNzQ0,CSCE
VGVhY2hlci0yNzUxMDMw,SOCI
VGVhY2hlci0xNTEzMjQ1,ANTHROPOLOGY
VGVhY2hlci0xMzM4Mjgz,SOCI
VGVhY2hlci0yMzcwMzM4,PSYC
VGVhY2hlci0yMzcwMDgy,POLS
VGVhY2hlci0yMDYzMTc4,HORT
VGVhY2hlci0yODU2NjA5,BUSI
VGVhY2hlci0yMTMwMjU3,SOCI
VGVhY2hlci0yNjg0MTgw,PHYS
VGVhY2hlci0yNDc4ODc4,RENR
VGVhY2hlci0yMTI1OTQ3,IBUS
VGVhY2hlci0yNjIzNjI0,ANTH
VGVhY2hlci0yOTA5NjA2,BMEN
VGVhY2hlci0zMDcyOTEx,PBSI
VGVhY2hlci0xOTgxNjA0,HLTH
VGVhY2hlci01MTM3Mjk=,GEO
VGVhY2hlci0yOTU0MTQ0,PHIL
VGVhY2hlci0yMjg0Mzk1,THAR
VGVhY2hlci0yMTY3NTYz,GEOG
VGVhY2hlci0xNzM1Nzg0,HIST
VGVhY2hlci03MjI3NzE=,MEFB
VGVhY2hlci0zMDg5MDM5,CHEMISTRY
VGVhY2hlci0xOTAxMzk0,COMM
VGVhY2hlci0yNDk3NTI5,MEEN
VGVhY2hlci0xOTQ3Nzkz,PHYS
VGVhY2hlci0xOTUyMTMw,SOCI
VGVhY2hlci0yMTk2NTcy,ENGR
VGVhY2hlci0yOTcxNjc5,ENGINEERING
VGVhY2hlci0yMTk4Mjgx,ECON
VGVhY2hlci0yNDEwNjMw,CSCE
VGVhY2hlci0yMDAyNTU=,ENGL
VGVhY2hlci0yNjIzNjA1,MEEN
VGVhY2hlci0xNzEwNjU5,AGECO
VGVhY2hlci0yNDIxMjQ3,STATS
VGVhY2hlci0yNzU5Njk3,COMM
VGVhY2hlci0yMjgyMTQ5,ANH
VGVhY2hlci0yMzU3NjI0,PSCY
VGVhY2hlci0yMDk5ODQz,COM
VGVhY2hlci0yMTc5ODQ5,PSCY
VGVhY2hlci0xNTA3MTY2,BICH
VGVhY2hlci0yNDU3MTYx,MGMT
VGVhY2hlci0yMjY4Mjcz,ENGL
VGVhY2hlci0yMzAzMzUx,CSCE
VGVhY2hlci0yMjI2ODk5,MAT
VGVhY2hlci0yMDgyMzY3,MEE
VGVhY2hlci0yMzA3NTQw,GOV
VGVhY2hlci0yMTQ3MDUx,CSCE
VGVhY2hlci0yNzE3NTM2,ENGL
VGVhY2hlci0xNTAwMTM5,HIST
VGVhY2hlci0yNDMwOTcz,ENGL
VGVhY2hlci0yOTc1OTc4,UGST
VGVhY2hlci0yNDI1NDcw,SCMT
VGVhY2hlci01NzcyMDI=,EDCI
VGVhY2hlci0xOTYzMDU3,AGRICULTURE
VGVhY2hlci0zMTAyMjYw,JOURNALISM
VGVhY2hlci0yMTc0NTE4,GEOG
VGVhY2hlci0yMjE3NDM3,ECEN
VGVhY2hlci0yOTk0MDEy,BIOLOGY
VGVhY2hlci0yMzc0MTU1,COMM
VGVhY2hlci0zMDAyOTQ4,PHLT
VGVhY2hlci0yMjgxMzQ1,PHYSENGR
VGVhY2hlci0yODc1OTA0,PERF
VGVhY2hlci0xNTUwMDY=,CHEM
VGVhY2hlci0yNjk2MDI3,ENGR
VGVhY2hlci0yOTM3NDkz,HISTORY
VGVhY2hlci0yMDA4Nzg4,MATH
VGVhY2hlci0yNjM4MzY1,HIST
VGVhY2hlci0yNzY2ODEz,PLAN
VGVhY2hlci0zMDQyODgy,NUTR
VGVhY2hlci0yMzYwODQ1,CSCE
VGVhY2hlci0yNDA0NTQ=,HISTORY
VGVhY2hlci0zMDUxMDMy,STAT
VGVhY2hlci0yMzQ1MjI5,ISEN
VGVhY2hlci0yNjgwOTM0,TEFB
VGVhY2hlci0yMjcyNjg4,MGMT
VGVhY2hlci0yMzQ4NTI3,CSCE
VGVhY2hlci0yMjEzNTk4,SPAN
VGVhY2hlci04NDI2Nw==,M
VGVhY2hlci0yNzM1NDYy,SOMS
VGVhY2hlci0xNTYwOTg5,ENGL
VGVhY2hlci0yMDI0NDE5,ARTS
VGVhY2hlci0zMDExMDgx,ECON
VGVhY2hlci0xMzI5Nzk=,ENGL
VGVhY2hlci0yOTIxNzAz,SPAN
VGVhY2hlci0yOTkwMDQ3,ITDE
VGVhY2hlci0yODkxMzU3,MASC
VGVhY2hlci0yNDc2Njc3,KINE
VGVhY2hlci0yMjI5NjQ2,BICH
VGVhY2hlci0yMjA4NzA0,PSYC
VGVhY2hlci0xOTUxOTI2,PERF
VGVhY2hlci0yMDkyNDg4,AFST
VGVhY2hlci0yMDAyMzM5,ANTH
VGVhY2hlci0zMDU3Njg4,GEOS
VGVhY2hlci0yNzk3MDU1,ANTH
VGVhY2hlci0yOTUyODM5,VTPB
VGVhY2hlci0xODY3Njgx,PETE
VGVhY2hlci05NzM0MDc=,ENGINEERING
VGVhY2hlci0yMDM3NTE2,ANTH
VGVhY2hlci0yMTQzMTUw,CHEM
VGVhY2hlci0yMDUzNzA4,HIST
VGVhY2hlci0yNjkxOTE0,BIOL
VGVhY2hlci0yMTk4MDYy,SOCI
VGVhY2hlci0yMjk1NzIw,HORTICULTURE
VGVhY2hlci0yNzExMTk0,SPMT
VGVhY2hlci0yMTAzMDg5,MATH
VGVhY2hlci0xMzI5NzQx,ENGL
VGVhY2hlci0yMDE1NTIy,COM
VGVhY2hlci0yNjgyOTA3,SPMT
VGVhY2hlci0yNTUwNTc4,CHEN
VGVhY2hlci0zMDMxNDcz,PHLT
VGVhY2hlci0yMTM0MjU0,SOCI
VGVhY2hlci0xODQwMTIx,BESC
VGVhY2hlci0yODA4NTk4,ECON
VGVhY2hlci0yMjU5OTAx,FIN
VGVhY2hlci0yOTg2NDAz,FINC
VGVhY2hlci0zMDk4MDM4,AFST
VGVhY2hlci0yMzQwNDM3,MATH
VGVhY2hlci0yOTUyMTE0,AGRICULTURE
VGVhY2hlci0yODczNjA5,BICH
VGVhY2hlci0xMDEwOTcw,TEED
VGVhY2hlci0xMzc1MjIx,ENG
VGVhY2hlci0yMjY0NjQ0,BIMS
VGVhY2hlci0yNTQzOTEz,KINES
VGVhY2hlci0yNjY0NTg2,SPAN
VGVhY2hlci0yMDg0MzUy,ARCH
VGVhY2hlci0xNjAwNzYy,HIST
VGVhY2hlci0zMTAyMzIy,BESC
VGVhY2hlci0xOTIzNTEz,BIOL
VGVhY2hlci0xMDkzMDEx,HIST
VGVhY2hlci0xNTkwODYw,SOCI
VGVhY2hlci0yNzMwMDI=,ENG
VGVhY2hlci0yNTI4MDUz,STAT
VGVhY2hlci0yNTI2OTYx,ENGL
VGVhY2hlci0yMTM0OTY2,ANTH
VGVhY2hlci04NTY3NTU=,BIOCHEMISTRY
VGVhY2hlci0yNTIwNzUy,PHIL
VGVhY2hlci0yODIxOTMx,CSCE
VGVhY2hlci0yNDkyOTc0,ENGINEERING
VGVhY2hlci0xODE2MDIx,WFSC
VGVhY2hlci0yNDMwNTk4,SCS
VGVhY2hlci0yMDkwODQz,WGST
VGVhY2hlci03Mjc1NTQ=,RACE
VGVhY2hlci0yMjUzMjcw,CSCE
VGVhY2hlci0zMDUxODA0,MATH
VGVhY2hlci0yOTU1MzM5,SENG
VGVhY2hlci0xODI1MDM4,MATHEMATICS
VGVhY2hlci0yMDI1MDQ4,AGEC
VGVhY2hlci0yNDIwMzAw,KINE
VGVhY2hlci0yNDg2ODM3,VIBS
VGVhY2hlci0yMTc0NzEw,BIO
VGVhY2hlci0yOTc5ODAw,AERO
VGVhY2hlci0yOTY1MTcz,ISEN
VGVhY2hlci0yMzA4MDAx,KIN
VGVhY2hlci0yODQzMDc4,ASTRONOMY
VGVhY2hlci0yOTg2ODQ3,BMEN
VGVhY2hlci0yODYzMzk4,BIO
VGVhY2hlci0yNTMzNTI0,MUSC
VGVhY2hlci0yOTUyODM5,BIOMEDICAL
VGVhY2hlci0yOTUzOTkx,PSYCHOLOGY
VGVhY2hlci0yOTc5ODEw,AERO
VGVhY2hlci0xMDE1NDQ3,MTH
VGVhY2hlci02OTk5NzU=,CALC
VGVhY2hlci0yNzM3MDQ2,AGCJ
VGVhY2hlci0yMDY2NTkw,ISEN
VGVhY2hlci0yODIzMjI4,BIOLOGY
VGVhY2hlci03MTAzNTg=,ENTC
VGVhY2hlci01OTk0OTM=,MUSIC
VGVhY2hlci0yNjEwNjAy,TCMG
VGVhY2hlci0xOTQ4NDEz,ENGE
VGVhY2hlci0yODY4NjI5,CSCE
VGVhY2hlci03NDY4NTQ=,PSYCH
VGVhY2hlci0yOTE3NjMz,BIOL
VGVhY2hlci0yMzkyNzEw,FINC
VGVhY2hlci0yMTMwOTEx,CLEN
VGVhY2hlci0yOTEwOTE4,MATH
VGVhY2hlci0yNTMzNjE4,ENGL
VGVhY2hlci0yNzY2NzM3,ARCH
VGVhY2hlci0xNzcxMzQ0,ATMO
VGVhY2hlci0xNjQ5NjQ2,CSCE
VGVhY2hlci0yMDYzNjY4,ECON
VGVhY2hlci0yMjEwMTc5,ENGL
VGVhY2hlci0yNjExOTEw,CVEN
VGVhY2hlci0xNzExNTg1,GEOS
VGVhY2hlci0zMTQ3NDc4,URPN
VGVhY2hlci0yODc1MDgy,AGLS
VGVhY2hlci0yNTgyNDI3,MATH
VGVhY2hlci0xNjQwODUy,BIO
VGVhY2hlci0yNzEyNjA1,COMM
VGVhY2hlci0yNjk3Mjg1,MATH
VGVhY2hlci0yMjYyODI5,COMM
VGVhY2hlci0yNzg5NjM2,KINE
VGVhY2hlci0zMTI0NDA5,FIVS
VGVhY2hlci0xNDE0Mjk3,HISTORY
VGVhY2hlci0zMDMxNDcz,HLTH
VGVhY2hlci0yNTQxMDIx,MMET
VGVhY2hlci0yOTY5MDYx,FIVS
VGVhY2hlci0xMzMwNDY=,SOCIOLOGY
VGVhY2hlci0xODIzMTAz,PHYS
VGVhY2hlci0yMjQxNzgy,ACCT
VGVhY2hlci0yMTI3OTY2,SPMT
VGVhY2hlci0zMDkzMjY2,HIST
VGVhY2hlci05MzI2ODc=,HORT
VGVhY2hlci01MDUyMjQ=,BIOLOGY
VGVhY2hlci0yOTg5MTYw,URPN
VGVhY2hlci0xNjY1MTM4,NUTR
VGVhY2hlci0yNjcyNTE2,ALED
VGVhY2hlci0yOTAxMjQz,SPAN
VGVhY2hlci0xOTcyNjM1,SOCI
VGVhY2hlci0yNjk1ODU4,BIO
VGVhY2hlci0yMTk3ODM2,ENGL
VGVhY2hlci0yNzE3ODU5,MEEN
VGVhY2hlci0yMTk5ODMw,CSCE
VGVhY2hlci0yNzA4NDI0,PSYC
VGVhY2hlci0yOTk5NjA1,CSCE
VGVhY2hlci0yMjcyNjg4,COMMS
VGVhY2hlci0xMzAyNTUw,GIS
VGVhY2hlci0yMjg0ODU0,COMM
VGVhY2hlci0yOTc2OTYx,RPTS
VGVhY2hlci0zMDMwODgz,HIST
VGVhY2hlci0yMjUxMzg4,RDNG
VGVhY2hlci0xMDc3NjQz,CPSCSECT
VGVhY2hlci0yNzk4Mzg5,ANTH
VGVhY2hlci0yOTQ0MzY1,COMM
VGVhY2hlci0zMTI0MDIy,PBSI
VGVhY2hlci0yNTQ3MzQ2,ECON
VGVhY2hlci0zMDUwMTc5,COMMUNICATION
VGVhY2hlci02NjYyNTE=,STATS
VGVhY2hlci0yMzYwMzc2,STAT
VGVhY2hlci04NjgxOTU=,AGRICULTURE
VGVhY2hlci0yNDQ2MjE4,ANTH
VGVhY2hlci0xNTM5MDg5,STAT
VGVhY2hlci0yMDc1Mjgy,GEOL
VGVhY2hlci0yNDQ4MjI1,ECON
VGVhY2hlci02ODM1NTM=,MGMT
VGVhY2hlci0yNjM3NjE0,GEOS
VGVhY2hlci0yOTk4NTUx,GEOL
VGVhY2hlci0yMjA2MjMx,SPAN
VGVhY2hlci0zMDc0MTAw,CVEN
VGVhY2hlci0xNDkxNDAx,SPANLING
VGVhY2hlci0yMjc4MzEw,COM
VGVhY2hlci0yODEyNzgy,ENGINEERING
VGVhY2hlci0yMjQ2MzEw,MEEN
VGVhY2hlci0yNTI2NjU3,MASC
VGVhY2hlci0xNDg3Nzc=,A
VGVhY2hlci0yMjEyNTU0,INST
VGVhY2hlci0yNzY2ODEz,URPN
VGVhY2hlci0yMDQyNjg1,MEEN
VGVhY2hlci0yODkzMDA0,SPMT
VGVhY2hlci0yNDI1NzYx,ENGL
VGVhY2hlci0xODgzNjcz,PSC
VGVhY2hlci0yMzI3ODk1,BIO
VGVhY2hlci0xMzI5NzQw,ECCB
VGVhY2hlci02NTc4OTA=,ENMVTAGBUIS
VGVhY2hlci03MjU3MTc=,PPHY
VGVhY2hlci0xNzk4NDU5,BIO
VGVhY2hlci0yNzMwMDI=,ENGL
VGVhY2hlci0yOTcxNjc4,MXET
VGVhY2hlci0xOTY4Njcx,PSYC
VGVhY2hlci0yMzIxMjM5,SCMT
VGVhY2hlci0yODk4MDMy,BIOL
VGVhY2hlci0yNzg1OTMz,AGCJ
VGVhY2hlci0yMTY2OTM4,CHEM
VGVhY2hlci0xNjc3NjY2,ARABIC
VGVhY2hlci0yMDA0Mjg2,COMM
VGVhY2hlci0yOTQ3NDQz,EDCI
VGVhY2hlci0yOTM5NDc3,EHRD
VGVhY2hlci0yODUyMDcx,MATH
VGVhY2hlci0xODUzMTcw,PHIL
VGVhY2hlci0xNjY1MTM4,NFSC
VGVhY2hlci0yMzY1NDQx,HLTHKINE
VGVhY2hlci0yMDYyNTYx,ENGINEERING
VGVhY2hlci0yNDc2MDMw,BIOL
VGVhY2hlci0yODQwNDIy,INST
VGVhY2hlci0yMzc2MjUw,ECEN
VGVhY2hlci0yMjEzMTYz,GEOG
VGVhY2hlci04NDIyNDc=,FINC
VGVhY2hlci0yMzcxMjI3,ENGL
VGVhY2hlci0yNjAwNjU1,COMMUNICATION
VGVhY2hlci0yODM5NDE5,POLS
VGVhY2hlci0yMjczNjEz,AFST
VGVhY2hlci0xODIxMTgw,CHEM
VGVhY2hlci0yOTIyODYw,MEEN
VGVhY2hlci0yNTg4MTYx,EHRD
VGVhY2hlci0zMTQ5MTE1,MATHEMATICS
VGVhY2hlci0yNzk4NDc1,STAT
VGVhY2hlci0yNDMzMDE2,VIBS
VGVhY2hlci0yNzU1Njg4,ISTM
VGVhY2hlci0yNjQ3NjMx,BICH
VGVhY2hlci0xMzAwNDk0,HLTH
VGVhY2hlci0yNDQwNjcz,BUSN
VGVhY2hlci0yMjIxMDcy,ENGL
VGVhY2hlci0xOTQ1MjA2,COMM
VGVhY2hlci0yMDg2NTcx,STAT
VGVhY2hlci0xODc3OTkw,ENG
VGVhY2hlci0xNjc4NzYz,AGEC
VGVhY2hlci0xOTgzNTAz,MATH
VGVhY2hlci01NDcyMjM=,HIST
VGVhY2hlci0yMDYzNjg3,SOC
VGVhY2hlci0yMjgwNzg0,FREN
VGVhY2hlci0yNzAyODAz,IDIS
VGVhY2hlci0yMTk2Mzc0,ECON
VGVhY2hlci0xOTQxNTU2,PHYSICS
VGVhY2hlci0yMDczNTc4,ENGR
VGVhY2hlci0yMjI2NjIz,ECEN
VGVhY2hlci0yNDMxNzcy,ARCH
VGVhY2hlci0yMDMwMzAy,VTPB
VGVhY2hlci0yOTcyNDI1,ENGLISH
VGVhY2hlci0yNDgyOTgy,SPMT
VGVhY2hlci0yODk0Njk1,MATH
VGVhY2hlci0yMDE3Mzc3,PLPA
VGVhY2hlci0yMDEwMDU5,COMM
VGVhY2hlci02ODI4Nzk=,GOV
VGVhY2hlci0yOTkzNjk4,RWFM
VGVhY2hlci0xMzk4ODA4,PETE
VGVhY2hlci0yMzU0Mzkw,COMM
VGVhY2hlci0yMjE0MjM4,HIST
VGVhY2hlci0xODkzMjMw,ENGLISH
VGVhY2hlci0yNTQzMjU4,ESET
VGVhY2hlci0xNjc4NzU0,RPTS
VGVhY2hlci0yNTMzNTMz,MATH
VGVhY2hlci0yMDkyNzI5,CVEN
VGVhY2hlci0xOTk5MTAz,CHEMISTRY
VGVhY2hlci0xNjUyODg3,PHILOSOPHY
VGVhY2hlci0yMzI3OTM5,CSCE
VGVhY2hlci0yOTExOTgz,POLS
VGVhY2hlci0yNTU4Nzgw,ENGL
VGVhY2hlci04NjQyNjE=,PSYC
VGVhY2hlci0xNzE1MjE2,PBSI
VGVhY2hlci0yNDY0NzMz,MEEN
VGVhY2hlci0yMDM2NzAx,CSCE
VGVhY2hlci0zMTE0MjM2,PSYCHOLOGY
VGVhY2hlci0yOTk3OTEx,ARCH
VGVhY2hlci0yMDAxMzU3,PSYCH
VGVhY2hlci0yMTM4OTMx,ENGL
VGVhY2hlci0yMTM3Mjgx,SOCIO
VGVhY2hlci0yMDczNzIz,PHYS
VGVhY2hlci0xOTUwNDUx,HIST
VGVhY2hlci0xODIxMjc1,BUSN
VGVhY2hlci0yNTM4NDAy,CLAS
VGVhY2hlci0yMjY5MDc0,PHIL
VGVhY2hlci0yOTQzMjgy,MATHEMATICS
VGVhY2hlci0xMjc5MTAx,ENG
VGVhY2hlci0yMDc1NDM1,SPMT
VGVhY2hlci0yNjAwNjU1,COMM
VGVhY2hlci0yNzQzOTAz,CHEMISTRY
VGVhY2hlci0yNTQwNzM4,CVEN
VGVhY2hlci0yMDQ0MTQ4,SPAN
VGVhY2hlci0zMDk1ODEw,MKTG
VGVhY2hlci0yMDY3MDM1,ALED
VGVhY2hlci0zMTMwMDYz,POLS
VGVhY2hlci02Nzk5NjE=,SOCI
VGVhY2hlci0yNDMwMTg1,RUSS
VGVhY2hlci0yMjA4NzA0,PSCY
VGVhY2hlci0yNDc0Njkx,PHYS
VGVhY2hlci02ODIxMDY=,ENGL
VGVhY2hlci0yMTU1NDU1,ENG
VGVhY2hlci0yNzY4MzA0,MATH
VGVhY2hlci0yMDY3MDA2,EHRD
VGVhY2hlci0yMzM3NTA1,CSE
VGVhY2hlci0yMTc3NzQ4,BICH
VGVhY2hlci0yMjI2NTEx,COMM
VGVhY2hlci0yODQxNzQ3,ECEN
VGVhY2hlci0yNTI5NTg2,PHLT
VGVhY2hlci0xNDg3OTM=,HIST
VGVhY2hlci0yMjE5NDM0,CSCE
VGVhY2hlci0xMTM2ODc2,HIST
VGVhY2hlci0yNDMzODg3,RDNG
VGVhY2hlci0yOTk4MDI5,MGMT
VGVhY2hlci0yNTUxNjA0,MASC
VGVhY2hlci0zMTUwOTU3,BIOL
VGVhY2hlci0yMDkyMDEw,BIMS
VGVhY2hlci03MjEwMDY=,ECONS
VGVhY2hlci0yMjQ4ODMw,VIBS
VGVhY2hlci0xODU4MjI0,MATH
VGVhY2hlci0yMjEzNjIy,PHIL
VGVhY2hlci0yMTI0MjAz,ASTRO
VGVhY2hlci0yMDM2NTk=,SHAKESPEARE
VGVhY2hlci0yMDE2MjEz,HORT
VGVhY2hlci0zMTQ3NTk1,COMM
VGVhY2hlci0yODIyNzY4,EDUCATION
VGVhY2hlci0yOTIyMjc1,MATH
VGVhY2hlci0yNTE1NzM5,AGLS
VGVhY2hlci0yNTk1OTEz,HISTORY
VGVhY2hlci0xODU3MzI1,ANTH
VGVhY2hlci0yNDY2MDU0,VTPP
VGVhY2hlci0yMjIxMjk5,GENE
VGVhY2hlci0zMTE3NzQx,MATH
VGVhY2hlci0yMjA2OTY2,GEOS
VGVhY2hlci0yMjE1ODk3,ECON
VGVhY2hlci0yMTk1NDk2,HIST
VGVhY2hlci0yMjIxNjg5,SPAN
VGVhY2hlci0yMDgyNDg5,MEEN
VGVhY2hlci0yMDEzMTU1,KINE
VGVhY2hlci0zMDQwMDAx,MATH
VGVhY2hlci0yNzUwNzkx,GERM
VGVhY2hlci0yMjA0NjE1,ENGR
VGVhY2hlci0yMDc0NDc3,MATH
VGVhY2hlci0zMTIxOTkz,CHEM
VGVhY2hlci0yNjM4ODkw,VTPB
VGVhY2hlci00MjE0ODU=,PHIL
VGVhY2hlci0yNjEyNjg2,INTS
VGVhY2hlci0xNDg3Nzc=,MATH
VGVhY2hlci0xMzE2ODQy,CHEM
VGVhY2hlci0yNDc3NTI0,VIST
VGVhY2hlci0yODE4NDM=,PHYS
VGVhY2hlci0zMTU0NjEz,ECEN
VGVhY2hlci0yOTUzOTA0,MATH
VGVhY2hlci0yMTI4Njkx,MEEN
VGVhY2hlci0yMTk4NzQw,VTTP
VGVhY2hlci0xODk2Njk0,COS
VGVhY2hlci0yMTk4NDk0,KINE
VGVhY2hlci0zMTE3NTIy,NUEN
VGVhY2hlci0zMDEyMzUx,SOCI
VGVhY2hlci0xODQzMjc5,ANTH
VGVhY2hlci0yOTgwMjc2,ARCHITECTURE
VGVhY2hlci0yMjgxMDk2,PSYCH
VGVhY2hlci0xMzc2MjI2,ECON
VGVhY2hlci0yMzI2Mzg1,INTS
VGVhY2hlci0yMjUxMzg4,RDING
VGVhY2hlci0yOTM0ODg1,CHEN
VGVhY2hlci0yMTg5MTQ0,OSGN
VGVhY2hlci0yMDY4OTE3,PSYCH
VGVhY2hlci0yMDUwOTYw,MATH
VGVhY2hlci0yMTgxNzAz,COMM
VGVhY2hlci0yMDg5ODc1,NUTR
VGVhY2hlci0yNjMwNzE4,CSCE
VGVhY2hlci0yMzYzNjgx,POLS
VGVhY2hlci0yNjAwODE4,CVEN
VGVhY2hlci0zMTMzNjM3,INTA
VGVhY2hlci0yMzA5OTI0,SPMT
VGVhY2hlci0yOTA0NjE1,CVEN
VGVhY2hlci0yMjI1OTMw,IDIS
VGVhY2hlci0zMDM2ODUx,ARTS
VGVhY2hlci0yMzMyMzgx,ISEN
VGVhY2hlci04ODIxMjM=,CSCE
VGVhY2hlci0zMDA5MTQ1,ECEN
VGVhY2hlci0yMTQyNDA2,ECCB
VGVhY2hlci02NTc4OTA=,AGEC
VGVhY2hlci0yODY4NTI5,AERO
VGVhY2hlci0yMDczMDc4,FSTC
VGVhY2hlci0yNzAwMTc1,ECONOMICS
VGVhY2hlci0xNzI4NTg3,PRT
VGVhY2hlci0zMTMwNTEy,PBSI
VGVhY2hlci0xNjA0MzI2,PSYC
VGVhY2hlci0yODQ3ODcz,FSTC
VGVhY2hlci0yMDc3MTI4,ESSM
VGVhY2hlci0zMDEzNzM4,RWFM
VGVhY2hlci0xNTAyOTk4,GEOL
VGVhY2hlci0zMTI0Mjkx,STAT
VGVhY2hlci0xMDk4NzMz,CJE
VGVhY2hlci0xOTUzMTQz,ENGL
VGVhY2hlci0yMjY4MzA3,BIO
VGVhY2hlci0yNTI1OTc5,MAEN
VGVhY2hlci0xNTk2NDEw,CSCE
VGVhY2hlci0zMDEwNzcw,MATH
VGVhY2hlci0yNjIwNjAx,MATH
VGVhY2hlci0yMDU5ODcz,SOC
VGVhY2hlci0yMjAxMTMw,HONR
VGVhY2hlci0yMzYwMzA1,PHIL
VGVhY2hlci0xNTAwMTM5,HISTORY
VGVhY2hlci0yNzI2Njc0,KINE
VGVhY2hlci0yMzM1MzI3,MEEN
VGVhY2hlci0yMTY1NTU3,CSCE
VGVhY2hlci0yNjI5NDMy,PBSI
VGVhY2hlci02Njc1OTM=,PHYS
VGVhY2hlci0yODUxMTE4,HLTH
VGVhY2hlci0zMDcwNjYy,THEA
VGVhY2hlci0yNTM4ODU4,FINC
VGVhY2hlci0yNzE5NzMx,STAT
VGVhY2hlci0yNzM2NTUz,AGEC
VGVhY2hlci0yMzA4MjM2,COMP
VGVhY2hlci0xMzAyNzk3,FINC
VGVhY2hlci0xODc4Nzc3,BUSN
VGVhY2hlci0xMjc5MzA1,HNRCOMM
VGVhY2hlci0yMzYyNjg3,FREN
VGVhY2hlci0yMzkyNjY3,MATH
VGVhY2hlci0yNDE5ODM4,STAT
VGVhY2hlci0yODAxMjg1,HORT
VGVhY2hlci0xODIzMTAy,KINE
VGVhY2hlci0zMTE0NDMy,ANTH
VGVhY2hlci0yMDEwMDc3,FREN
VGVhY2hlci0xODM0NTk0,AGLS
VGVhY2hlci0yMDQ4OTY2,CHEM
VGVhY2hlci0yMTM5NTAx,ALED
VGVhY2hlci0yNjQ2MzI4,ENGL
VGVhY2hlci02NjEwMzQ=,GEOGOFTEXAS
VGVhY2hlci0yMTU0MDgw,MGMT
VGVhY2hlci0yNzQ5NTE4,PHIL
VGVhY2hlci0yMzU5NjYw,AGEC
VGVhY2hlci04OTgwOTE=,LOGIC
VGVhY2hlci0yNjkxNDky,MGMT
VGVhY2hlci01NDcwMTg=,GEOG
VGVhY2hlci03MjI3NzE=,TEED
VGVhY2hlci0yNjk1NDMx,GEO
VGVhY2hlci0yMjEyNTQw,PSYC
VGVhY2hlci0yMjAxMTMw,PHLT
VGVhY2hlci0yNTMxMzQx,STAT
VGVhY2hlci02NzIzNzk=,MANAGEMENT
VGVhY2hlci0yMjczNjM5,CVEN
VGVhY2hlci0yOTQzMDQ5,COMMUNICATION
VGVhY2hlci0xNjM0OTEz,PSYCH
VGVhY2hlci0yNDE1NzQz,GEOS
VGVhY2hlci0xOTc3Nzg5,BESC
VGVhY2hlci03NDM4Mjk=,ANTH
VGVhY2hlci0xNTE5OTMy,ATMO
VGVhY2hlci0xOTc1Mzg1,OCNG
VGVhY2hlci0yMjQ3OTQ4,MEEN
VGVhY2hlci0yNTk3MTky,ISEN
VGVhY2hlci02OTQxMTc=,MATH
VGVhY2hlci0yMjMyODc1,ATMO
VGVhY2hlci0xOTM5MDI3,SPMT
VGVhY2hlci0yNDQzMzI5,MASC
VGVhY2hlci0xNTcxNjk1,BIOL
VGVhY2hlci0xMzM0OTUz,RPTS
VGVhY2hlci0yMzE2Njk0,CLAS
VGVhY2hlci0yMjExODAz,KINES
VGVhY2hlci0yMjIxNDAw,KINE
VGVhY2hlci0yOTk0NTI1,RDNG
VGVhY2hlci0zMDczNTg=,ECEN
VGVhY2hlci0yNjA4MDc3,ACCT
VGVhY2hlci0xNjAwNzYy,HISTORY
VGVhY2hlci02NjA2MjM=,HORT
VGVhY2hlci0yMDk3NTk3,MUSI
VGVhY2hlci0yMDA5NzA0,MATH
VGVhY2hlci0xMDkzMDEx,HISTORY
VGVhY2hlci0yMDcxMDMx,MATH
VGVhY2hlci0yMjk4Mzgx,SOCI
VGVhY2hlci0zMTM0NDUx,JOURNALISM
VGVhY2hlci0yNzQwMjc2,CSCE
VGVhY2hlci0xMDk4NzMz,FIVS
VGVhY2hlci0yMjgwNDE4,ASTRO
VGVhY2hlci0yMjU4NTEx,ACCT
VGVhY2hlci0xNTc0Nw==,ENGL
VGVhY2hlci0yNDAyNzI2,CHEM
VGVhY2hlci0yOTMzMzg3,COMMUNICATION
VGVhY2hlci0yMjU4NTk4,PETE
VGVhY2hlci0xNzQxNDg3,BIO
VGVhY2hlci0xODExMTAz,BIOL
VGVhY2hlci0zMDMzMzU4,HLTH
VGVhY2hlci0yMTgzMzEz,MEEN
VGVhY2hlci0yMTQ0NjA5,MATH
VGVhY2hlci0xNjU5MTEy,POLS
VGVhY2hlci0xMjkwOTY5,PHYS
VGVhY2hlci0yNDY2MzMz,ACCT
VGVhY2hlci0yNDAzNDQ0,STATS
VGVhY2hlci0yNTM0NTAw,PSY
VGVhY2hlci0xOTAzODA2,AERO
VGVhY2hlci0yNjk4Mzk3,AGEC
VGVhY2hlci0yNjk4Nzcx,PHYS
VGVhY2hlci0yMjQ4MDgw,WFSC
VGVhY2hlci0yNDM1NDk1,BIMS
VGVhY2hlci0xMzM4NzYx,ASTRONOMY
VGVhY2hlci0yMTk3MDU5,SOCI
VGVhY2hlci0yNDUxMzk=,HST
VGVhY2hlci0yOTk1OTYy,ACCT
VGVhY2hlci03MjU3MTc=,MEPS
VGVhY2hlci0yMzk4Njg1,STAT
VGVhY2hlci0xOTYzMTcz,ARTS
VGVhY2hlci0yMjU5OTAx,FINC
VGVhY2hlci0yMDk0MTI0,MATH
VGVhY2hlci0yNzMyODc3,AGEC
VGVhY2hlci0yOTQzMDQ5,COMM
VGVhY2hlci0yNzEwMzYy,PLAN
VGVhY2hlci0yOTUwNTU2,ENGR
VGVhY2hlci0yNzY2NzM2,MEEN
VGVhY2hlci00OTgyMTc=,HIST
VGVhY2hlci0yMTYzNDU1,ANTH
VGVhY2hlci0yMjE5OTMx,COMM
VGVhY2hlci03NDUxMzk=,CSCE
VGVhY2hlci0yOTA3Njg4,AGEC
VGVhY2hlci01OTk0OTM=,MUSC
VGVhY2hlci04NTQyOA==,BIOL
VGVhY2hlci0yMzg0NTEw,COMM
VGVhY2hlci02NDYxNDM=,CHEM
VGVhY2hlci0yMzAxNjk0,CSCE
VGVhY2hlci01NDEzODE=,MATH
VGVhY2hlci0yMDg3OTE0,ANTH
VGVhY2hlci0yODUyNTcy,BUSN
VGVhY2hlci0yMTg1MjY2,ENGL
VGVhY2hlci0yNDE2Nzc3,BMEN
VGVhY2hlci0xOTk3NDEz,ENGR
VGVhY2hlci0yNDc4NTYy,HLTH
VGVhY2hlci0yMzY2OTEw,BIO
VGVhY2hlci0xNzIwODY2,STAT
VGVhY2hlci0xOTMwMzY2,MATH
VGVhY2hlci0yNTE3MDYy,HBIOL
VGVhY2hlci0yNTQwOTMz,ESSM
VGVhY2hlci0zMDM3NzQy,MATH
VGVhY2hlci0yMTY2NzYw,HISTORY
VGVhY2hlci0yNTg4NzU1,CHEM
VGVhY2hlci0yMzQ2ODIz,MGMT
VGVhY2hlci0yNjMzNzcy,COM
VGVhY2hlci0yMjE5Njk0,CSCE
VGVhY2hlci0yNTMzMTc0,INST
VGVhY2hlci0yNDEzMTM1,BIO
VGVhY2hlci0yMjAxNDc3,HIST
VGVhY2hlci0yNDI5OTk5,EHRD
VGVhY2hlci0yNzcxNDc5,MATH
VGVhY2hlci0yOTk3NTM5,AGEC
VGVhY2hlci0yNDUwMTUz,PHIL
VGVhY2hlci0xMTI4MjE3,NA
VGVhY2hlci0xMDM0MjYz,EURO
VGVhY2hlci0zMDkzMTg4,SOCI
VGVhY2hlci0xMzc1NDk2,PBSI
VGVhY2hlci0yMzg4NzA0,MEEN
VGVhY2hlci0yNDIxMzEz,HIST
VGVhY2hlci0yMzYwNzMx,RDNG
VGVhY2hlci0zMDQ2NzU2,PLAN
VGVhY2hlci0yNDUxMTUz,MEEN
VGVhY2hlci0yNDIwMTEw,KINE
VGVhY2hlci0xOTk3MTM4,COM
VGVhY2hlci0yNTg3MDUz,ENGL
VGVhY2hlci0xNzE1MjE2,PYSCH
VGVhY2hlci0yOTcxMTky,AGLS
VGVhY2hlci0yODc2Nzcw,ENGL
VGVhY2hlci0yMjQxNzgy,ACC
VGVhY2hlci0yODQyNTI0,MATH
VGVhY2hlci03Mjg3MjM=,PSYCH
VGVhY2hlci0xNzExMjc2,NATSCPHIL
VGVhY2hlci0yNTM0ODYy,CVEN
VGVhY2hlci0xNjMwMzEx,ESSM
VGVhY2hlci0yOTY0MTU3,MSEN
VGVhY2hlci0xNTI0OTgw,POLS
VGVhY2hlci0zMDQ4MTk2,STAT
VGVhY2hlci0yNDY3MDQw,RDNG
VGVhY2hlci0yOTUwNTA3,SPMT
VGVhY2hlci0yMjUzODE4,CSCE
VGVhY2hlci0yMDcyODE2,HIST
VGVhY2hlci0yNDA0OTIz,MATH
VGVhY2hlci0yOTkwMTAz,CHEM
VGVhY2hlci0yMTk4NTE3,ANSC
VGVhY2hlci0yMjMyNTE4,ACCT
VGVhY2hlci0yNDE4NDQz,VIBS
VGVhY2hlci0xMzI5Nzk=,WORLDLIT
VGVhY2hlci0yNTY0Njc0,INST
VGVhY2hlci0yNzU3MjA0,MASC
VGVhY2hlci0yMjg4NDQw,ENGR
VGVhY2hlci0xMTQ0MDcz,BIOL
VGVhY2hlci01MjI0MzI=,CHEMISTRY
VGVhY2hlci0yNDI5NDcx,HIST
VGVhY2hlci0yNDQyNzUx,SPAN
VGVhY2hlci0yNTAzNDI4,HM
VGVhY2hlci04OTgwOTE=,PHIL
VGVhY2hlci0yNTc2Nzg0,ANTH
VGVhY2hlci0yNDk3Njc4,STAT
VGVhY2hlci0yNTkxMDUy,PBSI
VGVhY2hlci0yNTI3MzYy,ISEN
VGVhY2hlci0yMjk1NzIw,ALED
VGVhY2hlci0xNjQzODQ0,GEOL
VGVhY2hlci0yNTg2MTc1,PSYC
VGVhY2hlci0yODk5NDQz,BUSINESS
VGVhY2hlci0yNzA4MzQ5,MATH
VGVhY2hlci0yMTMwMjk2,CSCE
VGVhY2hlci0yNTg2MjQy,COMM
VGVhY2hlci0yMzMzNTYw,POLS
VGVhY2hlci0xOTYyMzg2,SOCIOLOGY
VGVhY2hlci0yMDQ1Nzky,GEOG
VGVhY2hlci0xNTgzMjk1,ENGL
VGVhY2hlci0yNjM3Mzkz,PETE
VGVhY2hlci0yMzY2NzY2,GEOG
VGVhY2hlci0xMTkyMzMy,MMET
VGVhY2hlci0yMTE5NTQw,PHYS
VGVhY2hlci0xNjg3NzUx,AFST
VGVhY2hlci0yODM0NTQx,MASC
VGVhY2hlci0xOTQ0Mzkz,AGEC
VGVhY2hlci0xMzUyNjEx,ACCT
VGVhY2hlci0xODk3NTcw,MEEN
VGVhY2hlci0yNDI0NzI5,BMEN
VGVhY2hlci02OTEzMDk=,MUSIC
VGVhY2hlci0yNTUwNzY2,JOUR
VGVhY2hlci0yNDM1NzI1,BIOL
VGVhY2hlci0yMzI5Nzkw,CARC
VGVhY2hlci0yNDg5MTQz,MATH
VGVhY2hlci0yODc0NDcz,ECON
VGVhY2hlci0yMTUyMDMy,OCNG
VGVhY2hlci0yMjE3ODU3,SPAN
VGVhY2hlci0yNTM1MTI0,MSEN
VGVhY2hlci0yNDAzNzk2,MKTG
VGVhY2hlci0yODQwNjY4,MEEN
VGVhY2hlci0zMDQzNDMy,HISTORY
VGVhY2hlci0zMDQ5NDk4,ENGR
VGVhY2hlci0xNDk2NDcx,PSYCHOLOGY
VGVhY2hlci0yODExMDEy,CLEN
VGVhY2hlci0xOTYwNzA4,MUSC
VGVhY2hlci0xMjE0NTc4,ECON
VGVhY2hlci01NDcyMjM=,HISTORY
VGVhY2hlci0yMDg0NzQw,ARTS
VGVhY2hlci0yNjYwNjYy,BIOL
VGVhY2hlci02NTA0Mjg=,CVEN
VGVhY2hlci0zMDQyMjk0,ECONOMICS
VGVhY2hlci0yMTk0Mzkw,AGEC
VGVhY2hlci0yNzM5MTA0,PHLT
VGVhY2hlci0yMDc2NTIy,SOCI
VGVhY2hlci0xMjgxMzEw,GEOG
VGVhY2hlci04NTE0OTc=,HIST
VGVhY2hlci03NDY4NTQ=,PSYC
VGVhY2hlci0zMDQ3NDQ4,SOCI
VGVhY2hlci0xODgwNDA2,PSYCHOLOGY
VGVhY2hlci0yMzQzMzE0,PSYCH
VGVhY2hlci0xOTU0NDcy,MATH
VGVhY2hlci0yMTk1MTgw,CHEN
VGVhY2hlci0xMDE0NTk4,MAT
VGVhY2hlci0yMzI2Nzgy,SOCI
VGVhY2hlci0xOTIxNzQw,ECON
VGVhY2hlci0yNjI5Nzcx,GEOL
VGVhY2hlci0yNjc3MDM2,CSCE
VGVhY2hlci0yNzIxNTY0,STATISTICS
VGVhY2hlci0zMDQ3NDI3,URPN
VGVhY2hlci0yMTk3ODAz,PERF
VGVhY2hlci0yMzY4MDg1,CSCE
VGVhY2hlci0yNTc1NDY2,ECON
VGVhY2hlci0yODkwMzkz,EHRD
VGVhY2hlci0xMzk4NDA1,MATH
VGVhY2hlci0yMjI2NjE0,TEFB
VGVhY2hlci0yMDIxMTM5,OCNG
VGVhY2hlci0yNTEzNTYz,AERO
VGVhY2hlci0yMzczMjky,AGEC
VGVhY2hlci0yNTQ2NTQx,ENGR
VGVhY2hlci0yODkwMzgw,PHLT
VGVhY2hlci0xOTc2MjIx,HLTH
VGVhY2hlci0yMjcxNDQ4,ENG
VGVhY2hlci0xNzE2Nzg0,MATH
VGVhY2hlci0yMTk4NzE3,APME
VGVhY2hlci0xOTc4MzAy,POLS
VGVhY2hlci0yNDI0Mzcy,NVSC
VGVhY2hlci05OTI5MDc=,HIST
VGVhY2hlci0xODY5MjU2,KINS
VGVhY2hlci0yNDQwNzk3,BIOL
VGVhY2hlci0xNTM3NDky,ARCH
VGVhY2hlci0yNzU4NDYy,MATH
VGVhY2hlci0xOTYzMjM2,ANTHROPOLOGY
VGVhY2hlci0xMTI3Nzc4,MGMT
VGVhY2hlci0xNzA3OTk4,ART
VGVhY2hlci0yNjE2ODU2,AERO
VGVhY2hlci0zMDg5MTEx,EDUCATION
VGVhY2hlci0yNzEwMzYy,URPN
VGVhY2hlci0yNjQ2NDk5,COMM
VGVhY2hlci0yMzg2MDIz,AGEC
VGVhY2hlci0yNzU5Mjc1,AERO
VGVhY2hlci0zMDU2Njgx,MUSC
VGVhY2hlci0xOTMwMzY2,MAYH
VGVhY2hlci0xOTYyMzM0,GEOGRAPHY
VGVhY2hlci0xOTQ3Nzk2,THFM
VGVhY2hlci03Mjc1NjE=,CSCE
VGVhY2hlci0yNzc2MjE1,SCSC
VGVhY2hlci0yMzE1MjIw,GEOL
VGVhY2hlci0yNDU1MDk1,PHYS
VGVhY2hlci0yMjQ4NTg5,CHEM
VGVhY2hlci0yNjY4NTg5,MKTG
VGVhY2hlci0xMzUzNTE5,STAT
VGVhY2hlci02NjYyNTE=,MATHEMATICS
VGVhY2hlci04Nzc5OTk=,MATH
VGVhY2hlci0yNjkzMzkz,CHEN
VGVhY2hlci0yNjk2MDA2,SOCI
VGVhY2hlci0xNzA3OTk4,ARCHITECTURE
VGVhY2hlci0yMTY1NjE1,HNRENGR
VGVhY2hlci0yNDQ0NDIz,BIOL
VGVhY2hlci0xMjM2OTMy,PSYC
VGVhY2hlci04Mzg5ODU=,SOC
VGVhY2hlci0yOTQ5NDY2,VIBS
VGVhY2hlci0yMDc0MjI5,RDNG
VGVhY2hlci0yODQ5NzU0,FINC
VGVhY2hlci0xNDg3OTM=,HISTORY
VGVhY2hlci0xOTMwNTkw,CHEM
VGVhY2hlci0zMTI3NDM5,ECON
VGVhY2hlci05NjY2ODQ=,EPSY
VGVhY2hlci0yNTg3MTgx,INST
VGVhY2hlci0xODA1NTQy,BIO
VGVhY2hlci0yODgyODY3,GEOLOGY
VGVhY2hlci0zMDUxOTEx,SPMT
VGVhY2hlci0yNjkwOTc3,STAT
VGVhY2hlci0yMDM1NzE5,ANTH
VGVhY2hlci0yMzc1NTcz,ENGINEERING
VGVhY2hlci0xMzI0Nzg5,HIST
VGVhY2hlci0yNDQwODA1,MST
VGVhY2hlci0zMDg3NTIw,DCED
VGVhY2hlci0yMTMzMzg0,MATH
VGVhY2hlci0yMzA2Njcx,ESSM
VGVhY2hlci0yNjMyMDE5,GEOG
VGVhY2hlci0zMDQ2NzU2,URPN
VGVhY2hlci00OTgwODA=,ENTO
VGVhY2hlci02NjEwMzQ=,GEOOFTX
VGVhY2hlci0xOTQwODAx,ENR
VGVhY2hlci0yNDcwOTk5,ISEN
VGVhY2hlci0yOTI2NTk3,KINE
VGVhY2hlci0yMjIyNDI=,ANTHROPOLOGY
VGVhY2hlci0xNTMwNzQ0,ENGL
VGVhY2hlci0yNDkxNDA3,MGMT
VGVhY2hlci0zMDUyMTcx,OCNG
VGVhY2hlci0yMjEyNTYx,TECH
VGVhY2hlci0yNDE1MjY4,VIST
VGVhY2hlci0yMjg3NzAz,GEOG
VGVhY2hlci0yNzYyMTkw,BMEN
VGVhY2hlci0zMDE4MjU3,MATHEMATICS
VGVhY2hlci0xNjc3NjY2,ARAB
VGVhY2hlci0xODI1ODE1,MUSC
VGVhY2hlci0yMjEyNTA5,GEO
VGVhY2hlci0xMjQ5ODMy,HLTH
VGVhY2hlci0xODk2MTc5,AGEC
VGVhY2hlci0yMDYzNTI0,ISTM
VGVhY2hlci0xODcyOTUy,HLTH
VGVhY2hlci0yMjA0MjYy,KINE
VGVhY2hlci0yMDI0NDUy,LMAS
VGVhY2hlci0xNjYwNDI4,ATMO
VGVhY2hlci0yMTMzNDkz,ISEN
VGVhY2hlci0xODY0ODky,SOCI
VGVhY2hlci0xOTQ3Nzkz,PHYSICS
VGVhY2hlci03MjgyMzY=,ENTO
VGVhY2hlci0yODk5OTcy,BMEN
VGVhY2hlci0yNTQyNTcy,MASC
VGVhY2hlci0yNDIwMjQx,COMM
VGVhY2hlci0yMDM2NTk=,INTS
VGVhY2hlci0yMzU5NjYy,AGEC
VGVhY2hlci0yMDA1Njg5,STLC
VGVhY2hlci0yOTMwOTYz,ISEN
VGVhY2hlci0xOTQxMTQ4,OCNG
VGVhY2hlci0yMzM2MjEy,ECEN
VGVhY2hlci0yMzAzMDY3,MATH
VGVhY2hlci0yMzE5NTI1,PHLT
VGVhY2hlci0yMzY4Nzkx,EDCI
VGVhY2hlci0zMDg5NTk0,VTPB
VGVhY2hlci0zMDcyOTEx,PSYCHOLOGY
VGVhY2hlci0yMTg3MTc2,HCI
VGVhY2hlci0yMzg5MjE0,PHYS
VGVhY2hlci0xNTI0MzUz,HISTORY
VGVhY2hlci05NzM0MDc=,ECEN
VGVhY2hlci0xNjczMTI4,PHYS
VGVhY2hlci0yNjQ0Nzcz,GERM
VGVhY2hlci0xNTE5OTMy,GEOL
VGVhY2hlci0yNzUzNDU5,SENG
VGVhY2hlci0yMDE4MzA3,POLS
VGVhY2hlci0yOTg1MTI2,INST
VGVhY2hlci0yMjIzMzEw,CHEN
VGVhY2hlci04ODk0NjY=,SOCI
VGVhY2hlci0yNDU3NzU5,ART
VGVhY2hlci0yNTc2Nzg0,PERF
VGVhY2hlci0zMTQ4MzMy,PLPA
VGVhY2hlci0yMjcxNDQ4,ENGL
VGVhY2hlci0yMjIwOTg4,ECEN
VGVhY2hlci0xODU4NTIw,LBAR
VGVhY2hlci0yNzUwMzcz,A
VGVhY2hlci0yNDgzMzc0,MATH
VGVhY2hlci0yNDc4Mzgw,MAT
VGVhY2hlci0yNTQ2MTY5,PSYC
VGVhY2hlci0zMDQ2NDQx,ASIA
VGVhY2hlci0yOTEzNjQ2,LAND
VGVhY2hlci0xNzQwMTgz,CLASSICS
VGVhY2hlci0yMjE4NDA3,MATH
VGVhY2hlci01MjczODY=,POLS
VGVhY2hlci0yOTUxNjcz,BIOL
VGVhY2hlci0yNDc0OTQy,MSEN
VGVhY2hlci0xOTk1NjA5,HISP
VGVhY2hlci0yMjE3ODQ3,ENGL
VGVhY2hlci0yMDAxMzU3,PSYC
VGVhY2hlci0xOTYwNDE5,SOCI
VGVhY2hlci0yODQ3MjQx,ANTH
VGVhY2hlci0xOTY3NTUw,ENGL
VGVhY2hlci0yMDU2OTIy,IBUS
VGVhY2hlci03MzYzNTU=,SCEN
VGVhY2hlci0yMzU2Mjg5,ACCT
VGVhY2hlci0yMjQ2NDY0,ECEN
VGVhY2hlci0yOTk4NDky,CSCE
VGVhY2hlci0yMDM0Mjg2,ARTS
VGVhY2hlci0yNTQ4ODg0,ISTM
VGVhY2hlci0yMDE2MDM3,ARTS
VGVhY2hlci0yMTQxMzIz,MEEN
VGVhY2hlci05NzY0ODU=,ECON
VGVhY2hlci0yNTI5MTg5,GEOS
VGVhY2hlci0xOTcyNzE1,ATMO
VGVhY2hlci0yMDgxMTI2,COMM
VGVhY2hlci0xNzg2MDk5,CVEN
VGVhY2hlci0xODEwOTc3,MUSC
VGVhY2hlci0yNzI2NDg3,HLTH
VGVhY2hlci0yMTU3OTc2,GEOL
VGVhY2hlci0yMjgzOTkx,INST
VGVhY2hlci0yNTM3NTgw,MASC
VGVhY2hlci02NjU0NzA=,SOCI
VGVhY2hlci0yMjU0Nzk2,ENTO
VGVhY2hlci0yNTUzMDY2,KINE
VGVhY2hlci0yNjQ0Nzcw,SPAN
VGVhY2hlci0xODc1MDk1,PSAA
VGVhY2hlci0xNzY3NzY0,VTPB
VGVhY2hlci0yMzY2MjU2,PHYS
VGVhY2hlci0xMDc3NjQz,CSCE
VGVhY2hlci0yNTI5MzY3,ATR
VGVhY2hlci0yODg1Nzgw,ECCB
VGVhY2hlci0yNDY1MjM0,ACCT
VGVhY2hlci0xNjkxMTg1,RDNG
VGVhY2hlci0yMjQ3ODE1,PSYC
VGVhY2hlci0yNDE4MzYx,AERO
VGVhY2hlci04MDEyOTg=,WHISKEY
VGVhY2hlci0yNTk3MjUy,URPN
VGVhY2hlci0xNjU2OTgw,CVEN
VGVhY2hlci0xOTEwNzQ3,ENGL
VGVhY2hlci0yMTA2MTgz,BICH
VGVhY2hlci0yNzcyMzAy,ECON
VGVhY2hlci0yMzU0MDg2,ECEN
VGVhY2hlci0yNjQxNTIy,SOCIO
VGVhY2hlci0yOTUyMzA4,COMM
VGVhY2hlci0yNjgzMDY4,BIMS
VGVhY2hlci0xMDY5MjQ2,ENGL
VGVhY2hlci0xMjE3MzI5,PSYC
VGVhY2hlci0xNzY5Mzg2,ENTO
VGVhY2hlci0xOTQ4NDEz,ENG
VGVhY2hlci0yMzE5NTI1,HLTH
VGVhY2hlci0yMDY5MDQ1,INST
VGVhY2hlci0yMTMwODU1,HIST
VGVhY2hlci0yOTUxMzI3,PHIL
VGVhY2hlci0yMzcwODM3,WFSC
VGVhY2hlci0yMDk5OTEw,INTS
VGVhY2hlci0yNTEwNzIz,ENGR
VGVhY2hlci0yNTA4MDU4,WFSC
VGVhY2hlci0yMjIxMDcy,WGST
VGVhY2hlci0yNDk0MDcx,ENGL
VGVhY2hlci0yMDEyNTA3,SOCIOLOGY
VGVhY2hlci0yNjgwNjU4,CHEM
VGVhY2hlci0yNTMzMjAw,MATH
VGVhY2hlci0yODQwODY4,ACCT
VGVhY2hlci0yNTU0MTg4,STAT
VGVhY2hlci0xOTQzODM2,HIST
VGVhY2hlci0yNTAzMTA3,MGMT
VGVhY2hlci0yMjQ2Mjg0,COMM
VGVhY2hlci0xNTYyMjI3,MATHECON
VGVhY2hlci0yMTU3NTY2,RPTS
VGVhY2hlci0xNzcyMTMz,ENGL
VGVhY2hlci0yNTk0MzQ4,SOCI
VGVhY2hlci0yMTE1NDg2,ENGR
VGVhY2hlci05OTUyNDM=,EHRD
VGVhY2hlci0yNzg3MzYz,ARCH
VGVhY2hlci0xOTQ3Njgy,ECEN
VGVhY2hlci0yNzgyNTgx,VIBS
VGVhY2hlci0yODY0MzQz,PERF
VGVhY2hlci0xOTg2OTEx,MUSC
VGVhY2hlci0xMzM3NjE2,AGRO
VGVhY2hlci0yOTU0NDk1,ARTS
VGVhY2hlci0xMDAyOTk3,ELIO
VGVhY2hlci0yNDMyNDc5,EDCI
VGVhY2hlci0yOTQ2MzU2,CVEN
VGVhY2hlci0yNjQ0MjYy,MATH
VGVhY2hlci0xMzk4Nzcw,PETE
VGVhY2hlci0yOTI1NDU1,BIOL
VGVhY2hlci0xNTc1OTk1,IDIS
VGVhY2hlci0xMTQxOTk2,PSYCH
VGVhY2hlci0xODk4NTcz,INST
VGVhY2hlci0yMTQzODk1,COMM
VGVhY2hlci0yMjU5NjYy,AGLS
VGVhY2hlci0yMTQxMTY2,ECON
VGVhY2hlci0zMTQ1MjQy,CVEN
VGVhY2hlci0xNjg3NzUx,ENGL
VGVhY2hlci0yOTkxMjAy,CHEM
VGVhY2hlci0yNjE3NTUx,PYSC
VGVhY2hlci02NDkzMDk=,CHEM
VGVhY2hlci0yNjY1MzQ1,KINE
VGVhY2hlci0yMjgxMDk2,PSYC
VGVhY2hlci0yMzAzODA3,ANTH
VGVhY2hlci0yMjUxNTE0,COMM
VGVhY2hlci0yMTg0Mjcy,ASTR
VGVhY2hlci0xOTAyOTkx,KINE
VGVhY2hlci0xNDc3NzYz,CHEMISTRY
VGVhY2hlci0yMjc5MDUy,PHIL
VGVhY2hlci0yMzU5Mzc3,SPAN
VGVhY2hlci0xOTk5MDc2,ECON
VGVhY2hlci0yOTA4MDEy,OCEN
VGVhY2hlci0xMTQ5NzYw,HIST
VGVhY2hlci0xOTc1Mzg2,SOCIOLOGY
VGVhY2hlci0xMjAwNjUy,COMM
VGVhY2hlci0yMTkzNzMy,COMM
VGVhY2hlci0xODIzMTAz,PHYSICS
VGVhY2hlci04OTgwODg=,PHIL
VGVhY2hlci0xNzQ5NzIy,CHEM
VGVhY2hlci0yMDA0ODc0,ENGLISH
VGVhY2hlci0zMDIxNDQ0,PHIL
VGVhY2hlci0zMDg0OTkx,CVEN
VGVhY2hlci0yMjMxMTc2,FYOS
VGVhY2hlci0yODE1NzYz,MGMT
VGVhY2hlci0xOTQyNzU4,MATHEMATICS
VGVhY2hlci0yNzg5NTAy,MEEN
VGVhY2hlci0yMDM4NjAz,PHIL
VGVhY2hlci03Mjc1NTQ=,AFST
VGVhY2hlci0yNDc1MDI5,HISP
VGVhY2hlci0xOTU5NjA3,GEOGRAPHY
VGVhY2hlci0yNzQxODUx,PHYS
VGVhY2hlci0yMzA3MjY1,MATH
VGVhY2hlci0yOTk3Nzgy,MEEN
VGVhY2hlci0yNDAwODcw,ISEN
VGVhY2hlci0yMzgzNjgy,ENGR
VGVhY2hlci0yMTk2MTMx,STAT
VGVhY2hlci0zMDQzMDg1,MATH
VGVhY2hlci0xOTA1NzY1,GEOP
VGVhY2hlci0yNzcyMTE3,CVEN
VGVhY2hlci0yNDQ1ODQ2,CHEM
VGVhY2hlci0zMDk4NDMw,FIVS
VGVhY2hlci0yMzA5MTUx,WFSC
VGVhY2hlci0xNDA4MDky,EPSY
VGVhY2hlci0xMzY4NTU2,ACCT
VGVhY2hlci0yOTgwODUz,BICH
VGVhY2hlci0xOTUzODAw,ANTH
VGVhY2hlci0yMjA0Mzkz,TEFB
VGVhY2hlci0yMjU1MjQ3,AFST
VGVhY2hlci0yMDcyNDcw,OCNG
VGVhY2hlci04MDEyOTg=,CHEM
VGVhY2hlci0yNTQ3MjMz,MATH
VGVhY2hlci0xNDA2NjMw,SEVERAL
VGVhY2hlci0yMTkwMDc3,WFSC
VGVhY2hlci0xMDgxMTU5,SOCIO
VGVhY2hlci0yNTM4NDAy,ANTH
VGVhY2hlci0yMzA3NjU3,ENGL
VGVhY2hlci0yOTU1MzM5,ENGINEERING
VGVhY2hlci0xOTYzMDU3,HONORSAGEC
VGVhY2hlci03NDE2NTk=,ECEN
VGVhY2hlci0xOTI4MzI3,MATH
VGVhY2hlci0yNTQxMjY0,NFSC
VGVhY2hlci0yOTA2MDAy,CVEN
VGVhY2hlci0zMDk4NjUy,CSCE
VGVhY2hlci0yMzYwODI2,HLTH
VGVhY2hlci0yNDg0Mjg3,SOCI
VGVhY2hlci03NTMyOTg=,MATHEMATICS
VGVhY2hlci0xNDM0ODU3,BIO
VGVhY2hlci0xOTUxODkx,CHEMISTRY
VGVhY2hlci0xODY3OTE0,EDCI
VGVhY2hlci04Mjky,CHEMISTRY
VGVhY2hlci0yMzI1NDg3,MGMT
VGVhY2hlci0yMjcwODc0,CVEN
VGVhY2hlci0yOTUzNjA0,IDIS
VGVhY2hlci00ODk1MzI=,ENG
VGVhY2hlci0yNDY3MDQw,EDCI
VGVhY2hlci0yOTU0MzY2,MMET
VGVhY2hlci0xMDA2MzE3,GEOS
VGVhY2hlci0xODk4NTc5,HORT
VGVhY2hlci0yMzA3NTE2,PSYC
VGVhY2hlci0yNTc5Nzg4,PHIL
VGVhY2hlci01NDI5NDQ=,CHEMISTRY
VGVhY2hlci0yODQyOTQ5,BIOLOGY
VGVhY2hlci0yMzcyNjc2,GENE
VGVhY2hlci0yMjcwMjY2,ENGL
VGVhY2hlci0yMTMwMTI0,RDNG
VGVhY2hlci0yMjU5NzY3,ISE
VGVhY2hlci0yNDc0NTA0,OCNG
VGVhY2hlci0zMDA2NDg1,MKTG
VGVhY2hlci0yNTQwNDE5,MATH
VGVhY2hlci0yNTE2NjE1,MATH
VGVhY2hlci0yMDYzNTI0,ISYS
VGVhY2hlci0yNTE5NjYw,MMET
VGVhY2hlci0yNDU0MTcz,CVEN
VGVhY2hlci0yOTI4Mjkz,ECEN
VGVhY2hlci0yODU3MTA2,BIO
VGVhY2hlci0xNjM0OTEz,PSYC
VGVhY2hlci02NjEwMzQ=,GEOG
VGVhY2hlci0yMTM5MTkz,PERF
VGVhY2hlci0yMDkyNTEw,JAPN
VGVhY2hlci0xODc4Nzc3,BUS
VGVhY2hlci0yMzAwMjYy,POLISCI
VGVhY2hlci0yMjMxMDM4,NRSC
VGVhY2hlci0yMzE4NTE1,ECON
VGVhY2hlci03MTQ2OTE=,GEOLGY
VGVhY2hlci0yMjg1NDQ4,PLPA
VGVhY2hlci0yNTQ3MDM3,CSCE
VGVhY2hlci0yMTQyMDcx,ENDS
VGVhY2hlci0yNDUzMDMw,HLTH
VGVhY2hlci0yMjgwMzY1,ENG
VGVhY2hlci0yNDcxNTI5,BAEN
VGVhY2hlci0xNzU5OTky,HISTVRIE
VGVhY2hlci0yMTc5ODIx,GEOP
VGVhY2hlci04NTQyOA==,SCIENCE
VGVhY2hlci0xOTUxOTIw,MATHEMATICS
VGVhY2hlci01ODI5OA==,MATH
VGVhY2hlci05NjI2Njk=,HORT
VGVhY2hlci0yMDkzMjY0,CHEM
VGVhY2hlci0yNjkwNzAz,CSCE
VGVhY2hlci0yNTgzNjI0,KINE
VGVhY2hlci0yMjAzNTMz,CSCE
VGVhY2hlci0yMTAzOTM3,MATH
VGVhY2hlci0yMTc3MjM2,PSYC
VGVhY2hlci0yNjk0MDk5,EHRD
VGVhY2hlci0yNzM4ODk1,HLTH
VGVhY2hlci0yNTgzMDY3,MSEN
VGVhY2hlci0yNDc5NzU1,MATH
VGVhY2hlci0yNTg2MTk4,AFST
VGVhY2hlci0yMjI2OTcy,SPMT
VGVhY2hlci0yMDY4MzQ1,STLC
VGVhY2hlci0yMTkyNDk2,STAT
VGVhY2hlci0yMjkyNTEz,CMPE
VGVhY2hlci0yMDMzMjA4,IBUS
VGVhY2hlci0yODY2NzE5,MSEN
VGVhY2hlci0yMjIxNzc4,MSE
VGVhY2hlci0yOTY0MDA4,IDIS
VGVhY2hlci0yMjg1MjAw,ATMO
VGVhY2hlci01MTYzODg=,MA
VGVhY2hlci02ODMxMTk=,AGRICULTURE
VGVhY2hlci0yNzU2MTkw,CLEN
VGVhY2hlci0yNTg0MzEx,KINE
VGVhY2hlci0zMDA1ODU0,CHEN
VGVhY2hlci0yNjU2ODcy,CVEN
VGVhY2hlci0xOTU3OTk4,PSYC
VGVhY2hlci0zMTA3MDI3,ANTH
VGVhY2hlci0yMzYwNjUz,BIOL
VGVhY2hlci02OTEzMDk=,MUSC
VGVhY2hlci0xNzE0NDUw,POLS
VGVhY2hlci0yMzQ4Njg1,BIOL
VGVhY2hlci0xNzI5OTA4,THAR
VGVhY2hlci0yNzMwMTQ1,BIO
VGVhY2hlci0yOTUzMDQ2,MEEN
VGVhY2hlci0yMTI1OTQ3,ISTM
VGVhY2hlci0yNzM1NjM5,ANSC
VGVhY2hlci0yNDQzMzIw,INST
VGVhY2hlci02NDMyMzQ=,CHEN
VGVhY2hlci01NTEwMDg=,CIS
VGVhY2hlci0yODc0NzEx,GEOG
VGVhY2hlci0yNDExMzYy,CSCE
VGVhY2hlci0yODc2NzY2,PHLT
VGVhY2hlci0xNjExNjk0,MUSC
VGVhY2hlci0yOTU2Njk1,MATH
VGVhY2hlci0xNjU1OTc5,ECON
VGVhY2hlci0zMDc2MjEx,KINE
VGVhY2hlci0yNjY0MTQw,CHEN
VGVhY2hlci0yMzA5MTI3,VTPP
VGVhY2hlci0yNzQ3MjIz,MATH
VGVhY2hlci0yODE1MDE1,ATMO
VGVhY2hlci01MTM3Mjk=,GEOL
VGVhY2hlci0yMzA0MzEw,RDNG
VGVhY2hlci0zMDUwMDM1,ENGINEERING
VGVhY2hlci0xNzIxMTE3,COMM
VGVhY2hlci0yNzU4MDMx,GEOG
VGVhY2hlci0yMTI1NjYz,ENGR
VGVhY2hlci0yMTAyOTcx,GEO
VGVhY2hlci0yMzMxNDUy,POLS
VGVhY2hlci02ODI4Nzk=,GOVT
VGVhY2hlci0xMzk3NDc3,KINE
VGVhY2hlci0xOTQ5MDY0,ANTH
VGVhY2hlci0xNzUxNjAw,PSYCHOLOGY
VGVhY2hlci0yNjQxOTAz,VTPB
VGVhY2hlci0yODU0MTMx,FINC
VGVhY2hlci0xOTc1NzQ4,RELS
VGVhY2hlci0zMDg5NTQ0,BUSH
VGVhY2hlci0zMDM2NjYw,MSEN
VGVhY2hlci0zMDgyNzc3,CVEN
VGVhY2hlci0yOTE3NjMz,VIBS
VGVhY2hlci0yODU4NzY0,PHYS
VGVhY2hlci0yMDE0Mjg1,GEOL
VGVhY2hlci0yMjgwMzY1,NUEN
VGVhY2hlci0xNzE4MTc3,VMI
VGVhY2hlci0yODYwNzMz,OCNG
VGVhY2hlci0yNzM3Mzc1,EDCI
VGVhY2hlci04MTEzNjQ=,MATHEMATICS
VGVhY2hlci0yNDQ1NTQ1,TCMT
VGVhY2hlci0yNDg2OTcx,ISEN
VGVhY2hlci0yNzMzMDE2,PSYC
VGVhY2hlci0zMTQzMTUx,PSAA
VGVhY2hlci0zMDM2MTUw,FINP
VGVhY2hlci00ODk1MzI=,ENGL
VGVhY2hlci0yMTQwNTMw,CVEN
VGVhY2hlci0xODg3NTc0,ATMO
VGVhY2hlci0yNzEwMzY1,ARCH
VGVhY2hlci0yNTEzMjE3,MATH
VGVhY2hlci0yOTc0MjMz,MEEN
VGVhY2hlci0xNzExNTg1,GEOG
VGVhY2hlci0yMjk1MDg1,RDNG
VGVhY2hlci0yMjk4Mzgx,SOC
VGVhY2hlci03Mjg3MjM=,PSYC
VGVhY2hlci0yOTMzMjQ2,MATH
VGVhY2hlci0yMDEyMTU2,MATH
VGVhY2hlci0yMjI2NjIz,ESET
VGVhY2hlci0yMTc5NTQ0,ENG
VGVhY2hlci0yNDI0NzA2,ANTH
VGVhY2hlci0yOTc3MDY1,RELS
VGVhY2hlci0yMzI3OTM5,ECEN
VGVhY2hlci0yNjA3Mjk1,INST
VGVhY2hlci0yOTYwMzM5,MATH
VGVhY2hlci0yMjQ0OTY0,MSEN
VGVhY2hlci0xOTYyMzcz,ANTH
VGVhY2hlci0yMDkxOTI1,PHLT
VGVhY2hlci03MjQ1MjI=,COMMUNICATION
VGVhY2hlci0yNTYwNzQ1,STATS
VGVhY2hlci0yODE4NDM=,PHYSICS
VGVhY2hlci0yNzk2NzM5,BAEN
VGVhY2hlci04OTM1MzA=,ENGL
VGVhY2hlci0yMDAyODY2,ALED
VGVhY2hlci0yNTY1Mzc2,ECON
VGVhY2hlci0yNDg5MTQ0,HIST
VGVhY2hlci0yMzAxMDYx,MMET
VGVhY2hlci0yMTk3MDU5,SOC
VGVhY2hlci0xNDU2OTcy,BICH
VGVhY2hlci0xNjA5OTE5,PSYCHOLOGY
VGVhY2hlci0yMjEwNjM1,TCMG
VGVhY2hlci0yMjAwOTc3,PHILOSOPHY
VGVhY2hlci0yMzA3MTcx,MEEN
VGVhY2hlci0xMjc3NzAx,SOCI
VGVhY2hlci02MzczOTM=,MEEN
VGVhY2hlci0yMTE0MzE1,MATH
VGVhY2hlci0yMjc4MDA0,MEEN
VGVhY2hlci0yNTYyMjgz,RDG
VGVhY2hlci02NTg1Mzc=,ECN
VGVhY2hlci05NzM0Mjg=,MATH
VGVhY2hlci0yNjMzMTU3,M
VGVhY2hlci0yNDAyNzI2,ARSC
VGVhY2hlci0yMDYyNjc2,ENDS
VGVhY2hlci01MTYzODg=,MATHEMATICS
VGVhY2hlci0yMjg2OTUz,URPN
VGVhY2hlci0yNjk3OTA1,CARC
VGVhY2hlci0yMTkyMjQ3,BUSINESS
VGVhY2hlci0xOTc5NTkz,SOCIOLOGY
VGVhY2hlci0zMDQ0MDIy,PHIL
VGVhY2hlci0xNjU5Mzgz,CHEM
VGVhY2hlci0xMDkwODg1,INFO
VGVhY2hlci0zMDU2NzAx,MEEN
VGVhY2hlci0yMjgxNDUx,HIST
VGVhY2hlci0yMzY1MDgx,ANSC
VGVhY2hlci0yNTkwNzE0,MATH
VGVhY2hlci0yMzM0NzM0,MATH
VGVhY2hlci0yMjg2MDY3,SPMT
VGVhY2hlci0yMjI2ODU0,MATH
VGVhY2hlci0xOTQ1MDY3,HIST
VGVhY2hlci0xMzU4MjUx,ENGLISH
VGVhY2hlci0xOTU1NDk4,ANSC
VGVhY2hlci02NDkyOTc=,ENGR
VGVhY2hlci0xMzI5NzQx,ENGLISH
VGVhY2hlci0xODYzNjE2,SPANISH
VGVhY2hlci0yNTQyNTcy,TEFB
VGVhY2hlci0xMDA1NjY0,GEOG
VGVhY2hlci0zMDAyNzAz,STAT
VGVhY2hlci0yMjE5NDM0,ECEN
VGVhY2hlci0yMzIwOTg0,MATH
VGVhY2hlci0yNTcyMzg4,BMEN
VGVhY2hlci0yNjM0MDM5,ENTO
VGVhY2hlci0yNjc4NDQz,BIO
VGVhY2hlci0xOTMzMDQ2,MATH
VGVhY2hlci0xNjU4Mzgy,PHYS
VGVhY2hlci0xOTQyMzcy,MATH
VGVhY2hlci0xODMyNTUy,CHEMM
VGVhY2hlci0yMjgwNzg0,INTS
VGVhY2hlci02NzQ0MDc=,ANTHROPOLOGY
VGVhY2hlci0yNDMwNTAy,ARAB
VGVhY2hlci0xNDM0MzQ5,ENGL
VGVhY2hlci0xMDUyNjY2,CVEN
VGVhY2hlci0xODk4NTgy,MATH
VGVhY2hlci0xOTA1NzY1,GEOG
VGVhY2hlci0yNTI2OTYx,ENGLISH
VGVhY2hlci0xNjYwMTMw,HIST
VGVhY2hlci0yMzQzMzE0,PSYC
VGVhY2hlci02MDk3MDQ=,BOTANY
VGVhY2hlci0xODU4NTEx,ENGL
VGVhY2hlci0xMjkyNzEz,POLS
VGVhY2hlci03MjQ1MjI=,COMM
VGVhY2hlci0yMjAzNTY0,BIOL
VGVhY2hlci0xNjUwNTY5,OCNG
VGVhY2hlci0yNzcyNDU0,MATH
VGVhY2hlci0yNTAwMTg3,CSCE
VGVhY2hlci0yMTYxNzcx,ANTH
VGVhY2hlci0yNjE4MTQ0,GEOG
VGVhY2hlci0xNjU4Njg0,ENGL
VGVhY2hlci0yMzczMTI1,ENGR
VGVhY2hlci0yMjU1NTEx,ISTM
VGVhY2hlci0yMzI4NzEw,ARTS
VGVhY2hlci0yNDIxMjQ3,STAT
VGVhY2hlci0yMzcwOTc4,IDIS
VGVhY2hlci0yNTUzOTkw,BIOL
VGVhY2hlci0yMDcwNDcy,ITAL
VGVhY2hlci0yNTQxMDAw,CSCE
VGVhY2hlci0yMDgyMDU5,SOC
VGVhY2hlci0yNzY2ODEz,DAEN
VGVhY2hlci02ODUyMzQ=,MEEN
VGVhY2hlci0yMzA2MzI4,JOUR
VGVhY2hlci0yMDM4MzM1,GEO
VGVhY2hlci0yOTM5MjEx,CHEN
VGVhY2hlci0yNjAzNDg5,STAT
VGVhY2hlci0yMzY2NTQ1,COM
VGVhY2hlci0yNTcyMzg5,BMEN
VGVhY2hlci0yMTkzMDIw,OCNG
VGVhY2hlci0yMDI2NjA3,ISTM
VGVhY2hlci0yMjY4MjY2,ACCT
VGVhY2hlci0yMDAxMjk3,URPN
VGVhY2hlci0zMDY0MTM4,ACCT
VGVhY2hlci0xOTYyMzM4,SCMT
VGVhY2hlci0yMjAyNzMz,NRSC
VGVhY2hlci0yNTM0ODA4,SPAN
VGVhY2hlci0yMjAxMzA5,AFST
VGVhY2hlci0yNjgwNzE4,COM
VGVhY2hlci0yMzQ3OTU1,AERO
VGVhY2hlci0yMjg3NDI4,HLTH
VGVhY2hlci0yNTc0NDQw,PHLT
VGVhY2hlci0yMjIxNTIx,COS
VGVhY2hlci0yMDg0NzQw,ARCH
VGVhY2hlci0yMjU1MjQ3,ENGL
VGVhY2hlci0yNTcwMjEy,BMEN
VGVhY2hlci0xMDE1NDQ3,MATH
VGVhY2hlci0yNzM1NTIw,PHYS
VGVhY2hlci0yMTc5NTQ0,ENGL
VGVhY2hlci0yNzU5NjM3,MATH
VGVhY2hlci0yMDk3MDM2,CSCE
VGVhY2hlci0yNTk4ODMy,WFSC
VGVhY2hlci0yNDg5NDI3,STAT
VGVhY2hlci0yMjIyNDcz,ECEN
VGVhY2hlci0yMzI0NzU0,EPSY
VGVhY2hlci0yOTY0MTA3,PHIL
VGVhY2hlci0xOTY2MjY0,CSCE
VGVhY2hlci0yNDY1NTAw,CSCE
VGVhY2hlci0zMTI3NDIx,KINE
VGVhY2hlci0yMTkwMzkx,SPAN
VGVhY2hlci0yMjIxNjIx,MEEN
VGVhY2hlci0yMDQyNjg1,ENGINEERING
VGVhY2hlci0yNTgzMjIz,BMEN
VGVhY2hlci0xOTE4OTcy,COM
VGVhY2hlci04ODIxMjM=,ECEN
VGVhY2hlci0zMDg2OTY4,IDIS
VGVhY2hlci0yMzk2ODgy,MEEN
VGVhY2hlci0xOTM5MTU5,SOCI
VGVhY2hlci0xOTc4MzM3,MATH
VGVhY2hlci0yOTk1Mzk5,AGLS
VGVhY2hlci0xODMxNzAy,MATHEMATICS
VGVhY2hlci0yNzI2NjA2,AERO
VGVhY2hlci0yNDI0MTU3,ENGL
VGVhY2hlci0yMzI4MjM=,CHEM
VGVhY2hlci0xNzczNzYy,CHEM
VGVhY2hlci0xMTI3NjA3,CHEM
VGVhY2hlci0yNjEyMzY3,POLS
VGVhY2hlci0xMDgxMTU5,ENGL
VGVhY2hlci0yMDIwMzcz,ENGR
VGVhY2hlci0xMzM4Mjgw,SOCI
VGVhY2hlci05ODU0MjY=,GENE
VGVhY2hlci0yMjQ0MDE3,ALED
VGVhY2hlci0xMzgxMDM0,MATH
VGVhY2hlci0yNTE5NTU2,MATH
VGVhY2hlci0yNzE2MTY1,KINE
VGVhY2hlci0yNTkyMzcw,MATH
VGVhY2hlci02MzQ2OTM=,POLS
VGVhY2hlci0yMTMwODk2,ALED
VGVhY2hlci0zMDE1NjA4,ANTHROPOLOGY
VGVhY2hlci0xNjYwMTMw,MUSC
VGVhY2hlci0yNjQwMDIx,SOCI
VGVhY2hlci0yMTM3Mjgx,SOCI
VGVhY2hlci0yMTgzODYz,MATH
VGVhY2hlci0xOTQxOTc2,ACCOUNTING
VGVhY2hlci0yMDYxNjQw,ENGL
VGVhY2hlci0yNTI4NzE5,PSYCH
VGVhY2hlci0xMzg4ODU3,CSCE
VGVhY2hlci0zMDUyNDQ4,GEOGRAPHY
VGVhY2hlci0xMzUzOTA2,GEOG
VGVhY2hlci0yMjA0OTc2,MASC
VGVhY2hlci0yMjIwOTgz,ECEN
VGVhY2hlci0xODYzNjE2,SPAN
VGVhY2hlci0yNDI3NjAy,AFST
VGVhY2hlci0xODkyMTAw,BESC
VGVhY2hlci0xNDQ0MDk1,KINE
VGVhY2hlci0yOTU0MDM5,POLS
VGVhY2hlci0xNjAwNDM0,CALC
VGVhY2hlci0yNjQzODM2,SCMT
VGVhY2hlci0yMzk2Nzc4,EPSY
VGVhY2hlci00OTI2OTY=,SOCI
VGVhY2hlci0yNjIwMDUw,CHEM
VGVhY2hlci0yNTk1MDIy,MEEN
VGVhY2hlci0yMzEzMDQ3,MKTG
VGVhY2hlci0yNTQ3MTI1,ENGR
VGVhY2hlci0yODk2NDE5,ISEN
VGVhY2hlci0zMDQxMzE0,MKTG
VGVhY2hlci0xOTc4MzM5,VTPP
VGVhY2hlci0yMjA2MjI0,SPAN
VGVhY2hlci0yNTUxMTc4,HLTH
VGVhY2hlci0yODQxMDIw,GEOG
VGVhY2hlci0yMjEwNjMy,TCMG
VGVhY2hlci0xOTkwNTEy,SCMT
VGVhY2hlci0xMjM4MTk2,CHEM
VGVhY2hlci0yNDc5MzU4,ANSC
VGVhY2hlci0yNjg3NTcx,ISEN
VGVhY2hlci0zMDQ4ODA4,KINE
VGVhY2hlci0xODk2NzU3,MATH
VGVhY2hlci0zMDMxODU0,PBSI
VGVhY2hlci0yNDMxMDk3,ENGL
VGVhY2hlci0xNjQ5MzUx,CHEM
VGVhY2hlci0xNzM1NTgw,CHEM
VGVhY2hlci0yNDI1MjY3,MEEN
VGVhY2hlci0xMTI4MjE3,PYSC
VGVhY2hlci0zMDQxNTc4,CLAS
VGVhY2hlci0yMjkxMTcz,MMET
VGVhY2hlci0xNjI5NjEz,PHILOSOPHY
VGVhY2hlci0xODU0OTQ1,SOC
VGVhY2hlci0xNTM5MDkw,STAT
VGVhY2hlci0yNjk1NzM2,SPAN
VGVhY2hlci0zMDI4NTg1,MATH
VGVhY2hlci0zMDQ3MzMz,ENGLISH
VGVhY2hlci0yMjIxNzc2,CSCE
VGVhY2hlci0yNzc2NjM5,BIOLOGY
VGVhY2hlci0yMzc3MDM4,STAT
VGVhY2hlci0yOTAxOTcy,SPANISH
VGVhY2hlci0yNDQ1OTA1,INST
VGVhY2hlci0xOTQ3Nzk2,THAR
VGVhY2hlci0yMjk4Mzcx,ENDS
VGVhY2hlci0yMzcwMzE2,GEOL
VGVhY2hlci0yMzM3Nzkw,LMAS
VGVhY2hlci0yNzk5MzYw,CVEN
VGVhY2hlci0yMzA2ODQ0,ENGL
VGVhY2hlci0yMjI4MjM3,AGCJ
VGVhY2hlci0xNjMwNzE5,PBSI
VGVhY2hlci02OTY3NTg=,GEOG
VGVhY2hlci0yMDMwMzAy,NUTR
VGVhY2hlci0yMTk5NDM5,THAR
VGVhY2hlci0yNjM5NzU1,GEOG
VGVhY2hlci0yOTE2ODMz,CSCE
VGVhY2hlci0zMTE2ODky,PHYS
VGVhY2hlci0yMjY2MDUw,SCSC
VGVhY2hlci02NjYyNzA=,CHEM
VGVhY2hlci0yMTk4MzE4,PBSI
VGVhY2hlci0zMTUxMDg1,HORT
VGVhY2hlci0yNjIzNzQz,FSTC
VGVhY2hlci0yMzEyNDcw,MEEN
VGVhY2hlci0yOTA2OTU3,MATH
VGVhY2hlci0xMDg5NDE5,ANSC
VGVhY2hlci0xMzc1NDk2,PSYCHOLOGY
VGVhY2hlci0yMTQyNDA2,COS
VGVhY2hlci0yNDAyNzg0,POSC
VGVhY2hlci0zMDk3MDUy,MEEN
VGVhY2hlci0xMjQyNjYz,BUSN
VGVhY2hlci02NjYyNTE=,STAT
VGVhY2hlci0yMDk3Mzg2,ENG
VGVhY2hlci0yNjEyOTI5,MEEN
VGVhY2hlci0zMDEyMzI2,STAT
VGVhY2hlci0yNjU4MDgw,WFSC
VGVhY2hlci0yODkzNjkz,PBSI
VGVhY2hlci0yMjA1NTU1,CSCE
VGVhY2hlci0zMTI2MjQ4,PSYC
VGVhY2hlci05NTg3OTY=,AERO
VGVhY2hlci0yNzgxOTI5,POLS
VGVhY2hlci0yMjE3MTY5,POLS
VGVhY2hlci0yMDEwMDc3,INTS
VGVhY2hlci0yMDczNjg3,ENGL
VGVhY2hlci0xOTUzMTE0,DCED
VGVhY2hlci0yMzcyNDc5,SPMT
VGVhY2hlci0yNjU5NTcy,FIVS
VGVhY2hlci0yNjYxODIy,KINE
VGVhY2hlci0yOTcyMTI5,SENG
VGVhY2hlci0yMjI0NDU1,INST
VGVhY2hlci04MzMzODA=,KINE
VGVhY2hlci0yMzcxMDU3,VIBS
VGVhY2hlci0yNDkxMDc3,RWFM
VGVhY2hlci0yNTM1MDAx,MATH
VGVhY2hlci0yMTQyMDI4,GEO
VGVhY2hlci0yNzM0NTUy,PHLT
VGVhY2hlci0yNzQ0Nzcw,ENG
VGVhY2hlci0xODExMDEw,ASTR
VGVhY2hlci0yOTA2OTk3,ALEC
VGVhY2hlci0xNjI2Mjgx,ASTR
VGVhY2hlci0yNzYxMDE4,SCSC
VGVhY2hlci03MjU1MTg=,MATHEMATICS
VGVhY2hlci0xOTI0MzE5,MATH
VGVhY2hlci0yNjM5MTA0,COMM
VGVhY2hlci0yMDE3MDQ4,ECO
VGVhY2hlci0xNjAwNDM0,MATHEMATICS
VGVhY2hlci0yMTk2ODMw,POSC
VGVhY2hlci0yNzk4MzYx,CVEN
VGVhY2hlci0yMDYxNzY5,HIST
VGVhY2hlci0yMDc1OTI4,ANTH
VGVhY2hlci0yNjQzMTk0,SOCI
VGVhY2hlci0yMDUyMjY2,GEOG
VGVhY2hlci0zMDAzMDY1,RWFM
VGVhY2hlci0yMjc2MTIx,POLS
VGVhY2hlci0yMDEwNDg0,LAND
VGVhY2hlci03MzYzNTU=,MATH
VGVhY2hlci0yNDA5ODY0,BMEN
VGVhY2hlci0yMTI5MDEz,SOC
VGVhY2hlci0yOTM4MzAz,MMET
VGVhY2hlci0yMzk0OTcz,BICH
VGVhY2hlci0xMzQ3MTIy,HIST
VGVhY2hlci0xNzcwNDMx,MATH
VGVhY2hlci0yMjY4Nzc1,URPN
VGVhY2hlci0xMzk4Nzcx,PETE
VGVhY2hlci0xMTQxOTk2,PSYC
VGVhY2hlci0yODM1NTgy,ANTH
VGVhY2hlci0yNjM4ODU1,HLTH
VGVhY2hlci0yOTQzNjA4,URPN
VGVhY2hlci0yNzY2MzYz,ENGL
VGVhY2hlci0yMzg3OTE2,PHIL
VGVhY2hlci0yMDc1ODY5,PSYCH
VGVhY2hlci0yMDE4MzA3,PLSI
VGVhY2hlci0yMTY5ODg2,ECEN
VGVhY2hlci0zMTYyNjE=,HIST
VGVhY2hlci02Nzk5NjE=,RELS
VGVhY2hlci0xNjY2MDIx,RENR
VGVhY2hlci02Nzk5NjE=,RELIGIONTHEORY
VGVhY2hlci0yNjc5MTUy,WFSC
VGVhY2hlci02MDkxMDE=,CSCE
VGVhY2hlci0yMTY1MzY1,PHIL
VGVhY2hlci0yNDMyODU1,POLS
VGVhY2hlci0xOTYxMjQ3,HIS
VGVhY2hlci0yMTc0NzEw,BIOL
VGVhY2hlci0zMTQ1OTM=,GEO
VGVhY2hlci04NDcxMw==,BIO
VGVhY2hlci0zMjYyOTU=,FREN
VGVhY2hlci0xOTUxOTMx,PHYS
VGVhY2hlci0yNDUxNDg1,ASTR
VGVhY2hlci0yMDcxMTky,POLS
VGVhY2hlci0yOTUyMzE1,ENGL
VGVhY2hlci0yMzcwNzA3,SOCI
VGVhY2hlci0yOTU4MDAx,INST
VGVhY2hlci0yNTg3MDMw,IBUS
VGVhY2hlci0xOTM3MTg5,HIST
VGVhY2hlci0yNjkxOTE0,BIO
VGVhY2hlci0yMDI2NjA3,ISYS
VGVhY2hlci0xOTkwNTEz,SCMT
VGVhY2hlci0yNTM0NTUx,ENGR
VGVhY2hlci0yNDM3NDE1,PHLT
VGVhY2hlci0xOTQyNzU3,ANTHROPOLOGY
VGVhY2hlci0xOTUxMTAw,ARCHITECTURE
VGVhY2hlci0xNTQwNTMz,LBAR
VGVhY2hlci0yMzczMDU1,COMM
VGVhY2hlci0yNTYwNDQ2,MAT
VGVhY2hlci0yNjQzMTk2,MGMT
VGVhY2hlci0yOTYxOTQz,OCNG
VGVhY2hlci0yNjgzNDY3,PHYS
VGVhY2hlci0zMDQ4NzM1,SOCIOLOGY
VGVhY2hlci0yMTk0NjE3,PSCY
VGVhY2hlci0yOTExMjk0,GEOL
VGVhY2hlci0yNjQ4NDAy,HORT
VGVhY2hlci0yMDY2NTkw,ENGR
VGVhY2hlci0xOTQ0Mjc4,RDNG
VGVhY2hlci0yNTAzOTc2,INST
VGVhY2hlci0zMDEzMjk4,RDNG
VGVhY2hlci0yMzM2OTE2,ECON
VGVhY2hlci0yNDQyNDQw,ISTM
VGVhY2hlci0xOTIzNTEz,BIO
VGVhY2hlci0yMjQ0Mjc1,HIST
VGVhY2hlci0yMzQ1MTQ0,CHEN
VGVhY2hlci0yNTMzNTI0,ANTH
VGVhY2hlci0yODIyOTI1,ESET
VGVhY2hlci0xOTYwNDE5,POLS
VGVhY2hlci0yMDM2NTk=,WORLDLITHONOR
VGVhY2hlci0yNzQwNDgw,PSYCH
VGVhY2hlci0yOTQ3NDc5,GEOG
VGVhY2hlci0yMzg2MDIz,AGLS
VGVhY2hlci0yNzI2Njc0,ATTR
VGVhY2hlci0yMzcxNzA1,ISEN
VGVhY2hlci0yNDcyNDIz,EHRD
VGVhY2hlci0yNDUxMzk=,TEXASHIST
VGVhY2hlci05MjMzMDI=,AGEC
VGVhY2hlci0yNjQxNzI1,MATH
VGVhY2hlci0xNTY5ODMy,ECEN
VGVhY2hlci0yMTUwMjIy,SCEN
VGVhY2hlci0xOTAzNDIy,VTPP
VGVhY2hlci04OTkyOTA=,CHEM
VGVhY2hlci0yMDE5NzAw,POLS
VGVhY2hlci0yNTk2OTcz,MSEN
VGVhY2hlci0yMDk3Mzg2,ENGL
VGVhY2hlci0yNjczODIx,BMEN
VGVhY2hlci0yMjk1MDg1,EDCI
VGVhY2hlci0yMzE0NDUx,HORT
VGVhY2hlci0yOTI3OTEz,ECONOMICS
VGVhY2hlci0yNTkwNTQx,CHEM
VGVhY2hlci01MDI1OTE=,ACCT
VGVhY2hlci0zMTA3Njk5,IDIS
VGVhY2hlci0yOTI3NDE0,STAT
VGVhY2hlci0xNDg1NDI4,PHYS
VGVhY2hlci0yMjA4NTg3,SOCI
VGVhY2hlci0xOTQ0Mzcy,PERF
VGVhY2hlci0yMzIzNTg3,AGCJ
VGVhY2hlci0yMjE5OTI3,SOCI
VGVhY2hlci0yNTI5ODg5,CHEN
VGVhY2hlci0zMDk2MTE4,AERO
VGVhY2hlci0yODE2OTA5,HISTORY
VGVhY2hlci0yMzAwOTU1,ESET
VGVhY2hlci0zMTEwOTI4,THEA
VGVhY2hlci0xOTc2MTI0,MEEN
VGVhY2hlci0yMjk4MjMy,ANTH
VGVhY2hlci0yODc1MTQy,ISEN
VGVhY2hlci0yMDYwODkz,THEA
VGVhY2hlci0yODc1OTY5,PERF
VGVhY2hlci0yNDMwNjAy,SCSC
VGVhY2hlci0yMzk2NTk4,ENGL
VGVhY2hlci0yNjc0NzQw,MEEN
VGVhY2hlci0yNzQ0Nzcw,ENGL
VGVhY2hlci0yMzI0NzQy,STAT
VGVhY2hlci0yMDEyODg5,CSCE
VGVhY2hlci0xODIxMTU0,ECON
VGVhY2hlci0zMDQ2NTkw,FINANCE
VGVhY2hlci0yNDg0Mjg3,S
VGVhY2hlci0xMjUyMzQ5,ASTR
VGVhY2hlci0yMzkzNTc0,VIST
VGVhY2hlci0yOTY2NTQ5,MANAGEMENT
VGVhY2hlci0xOTQ5NDk2,ENGR
VGVhY2hlci0yOTEwMTUx,FRENCH
VGVhY2hlci0yNzYyNzU0,ANTH
VGVhY2hlci0xOTE5ODE4,EDCI
VGVhY2hlci0yOTMxMzM3,COSC
VGVhY2hlci0yODk4NTQx,ECEN
VGVhY2hlci0yMTQ3ODI1,ART
VGVhY2hlci0xNjMxNzQ0,BIOL
VGVhY2hlci0xODc1NzQz,SCEN
VGVhY2hlci0yMjAxMjI0,ENG
VGVhY2hlci0yMTkwMzAz,CVEN
VGVhY2hlci0xOTg1MDg3,SOCI
VGVhY2hlci0yNDE4NDY2,SPAN
VGVhY2hlci0yMTMzMTgw,KINE
VGVhY2hlci0yNTM0MjE3,PBSI
VGVhY2hlci0yNTQ3NDY0,AGEC
VGVhY2hlci0xNzY5Mzg2,ENT
VGVhY2hlci0yNDgzMzc0,MASC
VGVhY2hlci0yNDQ1NzIy,STATS
VGVhY2hlci0yNjE5MDQ4,CSCE
VGVhY2hlci00OTYyMjY=,PHYSICS
VGVhY2hlci0xMzk5MDg2,HIST
VGVhY2hlci0yMzcwMzM4,PYSC
VGVhY2hlci0xOTUxOTEy,ENGINEERING
VGVhY2hlci0yNjY0NTI0,RELS
VGVhY2hlci0yNDcwMjEw,SCSC
VGVhY2hlci0yMzA3MTcx,MEN
VGVhY2hlci0xOTc3Nzgy,BESC
VGVhY2hlci0yNTUwMDEx,ARTS
VGVhY2hlci0yNTA1Mjc4,COMM
VGVhY2hlci03NjI5NTA=,MKTG
VGVhY2hlci0yMDgxMDYy,PSYC
VGVhY2hlci0yMjg1NDI4,MEEN
VGVhY2hlci0xODgxODk5,ESSM
VGVhY2hlci0yNjAzNTE1,ESSM
VGVhY2hlci0yMDkyNzkw,GENE
VGVhY2hlci05MjMzMTA=,ANSC
VGVhY2hlci0yMDIzNDcz,MATH
VGVhY2hlci0xODk4MjY0,MATH
VGVhY2hlci0yNjkyMDY3,STAT
VGVhY2hlci0xODkwNjY5,RPTS
VGVhY2hlci0yOTA0NDYz,ACCT
VGVhY2hlci0yMTQ0ODUz,MATH
VGVhY2hlci0yNjkzNDU1,ECEN
VGVhY2hlci0xMDEwNzgx,MEEN
VGVhY2hlci0xODQ4NzM=,MATHEMATICS
VGVhY2hlci0yOTg4NTg4,BIO
VGVhY2hlci0yNDI3NjAy,ENGL
VGVhY2hlci0yMzExNDU2,ACCT
VGVhY2hlci0yNjEyMTQx,HLTH
VGVhY2hlci0xMDI5OTc0,MATH
VGVhY2hlci0yMTMxMzYx,INTS
VGVhY2hlci0yMTg5MTQ0,ONCG
VGVhY2hlci0yMTI5MzMy,BIOL
VGVhY2hlci0yMzQ0OTA0,BIOL
VGVhY2hlci0yNDMxOTQ1,MKTG
VGVhY2hlci0yMTI2ODEw,GEOG
VGVhY2hlci0yMDE2MTI5,AFST
VGVhY2hlci0yMTU0MDUw,POLS
VGVhY2hlci0yMDAzODA0,CARC
VGVhY2hlci0yMjg1NTAy,TEFB
VGVhY2hlci0yMTk5NDM5,PERF
VGVhY2hlci0yNTMwNDA1,INST
VGVhY2hlci0zMDAzMDY4,RWFM
VGVhY2hlci0xNTc0Nw==,ENGLISH
VGVhY2hlci0yMTUxODY3,CSCE
VGVhY2hlci0yNzU4NjMx,KINE
VGVhY2hlci0yNjg2ODA0,BMEN
VGVhY2hlci0zMTEzMDA5,SOCI
VGVhY2hlci0yMTA0MTEy,PSYC
VGVhY2hlci0yNTQ1NDYw,HIST
VGVhY2hlci0yNzY0NDcx,MMET
VGVhY2hlci0yNDE0MDE1,RPTS
VGVhY2hlci0yMzE5OTU4,MATH
VGVhY2hlci0yODg5ODg0,MEEN
VGVhY2hlci0xMzc2MjI2,POLS
VGVhY2hlci0yNjU0OTYy,PBSI
VGVhY2hlci0yNDQwOTc2,COMM
VGVhY2hlci0yMTgzMDY1,CLAS
VGVhY2hlci0yMDM3MDk4,SOCI
VGVhY2hlci0yNTU2NzY5,SOCI
VGVhY2hlci0yNTgzNjU2,WFSC
VGVhY2hlci0yODgwNzEw,ECEN
VGVhY2hlci0yNTk3NDE5,BMEN
VGVhY2hlci0xOTY2MjY0,KINE
VGVhY2hlci0yMTY0ODc2,ENG
VGVhY2hlci0yMTI4NDc4,ACCT
VGVhY2hlci0zNTA2Nzc=,POLS
VGVhY2hlci0yNDkwMjU2,BUAD
VGVhY2hlci0yNzM2Njcy,CH
VGVhY2hlci0yMjUzOTA4,MEEN
VGVhY2hlci0yNTQ3NjI5,KIN
VGVhY2hlci0yMzU3MjA0,BIO
VGVhY2hlci0yMzY2Mzky,ECEN
VGVhY2hlci0yMTc0NzA4,ANTHRO
VGVhY2hlci0zMDU3MDAx,POSC
VGVhY2hlci0yNjM2MTAw,AFST
VGVhY2hlci0yNDU2ODg1,ENGL
VGVhY2hlci0yNDgyMzM3,FINC
VGVhY2hlci0zNTcyNzc=,MEEN
VGVhY2hlci0yODQ3Mzkx,PHLT
VGVhY2hlci0yMTI3NTU5,MATH
VGVhY2hlci0zMDQzNDY0,CVEN
VGVhY2hlci0yODkwMDQ4,BIOL
VGVhY2hlci0yODc1OTY5,MSTC
VGVhY2hlci0yNDQwNzk3,VIBS
VGVhY2hlci0yNjQ0ODc4,KINE
VGVhY2hlci0xOTEzNDU1,BIOLH
VGVhY2hlci0yNTkwNTQy,RPTS
VGVhY2hlci0yNDYyODUz,ACCT
VGVhY2hlci0yOTExMjE0,MTDE
VGVhY2hlci0yNDg5MDc3,CHEN
VGVhY2hlci0yMjMxNzgx,ENDS
VGVhY2hlci0xODg4MjYy,MATH
VGVhY2hlci0yMDk3NTk3,ANTH
VGVhY2hlci0yMjAxMjI0,ENGL
VGVhY2hlci0xOTUyMzE1,CSCE
VGVhY2hlci0yMDE0Mjc4,ENGL
VGVhY2hlci0xNjY2MDU4,THAR
VGVhY2hlci0yMTQ1MjQ4,FYEX
VGVhY2hlci0yNDk5ODQw,NUEN
VGVhY2hlci0yOTYyMjkx,PBSI
VGVhY2hlci0zMDExMjY1,CVEN
VGVhY2hlci0yNzcyODY2,CHEMISTRY
VGVhY2hlci0yMzI2Nzgw,HLTH
VGVhY2hlci0yMTI1NTg0,FINC
VGVhY2hlci0zMTM2MDU0,ISTM
VGVhY2hlci0xNjg1MjY2,THAR
VGVhY2hlci02NTc3NzY=,PHIL
VGVhY2hlci0yNzY1ODEw,EHRD
VGVhY2hlci0yOTE4MzE4,CSCE
VGVhY2hlci0xODgwNDA2,PSYC
VGVhY2hlci0yMTg4ODUx,CHEN
VGVhY2hlci0yMjA4ODIy,CHEM
VGVhY2hlci0yMDIwNzA0,GEOL
VGVhY2hlci0xOTE0NTcz,POLS
VGVhY2hlci0zMTA5NTg2,ARCH
VGVhY2hlci0yNTk0NTI2,GEOG
VGVhY2hlci0yNTg4NzU1,MSEN
VGVhY2hlci0yNTk3NjYz,STAT
VGVhY2hlci0yMTA1MjUz,FILM
VGVhY2hlci0yNTY2MTE1,MEEN
VGVhY2hlci02ODM1NTQ=,BUS
VGVhY2hlci0xODU4MzE3,NFSC
VGVhY2hlci0xNzUzOTYy,GEOGRAPHY
VGVhY2hlci0yMTMwMTM5,RDNG
VGVhY2hlci0yNDMyNDc5,TEFB
VGVhY2hlci0xODIyODI5,BICH
VGVhY2hlci0yNDI1MzU2,COMM
VGVhY2hlci0yOTQ5MDg5,MATH
VGVhY2hlci0zMDExMDgx,ACCT
VGVhY2hlci0yNTM0NjAx,AERO
VGVhY2hlci0yMjUzMjE3,COMM
VGVhY2hlci0yNjAyNjI3,ATMO
VGVhY2hlci0yMzcyNjU5,CHEM
VGVhY2hlci0yNDg4NTY4,FINC
VGVhY2hlci0yMDE1NTAw,ENGL
VGVhY2hlci0yNTg0MzMx,MASC
VGVhY2hlci0yNDkzMDM5,CVEN
VGVhY2hlci0yNTczMTY1,M
VGVhY2hlci0xODA3OTU3,HIST
VGVhY2hlci0yNTMwODQ0,BESC
VGVhY2hlci0xNDkxNDAx,LMAS
VGVhY2hlci0yNzc0MDMy,MATH
VGVhY2hlci0zMDQ2MzUw,INST
VGVhY2hlci0zMTE0NDMy,ANTHROPOLOG
VGVhY2hlci03NTc5MTA=,MATH
VGVhY2hlci0yMTQ4ODc0,BIO
VGVhY2hlci0yNTMyOTAx,SCMT
VGVhY2hlci0yOTg4Njcz,AERO
VGVhY2hlci0yNDAzNDQ0,STAT
VGVhY2hlci0zMDQ5ODgx,MATH
VGVhY2hlci0yOTk3MjA3,EDUCATION
VGVhY2hlci0yNjE2NTQ3,GEOL
VGVhY2hlci0xOTUzNzU5,GEOL
VGVhY2hlci0yNjc3NTA4,RDNG
