2026-03-30 14:16:12,471 | INFO     | tamu_crawler | TAMU Events Crawler v3 starting...
2026-03-30 14:16:12,483 | INFO     | tamu_crawler | Loaded 61 sources from sources.yaml
2026-03-30 14:16:12,484 | DEBUG    | asyncio | Using selector: KqueueSelector
2026-03-30 14:16:12,484 | INFO     | tamu_crawler.state | No existing state file; starting fresh crawl.
2026-03-30 14:16:12,484 | INFO     | tamu_crawler | Starting crawl — 61 sources, dry_run=False
2026-03-30 14:16:12,563 | INFO     | tamu_crawler | ━━━ Crawling source: main_calendar (livewhale_json) ━━━
2026-03-30 14:16:12,639 | INFO     | tamu_crawler.http | Fetching: https://calendar.tamu.edu/live/json/events/group/Main%20University%20Calendar
2026-03-30 14:16:12,820 | INFO     | tamu_crawler.parsers.livewhale | Parsed 0 events from main_calendar (of 0 raw)
2026-03-30 14:16:12,821 | INFO     | tamu_crawler.normalizer | Normalised 0 events from 0 raw (filtered 0)
2026-03-30 14:16:12,821 | INFO     | tamu_crawler | Source main_calendar: 0 raw → 0 normalised events
2026-03-30 14:16:12,821 | INFO     | tamu_crawler | ━━━ Crawling source: student_activities (livewhale_json) ━━━
2026-03-30 14:16:12,821 | DEBUG    | tamu_crawler.http | Rate-limiting calendar.tamu.edu: sleeping 0.82s
2026-03-30 14:16:13,640 | INFO     | tamu_crawler.http | Fetching: https://calendar.tamu.edu/live/json/events/group/Student%20Activities
2026-03-30 14:16:13,696 | INFO     | tamu_crawler.parsers.livewhale | Parsed 0 events from student_activities (of 0 raw)
2026-03-30 14:16:13,697 | INFO     | tamu_crawler.normalizer | Normalised 0 events from 0 raw (filtered 0)
2026-03-30 14:16:13,697 | INFO     | tamu_crawler | Source student_activities: 0 raw → 0 normalised events
2026-03-30 14:16:13,697 | INFO     | tamu_crawler | ━━━ Crawling source: student_interest (livewhale_json) ━━━
2026-03-30 14:16:13,697 | DEBUG    | tamu_crawler.http | Rate-limiting calendar.tamu.edu: sleeping 0.94s
2026-03-30 14:16:14,641 | INFO     | tamu_crawler.http | Fetching: https://calendar.tamu.edu/live/json/events/group/Student%20Interest
2026-03-30 14:16:14,749 | INFO     | tamu_crawler.parsers.livewhale | Parsed 0 events from student_interest (of 0 raw)
2026-03-30 14:16:14,749 | INFO     | tamu_crawler.normalizer | Normalised 0 events from 0 raw (filtered 0)
2026-03-30 14:16:14,749 | INFO     | tamu_crawler | Source student_interest: 0 raw → 0 normalised events
2026-03-30 14:16:14,749 | INFO     | tamu_crawler | ━━━ Crawling source: registrar (livewhale_json) ━━━
2026-03-30 14:16:14,749 | DEBUG    | tamu_crawler.http | Rate-limiting calendar.tamu.edu: sleeping 0.89s
2026-03-30 14:16:15,642 | INFO     | tamu_crawler.http | Fetching: https://calendar.tamu.edu/live/json/events/group/Registrar
2026-03-30 14:16:15,822 | INFO     | tamu_crawler.parsers.livewhale | Parsed 0 events from registrar (of 0 raw)
2026-03-30 14:16:15,822 | INFO     | tamu_crawler.normalizer | Normalised 0 events from 0 raw (filtered 0)
2026-03-30 14:16:15,822 | INFO     | tamu_crawler | Source registrar: 0 raw → 0 normalised events
2026-03-30 14:16:15,822 | INFO     | tamu_crawler | ━━━ Crawling source: rec_sports (livewhale_json) ━━━
2026-03-30 14:16:15,823 | DEBUG    | tamu_crawler.http | Rate-limiting calendar.tamu.edu: sleeping 0.82s
2026-03-30 14:16:16,644 | INFO     | tamu_crawler.http | Fetching: https://calendar.tamu.edu/live/json/events/group/Rec%20Sports
2026-03-30 14:16:16,800 | INFO     | tamu_crawler.parsers.livewhale | Parsed 86 events from rec_sports (of 87 raw)
2026-03-30 14:16:17,277 | DEBUG    | tamu_crawler.food_detector | Food detected (0.70, unknown, 2 cues): Rec Sports 100 Years: Centennial Celebration — medium_keyword:celebration, low_keyword:community, food_org:rec sports
2026-03-30 14:16:17,323 | DEBUG    | tamu_crawler.food_detector | Food detected (0.70, unknown, 2 cues): Rec-A-Palooza | Howdy Week Event — medium_keyword:celebration, food_org:rec sports
2026-03-30 14:16:17,362 | INFO     | tamu_crawler.normalizer | Normalised 86 events from 86 raw (filtered 0)
2026-03-30 14:16:17,362 | INFO     | tamu_crawler | Source rec_sports: 86 raw → 86 normalised events
2026-03-30 14:16:17,362 | INFO     | tamu_crawler | ━━━ Crawling source: student_orgs (livewhale_json) ━━━
2026-03-30 14:16:17,363 | DEBUG    | tamu_crawler.http | Rate-limiting calendar.tamu.edu: sleeping 0.28s
2026-03-30 14:16:17,645 | INFO     | tamu_crawler.http | Fetching: https://calendar.tamu.edu/live/json/events/group/Student%20Organizations
2026-03-30 14:16:17,753 | INFO     | tamu_crawler.parsers.livewhale | Parsed 0 events from student_orgs (of 0 raw)
2026-03-30 14:16:17,753 | INFO     | tamu_crawler.normalizer | Normalised 0 events from 0 raw (filtered 0)
2026-03-30 14:16:17,753 | INFO     | tamu_crawler | Source student_orgs: 0 raw → 0 normalised events
2026-03-30 14:16:17,753 | INFO     | tamu_crawler | ━━━ Crawling source: msc (livewhale_json) ━━━
2026-03-30 14:16:17,753 | DEBUG    | tamu_crawler.http | Rate-limiting calendar.tamu.edu: sleeping 0.89s
2026-03-30 14:16:18,647 | INFO     | tamu_crawler.http | Fetching: https://calendar.tamu.edu/live/json/events/group/MSC
2026-03-30 14:16:18,713 | INFO     | tamu_crawler.parsers.livewhale | Parsed 0 events from msc (of 0 raw)
2026-03-30 14:16:18,713 | INFO     | tamu_crawler.normalizer | Normalised 0 events from 0 raw (filtered 0)
2026-03-30 14:16:18,713 | INFO     | tamu_crawler | Source msc: 0 raw → 0 normalised events
2026-03-30 14:16:18,714 | INFO     | tamu_crawler | ━━━ Crawling source: career_center (livewhale_json) ━━━
2026-03-30 14:16:18,714 | DEBUG    | tamu_crawler.http | Rate-limiting calendar.tamu.edu: sleeping 0.93s
2026-03-30 14:16:19,648 | INFO     | tamu_crawler.http | Fetching: https://calendar.tamu.edu/live/json/events/group/Career%20Center
2026-03-30 14:16:19,706 | INFO     | tamu_crawler.parsers.livewhale | Parsed 17 events from career_center (of 17 raw)
2026-03-30 14:16:19,808 | INFO     | tamu_crawler.normalizer | Normalised 17 events from 17 raw (filtered 0)
2026-03-30 14:16:19,808 | INFO     | tamu_crawler | Source career_center: 17 raw → 17 normalised events
2026-03-30 14:16:19,809 | INFO     | tamu_crawler | ━━━ Crawling source: engineering (livewhale_json) ━━━
2026-03-30 14:16:19,809 | DEBUG    | tamu_crawler.http | Rate-limiting calendar.tamu.edu: sleeping 0.84s
2026-03-30 14:16:20,649 | INFO     | tamu_crawler.http | Fetching: https://calendar.tamu.edu/live/json/events/group/Engineering
2026-03-30 14:16:20,823 | INFO     | tamu_crawler.parsers.livewhale | Parsed 0 events from engineering (of 0 raw)
2026-03-30 14:16:20,823 | INFO     | tamu_crawler.normalizer | Normalised 0 events from 0 raw (filtered 0)
2026-03-30 14:16:20,823 | INFO     | tamu_crawler | Source engineering: 0 raw → 0 normalised events
2026-03-30 14:16:20,823 | INFO     | tamu_crawler | ━━━ Crawling source: liberal_arts (livewhale_json) ━━━
2026-03-30 14:16:20,824 | DEBUG    | tamu_crawler.http | Rate-limiting calendar.tamu.edu: sleeping 0.83s
2026-03-30 14:16:21,650 | INFO     | tamu_crawler.http | Fetching: https://calendar.tamu.edu/live/json/events/group/Liberal%20Arts
2026-03-30 14:16:21,761 | INFO     | tamu_crawler.parsers.livewhale | Parsed 0 events from liberal_arts (of 0 raw)
2026-03-30 14:16:21,761 | INFO     | tamu_crawler.normalizer | Normalised 0 events from 0 raw (filtered 0)
2026-03-30 14:16:21,761 | INFO     | tamu_crawler | Source liberal_arts: 0 raw → 0 normalised events
2026-03-30 14:16:21,761 | INFO     | tamu_crawler | ━━━ Crawling source: science (livewhale_json) ━━━
2026-03-30 14:16:21,761 | DEBUG    | tamu_crawler.http | Rate-limiting calendar.tamu.edu: sleeping 0.89s
2026-03-30 14:16:22,652 | INFO     | tamu_crawler.http | Fetching: https://calendar.tamu.edu/live/json/events/group/Science
2026-03-30 14:16:22,761 | INFO     | tamu_crawler.parsers.livewhale | Parsed 0 events from science (of 0 raw)
2026-03-30 14:16:22,761 | INFO     | tamu_crawler.normalizer | Normalised 0 events from 0 raw (filtered 0)
2026-03-30 14:16:22,761 | INFO     | tamu_crawler | Source science: 0 raw → 0 normalised events
2026-03-30 14:16:22,761 | INFO     | tamu_crawler | ━━━ Crawling source: bush_school (livewhale_json) ━━━
2026-03-30 14:16:22,761 | DEBUG    | tamu_crawler.http | Rate-limiting calendar.tamu.edu: sleeping 0.89s
2026-03-30 14:16:23,653 | INFO     | tamu_crawler.http | Fetching: https://calendar.tamu.edu/live/json/events/group/Bush%20School
2026-03-30 14:16:23,720 | INFO     | tamu_crawler.parsers.livewhale | Parsed 1 events from bush_school (of 1 raw)
2026-03-30 14:16:23,730 | INFO     | tamu_crawler.normalizer | Normalised 1 events from 1 raw (filtered 0)
2026-03-30 14:16:23,730 | INFO     | tamu_crawler | Source bush_school: 1 raw → 1 normalised events
2026-03-30 14:16:23,730 | INFO     | tamu_crawler | ━━━ Crawling source: agriculture (livewhale_json) ━━━
2026-03-30 14:16:23,730 | DEBUG    | tamu_crawler.http | Rate-limiting calendar.tamu.edu: sleeping 0.92s
2026-03-30 14:16:24,654 | INFO     | tamu_crawler.http | Fetching: https://calendar.tamu.edu/live/json/events/group/Agriculture%20and%20Life%20Sciences
2026-03-30 14:16:24,842 | INFO     | tamu_crawler.parsers.livewhale | Parsed 0 events from agriculture (of 0 raw)
2026-03-30 14:16:24,842 | INFO     | tamu_crawler.normalizer | Normalised 0 events from 0 raw (filtered 0)
2026-03-30 14:16:24,842 | INFO     | tamu_crawler | Source agriculture: 0 raw → 0 normalised events
2026-03-30 14:16:24,842 | INFO     | tamu_crawler | ━━━ Crawling source: business (livewhale_json) ━━━
2026-03-30 14:16:24,842 | DEBUG    | tamu_crawler.http | Rate-limiting calendar.tamu.edu: sleeping 0.81s
2026-03-30 14:16:25,655 | INFO     | tamu_crawler.http | Fetching: https://calendar.tamu.edu/live/json/events/group/Mays%20Business%20School
2026-03-30 14:16:25,805 | INFO     | tamu_crawler.parsers.livewhale | Parsed 129 events from business (of 132 raw)
2026-03-30 14:16:25,826 | DEBUG    | tamu_crawler.food_detector | Food detected (1.00, dinner, 5 cues): MSA Class Visit — explicit:complimentary dinner, high_keyword:dinner, low_keyword:welcome, pattern:complimentary, pattern:provided
2026-03-30 14:16:25,948 | DEBUG    | tamu_crawler.food_detector | Food detected (0.70, unknown, 2 cues): Master of Business Information Session — medium_keyword:information session, food_org:mays business
2026-03-30 14:16:25,980 | DEBUG    | tamu_crawler.food_detector | Food detected (0.70, lunch, 2 cues): Flex Online MBA: MBA Connect: Luncheon &amp; Insights (Colle — medium_keyword:luncheon, low_keyword:gathering, food_org:mays business
2026-03-30 14:16:26,488 | INFO     | tamu_crawler.normalizer | Normalised 117 events from 129 raw (filtered 12)
2026-03-30 14:16:26,489 | INFO     | tamu_crawler | Source business: 129 raw → 117 normalised events
2026-03-30 14:16:26,489 | INFO     | tamu_crawler | ━━━ Crawling source: education (livewhale_json) ━━━
2026-03-30 14:16:26,489 | DEBUG    | tamu_crawler.http | Rate-limiting calendar.tamu.edu: sleeping 0.17s
2026-03-30 14:16:26,656 | INFO     | tamu_crawler.http | Fetching: https://calendar.tamu.edu/live/json/events/group/Education%20and%20Human%20Development
2026-03-30 14:16:26,760 | INFO     | tamu_crawler.parsers.livewhale | Parsed 0 events from education (of 0 raw)
2026-03-30 14:16:26,761 | INFO     | tamu_crawler.normalizer | Normalised 0 events from 0 raw (filtered 0)
2026-03-30 14:16:26,761 | INFO     | tamu_crawler | Source education: 0 raw → 0 normalised events
2026-03-30 14:16:26,761 | INFO     | tamu_crawler | ━━━ Crawling source: geosciences (livewhale_json) ━━━
2026-03-30 14:16:26,761 | DEBUG    | tamu_crawler.http | Rate-limiting calendar.tamu.edu: sleeping 0.89s
2026-03-30 14:16:27,657 | INFO     | tamu_crawler.http | Fetching: https://calendar.tamu.edu/live/json/events/group/Geosciences
2026-03-30 14:16:27,766 | INFO     | tamu_crawler.parsers.livewhale | Parsed 0 events from geosciences (of 0 raw)
2026-03-30 14:16:27,766 | INFO     | tamu_crawler.normalizer | Normalised 0 events from 0 raw (filtered 0)
2026-03-30 14:16:27,766 | INFO     | tamu_crawler | Source geosciences: 0 raw → 0 normalised events
2026-03-30 14:16:27,766 | INFO     | tamu_crawler | ━━━ Crawling source: health (livewhale_json) ━━━
2026-03-30 14:16:27,767 | DEBUG    | tamu_crawler.http | Rate-limiting calendar.tamu.edu: sleeping 0.89s
2026-03-30 14:16:28,658 | INFO     | tamu_crawler.http | Fetching: https://calendar.tamu.edu/live/json/events/group/School%20of%20Public%20Health
2026-03-30 14:16:28,770 | INFO     | tamu_crawler.parsers.livewhale | Parsed 13 events from health (of 13 raw)
2026-03-30 14:16:28,849 | DEBUG    | tamu_crawler.food_detector | Food detected (0.45, dinner, 1 cues): SPH Annual Recognition and Awards Banquet — medium_keyword:banquet
2026-03-30 14:16:28,856 | DEBUG    | tamu_crawler.food_detector | Food detected (0.95, breakfast, 1 cues): Staff Appreciation Breakfast — high_keyword:breakfast
2026-03-30 14:16:28,860 | INFO     | tamu_crawler.normalizer | Normalised 13 events from 13 raw (filtered 0)
2026-03-30 14:16:28,860 | INFO     | tamu_crawler | Source health: 13 raw → 13 normalised events
2026-03-30 14:16:28,860 | INFO     | tamu_crawler | ━━━ Crawling source: architecture (livewhale_json) ━━━
2026-03-30 14:16:28,860 | DEBUG    | tamu_crawler.http | Rate-limiting calendar.tamu.edu: sleeping 0.80s
2026-03-30 14:16:29,660 | INFO     | tamu_crawler.http | Fetching: https://calendar.tamu.edu/live/json/events/group/Architecture
2026-03-30 14:16:29,767 | INFO     | tamu_crawler.parsers.livewhale | Parsed 0 events from architecture (of 0 raw)
2026-03-30 14:16:29,767 | INFO     | tamu_crawler.normalizer | Normalised 0 events from 0 raw (filtered 0)
2026-03-30 14:16:29,767 | INFO     | tamu_crawler | Source architecture: 0 raw → 0 normalised events
2026-03-30 14:16:29,767 | INFO     | tamu_crawler | ━━━ Crawling source: veterinary (livewhale_json) ━━━
2026-03-30 14:16:29,768 | DEBUG    | tamu_crawler.http | Rate-limiting calendar.tamu.edu: sleeping 0.89s
2026-03-30 14:16:30,661 | INFO     | tamu_crawler.http | Fetching: https://calendar.tamu.edu/live/json/events/group/Veterinary%20Medicine
2026-03-30 14:16:30,772 | INFO     | tamu_crawler.parsers.livewhale | Parsed 0 events from veterinary (of 0 raw)
2026-03-30 14:16:30,772 | INFO     | tamu_crawler.normalizer | Normalised 0 events from 0 raw (filtered 0)
2026-03-30 14:16:30,772 | INFO     | tamu_crawler | Source veterinary: 0 raw → 0 normalised events
2026-03-30 14:16:30,772 | INFO     | tamu_crawler | ━━━ Crawling source: libraries (livewhale_json) ━━━
2026-03-30 14:16:30,772 | DEBUG    | tamu_crawler.http | Rate-limiting calendar.tamu.edu: sleeping 0.89s
2026-03-30 14:16:31,662 | INFO     | tamu_crawler.http | Fetching: https://calendar.tamu.edu/live/json/events/group/University%20Libraries
2026-03-30 14:16:31,810 | INFO     | tamu_crawler.parsers.livewhale | Parsed 159 events from libraries (of 176 raw)
2026-03-30 14:16:32,086 | DEBUG    | tamu_crawler.food_detector | Food detected (0.45, unknown, 1 cues): Aggies All Booked - General Meeting — medium_keyword:general meeting
2026-03-30 14:16:32,750 | DEBUG    | tamu_crawler.food_detector | Food detected (0.45, unknown, 1 cues): Libraries Open House — medium_keyword:open house
2026-03-30 14:16:32,760 | INFO     | tamu_crawler.normalizer | Normalised 159 events from 159 raw (filtered 0)
2026-03-30 14:16:32,760 | INFO     | tamu_crawler | Source libraries: 159 raw → 159 normalised events
2026-03-30 14:16:32,760 | INFO     | tamu_crawler | ━━━ Crawling source: diversity (livewhale_json) ━━━
2026-03-30 14:16:32,760 | INFO     | tamu_crawler.http | Fetching: https://calendar.tamu.edu/live/json/events/group/Diversity
2026-03-30 14:16:32,868 | INFO     | tamu_crawler.parsers.livewhale | Parsed 0 events from diversity (of 0 raw)
2026-03-30 14:16:32,868 | INFO     | tamu_crawler.normalizer | Normalised 0 events from 0 raw (filtered 0)
2026-03-30 14:16:32,868 | INFO     | tamu_crawler | Source diversity: 0 raw → 0 normalised events
2026-03-30 14:16:32,868 | INFO     | tamu_crawler | ━━━ Crawling source: graduate_studies (livewhale_json) ━━━
2026-03-30 14:16:32,868 | DEBUG    | tamu_crawler.http | Rate-limiting calendar.tamu.edu: sleeping 0.89s
2026-03-30 14:16:33,761 | INFO     | tamu_crawler.http | Fetching: https://calendar.tamu.edu/live/json/events/group/Graduate%20and%20Professional%20School
2026-03-30 14:16:33,860 | INFO     | tamu_crawler.parsers.livewhale | Parsed 4 events from graduate_studies (of 4 raw)
2026-03-30 14:16:33,875 | DEBUG    | tamu_crawler.food_detector | Food detected (0.95, dinner, 1 cues): Dinner &amp; Dialogue — high_keyword:dinner, low_keyword:community
2026-03-30 14:16:33,898 | INFO     | tamu_crawler.normalizer | Normalised 4 events from 4 raw (filtered 0)
2026-03-30 14:16:33,898 | INFO     | tamu_crawler | Source graduate_studies: 4 raw → 4 normalised events
2026-03-30 14:16:33,898 | INFO     | tamu_crawler | ━━━ Crawling source: research (livewhale_json) ━━━
2026-03-30 14:16:33,899 | DEBUG    | tamu_crawler.http | Rate-limiting calendar.tamu.edu: sleeping 0.86s
2026-03-30 14:16:34,762 | INFO     | tamu_crawler.http | Fetching: https://calendar.tamu.edu/live/json/events/group/Research
2026-03-30 14:16:34,823 | INFO     | tamu_crawler.parsers.livewhale | Parsed 1 events from research (of 1 raw)
2026-03-30 14:16:34,837 | INFO     | tamu_crawler.normalizer | Normalised 1 events from 1 raw (filtered 0)
2026-03-30 14:16:34,838 | INFO     | tamu_crawler | Source research: 1 raw → 1 normalised events
2026-03-30 14:16:34,838 | INFO     | tamu_crawler | ━━━ Crawling source: international (livewhale_json) ━━━
2026-03-30 14:16:34,838 | DEBUG    | tamu_crawler.http | Rate-limiting calendar.tamu.edu: sleeping 0.92s
2026-03-30 14:16:35,763 | INFO     | tamu_crawler.http | Fetching: https://calendar.tamu.edu/live/json/events/group/International
2026-03-30 14:16:35,872 | INFO     | tamu_crawler.parsers.livewhale | Parsed 0 events from international (of 0 raw)
2026-03-30 14:16:35,872 | INFO     | tamu_crawler.normalizer | Normalised 0 events from 0 raw (filtered 0)
2026-03-30 14:16:35,872 | INFO     | tamu_crawler | Source international: 0 raw → 0 normalised events
2026-03-30 14:16:35,872 | INFO     | tamu_crawler | ━━━ Crawling source: honors (livewhale_json) ━━━
2026-03-30 14:16:35,872 | DEBUG    | tamu_crawler.http | Rate-limiting calendar.tamu.edu: sleeping 0.89s
2026-03-30 14:16:36,764 | INFO     | tamu_crawler.http | Fetching: https://calendar.tamu.edu/live/json/events/group/Honors
2026-03-30 14:16:36,817 | INFO     | tamu_crawler.parsers.livewhale | Parsed 0 events from honors (of 0 raw)
2026-03-30 14:16:36,817 | INFO     | tamu_crawler.normalizer | Normalised 0 events from 0 raw (filtered 0)
2026-03-30 14:16:36,817 | INFO     | tamu_crawler | Source honors: 0 raw → 0 normalised events
2026-03-30 14:16:36,817 | INFO     | tamu_crawler | ━━━ Crawling source: performing_arts (livewhale_json) ━━━
2026-03-30 14:16:36,817 | DEBUG    | tamu_crawler.http | Rate-limiting calendar.tamu.edu: sleeping 0.95s
2026-03-30 14:16:37,765 | INFO     | tamu_crawler.http | Fetching: https://calendar.tamu.edu/live/json/events/group/Performing%20Arts
2026-03-30 14:16:38,106 | INFO     | tamu_crawler.parsers.livewhale | Parsed 0 events from performing_arts (of 0 raw)
2026-03-30 14:16:38,107 | INFO     | tamu_crawler.normalizer | Normalised 0 events from 0 raw (filtered 0)
2026-03-30 14:16:38,107 | INFO     | tamu_crawler | Source performing_arts: 0 raw → 0 normalised events
2026-03-30 14:16:38,107 | INFO     | tamu_crawler | ━━━ Crawling source: feeds (rss_directory) ━━━
2026-03-30 14:16:38,819 | INFO     | tamu_crawler.http | Fetching: https://calendar.tamu.edu/feeds/
2026-03-30 14:16:38,901 | INFO     | tamu_crawler.parsers.rss | Discovered 166 feed URLs from https://calendar.tamu.edu/feeds/
2026-03-30 14:16:38,902 | DEBUG    | tamu_crawler.http | Rate-limiting calendar.tamu.edu: sleeping 0.92s
2026-03-30 14:16:39,820 | INFO     | tamu_crawler.http | Fetching: https://calendar.tamu.edu/feeds
2026-03-30 14:16:40,059 | INFO     | tamu_crawler.parsers.rss | Parsed 0 entries from RSS feed https://calendar.tamu.edu/feeds
2026-03-30 14:16:40,060 | DEBUG    | tamu_crawler.http | Rate-limiting calendar.tamu.edu: sleeping 0.76s
2026-03-30 14:16:40,821 | INFO     | tamu_crawler.http | Fetching: https://calendar.tamu.edu/live/rss/events/group/Office of the Registrar
2026-03-30 14:16:40,960 | INFO     | tamu_crawler.parsers.rss | Parsed 97 entries from RSS feed https://calendar.tamu.edu/live/rss/events/group/Office of the Registrar
2026-03-30 14:16:40,960 | DEBUG    | tamu_crawler.http | Rate-limiting calendar.tamu.edu: sleeping 0.86s
2026-03-30 14:16:41,823 | INFO     | tamu_crawler.http | Fetching: https://calendar.tamu.edu/live/rss/events/group/Academic Success Center
2026-03-30 14:16:41,903 | INFO     | tamu_crawler.parsers.rss | Parsed 0 entries from RSS feed https://calendar.tamu.edu/live/rss/events/group/Academic Success Center
2026-03-30 14:16:41,903 | DEBUG    | tamu_crawler.http | Rate-limiting calendar.tamu.edu: sleeping 0.92s
2026-03-30 14:16:42,824 | INFO     | tamu_crawler.http | Fetching: https://calendar.tamu.edu/live/rss/events/group/Academy for the Visual and Performing Arts
2026-03-30 14:16:42,901 | INFO     | tamu_crawler.parsers.rss | Parsed 0 entries from RSS feed https://calendar.tamu.edu/live/rss/events/group/Academy for the Visual and Performing Arts
2026-03-30 14:16:42,901 | DEBUG    | tamu_crawler.http | Rate-limiting calendar.tamu.edu: sleeping 0.92s
2026-03-30 14:16:43,825 | INFO     | tamu_crawler.http | Fetching: https://calendar.tamu.edu/live/rss/events/group/Aggie Athletics
2026-03-30 14:16:43,951 | INFO     | tamu_crawler.parsers.rss | Parsed 198 entries from RSS feed https://calendar.tamu.edu/live/rss/events/group/Aggie Athletics
2026-03-30 14:16:43,952 | DEBUG    | tamu_crawler.http | Rate-limiting calendar.tamu.edu: sleeping 0.87s
2026-03-30 14:16:44,826 | INFO     | tamu_crawler.http | Fetching: https://calendar.tamu.edu/live/rss/events/group/Aggie One Stop
2026-03-30 14:16:44,962 | INFO     | tamu_crawler.parsers.rss | Parsed 101 entries from RSS feed https://calendar.tamu.edu/live/rss/events/group/Aggie One Stop
2026-03-30 14:16:44,962 | DEBUG    | tamu_crawler.http | Rate-limiting calendar.tamu.edu: sleeping 0.86s
2026-03-30 14:16:45,827 | INFO     | tamu_crawler.http | Fetching: https://calendar.tamu.edu/live/rss/events/group/Annenberg Presidential Conference Center
2026-03-30 14:16:45,890 | INFO     | tamu_crawler.parsers.rss | Parsed 0 entries from RSS feed https://calendar.tamu.edu/live/rss/events/group/Annenberg Presidential Conference Center
2026-03-30 14:16:45,890 | DEBUG    | tamu_crawler.http | Rate-limiting calendar.tamu.edu: sleeping 0.94s
2026-03-30 14:16:46,829 | INFO     | tamu_crawler.http | Fetching: https://calendar.tamu.edu/live/rss/events/group/Applicant Information System
2026-03-30 14:16:46,895 | INFO     | tamu_crawler.parsers.rss | Parsed 0 entries from RSS feed https://calendar.tamu.edu/live/rss/events/group/Applicant Information System
2026-03-30 14:16:46,896 | DEBUG    | tamu_crawler.http | Rate-limiting calendar.tamu.edu: sleeping 0.93s
2026-03-30 14:16:47,830 | INFO     | tamu_crawler.http | Fetching: https://calendar.tamu.edu/live/rss/events/group/Applied Biodiversity Science Program
2026-03-30 14:16:47,969 | INFO     | tamu_crawler.parsers.rss | Parsed 0 entries from RSS feed https://calendar.tamu.edu/live/rss/events/group/Applied Biodiversity Science Program
2026-03-30 14:16:47,969 | DEBUG    | tamu_crawler.http | Rate-limiting calendar.tamu.edu: sleeping 0.86s
2026-03-30 14:16:48,831 | INFO     | tamu_crawler.http | Fetching: https://calendar.tamu.edu/live/rss/events/group/Department of Atmospheric Sciences
2026-03-30 14:16:48,921 | INFO     | tamu_crawler.parsers.rss | Parsed 0 entries from RSS feed https://calendar.tamu.edu/live/rss/events/group/Department of Atmospheric Sciences
2026-03-30 14:16:48,921 | DEBUG    | tamu_crawler.http | Rate-limiting calendar.tamu.edu: sleeping 0.91s
2026-03-30 14:16:49,832 | INFO     | tamu_crawler.http | Fetching: https://calendar.tamu.edu/live/rss/events/group/Bush School
2026-03-30 14:16:49,897 | INFO     | tamu_crawler.parsers.rss | Parsed 1 entries from RSS feed https://calendar.tamu.edu/live/rss/events/group/Bush School
2026-03-30 14:16:49,897 | DEBUG    | tamu_crawler.http | Rate-limiting calendar.tamu.edu: sleeping 0.93s
2026-03-30 14:16:50,833 | INFO     | tamu_crawler.http | Fetching: https://calendar.tamu.edu/live/rss/events/group/Career Center
2026-03-30 14:16:50,928 | INFO     | tamu_crawler.parsers.rss | Parsed 16 entries from RSS feed https://calendar.tamu.edu/live/rss/events/group/Career Center
2026-03-30 14:16:50,928 | DEBUG    | tamu_crawler.http | Rate-limiting calendar.tamu.edu: sleeping 0.90s
2026-03-30 14:16:51,834 | INFO     | tamu_crawler.http | Fetching: https://calendar.tamu.edu/live/rss/events/group/Center for Teaching Excellence
2026-03-30 14:16:51,951 | INFO     | tamu_crawler.parsers.rss | Parsed 29 entries from RSS feed https://calendar.tamu.edu/live/rss/events/group/Center for Teaching Excellence
2026-03-30 14:16:51,951 | DEBUG    | tamu_crawler.http | Rate-limiting calendar.tamu.edu: sleeping 0.88s
2026-03-30 14:16:52,835 | INFO     | tamu_crawler.http | Fetching: https://calendar.tamu.edu/live/rss/events/group/Center of Digital Humanities Research
2026-03-30 14:16:52,909 | INFO     | tamu_crawler.parsers.rss | Parsed 0 entries from RSS feed https://calendar.tamu.edu/live/rss/events/group/Center of Digital Humanities Research
2026-03-30 14:16:52,909 | DEBUG    | tamu_crawler.http | Rate-limiting calendar.tamu.edu: sleeping 0.93s
2026-03-30 14:16:53,837 | INFO     | tamu_crawler.http | Fetching: https://calendar.tamu.edu/live/rss/events/group/Center of Excellence in Cancer Research
2026-03-30 14:16:53,948 | INFO     | tamu_crawler.parsers.rss | Parsed 2 entries from RSS feed https://calendar.tamu.edu/live/rss/events/group/Center of Excellence in Cancer Research
2026-03-30 14:16:53,949 | DEBUG    | tamu_crawler.http | Rate-limiting calendar.tamu.edu: sleeping 0.89s
2026-03-30 14:16:54,838 | INFO     | tamu_crawler.http | Fetching: https://calendar.tamu.edu/live/rss/events/group/Chemistry Roadshow
2026-03-30 14:16:54,921 | INFO     | tamu_crawler.parsers.rss | Parsed 6 entries from RSS feed https://calendar.tamu.edu/live/rss/events/group/Chemistry Roadshow
2026-03-30 14:16:54,922 | DEBUG    | tamu_crawler.http | Rate-limiting calendar.tamu.edu: sleeping 0.92s
2026-03-30 14:16:55,839 | INFO     | tamu_crawler.http | Fetching: https://calendar.tamu.edu/live/rss/events/group/CIRTL@TAMU
2026-03-30 14:16:55,922 | INFO     | tamu_crawler.parsers.rss | Parsed 1 entries from RSS feed https://calendar.tamu.edu/live/rss/events/group/CIRTL@TAMU
2026-03-30 14:16:55,922 | DEBUG    | tamu_crawler.http | Rate-limiting calendar.tamu.edu: sleeping 0.92s
2026-03-30 14:16:56,840 | INFO     | tamu_crawler.http | Fetching: https://calendar.tamu.edu/live/rss/events/group/Coastal Bend Health Education Center
2026-03-30 14:16:57,013 | INFO     | tamu_crawler.parsers.rss | Parsed 188 entries from RSS feed https://calendar.tamu.edu/live/rss/events/group/Coastal Bend Health Education Center
2026-03-30 14:16:57,013 | DEBUG    | tamu_crawler.http | Rate-limiting calendar.tamu.edu: sleeping 0.83s
2026-03-30 14:16:57,842 | INFO     | tamu_crawler.http | Fetching: https://calendar.tamu.edu/live/rss/events/group/College of Architecture
2026-03-30 14:16:57,911 | INFO     | tamu_crawler.parsers.rss | Parsed 0 entries from RSS feed https://calendar.tamu.edu/live/rss/events/group/College of Architecture
2026-03-30 14:16:57,911 | DEBUG    | tamu_crawler.http | Rate-limiting calendar.tamu.edu: sleeping 0.93s
2026-03-30 14:16:58,843 | INFO     | tamu_crawler.http | Fetching: https://calendar.tamu.edu/live/rss/events/group/College of Arts & Sciences
2026-03-30 14:16:58,933 | INFO     | tamu_crawler.parsers.rss | Parsed 31 entries from RSS feed https://calendar.tamu.edu/live/rss/events/group/College of Arts & Sciences
2026-03-30 14:16:58,933 | INFO     | tamu_crawler.parsers.rss | Total 670 events from 20 feeds (of 166 discovered) at https://calendar.tamu.edu/feeds/
2026-03-30 14:17:01,520 | DEBUG    | tamu_crawler.food_detector | Food detected (1.00, lunch, 2 cues): Graduate Student Digital Learning Expo — high_keyword:lunch, pattern:provided
2026-03-30 14:17:02,721 | DEBUG    | tamu_crawler.food_detector | Food detected (0.80, unknown, 1 cues): Colloquium Series: Madelaine Setiawan — academic:colloquium
2026-03-30 14:17:02,761 | DEBUG    | tamu_crawler.food_detector | Food detected (1.00, lunch, 3 cues): Indigenous Studies in Relation — high_keyword:lunch, coffee_with_context:coffee, pattern:served
2026-03-30 14:17:02,798 | DEBUG    | tamu_crawler.food_detector | Food detected (0.80, unknown, 1 cues): Seminar Speaker Nick Perez — academic:seminar series
2026-03-30 14:17:02,817 | DEBUG    | tamu_crawler.food_detector | Food detected (0.80, unknown, 1 cues): Colloquium Series: Jonathan Brunstedt and Akshara Dafre — academic:colloquium
2026-03-30 14:17:02,855 | DEBUG    | tamu_crawler.food_detector | Food detected (0.80, unknown, 1 cues): Seminar Speaker Thorsten Becker — academic:seminar series
2026-03-30 14:17:02,863 | DEBUG    | tamu_crawler.food_detector | Food detected (1.00, lunch, 2 cues): Civic Conversation: A House Divided: What are the Hard Thing — high_keyword:lunch, pattern:served
2026-03-30 14:17:02,876 | DEBUG    | tamu_crawler.food_detector | Food detected (0.80, unknown, 1 cues): Colloquium Series: Jaqueline Mendez — academic:colloquium
2026-03-30 14:17:02,892 | INFO     | tamu_crawler.normalizer | Normalised 650 events from 670 raw (filtered 20)
2026-03-30 14:17:02,892 | INFO     | tamu_crawler | Source feeds: 670 raw → 650 normalised events
2026-03-30 14:17:02,892 | INFO     | tamu_crawler | ━━━ Crawling source: getinvolved_events (html) ━━━
2026-03-30 14:17:02,935 | INFO     | tamu_crawler.http | Fetching: https://getinvolved.tamu.edu/events
2026-03-30 14:17:03,757 | INFO     | tamu_crawler.parsers.getinvolved | Parsed 0 events from GetInvolved events page
2026-03-30 14:17:03,757 | INFO     | tamu_crawler.normalizer | Normalised 0 events from 0 raw (filtered 0)
2026-03-30 14:17:03,757 | INFO     | tamu_crawler | Source getinvolved_events: 0 raw → 0 normalised events
2026-03-30 14:17:03,757 | INFO     | tamu_crawler | ━━━ Crawling source: getinvolved_orgs (html_pagination) ━━━
2026-03-30 14:17:03,757 | DEBUG    | tamu_crawler.http | Rate-limiting getinvolved.tamu.edu: sleeping 0.18s
2026-03-30 14:17:03,937 | INFO     | tamu_crawler.http | Fetching: https://getinvolved.tamu.edu/organizations?page=1
2026-03-30 14:17:04,381 | INFO     | tamu_crawler.parsers.getinvolved | Parsed 0 organisations from GetInvolved page
2026-03-30 14:17:04,381 | INFO     | tamu_crawler | No more results at page 1, stopping
2026-03-30 14:17:04,395 | INFO     | tamu_crawler.parsers.rss | Discovered 0 feed URLs from https://getinvolved.tamu.edu/organizations
2026-03-30 14:17:04,395 | WARNING  | tamu_crawler.parsers.rss | No feed URLs discovered from https://getinvolved.tamu.edu/organizations
2026-03-30 14:17:04,395 | INFO     | tamu_crawler.normalizer | Normalised 0 events from 0 raw (filtered 0)
2026-03-30 14:17:04,395 | INFO     | tamu_crawler | Source getinvolved_orgs: 0 raw → 0 normalised events
2026-03-30 14:17:04,395 | INFO     | tamu_crawler | ━━━ Crawling source: getinvolved_student_life (html) ━━━
2026-03-30 14:17:04,395 | DEBUG    | tamu_crawler.http | Rate-limiting getinvolved.tamu.edu: sleeping 0.54s
2026-03-30 14:17:04,938 | INFO     | tamu_crawler.http | Fetching: https://getinvolved.tamu.edu/org/student-life/events
2026-03-30 14:17:05,343 | INFO     | tamu_crawler.parsers.getinvolved | Parsed 1 events from GetInvolved events page
2026-03-30 14:17:05,355 | INFO     | tamu_crawler.normalizer | Normalised 1 events from 1 raw (filtered 0)
2026-03-30 14:17:05,355 | INFO     | tamu_crawler | Source getinvolved_student_life: 1 raw → 1 normalised events
2026-03-30 14:17:05,355 | INFO     | tamu_crawler | ━━━ Crawling source: getinvolved_dsa (html) ━━━
2026-03-30 14:17:05,356 | DEBUG    | tamu_crawler.http | Rate-limiting getinvolved.tamu.edu: sleeping 0.58s
2026-03-30 14:17:05,939 | INFO     | tamu_crawler.http | Fetching: https://getinvolved.tamu.edu/org/dsa/events?associated=1
2026-03-30 14:17:06,800 | INFO     | tamu_crawler.parsers.getinvolved | Parsed 1 events from GetInvolved events page
2026-03-30 14:17:06,809 | INFO     | tamu_crawler.normalizer | Normalised 1 events from 1 raw (filtered 0)
2026-03-30 14:17:06,809 | INFO     | tamu_crawler | Source getinvolved_dsa: 1 raw → 1 normalised events
2026-03-30 14:17:06,809 | INFO     | tamu_crawler | ━━━ Crawling source: getinvolved_sec (html) ━━━
2026-03-30 14:17:06,809 | DEBUG    | tamu_crawler.http | Rate-limiting getinvolved.tamu.edu: sleeping 0.13s
2026-03-30 14:17:06,939 | INFO     | tamu_crawler.http | Fetching: https://getinvolved.tamu.edu/org/sec/events
2026-03-30 14:17:07,297 | INFO     | tamu_crawler.parsers.getinvolved | Parsed 1 events from GetInvolved events page
2026-03-30 14:17:07,308 | INFO     | tamu_crawler.normalizer | Normalised 1 events from 1 raw (filtered 0)
2026-03-30 14:17:07,308 | INFO     | tamu_crawler | Source getinvolved_sec: 1 raw → 1 normalised events
2026-03-30 14:17:07,308 | INFO     | tamu_crawler | ━━━ Crawling source: getinvolved_msc (html) ━━━
2026-03-30 14:17:07,309 | DEBUG    | tamu_crawler.http | Rate-limiting getinvolved.tamu.edu: sleeping 0.63s
2026-03-30 14:17:07,940 | INFO     | tamu_crawler.http | Fetching: https://getinvolved.tamu.edu/org/msc/events
2026-03-30 14:17:08,434 | INFO     | tamu_crawler.parsers.getinvolved | Parsed 1 events from GetInvolved events page
2026-03-30 14:17:08,445 | INFO     | tamu_crawler.normalizer | Normalised 1 events from 1 raw (filtered 0)
2026-03-30 14:17:08,445 | INFO     | tamu_crawler | Source getinvolved_msc: 1 raw → 1 normalised events
2026-03-30 14:17:08,445 | INFO     | tamu_crawler | ━━━ Crawling source: getinvolved_sga (html) ━━━
2026-03-30 14:17:08,446 | DEBUG    | tamu_crawler.http | Rate-limiting getinvolved.tamu.edu: sleeping 0.49s
2026-03-30 14:17:08,942 | INFO     | tamu_crawler.http | Fetching: https://getinvolved.tamu.edu/org/sga/events
2026-03-30 14:17:09,455 | INFO     | tamu_crawler.parsers.getinvolved | Parsed 1 events from GetInvolved events page
2026-03-30 14:17:09,466 | INFO     | tamu_crawler.normalizer | Normalised 1 events from 1 raw (filtered 0)
2026-03-30 14:17:09,466 | INFO     | tamu_crawler | Source getinvolved_sga: 1 raw → 1 normalised events
2026-03-30 14:17:09,467 | INFO     | tamu_crawler | ━━━ Crawling source: getinvolved_search_engineering (html_search) ━━━
2026-03-30 14:17:09,467 | DEBUG    | tamu_crawler.http | Rate-limiting getinvolved.tamu.edu: sleeping 0.47s
2026-03-30 14:17:09,943 | INFO     | tamu_crawler.http | Fetching: https://getinvolved.tamu.edu/events?query=SEC
2026-03-30 14:17:10,859 | INFO     | tamu_crawler.parsers.getinvolved | Parsed 0 events from GetInvolved events page
2026-03-30 14:17:10,860 | INFO     | tamu_crawler.parsers.getinvolved | Search parser found 0 events for source getinvolved_search_engineering (url: https://getinvolved.tamu.edu/events?query=SEC)
2026-03-30 14:17:10,860 | DEBUG    | tamu_crawler.http | Rate-limiting getinvolved.tamu.edu: sleeping 0.08s
2026-03-30 14:17:10,944 | INFO     | tamu_crawler.http | Fetching: https://getinvolved.tamu.edu/events?query=Student Engineers Council
2026-03-30 14:17:11,716 | INFO     | tamu_crawler.parsers.getinvolved | Parsed 0 events from GetInvolved events page
2026-03-30 14:17:11,716 | INFO     | tamu_crawler.parsers.getinvolved | Search parser found 0 events for source getinvolved_search_engineering (url: https://getinvolved.tamu.edu/events?query=Student Engineers Council)
2026-03-30 14:17:11,716 | DEBUG    | tamu_crawler.http | Rate-limiting getinvolved.tamu.edu: sleeping 0.23s
2026-03-30 14:17:11,945 | INFO     | tamu_crawler.http | Fetching: https://getinvolved.tamu.edu/events?query=engineering
2026-03-30 14:17:12,747 | INFO     | tamu_crawler.parsers.getinvolved | Parsed 0 events from GetInvolved events page
2026-03-30 14:17:12,747 | INFO     | tamu_crawler.parsers.getinvolved | Search parser found 0 events for source getinvolved_search_engineering (url: https://getinvolved.tamu.edu/events?query=engineering)
2026-03-30 14:17:12,748 | DEBUG    | tamu_crawler.http | Rate-limiting getinvolved.tamu.edu: sleeping 0.20s
2026-03-30 14:17:12,946 | INFO     | tamu_crawler.http | Fetching: https://getinvolved.tamu.edu/events?query=ASME
2026-03-30 14:17:13,672 | INFO     | tamu_crawler.parsers.getinvolved | Parsed 0 events from GetInvolved events page
2026-03-30 14:17:13,672 | INFO     | tamu_crawler.parsers.getinvolved | Search parser found 0 events for source getinvolved_search_engineering (url: https://getinvolved.tamu.edu/events?query=ASME)
2026-03-30 14:17:13,672 | DEBUG    | tamu_crawler.http | Rate-limiting getinvolved.tamu.edu: sleeping 0.27s
2026-03-30 14:17:13,947 | INFO     | tamu_crawler.http | Fetching: https://getinvolved.tamu.edu/events?query=IEEE
2026-03-30 14:17:14,674 | INFO     | tamu_crawler.parsers.getinvolved | Parsed 0 events from GetInvolved events page
2026-03-30 14:17:14,674 | INFO     | tamu_crawler.parsers.getinvolved | Search parser found 0 events for source getinvolved_search_engineering (url: https://getinvolved.tamu.edu/events?query=IEEE)
2026-03-30 14:17:14,675 | DEBUG    | tamu_crawler.http | Rate-limiting getinvolved.tamu.edu: sleeping 0.27s
2026-03-30 14:17:14,948 | INFO     | tamu_crawler.http | Fetching: https://getinvolved.tamu.edu/events?query=AIChE
2026-03-30 14:17:15,715 | INFO     | tamu_crawler.parsers.getinvolved | Parsed 0 events from GetInvolved events page
2026-03-30 14:17:15,715 | INFO     | tamu_crawler.parsers.getinvolved | Search parser found 0 events for source getinvolved_search_engineering (url: https://getinvolved.tamu.edu/events?query=AIChE)
2026-03-30 14:17:15,715 | DEBUG    | tamu_crawler.http | Rate-limiting getinvolved.tamu.edu: sleeping 0.23s
2026-03-30 14:17:15,949 | INFO     | tamu_crawler.http | Fetching: https://getinvolved.tamu.edu/events?query=SHPE
2026-03-30 14:17:16,674 | INFO     | tamu_crawler.parsers.getinvolved | Parsed 0 events from GetInvolved events page
2026-03-30 14:17:16,675 | INFO     | tamu_crawler.parsers.getinvolved | Search parser found 0 events for source getinvolved_search_engineering (url: https://getinvolved.tamu.edu/events?query=SHPE)
2026-03-30 14:17:16,675 | DEBUG    | tamu_crawler.http | Rate-limiting getinvolved.tamu.edu: sleeping 0.27s
2026-03-30 14:17:16,950 | INFO     | tamu_crawler.http | Fetching: https://getinvolved.tamu.edu/events?query=NSBE
2026-03-30 14:17:17,755 | INFO     | tamu_crawler.parsers.getinvolved | Parsed 0 events from GetInvolved events page
2026-03-30 14:17:17,755 | INFO     | tamu_crawler.parsers.getinvolved | Search parser found 0 events for source getinvolved_search_engineering (url: https://getinvolved.tamu.edu/events?query=NSBE)
2026-03-30 14:17:17,755 | DEBUG    | tamu_crawler.http | Rate-limiting getinvolved.tamu.edu: sleeping 0.20s
2026-03-30 14:17:17,951 | INFO     | tamu_crawler.http | Fetching: https://getinvolved.tamu.edu/events?query=SWE
2026-03-30 14:17:18,682 | INFO     | tamu_crawler.parsers.getinvolved | Parsed 0 events from GetInvolved events page
2026-03-30 14:17:18,682 | INFO     | tamu_crawler.parsers.getinvolved | Search parser found 0 events for source getinvolved_search_engineering (url: https://getinvolved.tamu.edu/events?query=SWE)
2026-03-30 14:17:18,689 | INFO     | tamu_crawler.parsers.rss | Discovered 0 feed URLs from https://getinvolved.tamu.edu/events
2026-03-30 14:17:18,689 | WARNING  | tamu_crawler.parsers.rss | No feed URLs discovered from https://getinvolved.tamu.edu/events
2026-03-30 14:17:18,689 | INFO     | tamu_crawler.normalizer | Normalised 0 events from 0 raw (filtered 0)
2026-03-30 14:17:18,689 | INFO     | tamu_crawler | Source getinvolved_search_engineering: 0 raw → 0 normalised events
2026-03-30 14:17:18,689 | INFO     | tamu_crawler | ━━━ Crawling source: getinvolved_search_cultural (html_search) ━━━
2026-03-30 14:17:18,689 | DEBUG    | tamu_crawler.http | Rate-limiting getinvolved.tamu.edu: sleeping 0.26s
2026-03-30 14:17:18,952 | INFO     | tamu_crawler.http | Fetching: https://getinvolved.tamu.edu/events?query=PhilSA
2026-03-30 14:17:19,697 | INFO     | tamu_crawler.parsers.getinvolved | Parsed 0 events from GetInvolved events page
2026-03-30 14:17:19,697 | INFO     | tamu_crawler.parsers.getinvolved | Search parser found 0 events for source getinvolved_search_cultural (url: https://getinvolved.tamu.edu/events?query=PhilSA)
2026-03-30 14:17:19,697 | DEBUG    | tamu_crawler.http | Rate-limiting getinvolved.tamu.edu: sleeping 0.25s
2026-03-30 14:17:19,953 | INFO     | tamu_crawler.http | Fetching: https://getinvolved.tamu.edu/events?query=TASA
2026-03-30 14:17:20,730 | INFO     | tamu_crawler.parsers.getinvolved | Parsed 0 events from GetInvolved events page
2026-03-30 14:17:20,730 | INFO     | tamu_crawler.parsers.getinvolved | Search parser found 0 events for source getinvolved_search_cultural (url: https://getinvolved.tamu.edu/events?query=TASA)
2026-03-30 14:17:20,730 | DEBUG    | tamu_crawler.http | Rate-limiting getinvolved.tamu.edu: sleeping 0.22s
2026-03-30 14:17:20,954 | INFO     | tamu_crawler.http | Fetching: https://getinvolved.tamu.edu/events?query=cultural
2026-03-30 14:17:21,763 | INFO     | tamu_crawler.parsers.getinvolved | Parsed 0 events from GetInvolved events page
2026-03-30 14:17:21,763 | INFO     | tamu_crawler.parsers.getinvolved | Search parser found 0 events for source getinvolved_search_cultural (url: https://getinvolved.tamu.edu/events?query=cultural)
2026-03-30 14:17:21,763 | DEBUG    | tamu_crawler.http | Rate-limiting getinvolved.tamu.edu: sleeping 0.19s
2026-03-30 14:17:21,955 | INFO     | tamu_crawler.http | Fetching: https://getinvolved.tamu.edu/events?query=international students
2026-03-30 14:17:22,687 | INFO     | tamu_crawler.parsers.getinvolved | Parsed 0 events from GetInvolved events page
2026-03-30 14:17:22,687 | INFO     | tamu_crawler.parsers.getinvolved | Search parser found 0 events for source getinvolved_search_cultural (url: https://getinvolved.tamu.edu/events?query=international students)
2026-03-30 14:17:22,687 | DEBUG    | tamu_crawler.http | Rate-limiting getinvolved.tamu.edu: sleeping 0.27s
2026-03-30 14:17:22,957 | INFO     | tamu_crawler.http | Fetching: https://getinvolved.tamu.edu/events?query=MSC CAMAC
2026-03-30 14:17:23,698 | INFO     | tamu_crawler.parsers.getinvolved | Parsed 0 events from GetInvolved events page
2026-03-30 14:17:23,698 | INFO     | tamu_crawler.parsers.getinvolved | Search parser found 0 events for source getinvolved_search_cultural (url: https://getinvolved.tamu.edu/events?query=MSC CAMAC)
2026-03-30 14:17:23,698 | DEBUG    | tamu_crawler.http | Rate-limiting getinvolved.tamu.edu: sleeping 0.26s
2026-03-30 14:17:23,958 | INFO     | tamu_crawler.http | Fetching: https://getinvolved.tamu.edu/events?query=ALPFA
2026-03-30 14:17:24,731 | INFO     | tamu_crawler.parsers.getinvolved | Parsed 0 events from GetInvolved events page
2026-03-30 14:17:24,731 | INFO     | tamu_crawler.parsers.getinvolved | Search parser found 0 events for source getinvolved_search_cultural (url: https://getinvolved.tamu.edu/events?query=ALPFA)
2026-03-30 14:17:24,738 | INFO     | tamu_crawler.parsers.rss | Discovered 0 feed URLs from https://getinvolved.tamu.edu/events
2026-03-30 14:17:24,738 | WARNING  | tamu_crawler.parsers.rss | No feed URLs discovered from https://getinvolved.tamu.edu/events
2026-03-30 14:17:24,738 | INFO     | tamu_crawler.normalizer | Normalised 0 events from 0 raw (filtered 0)
2026-03-30 14:17:24,738 | INFO     | tamu_crawler | Source getinvolved_search_cultural: 0 raw → 0 normalised events
2026-03-30 14:17:24,738 | INFO     | tamu_crawler | ━━━ Crawling source: getinvolved_search_entrepreneurship (html_search) ━━━
2026-03-30 14:17:24,738 | DEBUG    | tamu_crawler.http | Rate-limiting getinvolved.tamu.edu: sleeping 0.22s
2026-03-30 14:17:24,959 | INFO     | tamu_crawler.http | Fetching: https://getinvolved.tamu.edu/events?query=pitch
2026-03-30 14:17:25,750 | INFO     | tamu_crawler.parsers.getinvolved | Parsed 0 events from GetInvolved events page
2026-03-30 14:17:25,750 | INFO     | tamu_crawler.parsers.getinvolved | Search parser found 0 events for source getinvolved_search_entrepreneurship (url: https://getinvolved.tamu.edu/events?query=pitch)
2026-03-30 14:17:25,750 | DEBUG    | tamu_crawler.http | Rate-limiting getinvolved.tamu.edu: sleeping 0.21s
2026-03-30 14:17:25,960 | INFO     | tamu_crawler.http | Fetching: https://getinvolved.tamu.edu/events?query=startup
2026-03-30 14:17:26,709 | INFO     | tamu_crawler.parsers.getinvolved | Parsed 0 events from GetInvolved events page
2026-03-30 14:17:26,709 | INFO     | tamu_crawler.parsers.getinvolved | Search parser found 0 events for source getinvolved_search_entrepreneurship (url: https://getinvolved.tamu.edu/events?query=startup)
2026-03-30 14:17:26,709 | DEBUG    | tamu_crawler.http | Rate-limiting getinvolved.tamu.edu: sleeping 0.25s
2026-03-30 14:17:26,961 | INFO     | tamu_crawler.http | Fetching: https://getinvolved.tamu.edu/events?query=entrepreneurship
2026-03-30 14:17:27,693 | INFO     | tamu_crawler.parsers.getinvolved | Parsed 0 events from GetInvolved events page
2026-03-30 14:17:27,694 | INFO     | tamu_crawler.parsers.getinvolved | Search parser found 0 events for source getinvolved_search_entrepreneurship (url: https://getinvolved.tamu.edu/events?query=entrepreneurship)
2026-03-30 14:17:27,694 | DEBUG    | tamu_crawler.http | Rate-limiting getinvolved.tamu.edu: sleeping 0.27s
2026-03-30 14:17:27,963 | INFO     | tamu_crawler.http | Fetching: https://getinvolved.tamu.edu/events?query=McFerrin
2026-03-30 14:17:28,722 | INFO     | tamu_crawler.parsers.getinvolved | Parsed 0 events from GetInvolved events page
2026-03-30 14:17:28,722 | INFO     | tamu_crawler.parsers.getinvolved | Search parser found 0 events for source getinvolved_search_entrepreneurship (url: https://getinvolved.tamu.edu/events?query=McFerrin)
2026-03-30 14:17:28,722 | DEBUG    | tamu_crawler.http | Rate-limiting getinvolved.tamu.edu: sleeping 0.24s
2026-03-30 14:17:28,963 | INFO     | tamu_crawler.http | Fetching: https://getinvolved.tamu.edu/events?query=Meloy
2026-03-30 14:17:29,670 | INFO     | tamu_crawler.parsers.getinvolved | Parsed 0 events from GetInvolved events page
2026-03-30 14:17:29,670 | INFO     | tamu_crawler.parsers.getinvolved | Search parser found 0 events for source getinvolved_search_entrepreneurship (url: https://getinvolved.tamu.edu/events?query=Meloy)
2026-03-30 14:17:29,670 | DEBUG    | tamu_crawler.http | Rate-limiting getinvolved.tamu.edu: sleeping 0.29s
2026-03-30 14:17:29,964 | INFO     | tamu_crawler.http | Fetching: https://getinvolved.tamu.edu/events?query=business plan
2026-03-30 14:17:30,767 | INFO     | tamu_crawler.parsers.getinvolved | Parsed 0 events from GetInvolved events page
2026-03-30 14:17:30,768 | INFO     | tamu_crawler.parsers.getinvolved | Search parser found 0 events for source getinvolved_search_entrepreneurship (url: https://getinvolved.tamu.edu/events?query=business plan)
2026-03-30 14:17:30,768 | DEBUG    | tamu_crawler.http | Rate-limiting getinvolved.tamu.edu: sleeping 0.20s
2026-03-30 14:17:30,966 | INFO     | tamu_crawler.http | Fetching: https://getinvolved.tamu.edu/events?query=venture
2026-03-30 14:17:31,696 | INFO     | tamu_crawler.parsers.getinvolved | Parsed 0 events from GetInvolved events page
2026-03-30 14:17:31,697 | INFO     | tamu_crawler.parsers.getinvolved | Search parser found 0 events for source getinvolved_search_entrepreneurship (url: https://getinvolved.tamu.edu/events?query=venture)
2026-03-30 14:17:31,705 | INFO     | tamu_crawler.parsers.rss | Discovered 0 feed URLs from https://getinvolved.tamu.edu/events
2026-03-30 14:17:31,705 | WARNING  | tamu_crawler.parsers.rss | No feed URLs discovered from https://getinvolved.tamu.edu/events
2026-03-30 14:17:31,705 | INFO     | tamu_crawler.normalizer | Normalised 0 events from 0 raw (filtered 0)
2026-03-30 14:17:31,705 | INFO     | tamu_crawler | Source getinvolved_search_entrepreneurship: 0 raw → 0 normalised events
2026-03-30 14:17:31,705 | INFO     | tamu_crawler | ━━━ Crawling source: getinvolved_search_food (html_search) ━━━
2026-03-30 14:17:31,705 | DEBUG    | tamu_crawler.http | Rate-limiting getinvolved.tamu.edu: sleeping 0.26s
2026-03-30 14:17:31,967 | INFO     | tamu_crawler.http | Fetching: https://getinvolved.tamu.edu/events?query=free food
2026-03-30 14:17:32,715 | INFO     | tamu_crawler.parsers.getinvolved | Parsed 0 events from GetInvolved events page
2026-03-30 14:17:32,716 | INFO     | tamu_crawler.parsers.getinvolved | Search parser found 0 events for source getinvolved_search_food (url: https://getinvolved.tamu.edu/events?query=free food)
2026-03-30 14:17:32,716 | DEBUG    | tamu_crawler.http | Rate-limiting getinvolved.tamu.edu: sleeping 0.25s
2026-03-30 14:17:32,968 | INFO     | tamu_crawler.http | Fetching: https://getinvolved.tamu.edu/events?query=pizza
2026-03-30 14:17:33,728 | INFO     | tamu_crawler.parsers.getinvolved | Parsed 0 events from GetInvolved events page
2026-03-30 14:17:33,728 | INFO     | tamu_crawler.parsers.getinvolved | Search parser found 0 events for source getinvolved_search_food (url: https://getinvolved.tamu.edu/events?query=pizza)
2026-03-30 14:17:33,728 | DEBUG    | tamu_crawler.http | Rate-limiting getinvolved.tamu.edu: sleeping 0.24s
2026-03-30 14:17:33,969 | INFO     | tamu_crawler.http | Fetching: https://getinvolved.tamu.edu/events?query=lunch
2026-03-30 14:17:34,767 | INFO     | tamu_crawler.parsers.getinvolved | Parsed 0 events from GetInvolved events page
2026-03-30 14:17:34,767 | INFO     | tamu_crawler.parsers.getinvolved | Search parser found 0 events for source getinvolved_search_food (url: https://getinvolved.tamu.edu/events?query=lunch)
2026-03-30 14:17:34,767 | DEBUG    | tamu_crawler.http | Rate-limiting getinvolved.tamu.edu: sleeping 0.20s
2026-03-30 14:17:34,971 | INFO     | tamu_crawler.http | Fetching: https://getinvolved.tamu.edu/events?query=dinner
2026-03-30 14:17:35,896 | INFO     | tamu_crawler.parsers.getinvolved | Parsed 0 events from GetInvolved events page
2026-03-30 14:17:35,896 | INFO     | tamu_crawler.parsers.getinvolved | Search parser found 0 events for source getinvolved_search_food (url: https://getinvolved.tamu.edu/events?query=dinner)
2026-03-30 14:17:35,896 | DEBUG    | tamu_crawler.http | Rate-limiting getinvolved.tamu.edu: sleeping 0.07s
2026-03-30 14:17:35,972 | INFO     | tamu_crawler.http | Fetching: https://getinvolved.tamu.edu/events?query=food
2026-03-30 14:17:36,691 | INFO     | tamu_crawler.parsers.getinvolved | Parsed 0 events from GetInvolved events page
2026-03-30 14:17:36,691 | INFO     | tamu_crawler.parsers.getinvolved | Search parser found 0 events for source getinvolved_search_food (url: https://getinvolved.tamu.edu/events?query=food)
2026-03-30 14:17:36,691 | DEBUG    | tamu_crawler.http | Rate-limiting getinvolved.tamu.edu: sleeping 0.28s
2026-03-30 14:17:36,973 | INFO     | tamu_crawler.http | Fetching: https://getinvolved.tamu.edu/events?query=catered
2026-03-30 14:17:37,728 | INFO     | tamu_crawler.parsers.getinvolved | Parsed 0 events from GetInvolved events page
2026-03-30 14:17:37,728 | INFO     | tamu_crawler.parsers.getinvolved | Search parser found 0 events for source getinvolved_search_food (url: https://getinvolved.tamu.edu/events?query=catered)
2026-03-30 14:17:37,728 | DEBUG    | tamu_crawler.http | Rate-limiting getinvolved.tamu.edu: sleeping 0.24s
2026-03-30 14:17:37,974 | INFO     | tamu_crawler.http | Fetching: https://getinvolved.tamu.edu/events?query=BBQ
2026-03-30 14:17:38,756 | INFO     | tamu_crawler.parsers.getinvolved | Parsed 0 events from GetInvolved events page
2026-03-30 14:17:38,757 | INFO     | tamu_crawler.parsers.getinvolved | Search parser found 0 events for source getinvolved_search_food (url: https://getinvolved.tamu.edu/events?query=BBQ)
2026-03-30 14:17:38,769 | INFO     | tamu_crawler.parsers.rss | Discovered 0 feed URLs from https://getinvolved.tamu.edu/events
2026-03-30 14:17:38,769 | WARNING  | tamu_crawler.parsers.rss | No feed URLs discovered from https://getinvolved.tamu.edu/events
2026-03-30 14:17:38,769 | INFO     | tamu_crawler.normalizer | Normalised 0 events from 0 raw (filtered 0)
2026-03-30 14:17:38,769 | INFO     | tamu_crawler | Source getinvolved_search_food: 0 raw → 0 normalised events
2026-03-30 14:17:38,769 | INFO     | tamu_crawler | ━━━ Crawling source: getinvolved_search_sports (html_search) ━━━
2026-03-30 14:17:38,769 | DEBUG    | tamu_crawler.http | Rate-limiting getinvolved.tamu.edu: sleeping 0.20s
2026-03-30 14:17:38,975 | INFO     | tamu_crawler.http | Fetching: https://getinvolved.tamu.edu/events?query=athletics
2026-03-30 14:17:39,779 | INFO     | tamu_crawler.parsers.getinvolved | Parsed 0 events from GetInvolved events page
2026-03-30 14:17:39,779 | INFO     | tamu_crawler.parsers.getinvolved | Search parser found 0 events for source getinvolved_search_sports (url: https://getinvolved.tamu.edu/events?query=athletics)
2026-03-30 14:17:39,779 | DEBUG    | tamu_crawler.http | Rate-limiting getinvolved.tamu.edu: sleeping 0.20s
2026-03-30 14:17:39,976 | INFO     | tamu_crawler.http | Fetching: https://getinvolved.tamu.edu/events?query=rec sports
2026-03-30 14:17:40,698 | INFO     | tamu_crawler.parsers.getinvolved | Parsed 0 events from GetInvolved events page
2026-03-30 14:17:40,698 | INFO     | tamu_crawler.parsers.getinvolved | Search parser found 0 events for source getinvolved_search_sports (url: https://getinvolved.tamu.edu/events?query=rec sports)
2026-03-30 14:17:40,698 | DEBUG    | tamu_crawler.http | Rate-limiting getinvolved.tamu.edu: sleeping 0.28s
2026-03-30 14:17:40,978 | INFO     | tamu_crawler.http | Fetching: https://getinvolved.tamu.edu/events?query=intramural
2026-03-30 14:17:41,731 | INFO     | tamu_crawler.parsers.getinvolved | Parsed 0 events from GetInvolved events page
2026-03-30 14:17:41,732 | INFO     | tamu_crawler.parsers.getinvolved | Search parser found 0 events for source getinvolved_search_sports (url: https://getinvolved.tamu.edu/events?query=intramural)
2026-03-30 14:17:41,732 | DEBUG    | tamu_crawler.http | Rate-limiting getinvolved.tamu.edu: sleeping 0.25s
2026-03-30 14:17:41,978 | INFO     | tamu_crawler.http | Fetching: https://getinvolved.tamu.edu/events?query=fitness
2026-03-30 14:17:42,675 | INFO     | tamu_crawler.parsers.getinvolved | Parsed 0 events from GetInvolved events page
2026-03-30 14:17:42,675 | INFO     | tamu_crawler.parsers.getinvolved | Search parser found 0 events for source getinvolved_search_sports (url: https://getinvolved.tamu.edu/events?query=fitness)
2026-03-30 14:17:42,675 | DEBUG    | tamu_crawler.http | Rate-limiting getinvolved.tamu.edu: sleeping 0.30s
2026-03-30 14:17:42,979 | INFO     | tamu_crawler.http | Fetching: https://getinvolved.tamu.edu/events?query=tournament
2026-03-30 14:17:43,666 | INFO     | tamu_crawler.parsers.getinvolved | Parsed 0 events from GetInvolved events page
2026-03-30 14:17:43,667 | INFO     | tamu_crawler.parsers.getinvolved | Search parser found 0 events for source getinvolved_search_sports (url: https://getinvolved.tamu.edu/events?query=tournament)
2026-03-30 14:17:43,680 | INFO     | tamu_crawler.parsers.rss | Discovered 0 feed URLs from https://getinvolved.tamu.edu/events
2026-03-30 14:17:43,680 | WARNING  | tamu_crawler.parsers.rss | No feed URLs discovered from https://getinvolved.tamu.edu/events
2026-03-30 14:17:43,680 | INFO     | tamu_crawler.normalizer | Normalised 0 events from 0 raw (filtered 0)
2026-03-30 14:17:43,680 | INFO     | tamu_crawler | Source getinvolved_search_sports: 0 raw → 0 normalised events
2026-03-30 14:17:43,680 | INFO     | tamu_crawler | ━━━ Crawling source: getinvolved_search_wellness (html_search) ━━━
2026-03-30 14:17:43,680 | DEBUG    | tamu_crawler.http | Rate-limiting getinvolved.tamu.edu: sleeping 0.30s
2026-03-30 14:17:43,980 | INFO     | tamu_crawler.http | Fetching: https://getinvolved.tamu.edu/events?query=wellness
2026-03-30 14:17:44,698 | INFO     | tamu_crawler.parsers.getinvolved | Parsed 0 events from GetInvolved events page
2026-03-30 14:17:44,699 | INFO     | tamu_crawler.parsers.getinvolved | Search parser found 0 events for source getinvolved_search_wellness (url: https://getinvolved.tamu.edu/events?query=wellness)
2026-03-30 14:17:44,699 | DEBUG    | tamu_crawler.http | Rate-limiting getinvolved.tamu.edu: sleeping 0.28s
2026-03-30 14:17:44,982 | INFO     | tamu_crawler.http | Fetching: https://getinvolved.tamu.edu/events?query=mental health
2026-03-30 14:17:45,915 | INFO     | tamu_crawler.parsers.getinvolved | Parsed 0 events from GetInvolved events page
2026-03-30 14:17:45,915 | INFO     | tamu_crawler.parsers.getinvolved | Search parser found 0 events for source getinvolved_search_wellness (url: https://getinvolved.tamu.edu/events?query=mental health)
2026-03-30 14:17:45,915 | DEBUG    | tamu_crawler.http | Rate-limiting getinvolved.tamu.edu: sleeping 0.07s
2026-03-30 14:17:45,983 | INFO     | tamu_crawler.http | Fetching: https://getinvolved.tamu.edu/events?query=self-care
2026-03-30 14:17:46,693 | INFO     | tamu_crawler.parsers.getinvolved | Parsed 0 events from GetInvolved events page
2026-03-30 14:17:46,693 | INFO     | tamu_crawler.parsers.getinvolved | Search parser found 0 events for source getinvolved_search_wellness (url: https://getinvolved.tamu.edu/events?query=self-care)
2026-03-30 14:17:46,693 | DEBUG    | tamu_crawler.http | Rate-limiting getinvolved.tamu.edu: sleeping 0.29s
2026-03-30 14:17:46,984 | INFO     | tamu_crawler.http | Fetching: https://getinvolved.tamu.edu/events?query=meditation
2026-03-30 14:17:47,716 | INFO     | tamu_crawler.parsers.getinvolved | Parsed 0 events from GetInvolved events page
2026-03-30 14:17:47,716 | INFO     | tamu_crawler.parsers.getinvolved | Search parser found 0 events for source getinvolved_search_wellness (url: https://getinvolved.tamu.edu/events?query=meditation)
2026-03-30 14:17:47,716 | DEBUG    | tamu_crawler.http | Rate-limiting getinvolved.tamu.edu: sleeping 0.27s
2026-03-30 14:17:47,984 | INFO     | tamu_crawler.http | Fetching: https://getinvolved.tamu.edu/events?query=counseling
2026-03-30 14:17:48,788 | INFO     | tamu_crawler.parsers.getinvolved | Parsed 0 events from GetInvolved events page
2026-03-30 14:17:48,788 | INFO     | tamu_crawler.parsers.getinvolved | Search parser found 0 events for source getinvolved_search_wellness (url: https://getinvolved.tamu.edu/events?query=counseling)
2026-03-30 14:17:48,797 | INFO     | tamu_crawler.parsers.rss | Discovered 0 feed URLs from https://getinvolved.tamu.edu/events
2026-03-30 14:17:48,797 | WARNING  | tamu_crawler.parsers.rss | No feed URLs discovered from https://getinvolved.tamu.edu/events
2026-03-30 14:17:48,797 | INFO     | tamu_crawler.normalizer | Normalised 0 events from 0 raw (filtered 0)
2026-03-30 14:17:48,797 | INFO     | tamu_crawler | Source getinvolved_search_wellness: 0 raw → 0 normalised events
2026-03-30 14:17:48,798 | INFO     | tamu_crawler | ━━━ Crawling source: getinvolved_search_religion (html_search) ━━━
2026-03-30 14:17:48,798 | DEBUG    | tamu_crawler.http | Rate-limiting getinvolved.tamu.edu: sleeping 0.19s
2026-03-30 14:17:48,986 | INFO     | tamu_crawler.http | Fetching: https://getinvolved.tamu.edu/events?query=worship
2026-03-30 14:17:49,710 | INFO     | tamu_crawler.parsers.getinvolved | Parsed 0 events from GetInvolved events page
2026-03-30 14:17:49,710 | INFO     | tamu_crawler.parsers.getinvolved | Search parser found 0 events for source getinvolved_search_religion (url: https://getinvolved.tamu.edu/events?query=worship)
2026-03-30 14:17:49,710 | DEBUG    | tamu_crawler.http | Rate-limiting getinvolved.tamu.edu: sleeping 0.28s
2026-03-30 14:17:49,987 | INFO     | tamu_crawler.http | Fetching: https://getinvolved.tamu.edu/events?query=prayer
2026-03-30 14:17:50,724 | INFO     | tamu_crawler.parsers.getinvolved | Parsed 0 events from GetInvolved events page
2026-03-30 14:17:50,724 | INFO     | tamu_crawler.parsers.getinvolved | Search parser found 0 events for source getinvolved_search_religion (url: https://getinvolved.tamu.edu/events?query=prayer)
2026-03-30 14:17:50,724 | DEBUG    | tamu_crawler.http | Rate-limiting getinvolved.tamu.edu: sleeping 0.26s
2026-03-30 14:17:50,988 | INFO     | tamu_crawler.http | Fetching: https://getinvolved.tamu.edu/events?query=bible study
2026-03-30 14:17:51,754 | INFO     | tamu_crawler.parsers.getinvolved | Parsed 0 events from GetInvolved events page
2026-03-30 14:17:51,754 | INFO     | tamu_crawler.parsers.getinvolved | Search parser found 0 events for source getinvolved_search_religion (url: https://getinvolved.tamu.edu/events?query=bible study)
2026-03-30 14:17:51,754 | DEBUG    | tamu_crawler.http | Rate-limiting getinvolved.tamu.edu: sleeping 0.23s
2026-03-30 14:17:51,989 | INFO     | tamu_crawler.http | Fetching: https://getinvolved.tamu.edu/events?query=ministry
2026-03-30 14:17:52,783 | INFO     | tamu_crawler.parsers.getinvolved | Parsed 0 events from GetInvolved events page
2026-03-30 14:17:52,783 | INFO     | tamu_crawler.parsers.getinvolved | Search parser found 0 events for source getinvolved_search_religion (url: https://getinvolved.tamu.edu/events?query=ministry)
2026-03-30 14:17:52,783 | DEBUG    | tamu_crawler.http | Rate-limiting getinvolved.tamu.edu: sleeping 0.21s
2026-03-30 14:17:52,991 | INFO     | tamu_crawler.http | Fetching: https://getinvolved.tamu.edu/events?query=faith
2026-03-30 14:17:53,825 | INFO     | tamu_crawler.parsers.getinvolved | Parsed 0 events from GetInvolved events page
2026-03-30 14:17:53,825 | INFO     | tamu_crawler.parsers.getinvolved | Search parser found 0 events for source getinvolved_search_religion (url: https://getinvolved.tamu.edu/events?query=faith)
2026-03-30 14:17:53,825 | DEBUG    | tamu_crawler.http | Rate-limiting getinvolved.tamu.edu: sleeping 0.17s
2026-03-30 14:17:53,992 | INFO     | tamu_crawler.http | Fetching: https://getinvolved.tamu.edu/events?query=church
2026-03-30 14:17:54,731 | INFO     | tamu_crawler.parsers.getinvolved | Parsed 0 events from GetInvolved events page
2026-03-30 14:17:54,731 | INFO     | tamu_crawler.parsers.getinvolved | Search parser found 0 events for source getinvolved_search_religion (url: https://getinvolved.tamu.edu/events?query=church)
2026-03-30 14:17:54,741 | INFO     | tamu_crawler.parsers.rss | Discovered 0 feed URLs from https://getinvolved.tamu.edu/events
2026-03-30 14:17:54,741 | WARNING  | tamu_crawler.parsers.rss | No feed URLs discovered from https://getinvolved.tamu.edu/events
2026-03-30 14:17:54,741 | INFO     | tamu_crawler.normalizer | Normalised 0 events from 0 raw (filtered 0)
2026-03-30 14:17:54,741 | INFO     | tamu_crawler | Source getinvolved_search_religion: 0 raw → 0 normalised events
2026-03-30 14:17:54,741 | INFO     | tamu_crawler | ━━━ Crawling source: getinvolved_search_advocacy (html_search) ━━━
2026-03-30 14:17:54,741 | DEBUG    | tamu_crawler.http | Rate-limiting getinvolved.tamu.edu: sleeping 0.25s
2026-03-30 14:17:54,993 | INFO     | tamu_crawler.http | Fetching: https://getinvolved.tamu.edu/events?query=volunteer
2026-03-30 14:17:55,752 | INFO     | tamu_crawler.parsers.getinvolved | Parsed 0 events from GetInvolved events page
2026-03-30 14:17:55,752 | INFO     | tamu_crawler.parsers.getinvolved | Search parser found 0 events for source getinvolved_search_advocacy (url: https://getinvolved.tamu.edu/events?query=volunteer)
2026-03-30 14:17:55,752 | DEBUG    | tamu_crawler.http | Rate-limiting getinvolved.tamu.edu: sleeping 0.24s
2026-03-30 14:17:55,994 | INFO     | tamu_crawler.http | Fetching: https://getinvolved.tamu.edu/events?query=service
2026-03-30 14:17:56,786 | INFO     | tamu_crawler.parsers.getinvolved | Parsed 0 events from GetInvolved events page
2026-03-30 14:17:56,786 | INFO     | tamu_crawler.parsers.getinvolved | Search parser found 0 events for source getinvolved_search_advocacy (url: https://getinvolved.tamu.edu/events?query=service)
2026-03-30 14:17:56,786 | DEBUG    | tamu_crawler.http | Rate-limiting getinvolved.tamu.edu: sleeping 0.21s
2026-03-30 14:17:56,995 | INFO     | tamu_crawler.http | Fetching: https://getinvolved.tamu.edu/events?query=advocacy
2026-03-30 14:17:57,801 | INFO     | tamu_crawler.parsers.getinvolved | Parsed 0 events from GetInvolved events page
2026-03-30 14:17:57,801 | INFO     | tamu_crawler.parsers.getinvolved | Search parser found 0 events for source getinvolved_search_advocacy (url: https://getinvolved.tamu.edu/events?query=advocacy)
2026-03-30 14:17:57,801 | DEBUG    | tamu_crawler.http | Rate-limiting getinvolved.tamu.edu: sleeping 0.19s
2026-03-30 14:17:57,996 | INFO     | tamu_crawler.http | Fetching: https://getinvolved.tamu.edu/events?query=voter
2026-03-30 14:17:58,899 | INFO     | tamu_crawler.parsers.getinvolved | Parsed 0 events from GetInvolved events page
2026-03-30 14:17:58,899 | INFO     | tamu_crawler.parsers.getinvolved | Search parser found 0 events for source getinvolved_search_advocacy (url: https://getinvolved.tamu.edu/events?query=voter)
2026-03-30 14:17:58,899 | DEBUG    | tamu_crawler.http | Rate-limiting getinvolved.tamu.edu: sleeping 0.10s
2026-03-30 14:17:58,997 | INFO     | tamu_crawler.http | Fetching: https://getinvolved.tamu.edu/events?query=awareness
2026-03-30 14:17:59,728 | INFO     | tamu_crawler.parsers.getinvolved | Parsed 0 events from GetInvolved events page
2026-03-30 14:17:59,728 | INFO     | tamu_crawler.parsers.getinvolved | Search parser found 0 events for source getinvolved_search_advocacy (url: https://getinvolved.tamu.edu/events?query=awareness)
2026-03-30 14:17:59,735 | INFO     | tamu_crawler.parsers.rss | Discovered 0 feed URLs from https://getinvolved.tamu.edu/events
2026-03-30 14:17:59,735 | WARNING  | tamu_crawler.parsers.rss | No feed URLs discovered from https://getinvolved.tamu.edu/events
2026-03-30 14:17:59,735 | INFO     | tamu_crawler.normalizer | Normalised 0 events from 0 raw (filtered 0)
2026-03-30 14:17:59,735 | INFO     | tamu_crawler | Source getinvolved_search_advocacy: 0 raw → 0 normalised events
2026-03-30 14:17:59,735 | INFO     | tamu_crawler | ━━━ Crawling source: getinvolved_search_entertainment (html_search) ━━━
2026-03-30 14:17:59,735 | DEBUG    | tamu_crawler.http | Rate-limiting getinvolved.tamu.edu: sleeping 0.26s
2026-03-30 14:17:59,997 | INFO     | tamu_crawler.http | Fetching: https://getinvolved.tamu.edu/events?query=concert
2026-03-30 14:18:00,769 | INFO     | tamu_crawler.parsers.getinvolved | Parsed 0 events from GetInvolved events page
2026-03-30 14:18:00,769 | INFO     | tamu_crawler.parsers.getinvolved | Search parser found 0 events for source getinvolved_search_entertainment (url: https://getinvolved.tamu.edu/events?query=concert)
2026-03-30 14:18:00,770 | DEBUG    | tamu_crawler.http | Rate-limiting getinvolved.tamu.edu: sleeping 0.23s
2026-03-30 14:18:00,999 | INFO     | tamu_crawler.http | Fetching: https://getinvolved.tamu.edu/events?query=movie night
2026-03-30 14:18:01,716 | INFO     | tamu_crawler.parsers.getinvolved | Parsed 0 events from GetInvolved events page
2026-03-30 14:18:01,716 | INFO     | tamu_crawler.parsers.getinvolved | Search parser found 0 events for source getinvolved_search_entertainment (url: https://getinvolved.tamu.edu/events?query=movie night)
2026-03-30 14:18:01,716 | DEBUG    | tamu_crawler.http | Rate-limiting getinvolved.tamu.edu: sleeping 0.28s
2026-03-30 14:18:02,000 | INFO     | tamu_crawler.http | Fetching: https://getinvolved.tamu.edu/events?query=trivia
2026-03-30 14:18:02,824 | INFO     | tamu_crawler.parsers.getinvolved | Parsed 0 events from GetInvolved events page
2026-03-30 14:18:02,825 | INFO     | tamu_crawler.parsers.getinvolved | Search parser found 0 events for source getinvolved_search_entertainment (url: https://getinvolved.tamu.edu/events?query=trivia)
2026-03-30 14:18:02,825 | DEBUG    | tamu_crawler.http | Rate-limiting getinvolved.tamu.edu: sleeping 0.18s
2026-03-30 14:18:03,001 | INFO     | tamu_crawler.http | Fetching: https://getinvolved.tamu.edu/events?query=karaoke
2026-03-30 14:18:03,738 | INFO     | tamu_crawler.parsers.getinvolved | Parsed 0 events from GetInvolved events page
2026-03-30 14:18:03,738 | INFO     | tamu_crawler.parsers.getinvolved | Search parser found 0 events for source getinvolved_search_entertainment (url: https://getinvolved.tamu.edu/events?query=karaoke)
2026-03-30 14:18:03,738 | DEBUG    | tamu_crawler.http | Rate-limiting getinvolved.tamu.edu: sleeping 0.26s
2026-03-30 14:18:04,002 | INFO     | tamu_crawler.http | Fetching: https://getinvolved.tamu.edu/events?query=comedy
2026-03-30 14:18:04,760 | INFO     | tamu_crawler.parsers.getinvolved | Parsed 0 events from GetInvolved events page
2026-03-30 14:18:04,761 | INFO     | tamu_crawler.parsers.getinvolved | Search parser found 0 events for source getinvolved_search_entertainment (url: https://getinvolved.tamu.edu/events?query=comedy)
2026-03-30 14:18:04,761 | DEBUG    | tamu_crawler.http | Rate-limiting getinvolved.tamu.edu: sleeping 0.24s
2026-03-30 14:18:05,003 | INFO     | tamu_crawler.http | Fetching: https://getinvolved.tamu.edu/events?query=open mic
2026-03-30 14:18:05,737 | INFO     | tamu_crawler.parsers.getinvolved | Parsed 0 events from GetInvolved events page
2026-03-30 14:18:05,737 | INFO     | tamu_crawler.parsers.getinvolved | Search parser found 0 events for source getinvolved_search_entertainment (url: https://getinvolved.tamu.edu/events?query=open mic)
2026-03-30 14:18:05,737 | DEBUG    | tamu_crawler.http | Rate-limiting getinvolved.tamu.edu: sleeping 0.27s
2026-03-30 14:18:06,005 | INFO     | tamu_crawler.http | Fetching: https://getinvolved.tamu.edu/events?query=live music
2026-03-30 14:18:06,812 | INFO     | tamu_crawler.parsers.getinvolved | Parsed 0 events from GetInvolved events page
2026-03-30 14:18:06,812 | INFO     | tamu_crawler.parsers.getinvolved | Search parser found 0 events for source getinvolved_search_entertainment (url: https://getinvolved.tamu.edu/events?query=live music)
2026-03-30 14:18:06,818 | INFO     | tamu_crawler.parsers.rss | Discovered 0 feed URLs from https://getinvolved.tamu.edu/events
2026-03-30 14:18:06,819 | WARNING  | tamu_crawler.parsers.rss | No feed URLs discovered from https://getinvolved.tamu.edu/events
2026-03-30 14:18:06,819 | INFO     | tamu_crawler.normalizer | Normalised 0 events from 0 raw (filtered 0)
2026-03-30 14:18:06,819 | INFO     | tamu_crawler | Source getinvolved_search_entertainment: 0 raw → 0 normalised events
2026-03-30 14:18:06,819 | INFO     | tamu_crawler | ━━━ Crawling source: mcferrin_events (html_events) ━━━
2026-03-30 14:18:06,819 | ERROR    | tamu_crawler | No parser for source mcferrin_events: Unknown source type: html_events
2026-03-30 14:18:06,819 | INFO     | tamu_crawler | ━━━ Crawling source: mcferrin_programs (html_multi_url) ━━━
2026-03-30 14:18:06,819 | ERROR    | tamu_crawler | No parser for source mcferrin_programs: Unknown source type: html_multi_url
2026-03-30 14:18:06,819 | INFO     | tamu_crawler | ━━━ Crawling source: mays_undergrad_events (html_events) ━━━
2026-03-30 14:18:06,819 | ERROR    | tamu_crawler | No parser for source mays_undergrad_events: Unknown source type: html_events
2026-03-30 14:18:06,819 | INFO     | tamu_crawler | ━━━ Crawling source: mays_career_center (html_events) ━━━
2026-03-30 14:18:06,819 | ERROR    | tamu_crawler | No parser for source mays_career_center: Unknown source type: html_events
2026-03-30 14:18:06,819 | INFO     | tamu_crawler | ━━━ Crawling source: mays_departments (html_events) ━━━
2026-03-30 14:18:06,819 | ERROR    | tamu_crawler | No parser for source mays_departments: Unknown source type: html_events
2026-03-30 14:18:06,819 | INFO     | tamu_crawler | ━━━ Crawling source: career_center_events (html_events) ━━━
2026-03-30 14:18:06,819 | ERROR    | tamu_crawler | No parser for source career_center_events: Unknown source type: html_events
2026-03-30 14:18:06,819 | INFO     | tamu_crawler | ━━━ Crawling source: career_fairs (html_events) ━━━
2026-03-30 14:18:06,819 | ERROR    | tamu_crawler | No parser for source career_fairs: Unknown source type: html_events
2026-03-30 14:18:06,819 | INFO     | tamu_crawler | ━━━ Crawling source: sec_events (html_events) ━━━
2026-03-30 14:18:06,819 | ERROR    | tamu_crawler | No parser for source sec_events: Unknown source type: html_events
2026-03-30 14:18:06,819 | INFO     | tamu_crawler | ━━━ Crawling source: engineering_all (livewhale_json) ━━━
2026-03-30 14:18:06,819 | INFO     | tamu_crawler.http | Fetching: https://calendar.tamu.edu/live/json/events/group/Engineering
2026-03-30 14:18:06,967 | INFO     | tamu_crawler.parsers.livewhale | Parsed 0 events from engineering_all (of 0 raw)
2026-03-30 14:18:06,967 | INFO     | tamu_crawler.normalizer | Normalised 0 events from 0 raw (filtered 0)
2026-03-30 14:18:06,967 | INFO     | tamu_crawler | Source engineering_all: 0 raw → 0 normalised events
2026-03-30 14:18:06,967 | INFO     | tamu_crawler | ━━━ Crawling source: materials_seminars (html_multi_url) ━━━
2026-03-30 14:18:06,967 | ERROR    | tamu_crawler | No parser for source materials_seminars: Unknown source type: html_multi_url
2026-03-30 14:18:06,967 | INFO     | tamu_crawler | ━━━ Crawling source: math_colloquium (html_multi_url) ━━━
2026-03-30 14:18:06,967 | ERROR    | tamu_crawler | No parser for source math_colloquium: Unknown source type: html_multi_url
2026-03-30 14:18:06,967 | INFO     | tamu_crawler | ━━━ Crawling source: stat_seminars (html_multi_url) ━━━
2026-03-30 14:18:06,967 | ERROR    | tamu_crawler | No parser for source stat_seminars: Unknown source type: html_multi_url
2026-03-30 14:18:06,967 | INFO     | tamu_crawler | ━━━ Crawling source: cs_seminars (html_multi_url) ━━━
2026-03-30 14:18:06,967 | ERROR    | tamu_crawler | No parser for source cs_seminars: Unknown source type: html_multi_url
2026-03-30 14:18:06,967 | INFO     | tamu_crawler | ━━━ Crawling source: health_calendar (html_events) ━━━
2026-03-30 14:18:06,967 | ERROR    | tamu_crawler | No parser for source health_calendar: Unknown source type: html_events
2026-03-30 14:18:06,967 | INFO     | tamu_crawler | ━━━ Crawling source: rec_intramurals (html_events) ━━━
2026-03-30 14:18:06,967 | ERROR    | tamu_crawler | No parser for source rec_intramurals: Unknown source type: html_events
2026-03-30 14:18:06,967 | INFO     | tamu_crawler | ━━━ Crawling source: student_life_events (html_events) ━━━
2026-03-30 14:18:06,967 | ERROR    | tamu_crawler | No parser for source student_life_events: Unknown source type: html_events
2026-03-30 14:18:06,967 | INFO     | tamu_crawler | ━━━ Crawling source: getinvolved_msc_orgs (html_events) ━━━
2026-03-30 14:18:06,967 | ERROR    | tamu_crawler | No parser for source getinvolved_msc_orgs: Unknown source type: html_events
2026-03-30 14:18:06,967 | INFO     | tamu_crawler | ━━━ Crawling source: transport_rss (rss_directory) ━━━
2026-03-30 14:18:07,018 | INFO     | tamu_crawler.http | Fetching: https://transport.tamu.edu/about/rss.aspx
2026-03-30 14:18:07,038 | INFO     | tamu_crawler.parsers.rss | Discovered 5 feed URLs from https://transport.tamu.edu/about/rss.aspx
2026-03-30 14:18:07,543 | INFO     | tamu_crawler.http | Fetching: https://en.wikipedia.org/wiki/Rss
2026-03-30 14:18:07,746 | INFO     | tamu_crawler.parsers.rss | Parsed 0 entries from RSS feed https://en.wikipedia.org/wiki/Rss
2026-03-30 14:18:07,846 | INFO     | tamu_crawler.http | Fetching: https://feeds.feedburner.com/TAMUParkingUpdates
2026-03-30 14:18:07,922 | INFO     | tamu_crawler.parsers.rss | Parsed 0 entries from RSS feed https://feeds.feedburner.com/TAMUParkingUpdates
2026-03-30 14:18:07,922 | DEBUG    | tamu_crawler.http | Rate-limiting feeds.feedburner.com: sleeping 0.92s
2026-03-30 14:18:08,847 | INFO     | tamu_crawler.http | Fetching: https://feeds.feedburner.com/TAMUAggieSpiritUpdates
2026-03-30 14:18:08,918 | INFO     | tamu_crawler.parsers.rss | Parsed 0 entries from RSS feed https://feeds.feedburner.com/TAMUAggieSpiritUpdates
2026-03-30 14:18:08,918 | INFO     | tamu_crawler.http | Fetching: https://calendar.tamu.edu/live/rss/events/group/Transportation%20Services
2026-03-30 14:18:09,098 | INFO     | tamu_crawler.parsers.rss | Parsed 191 entries from RSS feed https://calendar.tamu.edu/live/rss/events/group/Transportation%20Services
2026-03-30 14:18:09,098 | DEBUG    | tamu_crawler.http | Rate-limiting feeds.feedburner.com: sleeping 0.75s
2026-03-30 14:18:09,847 | INFO     | tamu_crawler.http | Fetching: https://feeds.feedburner.com/TAMUTrafficConstruction
2026-03-30 14:18:09,932 | INFO     | tamu_crawler.parsers.rss | Parsed 0 entries from RSS feed https://feeds.feedburner.com/TAMUTrafficConstruction
2026-03-30 14:18:09,932 | INFO     | tamu_crawler.parsers.rss | Total 191 events from 5 feeds (of 5 discovered) at https://transport.tamu.edu/about/rss.aspx
2026-03-30 14:18:11,150 | INFO     | tamu_crawler.normalizer | Normalised 191 events from 191 raw (filtered 0)
2026-03-30 14:18:11,151 | INFO     | tamu_crawler | Source transport_rss: 191 raw → 191 normalised events
2026-03-30 14:18:11,151 | INFO     | tamu_crawler | Deduplicating 1244 events across all sources...
2026-03-30 14:18:11,155 | DEBUG    | tamu_crawler.deduper | Dedup group (2 events, 1 sources): TSI Class
2026-03-30 14:18:11,155 | DEBUG    | tamu_crawler.deduper | Dedup group (2 events, 2 sources): Preregistration
2026-03-30 14:18:11,155 | DEBUG    | tamu_crawler.deduper | Dedup group (2 events, 2 sources): Preregistration
2026-03-30 14:18:11,155 | DEBUG    | tamu_crawler.deduper | Dedup group (2 events, 1 sources): TSI Class
2026-03-30 14:18:11,155 | DEBUG    | tamu_crawler.deduper | Dedup group (2 events, 2 sources): Preregistration
2026-03-30 14:18:11,155 | DEBUG    | tamu_crawler.deduper | Dedup group (2 events, 2 sources): Preregistration
2026-03-30 14:18:11,155 | DEBUG    | tamu_crawler.deduper | Dedup group (2 events, 1 sources): Texas A&M Men’s Tennis at Auburn
2026-03-30 14:18:11,155 | DEBUG    | tamu_crawler.deduper | Dedup group (2 events, 2 sources): Make Your Summer Break Work for You
2026-03-30 14:18:11,155 | DEBUG    | tamu_crawler.deduper | Dedup group (2 events, 1 sources): TSI Class
2026-03-30 14:18:11,155 | DEBUG    | tamu_crawler.deduper | Dedup group (2 events, 2 sources): Preregistration
2026-03-30 14:18:11,155 | DEBUG    | tamu_crawler.deduper | Dedup group (2 events, 2 sources): Reading Day - No Classes
2026-03-30 14:18:11,155 | DEBUG    | tamu_crawler.deduper | Dedup group (2 events, 2 sources): Preregistration
2026-03-30 14:18:11,156 | DEBUG    | tamu_crawler.deduper | Dedup group (2 events, 2 sources): Preregistration
2026-03-30 14:18:11,156 | DEBUG    | tamu_crawler.deduper | Dedup group (2 events, 1 sources): TSI Class
2026-03-30 14:18:11,156 | DEBUG    | tamu_crawler.deduper | Dedup group (2 events, 2 sources): Preregistration
2026-03-30 14:18:11,156 | DEBUG    | tamu_crawler.deduper | Dedup group (2 events, 1 sources): TSI Class
2026-03-30 14:18:11,156 | DEBUG    | tamu_crawler.deduper | Dedup group (2 events, 2 sources): Preregistration
2026-03-30 14:18:11,156 | DEBUG    | tamu_crawler.deduper | Dedup group (2 events, 1 sources): TSI Class
2026-03-30 14:18:11,156 | DEBUG    | tamu_crawler.deduper | Dedup group (2 events, 1 sources): TSI Class
2026-03-30 14:18:11,156 | DEBUG    | tamu_crawler.deduper | Dedup group (2 events, 1 sources): Texas A&M Men’s Tennis vs SEC Tournament
2026-03-30 14:18:11,156 | DEBUG    | tamu_crawler.deduper | Dedup group (2 events, 1 sources): TSI Class
2026-03-30 14:18:11,156 | DEBUG    | tamu_crawler.deduper | Dedup group (2 events, 1 sources): TSI Class
2026-03-30 14:18:11,156 | DEBUG    | tamu_crawler.deduper | Dedup group (2 events, 1 sources): TSI Class
2026-03-30 14:18:11,156 | DEBUG    | tamu_crawler.deduper | Dedup group (2 events, 1 sources): TSI Class
2026-03-30 14:18:11,156 | DEBUG    | tamu_crawler.deduper | Dedup group (2 events, 2 sources): Reading Day - No Classes
2026-03-30 14:18:11,156 | DEBUG    | tamu_crawler.deduper | Dedup group (2 events, 1 sources): Texas A&M Men’s Tennis at NCAA 1st/2nd Rounds
2026-03-30 14:18:11,156 | DEBUG    | tamu_crawler.deduper | Dedup group (2 events, 2 sources): Commencement and Commissioning*
2026-03-30 14:18:11,156 | DEBUG    | tamu_crawler.deduper | Dedup group (2 events, 2 sources): 5 p.m., Tuition Rebate Application Deadline for May 2026 Und
2026-03-30 14:18:11,156 | DEBUG    | tamu_crawler.deduper | Dedup group (2 events, 2 sources): Graduation Application Open for August 2026 Degree Candidate
2026-03-30 14:18:11,156 | DEBUG    | tamu_crawler.deduper | Dedup group (2 events, 2 sources): 12 p.m., Final Grades Due - Spring 2026
2026-03-30 14:18:11,156 | DEBUG    | tamu_crawler.deduper | Dedup group (2 events, 2 sources): Undergraduate Change of Curriculum
2026-03-30 14:18:11,156 | DEBUG    | tamu_crawler.deduper | Dedup group (2 events, 1 sources): Texas A&M Men’s Tennis at NCAA Team Championship
2026-03-30 14:18:11,157 | DEBUG    | tamu_crawler.deduper | Dedup group (2 events, 2 sources): 5 p.m., Last Day to Register for Summer I & 10-Week Classes
2026-03-30 14:18:11,157 | DEBUG    | tamu_crawler.deduper | Dedup group (2 events, 2 sources): Faculty and Staff Holiday
2026-03-30 14:18:11,157 | DEBUG    | tamu_crawler.deduper | Dedup group (2 events, 2 sources): Memorial Day - No classes
2026-03-30 14:18:11,157 | DEBUG    | tamu_crawler.deduper | Dedup group (2 events, 2 sources): First Day of Classes - Summer II Term
2026-03-30 14:18:11,157 | DEBUG    | tamu_crawler.deduper | Dedup group (2 events, 1 sources): 5 p.m., 10-Week Semester Q-Drop Deadline
2026-03-30 14:18:11,157 | DEBUG    | tamu_crawler.deduper | Dedup group (4 events, 2 sources): 5 p.m., 10-Week Semester Q-Drop Deadline
2026-03-30 14:18:11,157 | DEBUG    | tamu_crawler.deduper | Dedup group (2 events, 2 sources): Final Examinations - 10-Week
2026-03-30 14:18:11,157 | DEBUG    | tamu_crawler.deduper | Dedup group (2 events, 2 sources): Final Examinations - Summer Second Term
2026-03-30 14:18:11,157 | DEBUG    | tamu_crawler.deduper | Dedup group (2 events, 1 sources): Undergraduate Change of Curriculum
2026-03-30 14:18:11,157 | DEBUG    | tamu_crawler.deduper | Dedup group (4 events, 2 sources): Undergraduate Change of Curriculum
2026-03-30 14:18:11,157 | DEBUG    | tamu_crawler.deduper | Dedup group (2 events, 2 sources): Fall Official Census Date
2026-03-30 14:18:11,157 | DEBUG    | tamu_crawler.deduper | Dedup group (2 events, 1 sources): TSI Class
2026-03-30 14:18:11,157 | DEBUG    | tamu_crawler.deduper | Dedup group (2 events, 2 sources): Preregistration
2026-03-30 14:18:11,157 | DEBUG    | tamu_crawler.deduper | Dedup group (2 events, 2 sources): 5 p.m., Degree Requirement Verification Deadline
2026-03-30 14:18:11,157 | DEBUG    | tamu_crawler.deduper | Dedup group (2 events, 2 sources): 5 p.m., Spring 2026 Q-Drop Deadline
2026-03-30 14:18:11,157 | DEBUG    | tamu_crawler.deduper | Dedup group (2 events, 2 sources): 5 p.m., Spring 2026 Withdrawal Deadline
2026-03-30 14:18:11,157 | DEBUG    | tamu_crawler.deduper | Dedup group (2 events, 2 sources): Muster, Campus Ceremony
2026-03-30 14:18:11,157 | DEBUG    | tamu_crawler.deduper | Dedup group (2 events, 2 sources): Co-op Orientation #3
2026-03-30 14:18:11,157 | DEBUG    | tamu_crawler.deduper | Dedup group (2 events, 2 sources): Preregistration
2026-03-30 14:18:11,157 | DEBUG    | tamu_crawler.deduper | Dedup group (2 events, 2 sources): Preregistration
2026-03-30 14:18:11,157 | DEBUG    | tamu_crawler.deduper | Dedup group (2 events, 1 sources): TSI Class
2026-03-30 14:18:11,157 | DEBUG    | tamu_crawler.deduper | Dedup group (2 events, 2 sources): No Regular Course Examinations (Except for Laboratory & 1-Ho
2026-03-30 14:18:11,157 | DEBUG    | tamu_crawler.deduper | Dedup group (2 events, 2 sources): Last Day of Classes - Spring 2026
2026-03-30 14:18:11,157 | DEBUG    | tamu_crawler.deduper | Dedup group (2 events, 2 sources): No Regular Course Examinations (Except for Laboratory and 1-
2026-03-30 14:18:11,157 | DEBUG    | tamu_crawler.deduper | Dedup group (2 events, 2 sources): Spring 2026 Graduation Deadline - Last Day to Apply
2026-03-30 14:18:11,157 | DEBUG    | tamu_crawler.deduper | Dedup group (2 events, 2 sources): Spring Redefined Day - Students Attend Friday Classes (Nursi
2026-03-30 14:18:11,157 | DEBUG    | tamu_crawler.deduper | Dedup group (2 events, 2 sources): Final Examinations - Spring 2026
2026-03-30 14:18:11,157 | DEBUG    | tamu_crawler.deduper | Dedup group (2 events, 2 sources): Final Examinations - Spring 2026
2026-03-30 14:18:11,157 | DEBUG    | tamu_crawler.deduper | Dedup group (2 events, 2 sources): Final Examinations - Spring 2026
2026-03-30 14:18:11,157 | DEBUG    | tamu_crawler.deduper | Dedup group (2 events, 2 sources): Final Examinations - Spring 2026
2026-03-30 14:18:11,157 | DEBUG    | tamu_crawler.deduper | Dedup group (2 events, 2 sources): 6 p.m., Grades Due for May 2026 Degree Candidates
2026-03-30 14:18:11,157 | DEBUG    | tamu_crawler.deduper | Dedup group (2 events, 2 sources): First Day of Classes - Summer I & 10-Week Semester
2026-03-30 14:18:11,157 | DEBUG    | tamu_crawler.deduper | Dedup group (2 events, 2 sources): Last Day to Add/Drop Courses - Summer I & 10-Week Semester
2026-03-30 14:18:11,157 | DEBUG    | tamu_crawler.deduper | Dedup group (2 events, 2 sources): Summer 2026 First Term & 10-Week Official Census Date
2026-03-30 14:18:11,157 | DEBUG    | tamu_crawler.deduper | Dedup group (2 events, 2 sources): 5 p.m., Summer I Term Q-Drop Deadline
2026-03-30 14:18:11,157 | DEBUG    | tamu_crawler.deduper | Dedup group (2 events, 2 sources): 5 p.m., Summer I Term Withdrawal Deadline
2026-03-30 14:18:11,157 | DEBUG    | tamu_crawler.deduper | Dedup group (2 events, 2 sources): Faculty and Staff Holiday
2026-03-30 14:18:11,158 | DEBUG    | tamu_crawler.deduper | Dedup group (2 events, 2 sources): Juneteenth Holiday - No classes
2026-03-30 14:18:11,158 | DEBUG    | tamu_crawler.deduper | Dedup group (2 events, 2 sources): Undergraduate Change of Curriculum Deadline
2026-03-30 14:18:11,158 | DEBUG    | tamu_crawler.deduper | Dedup group (2 events, 2 sources): Last Day of Classes - Summer I Term
2026-03-30 14:18:11,158 | DEBUG    | tamu_crawler.deduper | Dedup group (2 events, 2 sources): Final Examinations - Summer I Term
2026-03-30 14:18:11,158 | DEBUG    | tamu_crawler.deduper | Dedup group (2 events, 2 sources): Last Day to Register for Summer II Classes
2026-03-30 14:18:11,158 | DEBUG    | tamu_crawler.deduper | Dedup group (2 events, 2 sources): No 10-Week Classes
2026-03-30 14:18:11,158 | DEBUG    | tamu_crawler.deduper | Dedup group (2 events, 2 sources): Last Day to Apply for Graduation in Howdy and No Late Fee
2026-03-30 14:18:11,158 | DEBUG    | tamu_crawler.deduper | Dedup group (2 events, 2 sources): Summer 2026 Second Term Official Census Date
2026-03-30 14:18:11,158 | DEBUG    | tamu_crawler.deduper | Dedup group (2 events, 2 sources): 12 p.m., Summer I Term - Final Grades Due
2026-03-30 14:18:11,158 | DEBUG    | tamu_crawler.deduper | Dedup group (2 events, 2 sources): 5 p.m., Last Day to Add/Drop Courses - Summer II
2026-03-30 14:18:11,158 | DEBUG    | tamu_crawler.deduper | Dedup group (2 events, 1 sources): 5 p.m., Summer II Term Q-Drop Deadline
2026-03-30 14:18:11,158 | DEBUG    | tamu_crawler.deduper | Dedup group (4 events, 2 sources): 5 p.m., Summer II Term Q-Drop Deadline
2026-03-30 14:18:11,158 | DEBUG    | tamu_crawler.deduper | Dedup group (2 events, 2 sources): 5 p.m., Degree Requirement Verification Deadline
2026-03-30 14:18:11,158 | DEBUG    | tamu_crawler.deduper | Dedup group (2 events, 2 sources): Last day of Classes - Summer II and 10-week Semester
2026-03-30 14:18:11,158 | DEBUG    | tamu_crawler.deduper | Dedup group (2 events, 2 sources): Summer 2026 Graduation Deadline - Last Day to Apply
2026-03-30 14:18:11,158 | DEBUG    | tamu_crawler.deduper | Dedup group (2 events, 2 sources): 12 p.m., Grades Due for August 2026 Degree Candidates
2026-03-30 14:18:11,158 | DEBUG    | tamu_crawler.deduper | Dedup group (2 events, 2 sources): 5 p.m., Tuition Rebate Application Deadline for August 2026 
2026-03-30 14:18:11,158 | DEBUG    | tamu_crawler.deduper | Dedup group (2 events, 2 sources): Commencement and Commissioning - College Station
2026-03-30 14:18:11,158 | DEBUG    | tamu_crawler.deduper | Dedup group (2 events, 2 sources): Graduation Application Open for December 2026 Degree Candida
2026-03-30 14:18:11,158 | DEBUG    | tamu_crawler.deduper | Dedup group (2 events, 2 sources): 12 p.m., Summer II & 10-Week Final Grades Due
2026-03-30 14:18:11,158 | DEBUG    | tamu_crawler.deduper | Dedup group (2 events, 2 sources): 5 p.m., Last Day of Open Registration for Fall 2026 Classes
2026-03-30 14:18:11,158 | DEBUG    | tamu_crawler.deduper | Dedup group (2 events, 2 sources): First Day of Classes
2026-03-30 14:18:11,158 | DEBUG    | tamu_crawler.deduper | Dedup group (2 events, 2 sources): Last Day to Add/Drop Courses
2026-03-30 14:18:11,158 | DEBUG    | tamu_crawler.deduper | Dedup group (2 events, 2 sources): Faculty and Staff Holiday
2026-03-30 14:18:11,158 | DEBUG    | tamu_crawler.deduper | Dedup group (2 events, 2 sources): Labor Day - No classes
2026-03-30 14:18:11,158 | DEBUG    | tamu_crawler.deduper | Dedup group (2 events, 2 sources): Undergraduate Change of Curriculum Deadline
2026-03-30 14:18:11,158 | DEBUG    | tamu_crawler.deduper | Dedup group (2 events, 2 sources): Fall 2026 Graduation Application Deadline - No Late Fee
2026-03-30 14:18:11,158 | INFO     | tamu_crawler.deduper | Deduplication: 1244 events → 858 unique (102 duplicates removed)
2026-03-30 14:18:11,166 | INFO     | tamu_crawler | Wrote 858 events to data/normalized/events.jsonl
2026-03-30 14:18:11,181 | INFO     | tamu_crawler.output_csv | Wrote 21 rows to output/summary_by_source.csv
2026-03-30 14:18:11,182 | INFO     | tamu_crawler.output_csv | Wrote 21 rows to output/summary_by_department.csv
2026-03-30 14:18:11,182 | INFO     | tamu_crawler.output_csv | Wrote 8 rows to output/summary_by_category.csv
2026-03-30 14:18:11,182 | INFO     | tamu_crawler.output_csv | Wrote 6 rows to output/summary_by_food_confidence.csv
2026-03-30 14:18:11,183 | INFO     | tamu_crawler.output_csv | Wrote 1 rows to output/summary_by_campus.csv
2026-03-30 14:18:11,183 | INFO     | tamu_crawler.output_csv | Wrote 3 rows to output/summary_by_host_type.csv
2026-03-30 14:18:11,183 | INFO     | tamu_crawler.output_csv | Wrote 4 rows to output/summary_by_food_type.csv
2026-03-30 14:18:11,184 | INFO     | tamu_crawler.output_csv | Wrote 21 rows to output/source_health.csv
2026-03-30 14:18:11,184 | INFO     | tamu_crawler.output_csv | Generated 8 CSV summary files in output
2026-03-30 14:18:11,184 | INFO     | tamu_crawler | Generated 8 CSV summary files
2026-03-30 14:18:11,184 | INFO     | tamu_crawler.state | Saved crawl state to data/state/crawl_state.json
2026-03-30 14:18:11,187 | INFO     | tamu_crawler | Crawl complete. 858 events written.
2026-04-02 02:18:01,379 | INFO     | tamu_crawler | TAMU Events Crawler v3 starting...
2026-04-02 02:18:01,393 | INFO     | tamu_crawler | Loaded 62 sources from sources.yaml
2026-04-02 02:18:01,393 | DEBUG    | asyncio | Using selector: KqueueSelector
2026-04-02 02:18:01,394 | INFO     | tamu_crawler.state | Loaded crawl state from data/state/crawl_state.json
2026-04-02 02:18:01,394 | INFO     | tamu_crawler | Starting crawl — 1 sources, dry_run=False
2026-04-02 02:18:01,443 | INFO     | tamu_crawler | ━━━ Crawling source: ers_tamu (html_dynamic_table) ━━━
2026-04-02 02:18:01,842 | INFO     | tamu_crawler.http | Fetching: https://ers.tamu.edu/default.aspx
2026-04-02 02:18:01,976 | DEBUG    | tamu_crawler.http | Rate-limiting ers.tamu.edu: sleeping 0.87s
2026-04-02 02:18:02,844 | INFO     | tamu_crawler.http | Fetching: https://ers.tamu.edu/register.aspx?ScheduleId=46146
2026-04-02 02:18:02,845 | DEBUG    | tamu_crawler.http | Rate-limiting ers.tamu.edu: sleeping 1.00s
2026-04-02 02:18:03,845 | INFO     | tamu_crawler.http | Fetching: https://ers.tamu.edu/register.aspx?ScheduleId=46061
2026-04-02 02:18:03,846 | DEBUG    | tamu_crawler.http | Rate-limiting ers.tamu.edu: sleeping 1.00s
2026-04-02 02:18:04,846 | INFO     | tamu_crawler.http | Fetching: https://ers.tamu.edu/register.aspx?ScheduleId=46136
2026-04-02 02:18:04,847 | DEBUG    | tamu_crawler.http | Rate-limiting ers.tamu.edu: sleeping 1.00s
2026-04-02 02:18:05,847 | INFO     | tamu_crawler.http | Fetching: https://ers.tamu.edu/register.aspx?ScheduleId=47348
2026-04-02 02:18:05,848 | DEBUG    | tamu_crawler.http | Rate-limiting ers.tamu.edu: sleeping 1.00s
2026-04-02 02:18:06,849 | INFO     | tamu_crawler.http | Fetching: https://ers.tamu.edu/register.aspx?ScheduleId=46035
2026-04-02 02:18:06,850 | DEBUG    | tamu_crawler.http | Rate-limiting ers.tamu.edu: sleeping 1.00s
2026-04-02 02:18:07,849 | INFO     | tamu_crawler.http | Fetching: https://ers.tamu.edu/register.aspx?ScheduleId=47391
2026-04-02 02:18:07,850 | DEBUG    | tamu_crawler.http | Rate-limiting ers.tamu.edu: sleeping 1.00s
2026-04-02 02:18:08,851 | INFO     | tamu_crawler.http | Fetching: https://ers.tamu.edu/register.aspx?ScheduleId=46418
2026-04-02 02:18:08,852 | DEBUG    | tamu_crawler.http | Rate-limiting ers.tamu.edu: sleeping 1.00s
2026-04-02 02:18:09,852 | INFO     | tamu_crawler.http | Fetching: https://ers.tamu.edu/register.aspx?ScheduleId=46091
2026-04-02 02:18:09,852 | DEBUG    | tamu_crawler.http | Rate-limiting ers.tamu.edu: sleeping 1.00s
2026-04-02 02:18:10,853 | INFO     | tamu_crawler.http | Fetching: https://ers.tamu.edu/register.aspx?ScheduleId=46484
2026-04-02 02:18:10,854 | DEBUG    | tamu_crawler.http | Rate-limiting ers.tamu.edu: sleeping 1.00s
2026-04-02 02:18:11,854 | INFO     | tamu_crawler.http | Fetching: https://ers.tamu.edu/register.aspx?ScheduleId=46236
2026-04-02 02:18:11,855 | DEBUG    | tamu_crawler.http | Rate-limiting ers.tamu.edu: sleeping 1.00s
2026-04-02 02:18:12,855 | INFO     | tamu_crawler.http | Fetching: https://ers.tamu.edu/register.aspx?ScheduleId=46130
2026-04-02 02:18:12,856 | DEBUG    | tamu_crawler.http | Rate-limiting ers.tamu.edu: sleeping 1.00s
2026-04-02 02:18:13,856 | INFO     | tamu_crawler.http | Fetching: https://ers.tamu.edu/register.aspx?ScheduleId=46296
2026-04-02 02:18:13,857 | DEBUG    | tamu_crawler.http | Rate-limiting ers.tamu.edu: sleeping 1.00s
2026-04-02 02:18:14,858 | INFO     | tamu_crawler.http | Fetching: https://ers.tamu.edu/register.aspx?ScheduleId=46189
2026-04-02 02:18:14,859 | DEBUG    | tamu_crawler.http | Rate-limiting ers.tamu.edu: sleeping 1.00s
2026-04-02 02:18:15,859 | INFO     | tamu_crawler.http | Fetching: https://ers.tamu.edu/register.aspx?ScheduleId=46518
2026-04-02 02:18:15,860 | DEBUG    | tamu_crawler.http | Rate-limiting ers.tamu.edu: sleeping 1.00s
2026-04-02 02:18:16,860 | INFO     | tamu_crawler.http | Fetching: https://ers.tamu.edu/register.aspx?ScheduleId=46159
2026-04-02 02:18:16,861 | DEBUG    | tamu_crawler.http | Rate-limiting ers.tamu.edu: sleeping 1.00s
2026-04-02 02:18:17,861 | INFO     | tamu_crawler.http | Fetching: https://ers.tamu.edu/register.aspx?ScheduleId=46062
2026-04-02 02:18:17,862 | DEBUG    | tamu_crawler.http | Rate-limiting ers.tamu.edu: sleeping 1.00s
2026-04-02 02:18:18,863 | INFO     | tamu_crawler.http | Fetching: https://ers.tamu.edu/register.aspx?ScheduleId=46104
2026-04-02 02:18:18,863 | DEBUG    | tamu_crawler.http | Rate-limiting ers.tamu.edu: sleeping 1.00s
2026-04-02 02:18:19,864 | INFO     | tamu_crawler.http | Fetching: https://ers.tamu.edu/register.aspx?ScheduleId=46268
2026-04-02 02:18:19,865 | DEBUG    | tamu_crawler.http | Rate-limiting ers.tamu.edu: sleeping 1.00s
2026-04-02 02:18:20,865 | INFO     | tamu_crawler.http | Fetching: https://ers.tamu.edu/register.aspx?ScheduleId=46453
2026-04-02 02:18:20,866 | DEBUG    | tamu_crawler.http | Rate-limiting ers.tamu.edu: sleeping 1.00s
2026-04-02 02:18:21,866 | INFO     | tamu_crawler.http | Fetching: https://ers.tamu.edu/register.aspx?ScheduleId=46160
2026-04-02 02:18:21,867 | DEBUG    | tamu_crawler.http | Rate-limiting ers.tamu.edu: sleeping 1.00s
2026-04-02 02:18:22,867 | INFO     | tamu_crawler.http | Fetching: https://ers.tamu.edu/register.aspx?ScheduleId=46472
2026-04-02 02:18:22,868 | DEBUG    | tamu_crawler.http | Rate-limiting ers.tamu.edu: sleeping 1.00s
2026-04-02 02:18:23,868 | INFO     | tamu_crawler.http | Fetching: https://ers.tamu.edu/register.aspx?ScheduleId=47358
2026-04-02 02:18:23,869 | DEBUG    | tamu_crawler.http | Rate-limiting ers.tamu.edu: sleeping 1.00s
2026-04-02 02:18:24,868 | INFO     | tamu_crawler.http | Fetching: https://ers.tamu.edu/register.aspx?ScheduleId=46176
2026-04-02 02:18:24,869 | DEBUG    | tamu_crawler.http | Rate-limiting ers.tamu.edu: sleeping 1.00s
2026-04-02 02:18:25,869 | INFO     | tamu_crawler.http | Fetching: https://ers.tamu.edu/register.aspx?ScheduleId=46216
2026-04-02 02:18:25,870 | DEBUG    | tamu_crawler.http | Rate-limiting ers.tamu.edu: sleeping 1.00s
2026-04-02 02:18:26,870 | INFO     | tamu_crawler.http | Fetching: https://ers.tamu.edu/register.aspx?ScheduleId=46282
2026-04-02 02:18:26,871 | DEBUG    | tamu_crawler.http | Rate-limiting ers.tamu.edu: sleeping 1.00s
2026-04-02 02:18:27,871 | INFO     | tamu_crawler.http | Fetching: https://ers.tamu.edu/register.aspx?ScheduleId=46254
2026-04-02 02:18:27,872 | DEBUG    | tamu_crawler.http | Rate-limiting ers.tamu.edu: sleeping 1.00s
2026-04-02 02:18:28,872 | INFO     | tamu_crawler.http | Fetching: https://ers.tamu.edu/register.aspx?ScheduleId=46543
2026-04-02 02:18:28,873 | DEBUG    | tamu_crawler.http | Rate-limiting ers.tamu.edu: sleeping 1.00s
2026-04-02 02:18:29,874 | INFO     | tamu_crawler.http | Fetching: https://ers.tamu.edu/register.aspx?ScheduleId=46147
2026-04-02 02:18:29,874 | DEBUG    | tamu_crawler.http | Rate-limiting ers.tamu.edu: sleeping 1.00s
2026-04-02 02:18:30,874 | INFO     | tamu_crawler.http | Fetching: https://ers.tamu.edu/register.aspx?ScheduleId=46367
2026-04-02 02:18:30,875 | DEBUG    | tamu_crawler.http | Rate-limiting ers.tamu.edu: sleeping 1.00s
2026-04-02 02:18:31,875 | INFO     | tamu_crawler.http | Fetching: https://ers.tamu.edu/register.aspx?ScheduleId=46138
2026-04-02 02:18:31,876 | DEBUG    | tamu_crawler.http | Rate-limiting ers.tamu.edu: sleeping 1.00s
2026-04-02 02:18:32,876 | INFO     | tamu_crawler.http | Fetching: https://ers.tamu.edu/register.aspx?ScheduleId=46036
2026-04-02 02:18:32,877 | DEBUG    | tamu_crawler.http | Rate-limiting ers.tamu.edu: sleeping 1.00s
2026-04-02 02:18:33,878 | INFO     | tamu_crawler.http | Fetching: https://ers.tamu.edu/register.aspx?ScheduleId=46431
2026-04-02 02:18:33,878 | DEBUG    | tamu_crawler.http | Rate-limiting ers.tamu.edu: sleeping 1.00s
2026-04-02 02:18:34,879 | INFO     | tamu_crawler.http | Fetching: https://ers.tamu.edu/register.aspx?ScheduleId=44869
2026-04-02 02:18:34,880 | DEBUG    | tamu_crawler.http | Rate-limiting ers.tamu.edu: sleeping 1.00s
2026-04-02 02:18:35,880 | INFO     | tamu_crawler.http | Fetching: https://ers.tamu.edu/register.aspx?ScheduleId=46208
2026-04-02 02:18:35,881 | DEBUG    | tamu_crawler.http | Rate-limiting ers.tamu.edu: sleeping 1.00s
2026-04-02 02:18:36,881 | INFO     | tamu_crawler.http | Fetching: https://ers.tamu.edu/register.aspx?ScheduleId=46092
2026-04-02 02:18:36,882 | DEBUG    | tamu_crawler.http | Rate-limiting ers.tamu.edu: sleeping 1.00s
2026-04-02 02:18:37,882 | INFO     | tamu_crawler.http | Fetching: https://ers.tamu.edu/register.aspx?ScheduleId=46237
2026-04-02 02:18:37,883 | DEBUG    | tamu_crawler.http | Rate-limiting ers.tamu.edu: sleeping 1.00s
2026-04-02 02:18:38,884 | INFO     | tamu_crawler.http | Fetching: https://ers.tamu.edu/register.aspx?ScheduleId=46131
2026-04-02 02:18:38,884 | DEBUG    | tamu_crawler.http | Rate-limiting ers.tamu.edu: sleeping 1.00s
2026-04-02 02:18:39,885 | INFO     | tamu_crawler.http | Fetching: https://ers.tamu.edu/register.aspx?ScheduleId=46297
2026-04-02 02:18:39,886 | DEBUG    | tamu_crawler.http | Rate-limiting ers.tamu.edu: sleeping 1.00s
2026-04-02 02:18:40,886 | INFO     | tamu_crawler.http | Fetching: https://ers.tamu.edu/register.aspx?ScheduleId=47404
2026-04-02 02:18:40,887 | DEBUG    | tamu_crawler.http | Rate-limiting ers.tamu.edu: sleeping 1.00s
2026-04-02 02:18:41,887 | INFO     | tamu_crawler.http | Fetching: https://ers.tamu.edu/register.aspx?ScheduleId=46190
2026-04-02 02:18:41,888 | DEBUG    | tamu_crawler.http | Rate-limiting ers.tamu.edu: sleeping 1.00s
2026-04-02 02:18:42,888 | INFO     | tamu_crawler.http | Fetching: https://ers.tamu.edu/register.aspx?ScheduleId=46161
2026-04-02 02:18:42,889 | DEBUG    | tamu_crawler.http | Rate-limiting ers.tamu.edu: sleeping 1.00s
2026-04-02 02:18:43,890 | INFO     | tamu_crawler.http | Fetching: https://ers.tamu.edu/register.aspx?ScheduleId=46106
2026-04-02 02:18:43,891 | DEBUG    | tamu_crawler.http | Rate-limiting ers.tamu.edu: sleeping 1.00s
2026-04-02 02:18:44,891 | INFO     | tamu_crawler.http | Fetching: https://ers.tamu.edu/register.aspx?ScheduleId=46879
2026-04-02 02:18:44,892 | DEBUG    | tamu_crawler.http | Rate-limiting ers.tamu.edu: sleeping 1.00s
2026-04-02 02:18:45,892 | INFO     | tamu_crawler.http | Fetching: https://ers.tamu.edu/register.aspx?ScheduleId=46269
2026-04-02 02:18:45,893 | DEBUG    | tamu_crawler.http | Rate-limiting ers.tamu.edu: sleeping 1.00s
2026-04-02 02:18:46,893 | INFO     | tamu_crawler.http | Fetching: https://ers.tamu.edu/register.aspx?ScheduleId=46469
2026-04-02 02:18:46,894 | DEBUG    | tamu_crawler.http | Rate-limiting ers.tamu.edu: sleeping 1.00s
2026-04-02 02:18:47,895 | INFO     | tamu_crawler.http | Fetching: https://ers.tamu.edu/register.aspx?ScheduleId=46471
2026-04-02 02:18:47,895 | DEBUG    | tamu_crawler.http | Rate-limiting ers.tamu.edu: sleeping 1.00s
2026-04-02 02:18:48,896 | INFO     | tamu_crawler.http | Fetching: https://ers.tamu.edu/register.aspx?ScheduleId=46877
2026-04-02 02:18:48,897 | DEBUG    | tamu_crawler.http | Rate-limiting ers.tamu.edu: sleeping 1.00s
2026-04-02 02:18:49,897 | INFO     | tamu_crawler.http | Fetching: https://ers.tamu.edu/register.aspx?ScheduleId=46177
2026-04-02 02:18:49,898 | DEBUG    | tamu_crawler.http | Rate-limiting ers.tamu.edu: sleeping 1.00s
2026-04-02 02:18:50,898 | INFO     | tamu_crawler.http | Fetching: https://ers.tamu.edu/register.aspx?ScheduleId=46283
2026-04-02 02:18:50,899 | DEBUG    | tamu_crawler.http | Rate-limiting ers.tamu.edu: sleeping 1.00s
2026-04-02 02:18:51,899 | INFO     | tamu_crawler.http | Fetching: https://ers.tamu.edu/register.aspx?ScheduleId=46255
2026-04-02 02:18:51,900 | DEBUG    | tamu_crawler.http | Rate-limiting ers.tamu.edu: sleeping 1.00s
2026-04-02 02:18:52,900 | INFO     | tamu_crawler.http | Fetching: https://ers.tamu.edu/register.aspx?ScheduleId=46544
2026-04-02 02:18:52,901 | DEBUG    | tamu_crawler.http | Rate-limiting ers.tamu.edu: sleeping 1.00s
2026-04-02 02:18:53,901 | INFO     | tamu_crawler.http | Fetching: https://ers.tamu.edu/register.aspx?ScheduleId=46148
2026-04-02 02:18:53,902 | DEBUG    | tamu_crawler.http | Rate-limiting ers.tamu.edu: sleeping 1.00s
2026-04-02 02:18:54,901 | INFO     | tamu_crawler.http | Fetching: https://ers.tamu.edu/register.aspx?ScheduleId=47401
2026-04-02 02:18:54,902 | DEBUG    | tamu_crawler.http | Rate-limiting ers.tamu.edu: sleeping 1.00s
2026-04-02 02:18:55,902 | INFO     | tamu_crawler.http | Fetching: https://ers.tamu.edu/register.aspx?ScheduleId=46878
2026-04-02 02:18:55,902 | DEBUG    | tamu_crawler.http | Rate-limiting ers.tamu.edu: sleeping 1.00s
2026-04-02 02:18:56,903 | INFO     | tamu_crawler.http | Fetching: https://ers.tamu.edu/register.aspx?ScheduleId=46139
2026-04-02 02:18:56,904 | DEBUG    | tamu_crawler.http | Rate-limiting ers.tamu.edu: sleeping 1.00s
2026-04-02 02:18:57,904 | INFO     | tamu_crawler.http | Fetching: https://ers.tamu.edu/register.aspx?ScheduleId=44870
2026-04-02 02:18:57,904 | DEBUG    | tamu_crawler.http | Rate-limiting ers.tamu.edu: sleeping 1.00s
2026-04-02 02:18:58,905 | INFO     | tamu_crawler.http | Fetching: https://ers.tamu.edu/register.aspx?ScheduleId=46037
2026-04-02 02:18:58,906 | DEBUG    | tamu_crawler.http | Rate-limiting ers.tamu.edu: sleeping 1.00s
2026-04-02 02:18:59,906 | INFO     | tamu_crawler.http | Fetching: https://ers.tamu.edu/register.aspx?ScheduleId=47360
2026-04-02 02:18:59,907 | DEBUG    | tamu_crawler.http | Rate-limiting ers.tamu.edu: sleeping 1.00s
2026-04-02 02:19:00,907 | INFO     | tamu_crawler.http | Fetching: https://ers.tamu.edu/register.aspx?ScheduleId=46432
2026-04-02 02:19:00,909 | DEBUG    | tamu_crawler.http | Rate-limiting ers.tamu.edu: sleeping 1.00s
2026-04-02 02:19:01,909 | INFO     | tamu_crawler.http | Fetching: https://ers.tamu.edu/register.aspx?ScheduleId=47344
2026-04-02 02:19:01,909 | DEBUG    | tamu_crawler.http | Rate-limiting ers.tamu.edu: sleeping 1.00s
2026-04-02 02:19:02,910 | INFO     | tamu_crawler.http | Fetching: https://ers.tamu.edu/register.aspx?ScheduleId=46209
2026-04-02 02:19:02,911 | DEBUG    | tamu_crawler.http | Rate-limiting ers.tamu.edu: sleeping 1.00s
2026-04-02 02:19:03,911 | INFO     | tamu_crawler.http | Fetching: https://ers.tamu.edu/register.aspx?ScheduleId=46094
2026-04-02 02:19:03,911 | DEBUG    | tamu_crawler.http | Rate-limiting ers.tamu.edu: sleeping 1.00s
2026-04-02 02:19:04,912 | INFO     | tamu_crawler.http | Fetching: https://ers.tamu.edu/register.aspx?ScheduleId=47350
2026-04-02 02:19:04,913 | DEBUG    | tamu_crawler.http | Rate-limiting ers.tamu.edu: sleeping 1.00s
2026-04-02 02:19:05,913 | INFO     | tamu_crawler.http | Fetching: https://ers.tamu.edu/register.aspx?ScheduleId=46238
2026-04-02 02:19:05,913 | DEBUG    | tamu_crawler.http | Rate-limiting ers.tamu.edu: sleeping 1.00s
2026-04-02 02:19:06,914 | INFO     | tamu_crawler.http | Fetching: https://ers.tamu.edu/register.aspx?ScheduleId=46132
2026-04-02 02:19:06,915 | DEBUG    | tamu_crawler.http | Rate-limiting ers.tamu.edu: sleeping 1.00s
2026-04-02 02:19:07,915 | INFO     | tamu_crawler.http | Fetching: https://ers.tamu.edu/register.aspx?ScheduleId=46191
2026-04-02 02:19:07,916 | DEBUG    | tamu_crawler.http | Rate-limiting ers.tamu.edu: sleeping 1.00s
2026-04-02 02:19:08,916 | INFO     | tamu_crawler.http | Fetching: https://ers.tamu.edu/register.aspx?ScheduleId=46386
2026-04-02 02:19:08,917 | DEBUG    | tamu_crawler.http | Rate-limiting ers.tamu.edu: sleeping 1.00s
2026-04-02 02:19:09,917 | INFO     | tamu_crawler.http | Fetching: https://ers.tamu.edu/register.aspx?ScheduleId=46107
2026-04-02 02:19:09,918 | DEBUG    | tamu_crawler.http | Rate-limiting ers.tamu.edu: sleeping 1.00s
2026-04-02 02:19:10,918 | INFO     | tamu_crawler.http | Fetching: https://ers.tamu.edu/register.aspx?ScheduleId=46039
2026-04-02 02:19:10,919 | DEBUG    | tamu_crawler.http | Rate-limiting ers.tamu.edu: sleeping 1.00s
2026-04-02 02:19:11,919 | INFO     | tamu_crawler.http | Fetching: https://ers.tamu.edu/register.aspx?ScheduleId=46198
2026-04-02 02:19:11,920 | DEBUG    | tamu_crawler.http | Rate-limiting ers.tamu.edu: sleeping 1.00s
2026-04-02 02:19:12,920 | INFO     | tamu_crawler.http | Fetching: https://ers.tamu.edu/register.aspx?ScheduleId=47402
2026-04-02 02:19:12,921 | DEBUG    | tamu_crawler.http | Rate-limiting ers.tamu.edu: sleeping 1.00s
2026-04-02 02:19:13,921 | INFO     | tamu_crawler.http | Fetching: https://ers.tamu.edu/register.aspx?ScheduleId=46482
2026-04-02 02:19:13,922 | DEBUG    | tamu_crawler.http | Rate-limiting ers.tamu.edu: sleeping 1.00s
2026-04-02 02:19:14,922 | INFO     | tamu_crawler.http | Fetching: https://ers.tamu.edu/register.aspx?ScheduleId=45158
2026-04-02 02:19:14,923 | DEBUG    | tamu_crawler.http | Rate-limiting ers.tamu.edu: sleeping 1.00s
2026-04-02 02:19:15,923 | INFO     | tamu_crawler.http | Fetching: https://ers.tamu.edu/register.aspx?ScheduleId=46178
2026-04-02 02:19:15,924 | DEBUG    | tamu_crawler.http | Rate-limiting ers.tamu.edu: sleeping 1.00s
2026-04-02 02:19:16,924 | INFO     | tamu_crawler.http | Fetching: https://ers.tamu.edu/register.aspx?ScheduleId=46446
2026-04-02 02:19:16,925 | DEBUG    | tamu_crawler.http | Rate-limiting ers.tamu.edu: sleeping 1.00s
2026-04-02 02:19:17,925 | INFO     | tamu_crawler.http | Fetching: https://ers.tamu.edu/register.aspx?ScheduleId=46545
2026-04-02 02:19:17,926 | DEBUG    | tamu_crawler.http | Rate-limiting ers.tamu.edu: sleeping 1.00s
2026-04-02 02:19:18,927 | INFO     | tamu_crawler.http | Fetching: https://ers.tamu.edu/register.aspx?ScheduleId=46149
2026-04-02 02:19:18,927 | DEBUG    | tamu_crawler.http | Rate-limiting ers.tamu.edu: sleeping 1.00s
2026-04-02 02:19:19,928 | INFO     | tamu_crawler.http | Fetching: https://ers.tamu.edu/register.aspx?ScheduleId=47403
2026-04-02 02:19:19,929 | DEBUG    | tamu_crawler.http | Rate-limiting ers.tamu.edu: sleeping 1.00s
2026-04-02 02:19:20,929 | INFO     | tamu_crawler.http | Fetching: https://ers.tamu.edu/register.aspx?ScheduleId=46038
2026-04-02 02:19:20,930 | DEBUG    | tamu_crawler.http | Rate-limiting ers.tamu.edu: sleeping 1.00s
2026-04-02 02:19:21,930 | INFO     | tamu_crawler.http | Fetching: https://ers.tamu.edu/register.aspx?ScheduleId=46433
2026-04-02 02:19:21,931 | DEBUG    | tamu_crawler.http | Rate-limiting ers.tamu.edu: sleeping 1.00s
2026-04-02 02:19:22,931 | INFO     | tamu_crawler.http | Fetching: https://ers.tamu.edu/register.aspx?ScheduleId=47347
2026-04-02 02:19:22,932 | DEBUG    | tamu_crawler.http | Rate-limiting ers.tamu.edu: sleeping 1.00s
2026-04-02 02:19:23,933 | INFO     | tamu_crawler.http | Fetching: https://ers.tamu.edu/register.aspx?ScheduleId=46478
2026-04-02 02:19:23,934 | DEBUG    | tamu_crawler.http | Rate-limiting ers.tamu.edu: sleeping 1.00s
2026-04-02 02:19:24,934 | INFO     | tamu_crawler.http | Fetching: https://ers.tamu.edu/register.aspx?ScheduleId=46239
2026-04-02 02:19:24,934 | DEBUG    | tamu_crawler.http | Rate-limiting ers.tamu.edu: sleeping 1.00s
2026-04-02 02:19:25,937 | INFO     | tamu_crawler.http | Fetching: https://ers.tamu.edu/register.aspx?ScheduleId=46476
2026-04-02 02:19:25,938 | DEBUG    | tamu_crawler.http | Rate-limiting ers.tamu.edu: sleeping 1.00s
2026-04-02 02:19:26,938 | INFO     | tamu_crawler.http | Fetching: https://ers.tamu.edu/register.aspx?ScheduleId=47389
2026-04-02 02:19:26,940 | DEBUG    | tamu_crawler.http | Rate-limiting ers.tamu.edu: sleeping 1.00s
2026-04-02 02:19:27,939 | INFO     | tamu_crawler.http | Fetching: https://ers.tamu.edu/register.aspx?ScheduleId=46299
2026-04-02 02:19:27,940 | DEBUG    | tamu_crawler.http | Rate-limiting ers.tamu.edu: sleeping 1.00s
2026-04-02 02:19:28,941 | INFO     | tamu_crawler.http | Fetching: https://ers.tamu.edu/register.aspx?ScheduleId=46271
2026-04-02 02:19:28,942 | DEBUG    | tamu_crawler.http | Rate-limiting ers.tamu.edu: sleeping 1.00s
2026-04-02 02:19:29,942 | INFO     | tamu_crawler.http | Fetching: https://ers.tamu.edu/register.aspx?ScheduleId=46285
2026-04-02 02:19:29,943 | DEBUG    | tamu_crawler.http | Rate-limiting ers.tamu.edu: sleeping 1.00s
2026-04-02 02:19:30,943 | INFO     | tamu_crawler.http | Fetching: https://ers.tamu.edu/register.aspx?ScheduleId=46257
2026-04-02 02:19:30,944 | DEBUG    | tamu_crawler.http | Rate-limiting ers.tamu.edu: sleeping 1.00s
2026-04-02 02:19:31,945 | INFO     | tamu_crawler.http | Fetching: https://ers.tamu.edu/register.aspx?ScheduleId=46546
2026-04-02 02:19:31,945 | DEBUG    | tamu_crawler.http | Rate-limiting ers.tamu.edu: sleeping 1.00s
2026-04-02 02:19:32,946 | INFO     | tamu_crawler.http | Fetching: https://ers.tamu.edu/register.aspx?ScheduleId=47349
2026-04-02 02:19:32,946 | DEBUG    | tamu_crawler.http | Rate-limiting ers.tamu.edu: sleeping 1.00s
2026-04-02 02:19:33,947 | INFO     | tamu_crawler.http | Fetching: https://ers.tamu.edu/register.aspx?ScheduleId=47363
2026-04-02 02:19:33,947 | DEBUG    | tamu_crawler.http | Rate-limiting ers.tamu.edu: sleeping 1.00s
2026-04-02 02:19:34,948 | INFO     | tamu_crawler.http | Fetching: https://ers.tamu.edu/register.aspx?ScheduleId=47258
2026-04-02 02:19:34,949 | DEBUG    | tamu_crawler.http | Rate-limiting ers.tamu.edu: sleeping 1.00s
2026-04-02 02:19:35,948 | INFO     | tamu_crawler.http | Fetching: https://ers.tamu.edu/register.aspx?ScheduleId=47259
2026-04-02 02:19:35,949 | DEBUG    | tamu_crawler.http | Rate-limiting ers.tamu.edu: sleeping 1.00s
2026-04-02 02:19:36,949 | INFO     | tamu_crawler.http | Fetching: https://ers.tamu.edu/register.aspx?ScheduleId=47260
2026-04-02 02:19:36,950 | DEBUG    | tamu_crawler.http | Rate-limiting ers.tamu.edu: sleeping 1.00s
2026-04-02 02:19:37,949 | INFO     | tamu_crawler.http | Fetching: https://ers.tamu.edu/register.aspx?ScheduleId=47288
2026-04-02 02:19:37,950 | DEBUG    | tamu_crawler.http | Rate-limiting ers.tamu.edu: sleeping 1.00s
2026-04-02 02:19:38,951 | INFO     | tamu_crawler.http | Fetching: https://ers.tamu.edu/register.aspx?ScheduleId=47285
2026-04-02 02:19:38,951 | DEBUG    | tamu_crawler.http | Rate-limiting ers.tamu.edu: sleeping 1.00s
2026-04-02 02:19:39,952 | INFO     | tamu_crawler.http | Fetching: https://ers.tamu.edu/register.aspx?ScheduleId=47289
2026-04-02 02:19:39,953 | DEBUG    | tamu_crawler.http | Rate-limiting ers.tamu.edu: sleeping 1.00s
2026-04-02 02:19:40,953 | INFO     | tamu_crawler.http | Fetching: https://ers.tamu.edu/register.aspx?ScheduleId=47290
2026-04-02 02:19:40,954 | DEBUG    | tamu_crawler.http | Rate-limiting ers.tamu.edu: sleeping 1.00s
2026-04-02 02:19:41,954 | INFO     | tamu_crawler.http | Fetching: https://ers.tamu.edu/register.aspx?ScheduleId=47291
2026-04-02 02:19:41,955 | DEBUG    | tamu_crawler.http | Rate-limiting ers.tamu.edu: sleeping 1.00s
2026-04-02 02:19:42,956 | INFO     | tamu_crawler.http | Fetching: https://ers.tamu.edu/register.aspx?ScheduleId=47295
2026-04-02 02:19:42,956 | DEBUG    | tamu_crawler.http | Rate-limiting ers.tamu.edu: sleeping 1.00s
2026-04-02 02:19:43,957 | INFO     | tamu_crawler.http | Fetching: https://ers.tamu.edu/register.aspx?ScheduleId=47370
2026-04-02 02:19:43,957 | DEBUG    | tamu_crawler.http | Rate-limiting ers.tamu.edu: sleeping 1.00s
2026-04-02 02:19:44,958 | INFO     | tamu_crawler.http | Fetching: https://ers.tamu.edu/register.aspx?ScheduleId=47384
2026-04-02 02:19:44,959 | DEBUG    | tamu_crawler.http | Rate-limiting ers.tamu.edu: sleeping 1.00s
2026-04-02 02:19:45,959 | INFO     | tamu_crawler.http | Fetching: https://ers.tamu.edu/register.aspx?ScheduleId=47296
2026-04-02 02:19:45,960 | DEBUG    | tamu_crawler.http | Rate-limiting ers.tamu.edu: sleeping 1.00s
2026-04-02 02:19:46,960 | INFO     | tamu_crawler.http | Fetching: https://ers.tamu.edu/register.aspx?ScheduleId=47390
2026-04-02 02:19:46,990 | INFO     | tamu_crawler.parsers.ers | Parsed 105 ERS events from ers_tamu
2026-04-02 02:19:47,124 | DEBUG    | tamu_crawler.food_detector | Food detected (1.00, lunch, 2 cues): BUSH 3+2 Lunch & Learn — high_keyword:lunch, pattern:provided
2026-04-02 02:19:47,190 | DEBUG    | tamu_crawler.food_detector | Food detected (0.45, unknown, 1 cues): Change of Major Info Session — medium_keyword:info session
2026-04-02 02:19:47,205 | DEBUG    | tamu_crawler.food_detector | Food detected (1.00, snacks, 3 cues): Pause & Connect: Mental Health Wellness Night — high_keyword:sandwiches, pattern:provided, food_org:residence life
2026-04-02 02:19:47,249 | DEBUG    | tamu_crawler.food_detector | Food detected (0.45, beverage, 0 cues): Counselor Connect: Coffee Edition — coffee_short_event:coffee
2026-04-02 02:19:47,331 | DEBUG    | tamu_crawler.food_detector | Food detected (0.90, dinner, 1 cues): AggieDemics: Getting Things Done — high_keyword:dinner
2026-04-02 02:19:47,558 | DEBUG    | tamu_crawler.food_detector | Food detected (1.00, dinner, 4 cues): Dinner with a Prof — high_keyword:dinner, high_keyword:meal, pattern:on us, food_org:residence life
2026-04-02 02:19:47,681 | DEBUG    | tamu_crawler.food_detector | Food detected (0.70, dinner, 2 cues): SEAS Graduating Senior End-of-Semester Banquet — medium_keyword:banquet, food_org:student affairs
2026-04-02 02:19:47,739 | DEBUG    | tamu_crawler.food_detector | Food detected (0.45, reception, 1 cues): International Aggie Graduation Reception — medium_keyword:reception
2026-04-02 02:19:47,848 | DEBUG    | tamu_crawler.food_detector | Food detected (1.00, lunch, 2 cues): Graduate Student Digital Learning Expo — high_keyword:lunch, pattern:provided
2026-04-02 02:19:47,852 | INFO     | tamu_crawler.normalizer | Normalised 105 events from 105 raw (filtered 0)
2026-04-02 02:19:47,853 | INFO     | tamu_crawler | Source ers_tamu: 105 raw → 105 normalised events
2026-04-02 02:19:47,854 | INFO     | tamu_crawler | Deduplicating 105 events across all sources...
2026-04-02 02:19:47,855 | DEBUG    | tamu_crawler.deduper | Dedup group (2 events, 1 sources): Math 151 Hands-On, Grades Up (HOGU) Spring 2026
2026-04-02 02:19:47,855 | DEBUG    | tamu_crawler.deduper | Dedup group (2 events, 1 sources): Math 151 Hands-On, Grades Up (HOGU) Spring 2026
2026-04-02 02:19:47,855 | DEBUG    | tamu_crawler.deduper | Dedup group (2 events, 1 sources): Math 151 Hands-On, Grades Up (HOGU) Spring 2026
2026-04-02 02:19:47,855 | INFO     | tamu_crawler.deduper | Deduplication: 105 events → 102 unique (3 duplicates removed)
2026-04-02 02:19:47,860 | INFO     | tamu_crawler | Wrote 102 events to data/normalized/events.jsonl
2026-04-02 02:19:47,862 | INFO     | tamu_crawler.output_csv | Wrote 1 rows to output/summary_by_source.csv
2026-04-02 02:19:47,862 | INFO     | tamu_crawler.output_csv | Wrote 13 rows to output/summary_by_department.csv
2026-04-02 02:19:47,862 | INFO     | tamu_crawler.output_csv | Wrote 8 rows to output/summary_by_category.csv
2026-04-02 02:19:47,862 | INFO     | tamu_crawler.output_csv | Wrote 6 rows to output/summary_by_food_confidence.csv
2026-04-02 02:19:47,862 | INFO     | tamu_crawler.output_csv | Wrote 1 rows to output/summary_by_campus.csv
2026-04-02 02:19:47,862 | INFO     | tamu_crawler.output_csv | Wrote 1 rows to output/summary_by_host_type.csv
2026-04-02 02:19:47,863 | INFO     | tamu_crawler.output_csv | Wrote 6 rows to output/summary_by_food_type.csv
2026-04-02 02:19:47,863 | INFO     | tamu_crawler.output_csv | Wrote 1 rows to output/source_health.csv
2026-04-02 02:19:47,863 | INFO     | tamu_crawler.output_csv | Generated 8 CSV summary files in output
2026-04-02 02:19:47,863 | INFO     | tamu_crawler | Generated 8 CSV summary files
2026-04-02 02:19:47,864 | INFO     | tamu_crawler.state | Saved crawl state to data/state/crawl_state.json
2026-04-02 02:19:47,866 | INFO     | tamu_crawler | Crawl complete. 102 events written.
2026-04-02 02:20:17,533 | INFO     | tamu_crawler.state | Loaded crawl state from data/state/crawl_state.json
2026-04-02 02:20:47,036 | INFO     | tamu_crawler | TAMU Events Crawler v3 starting...
2026-04-02 02:20:47,046 | INFO     | tamu_crawler | Loaded 62 sources from sources.yaml
2026-04-02 02:20:47,047 | DEBUG    | asyncio | Using selector: KqueueSelector
2026-04-02 02:20:47,047 | INFO     | tamu_crawler.state | Loaded crawl state from data/state/crawl_state.json
2026-04-02 02:20:47,048 | INFO     | tamu_crawler | Starting crawl — 62 sources, dry_run=False
2026-04-02 02:20:47,100 | INFO     | tamu_crawler | ━━━ Crawling source: main_calendar (livewhale_json) ━━━
2026-04-02 02:20:47,290 | INFO     | tamu_crawler.http | Fetching: https://calendar.tamu.edu/live/json/events/group/Main%20University%20Calendar
2026-04-02 02:20:47,405 | INFO     | tamu_crawler.parsers.livewhale | Parsed 0 events from main_calendar (of 0 raw)
2026-04-02 02:20:47,405 | INFO     | tamu_crawler.normalizer | Normalised 0 events from 0 raw (filtered 0)
2026-04-02 02:20:47,405 | INFO     | tamu_crawler | Source main_calendar: 0 raw → 0 normalised events
2026-04-02 02:20:47,405 | INFO     | tamu_crawler | ━━━ Crawling source: student_activities (livewhale_json) ━━━
2026-04-02 02:20:47,405 | DEBUG    | tamu_crawler.http | Rate-limiting calendar.tamu.edu: sleeping 0.89s
2026-04-02 02:20:48,292 | INFO     | tamu_crawler.http | Fetching: https://calendar.tamu.edu/live/json/events/group/Student%20Activities
2026-04-02 02:20:48,346 | INFO     | tamu_crawler.http | Not modified (304): https://calendar.tamu.edu/live/json/events/group/Student%20Activities
2026-04-02 02:20:48,346 | INFO     | tamu_crawler | Source student_activities not modified, skipping
2026-04-02 02:20:48,346 | INFO     | tamu_crawler | ━━━ Crawling source: student_interest (livewhale_json) ━━━
2026-04-02 02:20:48,346 | DEBUG    | tamu_crawler.http | Rate-limiting calendar.tamu.edu: sleeping 0.95s
2026-04-02 02:20:49,293 | INFO     | tamu_crawler.http | Fetching: https://calendar.tamu.edu/live/json/events/group/Student%20Interest
2026-04-02 02:20:49,411 | INFO     | tamu_crawler.parsers.livewhale | Parsed 0 events from student_interest (of 0 raw)
2026-04-02 02:20:49,411 | INFO     | tamu_crawler.normalizer | Normalised 0 events from 0 raw (filtered 0)
2026-04-02 02:20:49,411 | INFO     | tamu_crawler | Source student_interest: 0 raw → 0 normalised events
2026-04-02 02:20:49,411 | INFO     | tamu_crawler | ━━━ Crawling source: registrar (livewhale_json) ━━━
2026-04-02 02:20:49,411 | DEBUG    | tamu_crawler.http | Rate-limiting calendar.tamu.edu: sleeping 0.88s
2026-04-02 02:20:50,294 | INFO     | tamu_crawler.http | Fetching: https://calendar.tamu.edu/live/json/events/group/Registrar
2026-04-02 02:20:50,415 | INFO     | tamu_crawler.parsers.livewhale | Parsed 0 events from registrar (of 0 raw)
2026-04-02 02:20:50,415 | INFO     | tamu_crawler.normalizer | Normalised 0 events from 0 raw (filtered 0)
2026-04-02 02:20:50,415 | INFO     | tamu_crawler | Source registrar: 0 raw → 0 normalised events
2026-04-02 02:20:50,416 | INFO     | tamu_crawler | ━━━ Crawling source: rec_sports (livewhale_json) ━━━
2026-04-02 02:20:50,416 | DEBUG    | tamu_crawler.http | Rate-limiting calendar.tamu.edu: sleeping 0.88s
2026-04-02 02:20:51,295 | INFO     | tamu_crawler.http | Fetching: https://calendar.tamu.edu/live/json/events/group/Rec%20Sports
2026-04-02 02:20:51,356 | INFO     | tamu_crawler.http | Not modified (304): https://calendar.tamu.edu/live/json/events/group/Rec%20Sports
2026-04-02 02:20:51,356 | INFO     | tamu_crawler | Source rec_sports not modified, skipping
2026-04-02 02:20:51,356 | INFO     | tamu_crawler | ━━━ Crawling source: student_orgs (livewhale_json) ━━━
2026-04-02 02:20:51,356 | DEBUG    | tamu_crawler.http | Rate-limiting calendar.tamu.edu: sleeping 0.94s
2026-04-02 02:20:52,296 | INFO     | tamu_crawler.http | Fetching: https://calendar.tamu.edu/live/json/events/group/Student%20Organizations
2026-04-02 02:20:52,428 | INFO     | tamu_crawler.parsers.livewhale | Parsed 0 events from student_orgs (of 0 raw)
2026-04-02 02:20:52,429 | INFO     | tamu_crawler.normalizer | Normalised 0 events from 0 raw (filtered 0)
2026-04-02 02:20:52,429 | INFO     | tamu_crawler | Source student_orgs: 0 raw → 0 normalised events
2026-04-02 02:20:52,429 | INFO     | tamu_crawler | ━━━ Crawling source: msc (livewhale_json) ━━━
2026-04-02 02:20:52,429 | DEBUG    | tamu_crawler.http | Rate-limiting calendar.tamu.edu: sleeping 0.87s
2026-04-02 02:20:53,297 | INFO     | tamu_crawler.http | Fetching: https://calendar.tamu.edu/live/json/events/group/MSC
2026-04-02 02:20:53,417 | INFO     | tamu_crawler.http | Not modified (304): https://calendar.tamu.edu/live/json/events/group/MSC
2026-04-02 02:20:53,417 | INFO     | tamu_crawler | Source msc not modified, skipping
2026-04-02 02:20:53,417 | INFO     | tamu_crawler | ━━━ Crawling source: career_center (livewhale_json) ━━━
2026-04-02 02:20:53,417 | DEBUG    | tamu_crawler.http | Rate-limiting calendar.tamu.edu: sleeping 0.88s
2026-04-02 02:20:54,298 | INFO     | tamu_crawler.http | Fetching: https://calendar.tamu.edu/live/json/events/group/Career%20Center
2026-04-02 02:20:54,435 | INFO     | tamu_crawler.parsers.livewhale | Parsed 15 events from career_center (of 15 raw)
2026-04-02 02:20:54,565 | INFO     | tamu_crawler.normalizer | Normalised 15 events from 15 raw (filtered 0)
2026-04-02 02:20:54,565 | INFO     | tamu_crawler | Source career_center: 15 raw → 15 normalised events
2026-04-02 02:20:54,565 | INFO     | tamu_crawler | ━━━ Crawling source: engineering (livewhale_json) ━━━
2026-04-02 02:20:54,566 | DEBUG    | tamu_crawler.http | Rate-limiting calendar.tamu.edu: sleeping 0.73s
2026-04-02 02:20:55,300 | INFO     | tamu_crawler.http | Fetching: https://calendar.tamu.edu/live/json/events/group/Engineering
2026-04-02 02:20:55,462 | INFO     | tamu_crawler.parsers.livewhale | Parsed 0 events from engineering (of 0 raw)
2026-04-02 02:20:55,462 | INFO     | tamu_crawler.normalizer | Normalised 0 events from 0 raw (filtered 0)
2026-04-02 02:20:55,462 | INFO     | tamu_crawler | Source engineering: 0 raw → 0 normalised events
2026-04-02 02:20:55,462 | INFO     | tamu_crawler | ━━━ Crawling source: liberal_arts (livewhale_json) ━━━
2026-04-02 02:20:55,462 | DEBUG    | tamu_crawler.http | Rate-limiting calendar.tamu.edu: sleeping 0.84s
2026-04-02 02:20:56,301 | INFO     | tamu_crawler.http | Fetching: https://calendar.tamu.edu/live/json/events/group/Liberal%20Arts
2026-04-02 02:20:56,511 | INFO     | tamu_crawler.parsers.livewhale | Parsed 0 events from liberal_arts (of 0 raw)
2026-04-02 02:20:56,511 | INFO     | tamu_crawler.normalizer | Normalised 0 events from 0 raw (filtered 0)
2026-04-02 02:20:56,512 | INFO     | tamu_crawler | Source liberal_arts: 0 raw → 0 normalised events
2026-04-02 02:20:56,512 | INFO     | tamu_crawler | ━━━ Crawling source: science (livewhale_json) ━━━
2026-04-02 02:20:56,512 | DEBUG    | tamu_crawler.http | Rate-limiting calendar.tamu.edu: sleeping 0.79s
2026-04-02 02:20:57,302 | INFO     | tamu_crawler.http | Fetching: https://calendar.tamu.edu/live/json/events/group/Science
2026-04-02 02:20:57,423 | INFO     | tamu_crawler.parsers.livewhale | Parsed 0 events from science (of 0 raw)
2026-04-02 02:20:57,423 | INFO     | tamu_crawler.normalizer | Normalised 0 events from 0 raw (filtered 0)
2026-04-02 02:20:57,423 | INFO     | tamu_crawler | Source science: 0 raw → 0 normalised events
2026-04-02 02:20:57,423 | INFO     | tamu_crawler | ━━━ Crawling source: bush_school (livewhale_json) ━━━
2026-04-02 02:20:57,423 | DEBUG    | tamu_crawler.http | Rate-limiting calendar.tamu.edu: sleeping 0.88s
2026-04-02 02:20:58,303 | INFO     | tamu_crawler.http | Fetching: https://calendar.tamu.edu/live/json/events/group/Bush%20School
2026-04-02 02:20:58,361 | INFO     | tamu_crawler.http | Not modified (304): https://calendar.tamu.edu/live/json/events/group/Bush%20School
2026-04-02 02:20:58,361 | INFO     | tamu_crawler | Source bush_school not modified, skipping
2026-04-02 02:20:58,361 | INFO     | tamu_crawler | ━━━ Crawling source: agriculture (livewhale_json) ━━━
2026-04-02 02:20:58,361 | DEBUG    | tamu_crawler.http | Rate-limiting calendar.tamu.edu: sleeping 0.94s
2026-04-02 02:20:59,304 | INFO     | tamu_crawler.http | Fetching: https://calendar.tamu.edu/live/json/events/group/Agriculture%20and%20Life%20Sciences
2026-04-02 02:20:59,418 | INFO     | tamu_crawler.parsers.livewhale | Parsed 0 events from agriculture (of 0 raw)
2026-04-02 02:20:59,418 | INFO     | tamu_crawler.normalizer | Normalised 0 events from 0 raw (filtered 0)
2026-04-02 02:20:59,418 | INFO     | tamu_crawler | Source agriculture: 0 raw → 0 normalised events
2026-04-02 02:20:59,418 | INFO     | tamu_crawler | ━━━ Crawling source: business (livewhale_json) ━━━
2026-04-02 02:20:59,418 | DEBUG    | tamu_crawler.http | Rate-limiting calendar.tamu.edu: sleeping 0.89s
2026-04-02 02:21:00,305 | INFO     | tamu_crawler.http | Fetching: https://calendar.tamu.edu/live/json/events/group/Mays%20Business%20School
2026-04-02 02:21:00,397 | INFO     | tamu_crawler.parsers.livewhale | Parsed 121 events from business (of 124 raw)
2026-04-02 02:21:00,462 | DEBUG    | tamu_crawler.food_detector | Food detected (0.70, unknown, 2 cues): Master of Business Information Session — medium_keyword:information session, food_org:mays business
2026-04-02 02:21:00,503 | DEBUG    | tamu_crawler.food_detector | Food detected (0.70, lunch, 2 cues): Flex Online MBA: MBA Connect: Luncheon &amp; Insights (Colle — medium_keyword:luncheon, low_keyword:gathering, food_org:mays business
2026-04-02 02:21:01,080 | INFO     | tamu_crawler.normalizer | Normalised 109 events from 121 raw (filtered 12)
2026-04-02 02:21:01,080 | INFO     | tamu_crawler | Source business: 121 raw → 109 normalised events
2026-04-02 02:21:01,080 | INFO     | tamu_crawler | ━━━ Crawling source: education (livewhale_json) ━━━
2026-04-02 02:21:01,081 | DEBUG    | tamu_crawler.http | Rate-limiting calendar.tamu.edu: sleeping 0.22s
2026-04-02 02:21:01,306 | INFO     | tamu_crawler.http | Fetching: https://calendar.tamu.edu/live/json/events/group/Education%20and%20Human%20Development
2026-04-02 02:21:01,491 | INFO     | tamu_crawler.parsers.livewhale | Parsed 0 events from education (of 0 raw)
2026-04-02 02:21:01,491 | INFO     | tamu_crawler.normalizer | Normalised 0 events from 0 raw (filtered 0)
2026-04-02 02:21:01,491 | INFO     | tamu_crawler | Source education: 0 raw → 0 normalised events
2026-04-02 02:21:01,491 | INFO     | tamu_crawler | ━━━ Crawling source: geosciences (livewhale_json) ━━━
2026-04-02 02:21:01,491 | DEBUG    | tamu_crawler.http | Rate-limiting calendar.tamu.edu: sleeping 0.82s
2026-04-02 02:21:02,307 | INFO     | tamu_crawler.http | Fetching: https://calendar.tamu.edu/live/json/events/group/Geosciences
2026-04-02 02:21:02,502 | INFO     | tamu_crawler.parsers.livewhale | Parsed 0 events from geosciences (of 0 raw)
2026-04-02 02:21:02,502 | INFO     | tamu_crawler.normalizer | Normalised 0 events from 0 raw (filtered 0)
2026-04-02 02:21:02,502 | INFO     | tamu_crawler | Source geosciences: 0 raw → 0 normalised events
2026-04-02 02:21:02,502 | INFO     | tamu_crawler | ━━━ Crawling source: health (livewhale_json) ━━━
2026-04-02 02:21:02,502 | DEBUG    | tamu_crawler.http | Rate-limiting calendar.tamu.edu: sleeping 0.81s
2026-04-02 02:21:03,309 | INFO     | tamu_crawler.http | Fetching: https://calendar.tamu.edu/live/json/events/group/School%20of%20Public%20Health
2026-04-02 02:21:03,384 | INFO     | tamu_crawler.parsers.livewhale | Parsed 14 events from health (of 14 raw)
2026-04-02 02:21:03,394 | DEBUG    | tamu_crawler.food_detector | Food detected (0.45, unknown, 1 cues): PHGSA Movie Night — medium_keyword:movie night
2026-04-02 02:21:03,471 | DEBUG    | tamu_crawler.food_detector | Food detected (0.45, dinner, 1 cues): SPH Annual Recognition and Awards Banquet — medium_keyword:banquet
2026-04-02 02:21:03,486 | DEBUG    | tamu_crawler.food_detector | Food detected (0.95, breakfast, 1 cues): Staff Appreciation Breakfast — high_keyword:breakfast
2026-04-02 02:21:03,493 | INFO     | tamu_crawler.normalizer | Normalised 14 events from 14 raw (filtered 0)
2026-04-02 02:21:03,493 | INFO     | tamu_crawler | Source health: 14 raw → 14 normalised events
2026-04-02 02:21:03,493 | INFO     | tamu_crawler | ━━━ Crawling source: architecture (livewhale_json) ━━━
2026-04-02 02:21:03,493 | DEBUG    | tamu_crawler.http | Rate-limiting calendar.tamu.edu: sleeping 0.82s
2026-04-02 02:21:04,310 | INFO     | tamu_crawler.http | Fetching: https://calendar.tamu.edu/live/json/events/group/Architecture
2026-04-02 02:21:04,538 | INFO     | tamu_crawler.parsers.livewhale | Parsed 0 events from architecture (of 0 raw)
2026-04-02 02:21:04,538 | INFO     | tamu_crawler.normalizer | Normalised 0 events from 0 raw (filtered 0)
2026-04-02 02:21:04,538 | INFO     | tamu_crawler | Source architecture: 0 raw → 0 normalised events
2026-04-02 02:21:04,538 | INFO     | tamu_crawler | ━━━ Crawling source: veterinary (livewhale_json) ━━━
2026-04-02 02:21:04,538 | DEBUG    | tamu_crawler.http | Rate-limiting calendar.tamu.edu: sleeping 0.77s
2026-04-02 02:21:05,311 | INFO     | tamu_crawler.http | Fetching: https://calendar.tamu.edu/live/json/events/group/Veterinary%20Medicine
2026-04-02 02:21:05,424 | INFO     | tamu_crawler.parsers.livewhale | Parsed 0 events from veterinary (of 0 raw)
2026-04-02 02:21:05,425 | INFO     | tamu_crawler.normalizer | Normalised 0 events from 0 raw (filtered 0)
2026-04-02 02:21:05,425 | INFO     | tamu_crawler | Source veterinary: 0 raw → 0 normalised events
2026-04-02 02:21:05,425 | INFO     | tamu_crawler | ━━━ Crawling source: libraries (livewhale_json) ━━━
2026-04-02 02:21:05,425 | DEBUG    | tamu_crawler.http | Rate-limiting calendar.tamu.edu: sleeping 0.89s
2026-04-02 02:21:06,312 | INFO     | tamu_crawler.http | Fetching: https://calendar.tamu.edu/live/json/events/group/University%20Libraries
2026-04-02 02:21:06,389 | INFO     | tamu_crawler.parsers.livewhale | Parsed 154 events from libraries (of 170 raw)
2026-04-02 02:21:06,657 | DEBUG    | tamu_crawler.food_detector | Food detected (0.45, unknown, 1 cues): Aggies All Booked - General Meeting — medium_keyword:general meeting
2026-04-02 02:21:07,430 | DEBUG    | tamu_crawler.food_detector | Food detected (0.45, unknown, 1 cues): Libraries Open House — medium_keyword:open house
2026-04-02 02:21:07,441 | INFO     | tamu_crawler.normalizer | Normalised 154 events from 154 raw (filtered 0)
2026-04-02 02:21:07,441 | INFO     | tamu_crawler | Source libraries: 154 raw → 154 normalised events
2026-04-02 02:21:07,441 | INFO     | tamu_crawler | ━━━ Crawling source: diversity (livewhale_json) ━━━
2026-04-02 02:21:07,441 | INFO     | tamu_crawler.http | Fetching: https://calendar.tamu.edu/live/json/events/group/Diversity
2026-04-02 02:21:07,636 | INFO     | tamu_crawler.parsers.livewhale | Parsed 0 events from diversity (of 0 raw)
2026-04-02 02:21:07,636 | INFO     | tamu_crawler.normalizer | Normalised 0 events from 0 raw (filtered 0)
2026-04-02 02:21:07,636 | INFO     | tamu_crawler | Source diversity: 0 raw → 0 normalised events
2026-04-02 02:21:07,636 | INFO     | tamu_crawler | ━━━ Crawling source: graduate_studies (livewhale_json) ━━━
2026-04-02 02:21:07,636 | DEBUG    | tamu_crawler.http | Rate-limiting calendar.tamu.edu: sleeping 0.80s
2026-04-02 02:21:08,442 | INFO     | tamu_crawler.http | Fetching: https://calendar.tamu.edu/live/json/events/group/Graduate%20and%20Professional%20School
2026-04-02 02:21:08,572 | INFO     | tamu_crawler.parsers.livewhale | Parsed 4 events from graduate_studies (of 4 raw)
2026-04-02 02:21:08,575 | DEBUG    | tamu_crawler.food_detector | Food detected (0.95, dinner, 1 cues): Dinner &amp; Dialogue — high_keyword:dinner, low_keyword:community
2026-04-02 02:21:08,590 | DEBUG    | tamu_crawler.food_detector | Food detected (0.45, reception, 1 cues): Graduate and Professional School Awards Ceremony — medium_keyword:reception
2026-04-02 02:21:08,601 | INFO     | tamu_crawler.normalizer | Normalised 4 events from 4 raw (filtered 0)
2026-04-02 02:21:08,601 | INFO     | tamu_crawler | Source graduate_studies: 4 raw → 4 normalised events
2026-04-02 02:21:08,601 | INFO     | tamu_crawler | ━━━ Crawling source: research (livewhale_json) ━━━
2026-04-02 02:21:08,602 | DEBUG    | tamu_crawler.http | Rate-limiting calendar.tamu.edu: sleeping 0.84s
2026-04-02 02:21:09,443 | INFO     | tamu_crawler.http | Fetching: https://calendar.tamu.edu/live/json/events/group/Research
2026-04-02 02:21:09,503 | INFO     | tamu_crawler.http | Not modified (304): https://calendar.tamu.edu/live/json/events/group/Research
2026-04-02 02:21:09,504 | INFO     | tamu_crawler | Source research not modified, skipping
2026-04-02 02:21:09,504 | INFO     | tamu_crawler | ━━━ Crawling source: international (livewhale_json) ━━━
2026-04-02 02:21:09,504 | DEBUG    | tamu_crawler.http | Rate-limiting calendar.tamu.edu: sleeping 0.94s
2026-04-02 02:21:10,444 | INFO     | tamu_crawler.http | Fetching: https://calendar.tamu.edu/live/json/events/group/International
2026-04-02 02:21:10,500 | INFO     | tamu_crawler.http | Not modified (304): https://calendar.tamu.edu/live/json/events/group/International
2026-04-02 02:21:10,500 | INFO     | tamu_crawler | Source international not modified, skipping
2026-04-02 02:21:10,500 | INFO     | tamu_crawler | ━━━ Crawling source: honors (livewhale_json) ━━━
2026-04-02 02:21:10,500 | DEBUG    | tamu_crawler.http | Rate-limiting calendar.tamu.edu: sleeping 0.94s
2026-04-02 02:21:11,445 | INFO     | tamu_crawler.http | Fetching: https://calendar.tamu.edu/live/json/events/group/Honors
2026-04-02 02:21:11,502 | INFO     | tamu_crawler.http | Not modified (304): https://calendar.tamu.edu/live/json/events/group/Honors
2026-04-02 02:21:11,502 | INFO     | tamu_crawler | Source honors not modified, skipping
2026-04-02 02:21:11,502 | INFO     | tamu_crawler | ━━━ Crawling source: performing_arts (livewhale_json) ━━━
2026-04-02 02:21:11,502 | DEBUG    | tamu_crawler.http | Rate-limiting calendar.tamu.edu: sleeping 0.94s
2026-04-02 02:21:12,446 | INFO     | tamu_crawler.http | Fetching: https://calendar.tamu.edu/live/json/events/group/Performing%20Arts
2026-04-02 02:21:12,561 | INFO     | tamu_crawler.parsers.livewhale | Parsed 0 events from performing_arts (of 0 raw)
2026-04-02 02:21:12,561 | INFO     | tamu_crawler.normalizer | Normalised 0 events from 0 raw (filtered 0)
2026-04-02 02:21:12,562 | INFO     | tamu_crawler | Source performing_arts: 0 raw → 0 normalised events
2026-04-02 02:21:12,562 | INFO     | tamu_crawler | ━━━ Crawling source: feeds (rss_directory) ━━━
2026-04-02 02:21:12,642 | DEBUG    | tamu_crawler.http | Rate-limiting calendar.tamu.edu: sleeping 0.80s
2026-04-02 02:21:13,447 | INFO     | tamu_crawler.http | Fetching: https://calendar.tamu.edu/feeds/
2026-04-02 02:21:13,655 | INFO     | tamu_crawler.parsers.rss | Discovered 166 feed URLs from https://calendar.tamu.edu/feeds/
2026-04-02 02:21:13,656 | DEBUG    | tamu_crawler.http | Rate-limiting calendar.tamu.edu: sleeping 0.79s
2026-04-02 02:21:14,449 | INFO     | tamu_crawler.http | Fetching: https://calendar.tamu.edu/feeds
2026-04-02 02:21:14,763 | INFO     | tamu_crawler.parsers.rss | Parsed 0 entries from RSS feed https://calendar.tamu.edu/feeds
2026-04-02 02:21:14,763 | DEBUG    | tamu_crawler.http | Rate-limiting calendar.tamu.edu: sleeping 0.69s
2026-04-02 02:21:15,450 | INFO     | tamu_crawler.http | Fetching: https://calendar.tamu.edu/live/rss/events/group/Office of the Registrar
2026-04-02 02:21:15,694 | INFO     | tamu_crawler.parsers.rss | Parsed 96 entries from RSS feed https://calendar.tamu.edu/live/rss/events/group/Office of the Registrar
2026-04-02 02:21:15,694 | DEBUG    | tamu_crawler.http | Rate-limiting calendar.tamu.edu: sleeping 0.76s
2026-04-02 02:21:16,451 | INFO     | tamu_crawler.http | Fetching: https://calendar.tamu.edu/live/rss/events/group/Academic Success Center
2026-04-02 02:21:16,511 | INFO     | tamu_crawler.http | Not modified (304): https://calendar.tamu.edu/live/rss/events/group/Academic Success Center
2026-04-02 02:21:16,511 | DEBUG    | tamu_crawler.http | Rate-limiting calendar.tamu.edu: sleeping 0.94s
2026-04-02 02:21:17,452 | INFO     | tamu_crawler.http | Fetching: https://calendar.tamu.edu/live/rss/events/group/Academy for the Visual and Performing Arts
2026-04-02 02:21:17,541 | INFO     | tamu_crawler.http | Not modified (304): https://calendar.tamu.edu/live/rss/events/group/Academy for the Visual and Performing Arts
2026-04-02 02:21:17,542 | DEBUG    | tamu_crawler.http | Rate-limiting calendar.tamu.edu: sleeping 0.91s
2026-04-02 02:21:18,453 | INFO     | tamu_crawler.http | Fetching: https://calendar.tamu.edu/live/rss/events/group/Aggie Athletics
2026-04-02 02:21:18,625 | INFO     | tamu_crawler.parsers.rss | Parsed 203 entries from RSS feed https://calendar.tamu.edu/live/rss/events/group/Aggie Athletics
2026-04-02 02:21:18,626 | DEBUG    | tamu_crawler.http | Rate-limiting calendar.tamu.edu: sleeping 0.83s
2026-04-02 02:21:19,454 | INFO     | tamu_crawler.http | Fetching: https://calendar.tamu.edu/live/rss/events/group/Aggie One Stop
2026-04-02 02:21:19,621 | INFO     | tamu_crawler.parsers.rss | Parsed 97 entries from RSS feed https://calendar.tamu.edu/live/rss/events/group/Aggie One Stop
2026-04-02 02:21:19,621 | DEBUG    | tamu_crawler.http | Rate-limiting calendar.tamu.edu: sleeping 0.83s
2026-04-02 02:21:20,455 | INFO     | tamu_crawler.http | Fetching: https://calendar.tamu.edu/live/rss/events/group/Annenberg Presidential Conference Center
2026-04-02 02:21:20,519 | INFO     | tamu_crawler.http | Not modified (304): https://calendar.tamu.edu/live/rss/events/group/Annenberg Presidential Conference Center
2026-04-02 02:21:20,519 | DEBUG    | tamu_crawler.http | Rate-limiting calendar.tamu.edu: sleeping 0.94s
2026-04-02 02:21:21,456 | INFO     | tamu_crawler.http | Fetching: https://calendar.tamu.edu/live/rss/events/group/Applicant Information System
2026-04-02 02:21:21,514 | INFO     | tamu_crawler.http | Not modified (304): https://calendar.tamu.edu/live/rss/events/group/Applicant Information System
2026-04-02 02:21:21,514 | DEBUG    | tamu_crawler.http | Rate-limiting calendar.tamu.edu: sleeping 0.94s
2026-04-02 02:21:22,458 | INFO     | tamu_crawler.http | Fetching: https://calendar.tamu.edu/live/rss/events/group/Applied Biodiversity Science Program
2026-04-02 02:21:22,514 | INFO     | tamu_crawler.http | Not modified (304): https://calendar.tamu.edu/live/rss/events/group/Applied Biodiversity Science Program
2026-04-02 02:21:22,515 | DEBUG    | tamu_crawler.http | Rate-limiting calendar.tamu.edu: sleeping 0.94s
2026-04-02 02:21:23,459 | INFO     | tamu_crawler.http | Fetching: https://calendar.tamu.edu/live/rss/events/group/Department of Atmospheric Sciences
2026-04-02 02:21:23,518 | INFO     | tamu_crawler.http | Not modified (304): https://calendar.tamu.edu/live/rss/events/group/Department of Atmospheric Sciences
2026-04-02 02:21:23,519 | DEBUG    | tamu_crawler.http | Rate-limiting calendar.tamu.edu: sleeping 0.94s
2026-04-02 02:21:24,460 | INFO     | tamu_crawler.http | Fetching: https://calendar.tamu.edu/live/rss/events/group/Bush School
2026-04-02 02:21:24,521 | INFO     | tamu_crawler.http | Not modified (304): https://calendar.tamu.edu/live/rss/events/group/Bush School
2026-04-02 02:21:24,521 | DEBUG    | tamu_crawler.http | Rate-limiting calendar.tamu.edu: sleeping 0.94s
2026-04-02 02:21:25,461 | INFO     | tamu_crawler.http | Fetching: https://calendar.tamu.edu/live/rss/events/group/Career Center
2026-04-02 02:21:25,528 | INFO     | tamu_crawler.parsers.rss | Parsed 15 entries from RSS feed https://calendar.tamu.edu/live/rss/events/group/Career Center
2026-04-02 02:21:25,528 | DEBUG    | tamu_crawler.http | Rate-limiting calendar.tamu.edu: sleeping 0.93s
2026-04-02 02:21:26,462 | INFO     | tamu_crawler.http | Fetching: https://calendar.tamu.edu/live/rss/events/group/Center for Teaching Excellence
2026-04-02 02:21:26,551 | INFO     | tamu_crawler.parsers.rss | Parsed 28 entries from RSS feed https://calendar.tamu.edu/live/rss/events/group/Center for Teaching Excellence
2026-04-02 02:21:26,551 | DEBUG    | tamu_crawler.http | Rate-limiting calendar.tamu.edu: sleeping 0.91s
2026-04-02 02:21:27,463 | INFO     | tamu_crawler.http | Fetching: https://calendar.tamu.edu/live/rss/events/group/Center of Digital Humanities Research
2026-04-02 02:21:27,524 | INFO     | tamu_crawler.http | Not modified (304): https://calendar.tamu.edu/live/rss/events/group/Center of Digital Humanities Research
2026-04-02 02:21:27,524 | DEBUG    | tamu_crawler.http | Rate-limiting calendar.tamu.edu: sleeping 0.94s
2026-04-02 02:21:28,463 | INFO     | tamu_crawler.http | Fetching: https://calendar.tamu.edu/live/rss/events/group/Center of Excellence in Cancer Research
2026-04-02 02:21:28,550 | INFO     | tamu_crawler.parsers.rss | Parsed 1 entries from RSS feed https://calendar.tamu.edu/live/rss/events/group/Center of Excellence in Cancer Research
2026-04-02 02:21:28,550 | DEBUG    | tamu_crawler.http | Rate-limiting calendar.tamu.edu: sleeping 0.91s
2026-04-02 02:21:29,465 | INFO     | tamu_crawler.http | Fetching: https://calendar.tamu.edu/live/rss/events/group/Chemistry Roadshow
2026-04-02 02:21:29,593 | INFO     | tamu_crawler.http | Not modified (304): https://calendar.tamu.edu/live/rss/events/group/Chemistry Roadshow
2026-04-02 02:21:29,593 | DEBUG    | tamu_crawler.http | Rate-limiting calendar.tamu.edu: sleeping 0.87s
2026-04-02 02:21:30,466 | INFO     | tamu_crawler.http | Fetching: https://calendar.tamu.edu/live/rss/events/group/CIRTL@TAMU
2026-04-02 02:21:30,590 | INFO     | tamu_crawler.http | Not modified (304): https://calendar.tamu.edu/live/rss/events/group/CIRTL@TAMU
2026-04-02 02:21:30,590 | DEBUG    | tamu_crawler.http | Rate-limiting calendar.tamu.edu: sleeping 0.88s
2026-04-02 02:21:31,467 | INFO     | tamu_crawler.http | Fetching: https://calendar.tamu.edu/live/rss/events/group/Coastal Bend Health Education Center
2026-04-02 02:21:31,531 | INFO     | tamu_crawler.http | Not modified (304): https://calendar.tamu.edu/live/rss/events/group/Coastal Bend Health Education Center
2026-04-02 02:21:31,531 | DEBUG    | tamu_crawler.http | Rate-limiting calendar.tamu.edu: sleeping 0.94s
2026-04-02 02:21:32,468 | INFO     | tamu_crawler.http | Fetching: https://calendar.tamu.edu/live/rss/events/group/College of Architecture
2026-04-02 02:21:32,527 | INFO     | tamu_crawler.http | Not modified (304): https://calendar.tamu.edu/live/rss/events/group/College of Architecture
2026-04-02 02:21:32,527 | DEBUG    | tamu_crawler.http | Rate-limiting calendar.tamu.edu: sleeping 0.94s
2026-04-02 02:21:33,469 | INFO     | tamu_crawler.http | Fetching: https://calendar.tamu.edu/live/rss/events/group/College of Arts & Sciences
2026-04-02 02:21:33,542 | INFO     | tamu_crawler.parsers.rss | Parsed 28 entries from RSS feed https://calendar.tamu.edu/live/rss/events/group/College of Arts & Sciences
2026-04-02 02:21:33,542 | INFO     | tamu_crawler.parsers.rss | Total 468 events from 20 feeds (of 166 discovered) at https://calendar.tamu.edu/feeds/
2026-04-02 02:21:36,470 | DEBUG    | tamu_crawler.food_detector | Food detected (1.00, lunch, 2 cues): Graduate Student Digital Learning Expo — high_keyword:lunch, pattern:provided
2026-04-02 02:21:36,496 | DEBUG    | tamu_crawler.food_detector | Food detected (0.80, unknown, 1 cues): Colloquium Series: Madelaine Setiawan — academic:colloquium
2026-04-02 02:21:36,537 | DEBUG    | tamu_crawler.food_detector | Food detected (1.00, lunch, 3 cues): Indigenous Studies in Relation — high_keyword:lunch, coffee_with_context:coffee, pattern:served
2026-04-02 02:21:36,578 | DEBUG    | tamu_crawler.food_detector | Food detected (0.80, unknown, 1 cues): Seminar Speaker Nick Perez — academic:seminar series
2026-04-02 02:21:36,606 | DEBUG    | tamu_crawler.food_detector | Food detected (0.80, unknown, 1 cues): Colloquium Series: Jonathan Brunstedt and Akshara Dafre — academic:colloquium
2026-04-02 02:21:36,646 | DEBUG    | tamu_crawler.food_detector | Food detected (0.80, unknown, 1 cues): Seminar Speaker Thorsten Becker — academic:seminar series
2026-04-02 02:21:36,654 | DEBUG    | tamu_crawler.food_detector | Food detected (1.00, lunch, 2 cues): Civic Conversation: A House Divided: What are the Hard Thing — high_keyword:lunch, pattern:served
2026-04-02 02:21:36,667 | DEBUG    | tamu_crawler.food_detector | Food detected (0.80, unknown, 1 cues): Colloquium Series: Jaqueline Mendez — academic:colloquium
2026-04-02 02:21:36,688 | INFO     | tamu_crawler.normalizer | Normalised 448 events from 468 raw (filtered 20)
2026-04-02 02:21:36,688 | INFO     | tamu_crawler | Source feeds: 468 raw → 448 normalised events
2026-04-02 02:21:36,689 | INFO     | tamu_crawler | ━━━ Crawling source: getinvolved_events (html) ━━━
2026-04-02 02:21:36,728 | INFO     | tamu_crawler.http | Fetching: https://getinvolved.tamu.edu/events
2026-04-02 02:21:37,553 | INFO     | tamu_crawler.parsers.getinvolved | Parsed 0 events from GetInvolved events page
2026-04-02 02:21:37,553 | INFO     | tamu_crawler.normalizer | Normalised 0 events from 0 raw (filtered 0)
2026-04-02 02:21:37,553 | INFO     | tamu_crawler | Source getinvolved_events: 0 raw → 0 normalised events
2026-04-02 02:21:37,553 | INFO     | tamu_crawler | ━━━ Crawling source: getinvolved_orgs (html_pagination) ━━━
2026-04-02 02:21:37,553 | DEBUG    | tamu_crawler.http | Rate-limiting getinvolved.tamu.edu: sleeping 0.17s
2026-04-02 02:21:37,729 | INFO     | tamu_crawler.http | Fetching: https://getinvolved.tamu.edu/organizations?page=1
2026-04-02 02:21:38,063 | INFO     | tamu_crawler.parsers.getinvolved | Parsed 0 organisations from GetInvolved page
2026-04-02 02:21:38,064 | INFO     | tamu_crawler | No more results at page 1, stopping
2026-04-02 02:21:38,076 | INFO     | tamu_crawler.parsers.rss | Discovered 0 feed URLs from https://getinvolved.tamu.edu/organizations
2026-04-02 02:21:38,076 | WARNING  | tamu_crawler.parsers.rss | No feed URLs discovered from https://getinvolved.tamu.edu/organizations
2026-04-02 02:21:38,076 | INFO     | tamu_crawler.normalizer | Normalised 0 events from 0 raw (filtered 0)
2026-04-02 02:21:38,076 | INFO     | tamu_crawler | Source getinvolved_orgs: 0 raw → 0 normalised events
2026-04-02 02:21:38,076 | INFO     | tamu_crawler | ━━━ Crawling source: getinvolved_student_life (html) ━━━
2026-04-02 02:21:38,077 | DEBUG    | tamu_crawler.http | Rate-limiting getinvolved.tamu.edu: sleeping 0.65s
2026-04-02 02:21:38,730 | INFO     | tamu_crawler.http | Fetching: https://getinvolved.tamu.edu/org/student-life/events
2026-04-02 02:21:39,082 | INFO     | tamu_crawler.parsers.getinvolved | Parsed 1 events from GetInvolved events page
2026-04-02 02:21:39,089 | INFO     | tamu_crawler.normalizer | Normalised 1 events from 1 raw (filtered 0)
2026-04-02 02:21:39,089 | INFO     | tamu_crawler | Source getinvolved_student_life: 1 raw → 1 normalised events
2026-04-02 02:21:39,089 | INFO     | tamu_crawler | ━━━ Crawling source: getinvolved_dsa (html) ━━━
2026-04-02 02:21:39,089 | DEBUG    | tamu_crawler.http | Rate-limiting getinvolved.tamu.edu: sleeping 0.64s
2026-04-02 02:21:39,731 | INFO     | tamu_crawler.http | Fetching: https://getinvolved.tamu.edu/org/dsa/events?associated=1
2026-04-02 02:21:40,569 | INFO     | tamu_crawler.parsers.getinvolved | Parsed 1 events from GetInvolved events page
2026-04-02 02:21:40,579 | INFO     | tamu_crawler.normalizer | Normalised 1 events from 1 raw (filtered 0)
2026-04-02 02:21:40,579 | INFO     | tamu_crawler | Source getinvolved_dsa: 1 raw → 1 normalised events
2026-04-02 02:21:40,579 | INFO     | tamu_crawler | ━━━ Crawling source: getinvolved_sec (html) ━━━
2026-04-02 02:21:40,579 | DEBUG    | tamu_crawler.http | Rate-limiting getinvolved.tamu.edu: sleeping 0.15s
2026-04-02 02:21:40,732 | INFO     | tamu_crawler.http | Fetching: https://getinvolved.tamu.edu/org/sec/events
2026-04-02 02:21:41,116 | INFO     | tamu_crawler.parsers.getinvolved | Parsed 1 events from GetInvolved events page
2026-04-02 02:21:41,123 | INFO     | tamu_crawler.normalizer | Normalised 1 events from 1 raw (filtered 0)
2026-04-02 02:21:41,123 | INFO     | tamu_crawler | Source getinvolved_sec: 1 raw → 1 normalised events
2026-04-02 02:21:41,123 | INFO     | tamu_crawler | ━━━ Crawling source: getinvolved_msc (html) ━━━
2026-04-02 02:21:41,123 | DEBUG    | tamu_crawler.http | Rate-limiting getinvolved.tamu.edu: sleeping 0.61s
2026-04-02 02:21:41,733 | INFO     | tamu_crawler.http | Fetching: https://getinvolved.tamu.edu/org/msc/events
2026-04-02 02:21:42,253 | INFO     | tamu_crawler.parsers.getinvolved | Parsed 1 events from GetInvolved events page
2026-04-02 02:21:42,261 | INFO     | tamu_crawler.normalizer | Normalised 1 events from 1 raw (filtered 0)
2026-04-02 02:21:42,261 | INFO     | tamu_crawler | Source getinvolved_msc: 1 raw → 1 normalised events
2026-04-02 02:21:42,261 | INFO     | tamu_crawler | ━━━ Crawling source: getinvolved_sga (html) ━━━
2026-04-02 02:21:42,262 | DEBUG    | tamu_crawler.http | Rate-limiting getinvolved.tamu.edu: sleeping 0.47s
2026-04-02 02:21:42,734 | INFO     | tamu_crawler.http | Fetching: https://getinvolved.tamu.edu/org/sga/events
2026-04-02 02:21:43,268 | INFO     | tamu_crawler.parsers.getinvolved | Parsed 1 events from GetInvolved events page
2026-04-02 02:21:43,275 | INFO     | tamu_crawler.normalizer | Normalised 1 events from 1 raw (filtered 0)
2026-04-02 02:21:43,275 | INFO     | tamu_crawler | Source getinvolved_sga: 1 raw → 1 normalised events
2026-04-02 02:21:43,275 | INFO     | tamu_crawler | ━━━ Crawling source: ers_tamu (html_dynamic_table) ━━━
2026-04-02 02:21:43,309 | INFO     | tamu_crawler.http | Fetching: https://ers.tamu.edu/default.aspx
2026-04-02 02:21:43,453 | DEBUG    | tamu_crawler.http | Rate-limiting ers.tamu.edu: sleeping 0.86s
2026-04-02 02:21:44,310 | INFO     | tamu_crawler.http | Fetching: https://ers.tamu.edu/register.aspx?ScheduleId=46146
2026-04-02 02:21:44,311 | DEBUG    | tamu_crawler.http | Rate-limiting ers.tamu.edu: sleeping 1.00s
2026-04-02 02:21:45,311 | INFO     | tamu_crawler.http | Fetching: https://ers.tamu.edu/register.aspx?ScheduleId=46061
2026-04-02 02:21:45,312 | DEBUG    | tamu_crawler.http | Rate-limiting ers.tamu.edu: sleeping 1.00s
2026-04-02 02:21:46,312 | INFO     | tamu_crawler.http | Fetching: https://ers.tamu.edu/register.aspx?ScheduleId=46136
2026-04-02 02:21:46,313 | DEBUG    | tamu_crawler.http | Rate-limiting ers.tamu.edu: sleeping 1.00s
2026-04-02 02:21:47,313 | INFO     | tamu_crawler.http | Fetching: https://ers.tamu.edu/register.aspx?ScheduleId=47348
2026-04-02 02:21:47,314 | DEBUG    | tamu_crawler.http | Rate-limiting ers.tamu.edu: sleeping 1.00s
2026-04-02 02:21:48,315 | INFO     | tamu_crawler.http | Fetching: https://ers.tamu.edu/register.aspx?ScheduleId=46035
2026-04-02 02:21:48,316 | DEBUG    | tamu_crawler.http | Rate-limiting ers.tamu.edu: sleeping 1.00s
2026-04-02 02:21:49,316 | INFO     | tamu_crawler.http | Fetching: https://ers.tamu.edu/register.aspx?ScheduleId=47391
2026-04-02 02:21:49,318 | DEBUG    | tamu_crawler.http | Rate-limiting ers.tamu.edu: sleeping 1.00s
2026-04-02 02:21:50,317 | INFO     | tamu_crawler.http | Fetching: https://ers.tamu.edu/register.aspx?ScheduleId=46418
2026-04-02 02:21:50,318 | DEBUG    | tamu_crawler.http | Rate-limiting ers.tamu.edu: sleeping 1.00s
2026-04-02 02:21:51,317 | INFO     | tamu_crawler.http | Fetching: https://ers.tamu.edu/register.aspx?ScheduleId=46091
2026-04-02 02:21:51,318 | DEBUG    | tamu_crawler.http | Rate-limiting ers.tamu.edu: sleeping 1.00s
2026-04-02 02:21:52,318 | INFO     | tamu_crawler.http | Fetching: https://ers.tamu.edu/register.aspx?ScheduleId=46484
2026-04-02 02:21:52,319 | DEBUG    | tamu_crawler.http | Rate-limiting ers.tamu.edu: sleeping 1.00s
2026-04-02 02:21:53,320 | INFO     | tamu_crawler.http | Fetching: https://ers.tamu.edu/register.aspx?ScheduleId=46236
2026-04-02 02:21:53,321 | DEBUG    | tamu_crawler.http | Rate-limiting ers.tamu.edu: sleeping 1.00s
2026-04-02 02:21:54,321 | INFO     | tamu_crawler.http | Fetching: https://ers.tamu.edu/register.aspx?ScheduleId=46130
2026-04-02 02:21:54,322 | DEBUG    | tamu_crawler.http | Rate-limiting ers.tamu.edu: sleeping 1.00s
2026-04-02 02:21:55,321 | INFO     | tamu_crawler.http | Fetching: https://ers.tamu.edu/register.aspx?ScheduleId=46296
2026-04-02 02:21:55,322 | DEBUG    | tamu_crawler.http | Rate-limiting ers.tamu.edu: sleeping 1.00s
2026-04-02 02:21:56,322 | INFO     | tamu_crawler.http | Fetching: https://ers.tamu.edu/register.aspx?ScheduleId=46189
2026-04-02 02:21:56,323 | DEBUG    | tamu_crawler.http | Rate-limiting ers.tamu.edu: sleeping 1.00s
2026-04-02 02:21:57,323 | INFO     | tamu_crawler.http | Fetching: https://ers.tamu.edu/register.aspx?ScheduleId=46518
2026-04-02 02:21:57,323 | DEBUG    | tamu_crawler.http | Rate-limiting ers.tamu.edu: sleeping 1.00s
2026-04-02 02:21:58,324 | INFO     | tamu_crawler.http | Fetching: https://ers.tamu.edu/register.aspx?ScheduleId=46159
2026-04-02 02:21:58,325 | DEBUG    | tamu_crawler.http | Rate-limiting ers.tamu.edu: sleeping 1.00s
2026-04-02 02:21:59,325 | INFO     | tamu_crawler.http | Fetching: https://ers.tamu.edu/register.aspx?ScheduleId=46062
2026-04-02 02:21:59,326 | DEBUG    | tamu_crawler.http | Rate-limiting ers.tamu.edu: sleeping 1.00s
2026-04-02 02:22:00,326 | INFO     | tamu_crawler.http | Fetching: https://ers.tamu.edu/register.aspx?ScheduleId=46104
2026-04-02 02:22:00,326 | DEBUG    | tamu_crawler.http | Rate-limiting ers.tamu.edu: sleeping 1.00s
2026-04-02 02:22:01,327 | INFO     | tamu_crawler.http | Fetching: https://ers.tamu.edu/register.aspx?ScheduleId=46268
2026-04-02 02:22:01,328 | DEBUG    | tamu_crawler.http | Rate-limiting ers.tamu.edu: sleeping 1.00s
2026-04-02 02:22:02,328 | INFO     | tamu_crawler.http | Fetching: https://ers.tamu.edu/register.aspx?ScheduleId=46453
2026-04-02 02:22:02,329 | DEBUG    | tamu_crawler.http | Rate-limiting ers.tamu.edu: sleeping 1.00s
2026-04-02 02:22:03,329 | INFO     | tamu_crawler.http | Fetching: https://ers.tamu.edu/register.aspx?ScheduleId=46160
2026-04-02 02:22:03,330 | DEBUG    | tamu_crawler.http | Rate-limiting ers.tamu.edu: sleeping 1.00s
2026-04-02 02:22:04,330 | INFO     | tamu_crawler.http | Fetching: https://ers.tamu.edu/register.aspx?ScheduleId=46472
2026-04-02 02:22:04,331 | DEBUG    | tamu_crawler.http | Rate-limiting ers.tamu.edu: sleeping 1.00s
2026-04-02 02:22:05,331 | INFO     | tamu_crawler.http | Fetching: https://ers.tamu.edu/register.aspx?ScheduleId=47358
2026-04-02 02:22:05,332 | DEBUG    | tamu_crawler.http | Rate-limiting ers.tamu.edu: sleeping 1.00s
2026-04-02 02:22:06,333 | INFO     | tamu_crawler.http | Fetching: https://ers.tamu.edu/register.aspx?ScheduleId=46176
2026-04-02 02:22:06,334 | DEBUG    | tamu_crawler.http | Rate-limiting ers.tamu.edu: sleeping 1.00s
2026-04-02 02:22:07,334 | INFO     | tamu_crawler.http | Fetching: https://ers.tamu.edu/register.aspx?ScheduleId=46216
2026-04-02 02:22:07,335 | DEBUG    | tamu_crawler.http | Rate-limiting ers.tamu.edu: sleeping 1.00s
2026-04-02 02:22:08,335 | INFO     | tamu_crawler.http | Fetching: https://ers.tamu.edu/register.aspx?ScheduleId=46282
2026-04-02 02:22:08,336 | DEBUG    | tamu_crawler.http | Rate-limiting ers.tamu.edu: sleeping 1.00s
2026-04-02 02:22:09,336 | INFO     | tamu_crawler.http | Fetching: https://ers.tamu.edu/register.aspx?ScheduleId=46254
2026-04-02 02:22:09,337 | DEBUG    | tamu_crawler.http | Rate-limiting ers.tamu.edu: sleeping 1.00s
2026-04-02 02:22:10,337 | INFO     | tamu_crawler.http | Fetching: https://ers.tamu.edu/register.aspx?ScheduleId=46543
2026-04-02 02:22:10,338 | DEBUG    | tamu_crawler.http | Rate-limiting ers.tamu.edu: sleeping 1.00s
2026-04-02 02:22:11,339 | INFO     | tamu_crawler.http | Fetching: https://ers.tamu.edu/register.aspx?ScheduleId=46147
2026-04-02 02:22:11,340 | DEBUG    | tamu_crawler.http | Rate-limiting ers.tamu.edu: sleeping 1.00s
2026-04-02 02:22:12,340 | INFO     | tamu_crawler.http | Fetching: https://ers.tamu.edu/register.aspx?ScheduleId=46367
2026-04-02 02:22:12,341 | DEBUG    | tamu_crawler.http | Rate-limiting ers.tamu.edu: sleeping 1.00s
2026-04-02 02:22:13,341 | INFO     | tamu_crawler.http | Fetching: https://ers.tamu.edu/register.aspx?ScheduleId=46138
2026-04-02 02:22:13,341 | DEBUG    | tamu_crawler.http | Rate-limiting ers.tamu.edu: sleeping 1.00s
2026-04-02 02:22:14,342 | INFO     | tamu_crawler.http | Fetching: https://ers.tamu.edu/register.aspx?ScheduleId=46036
2026-04-02 02:22:14,343 | DEBUG    | tamu_crawler.http | Rate-limiting ers.tamu.edu: sleeping 1.00s
2026-04-02 02:22:15,343 | INFO     | tamu_crawler.http | Fetching: https://ers.tamu.edu/register.aspx?ScheduleId=46431
2026-04-02 02:22:15,344 | DEBUG    | tamu_crawler.http | Rate-limiting ers.tamu.edu: sleeping 1.00s
2026-04-02 02:22:16,344 | INFO     | tamu_crawler.http | Fetching: https://ers.tamu.edu/register.aspx?ScheduleId=44869
2026-04-02 02:22:16,345 | DEBUG    | tamu_crawler.http | Rate-limiting ers.tamu.edu: sleeping 1.00s
2026-04-02 02:22:17,345 | INFO     | tamu_crawler.http | Fetching: https://ers.tamu.edu/register.aspx?ScheduleId=46208
2026-04-02 02:22:17,346 | DEBUG    | tamu_crawler.http | Rate-limiting ers.tamu.edu: sleeping 1.00s
2026-04-02 02:22:18,346 | INFO     | tamu_crawler.http | Fetching: https://ers.tamu.edu/register.aspx?ScheduleId=46092
2026-04-02 02:22:18,347 | DEBUG    | tamu_crawler.http | Rate-limiting ers.tamu.edu: sleeping 1.00s
2026-04-02 02:22:19,347 | INFO     | tamu_crawler.http | Fetching: https://ers.tamu.edu/register.aspx?ScheduleId=46237
2026-04-02 02:22:19,349 | DEBUG    | tamu_crawler.http | Rate-limiting ers.tamu.edu: sleeping 1.00s
2026-04-02 02:22:20,349 | INFO     | tamu_crawler.http | Fetching: https://ers.tamu.edu/register.aspx?ScheduleId=46131
2026-04-02 02:22:20,350 | DEBUG    | tamu_crawler.http | Rate-limiting ers.tamu.edu: sleeping 1.00s
2026-04-02 02:22:21,350 | INFO     | tamu_crawler.http | Fetching: https://ers.tamu.edu/register.aspx?ScheduleId=46297
2026-04-02 02:22:21,351 | DEBUG    | tamu_crawler.http | Rate-limiting ers.tamu.edu: sleeping 1.00s
2026-04-02 02:22:22,351 | INFO     | tamu_crawler.http | Fetching: https://ers.tamu.edu/register.aspx?ScheduleId=47404
2026-04-02 02:22:22,352 | DEBUG    | tamu_crawler.http | Rate-limiting ers.tamu.edu: sleeping 1.00s
2026-04-02 02:22:23,351 | INFO     | tamu_crawler.http | Fetching: https://ers.tamu.edu/register.aspx?ScheduleId=46190
2026-04-02 02:22:23,352 | DEBUG    | tamu_crawler.http | Rate-limiting ers.tamu.edu: sleeping 1.00s
2026-04-02 02:22:24,353 | INFO     | tamu_crawler.http | Fetching: https://ers.tamu.edu/register.aspx?ScheduleId=46161
2026-04-02 02:22:24,354 | DEBUG    | tamu_crawler.http | Rate-limiting ers.tamu.edu: sleeping 1.00s
2026-04-02 02:22:25,354 | INFO     | tamu_crawler.http | Fetching: https://ers.tamu.edu/register.aspx?ScheduleId=46106
2026-04-02 02:22:25,354 | DEBUG    | tamu_crawler.http | Rate-limiting ers.tamu.edu: sleeping 1.00s
2026-04-02 02:22:26,356 | INFO     | tamu_crawler.http | Fetching: https://ers.tamu.edu/register.aspx?ScheduleId=46879
2026-04-02 02:22:26,357 | DEBUG    | tamu_crawler.http | Rate-limiting ers.tamu.edu: sleeping 1.00s
2026-04-02 02:22:27,357 | INFO     | tamu_crawler.http | Fetching: https://ers.tamu.edu/register.aspx?ScheduleId=46269
2026-04-02 02:22:27,358 | DEBUG    | tamu_crawler.http | Rate-limiting ers.tamu.edu: sleeping 1.00s
2026-04-02 02:22:28,358 | INFO     | tamu_crawler.http | Fetching: https://ers.tamu.edu/register.aspx?ScheduleId=46469
2026-04-02 02:22:28,359 | DEBUG    | tamu_crawler.http | Rate-limiting ers.tamu.edu: sleeping 1.00s
2026-04-02 02:22:29,359 | INFO     | tamu_crawler.http | Fetching: https://ers.tamu.edu/register.aspx?ScheduleId=46471
2026-04-02 02:22:29,360 | DEBUG    | tamu_crawler.http | Rate-limiting ers.tamu.edu: sleeping 1.00s
2026-04-02 02:22:30,360 | INFO     | tamu_crawler.http | Fetching: https://ers.tamu.edu/register.aspx?ScheduleId=46877
2026-04-02 02:22:30,361 | DEBUG    | tamu_crawler.http | Rate-limiting ers.tamu.edu: sleeping 1.00s
2026-04-02 02:22:31,361 | INFO     | tamu_crawler.http | Fetching: https://ers.tamu.edu/register.aspx?ScheduleId=46177
2026-04-02 02:22:31,362 | DEBUG    | tamu_crawler.http | Rate-limiting ers.tamu.edu: sleeping 1.00s
2026-04-02 02:22:32,363 | INFO     | tamu_crawler.http | Fetching: https://ers.tamu.edu/register.aspx?ScheduleId=46283
2026-04-02 02:22:32,363 | DEBUG    | tamu_crawler.http | Rate-limiting ers.tamu.edu: sleeping 1.00s
2026-04-02 02:22:33,364 | INFO     | tamu_crawler.http | Fetching: https://ers.tamu.edu/register.aspx?ScheduleId=46255
2026-04-02 02:22:33,365 | DEBUG    | tamu_crawler.http | Rate-limiting ers.tamu.edu: sleeping 1.00s
2026-04-02 02:22:34,365 | INFO     | tamu_crawler.http | Fetching: https://ers.tamu.edu/register.aspx?ScheduleId=46544
2026-04-02 02:22:34,366 | DEBUG    | tamu_crawler.http | Rate-limiting ers.tamu.edu: sleeping 1.00s
2026-04-02 02:22:35,366 | INFO     | tamu_crawler.http | Fetching: https://ers.tamu.edu/register.aspx?ScheduleId=46148
2026-04-02 02:22:35,367 | DEBUG    | tamu_crawler.http | Rate-limiting ers.tamu.edu: sleeping 1.00s
2026-04-02 02:22:36,368 | INFO     | tamu_crawler.http | Fetching: https://ers.tamu.edu/register.aspx?ScheduleId=47401
2026-04-02 02:22:36,368 | DEBUG    | tamu_crawler.http | Rate-limiting ers.tamu.edu: sleeping 1.00s
2026-04-02 02:22:37,369 | INFO     | tamu_crawler.http | Fetching: https://ers.tamu.edu/register.aspx?ScheduleId=46878
2026-04-02 02:22:37,369 | DEBUG    | tamu_crawler.http | Rate-limiting ers.tamu.edu: sleeping 1.00s
2026-04-02 02:22:38,370 | INFO     | tamu_crawler.http | Fetching: https://ers.tamu.edu/register.aspx?ScheduleId=46139
2026-04-02 02:22:38,370 | DEBUG    | tamu_crawler.http | Rate-limiting ers.tamu.edu: sleeping 1.00s
2026-04-02 02:22:39,371 | INFO     | tamu_crawler.http | Fetching: https://ers.tamu.edu/register.aspx?ScheduleId=44870
2026-04-02 02:22:39,375 | DEBUG    | tamu_crawler.http | Rate-limiting ers.tamu.edu: sleeping 1.00s
2026-04-02 02:22:40,372 | INFO     | tamu_crawler.http | Fetching: https://ers.tamu.edu/register.aspx?ScheduleId=46037
2026-04-02 02:22:40,373 | DEBUG    | tamu_crawler.http | Rate-limiting ers.tamu.edu: sleeping 1.00s
2026-04-02 02:22:41,373 | INFO     | tamu_crawler.http | Fetching: https://ers.tamu.edu/register.aspx?ScheduleId=47360
2026-04-02 02:22:41,374 | DEBUG    | tamu_crawler.http | Rate-limiting ers.tamu.edu: sleeping 1.00s
2026-04-02 02:22:42,375 | INFO     | tamu_crawler.http | Fetching: https://ers.tamu.edu/register.aspx?ScheduleId=46432
2026-04-02 02:22:42,376 | DEBUG    | tamu_crawler.http | Rate-limiting ers.tamu.edu: sleeping 1.00s
2026-04-02 02:22:43,376 | INFO     | tamu_crawler.http | Fetching: https://ers.tamu.edu/register.aspx?ScheduleId=47344
2026-04-02 02:22:43,376 | DEBUG    | tamu_crawler.http | Rate-limiting ers.tamu.edu: sleeping 1.00s
2026-04-02 02:22:44,377 | INFO     | tamu_crawler.http | Fetching: https://ers.tamu.edu/register.aspx?ScheduleId=46209
2026-04-02 02:22:44,378 | DEBUG    | tamu_crawler.http | Rate-limiting ers.tamu.edu: sleeping 1.00s
2026-04-02 02:22:45,378 | INFO     | tamu_crawler.http | Fetching: https://ers.tamu.edu/register.aspx?ScheduleId=46094
2026-04-02 02:22:45,379 | DEBUG    | tamu_crawler.http | Rate-limiting ers.tamu.edu: sleeping 1.00s
2026-04-02 02:22:46,379 | INFO     | tamu_crawler.http | Fetching: https://ers.tamu.edu/register.aspx?ScheduleId=47350
2026-04-02 02:22:46,380 | DEBUG    | tamu_crawler.http | Rate-limiting ers.tamu.edu: sleeping 1.00s
2026-04-02 02:22:47,380 | INFO     | tamu_crawler.http | Fetching: https://ers.tamu.edu/register.aspx?ScheduleId=46238
2026-04-02 02:22:47,382 | DEBUG    | tamu_crawler.http | Rate-limiting ers.tamu.edu: sleeping 1.00s
2026-04-02 02:22:48,382 | INFO     | tamu_crawler.http | Fetching: https://ers.tamu.edu/register.aspx?ScheduleId=46132
2026-04-02 02:22:48,382 | DEBUG    | tamu_crawler.http | Rate-limiting ers.tamu.edu: sleeping 1.00s
2026-04-02 02:22:49,383 | INFO     | tamu_crawler.http | Fetching: https://ers.tamu.edu/register.aspx?ScheduleId=46191
2026-04-02 02:22:49,384 | DEBUG    | tamu_crawler.http | Rate-limiting ers.tamu.edu: sleeping 1.00s
2026-04-02 02:22:50,383 | INFO     | tamu_crawler.http | Fetching: https://ers.tamu.edu/register.aspx?ScheduleId=46386
2026-04-02 02:22:50,384 | DEBUG    | tamu_crawler.http | Rate-limiting ers.tamu.edu: sleeping 1.00s
2026-04-02 02:22:51,385 | INFO     | tamu_crawler.http | Fetching: https://ers.tamu.edu/register.aspx?ScheduleId=46107
2026-04-02 02:22:51,386 | DEBUG    | tamu_crawler.http | Rate-limiting ers.tamu.edu: sleeping 1.00s
2026-04-02 02:22:52,386 | INFO     | tamu_crawler.http | Fetching: https://ers.tamu.edu/register.aspx?ScheduleId=46039
2026-04-02 02:22:52,387 | DEBUG    | tamu_crawler.http | Rate-limiting ers.tamu.edu: sleeping 1.00s
2026-04-02 02:22:53,387 | INFO     | tamu_crawler.http | Fetching: https://ers.tamu.edu/register.aspx?ScheduleId=46198
2026-04-02 02:22:53,388 | DEBUG    | tamu_crawler.http | Rate-limiting ers.tamu.edu: sleeping 1.00s
2026-04-02 02:22:54,388 | INFO     | tamu_crawler.http | Fetching: https://ers.tamu.edu/register.aspx?ScheduleId=47402
2026-04-02 02:22:54,389 | DEBUG    | tamu_crawler.http | Rate-limiting ers.tamu.edu: sleeping 1.00s
2026-04-02 02:22:55,389 | INFO     | tamu_crawler.http | Fetching: https://ers.tamu.edu/register.aspx?ScheduleId=46482
2026-04-02 02:22:55,390 | DEBUG    | tamu_crawler.http | Rate-limiting ers.tamu.edu: sleeping 1.00s
2026-04-02 02:22:56,390 | INFO     | tamu_crawler.http | Fetching: https://ers.tamu.edu/register.aspx?ScheduleId=45158
2026-04-02 02:22:56,392 | DEBUG    | tamu_crawler.http | Rate-limiting ers.tamu.edu: sleeping 1.00s
2026-04-02 02:22:57,392 | INFO     | tamu_crawler.http | Fetching: https://ers.tamu.edu/register.aspx?ScheduleId=46178
2026-04-02 02:22:57,393 | DEBUG    | tamu_crawler.http | Rate-limiting ers.tamu.edu: sleeping 1.00s
2026-04-02 02:22:58,393 | INFO     | tamu_crawler.http | Fetching: https://ers.tamu.edu/register.aspx?ScheduleId=46446
2026-04-02 02:22:58,394 | DEBUG    | tamu_crawler.http | Rate-limiting ers.tamu.edu: sleeping 1.00s
2026-04-02 02:22:59,393 | INFO     | tamu_crawler.http | Fetching: https://ers.tamu.edu/register.aspx?ScheduleId=46545
2026-04-02 02:22:59,394 | DEBUG    | tamu_crawler.http | Rate-limiting ers.tamu.edu: sleeping 1.00s
2026-04-02 02:23:00,394 | INFO     | tamu_crawler.http | Fetching: https://ers.tamu.edu/register.aspx?ScheduleId=46149
2026-04-02 02:23:00,395 | DEBUG    | tamu_crawler.http | Rate-limiting ers.tamu.edu: sleeping 1.00s
2026-04-02 02:23:01,395 | INFO     | tamu_crawler.http | Fetching: https://ers.tamu.edu/register.aspx?ScheduleId=47403
2026-04-02 02:23:01,396 | DEBUG    | tamu_crawler.http | Rate-limiting ers.tamu.edu: sleeping 1.00s
2026-04-02 02:23:02,397 | INFO     | tamu_crawler.http | Fetching: https://ers.tamu.edu/register.aspx?ScheduleId=46038
2026-04-02 02:23:02,397 | DEBUG    | tamu_crawler.http | Rate-limiting ers.tamu.edu: sleeping 1.00s
2026-04-02 02:23:03,398 | INFO     | tamu_crawler.http | Fetching: https://ers.tamu.edu/register.aspx?ScheduleId=46433
2026-04-02 02:23:03,399 | DEBUG    | tamu_crawler.http | Rate-limiting ers.tamu.edu: sleeping 1.00s
2026-04-02 02:23:04,399 | INFO     | tamu_crawler.http | Fetching: https://ers.tamu.edu/register.aspx?ScheduleId=47347
2026-04-02 02:23:04,400 | DEBUG    | tamu_crawler.http | Rate-limiting ers.tamu.edu: sleeping 1.00s
2026-04-02 02:23:05,400 | INFO     | tamu_crawler.http | Fetching: https://ers.tamu.edu/register.aspx?ScheduleId=46478
2026-04-02 02:23:05,401 | DEBUG    | tamu_crawler.http | Rate-limiting ers.tamu.edu: sleeping 1.00s
2026-04-02 02:23:06,401 | INFO     | tamu_crawler.http | Fetching: https://ers.tamu.edu/register.aspx?ScheduleId=46239
2026-04-02 02:23:06,402 | DEBUG    | tamu_crawler.http | Rate-limiting ers.tamu.edu: sleeping 1.00s
2026-04-02 02:23:07,401 | INFO     | tamu_crawler.http | Fetching: https://ers.tamu.edu/register.aspx?ScheduleId=46476
2026-04-02 02:23:07,402 | DEBUG    | tamu_crawler.http | Rate-limiting ers.tamu.edu: sleeping 1.00s
2026-04-02 02:23:08,403 | INFO     | tamu_crawler.http | Fetching: https://ers.tamu.edu/register.aspx?ScheduleId=47389
2026-04-02 02:23:08,403 | DEBUG    | tamu_crawler.http | Rate-limiting ers.tamu.edu: sleeping 1.00s
2026-04-02 02:23:09,404 | INFO     | tamu_crawler.http | Fetching: https://ers.tamu.edu/register.aspx?ScheduleId=46299
2026-04-02 02:23:09,405 | DEBUG    | tamu_crawler.http | Rate-limiting ers.tamu.edu: sleeping 1.00s
2026-04-02 02:23:10,405 | INFO     | tamu_crawler.http | Fetching: https://ers.tamu.edu/register.aspx?ScheduleId=46271
2026-04-02 02:23:10,406 | DEBUG    | tamu_crawler.http | Rate-limiting ers.tamu.edu: sleeping 1.00s
2026-04-02 02:23:11,406 | INFO     | tamu_crawler.http | Fetching: https://ers.tamu.edu/register.aspx?ScheduleId=46285
2026-04-02 02:23:11,407 | DEBUG    | tamu_crawler.http | Rate-limiting ers.tamu.edu: sleeping 1.00s
2026-04-02 02:23:12,407 | INFO     | tamu_crawler.http | Fetching: https://ers.tamu.edu/register.aspx?ScheduleId=46257
2026-04-02 02:23:12,408 | DEBUG    | tamu_crawler.http | Rate-limiting ers.tamu.edu: sleeping 1.00s
2026-04-02 02:23:13,408 | INFO     | tamu_crawler.http | Fetching: https://ers.tamu.edu/register.aspx?ScheduleId=46546
2026-04-02 02:23:13,409 | DEBUG    | tamu_crawler.http | Rate-limiting ers.tamu.edu: sleeping 1.00s
2026-04-02 02:23:14,410 | INFO     | tamu_crawler.http | Fetching: https://ers.tamu.edu/register.aspx?ScheduleId=47349
2026-04-02 02:23:14,410 | DEBUG    | tamu_crawler.http | Rate-limiting ers.tamu.edu: sleeping 1.00s
2026-04-02 02:23:15,411 | INFO     | tamu_crawler.http | Fetching: https://ers.tamu.edu/register.aspx?ScheduleId=47363
2026-04-02 02:23:15,412 | DEBUG    | tamu_crawler.http | Rate-limiting ers.tamu.edu: sleeping 1.00s
2026-04-02 02:23:16,412 | INFO     | tamu_crawler.http | Fetching: https://ers.tamu.edu/register.aspx?ScheduleId=47258
2026-04-02 02:23:16,413 | DEBUG    | tamu_crawler.http | Rate-limiting ers.tamu.edu: sleeping 1.00s
2026-04-02 02:23:17,413 | INFO     | tamu_crawler.http | Fetching: https://ers.tamu.edu/register.aspx?ScheduleId=47259
2026-04-02 02:23:17,414 | DEBUG    | tamu_crawler.http | Rate-limiting ers.tamu.edu: sleeping 1.00s
2026-04-02 02:23:18,414 | INFO     | tamu_crawler.http | Fetching: https://ers.tamu.edu/register.aspx?ScheduleId=47260
2026-04-02 02:23:18,415 | DEBUG    | tamu_crawler.http | Rate-limiting ers.tamu.edu: sleeping 1.00s
2026-04-02 02:23:19,416 | INFO     | tamu_crawler.http | Fetching: https://ers.tamu.edu/register.aspx?ScheduleId=47288
2026-04-02 02:23:19,416 | DEBUG    | tamu_crawler.http | Rate-limiting ers.tamu.edu: sleeping 1.00s
2026-04-02 02:23:20,417 | INFO     | tamu_crawler.http | Fetching: https://ers.tamu.edu/register.aspx?ScheduleId=47285
2026-04-02 02:23:20,418 | DEBUG    | tamu_crawler.http | Rate-limiting ers.tamu.edu: sleeping 1.00s
2026-04-02 02:23:21,418 | INFO     | tamu_crawler.http | Fetching: https://ers.tamu.edu/register.aspx?ScheduleId=47289
2026-04-02 02:23:21,419 | DEBUG    | tamu_crawler.http | Rate-limiting ers.tamu.edu: sleeping 1.00s
2026-04-02 02:23:22,419 | INFO     | tamu_crawler.http | Fetching: https://ers.tamu.edu/register.aspx?ScheduleId=47290
2026-04-02 02:23:22,420 | DEBUG    | tamu_crawler.http | Rate-limiting ers.tamu.edu: sleeping 1.00s
2026-04-02 02:23:23,420 | INFO     | tamu_crawler.http | Fetching: https://ers.tamu.edu/register.aspx?ScheduleId=47291
2026-04-02 02:23:23,421 | DEBUG    | tamu_crawler.http | Rate-limiting ers.tamu.edu: sleeping 1.00s
2026-04-02 02:23:24,421 | INFO     | tamu_crawler.http | Fetching: https://ers.tamu.edu/register.aspx?ScheduleId=47295
2026-04-02 02:23:24,422 | DEBUG    | tamu_crawler.http | Rate-limiting ers.tamu.edu: sleeping 1.00s
2026-04-02 02:23:25,422 | INFO     | tamu_crawler.http | Fetching: https://ers.tamu.edu/register.aspx?ScheduleId=47370
2026-04-02 02:23:25,423 | DEBUG    | tamu_crawler.http | Rate-limiting ers.tamu.edu: sleeping 1.00s
2026-04-02 02:23:26,423 | INFO     | tamu_crawler.http | Fetching: https://ers.tamu.edu/register.aspx?ScheduleId=47384
2026-04-02 02:23:26,423 | DEBUG    | tamu_crawler.http | Rate-limiting ers.tamu.edu: sleeping 1.00s
2026-04-02 02:23:27,424 | INFO     | tamu_crawler.http | Fetching: https://ers.tamu.edu/register.aspx?ScheduleId=47296
2026-04-02 02:23:27,425 | DEBUG    | tamu_crawler.http | Rate-limiting ers.tamu.edu: sleeping 1.00s
2026-04-02 02:23:28,425 | INFO     | tamu_crawler.http | Fetching: https://ers.tamu.edu/register.aspx?ScheduleId=47390
2026-04-02 02:23:28,462 | INFO     | tamu_crawler.parsers.ers | Parsed 105 ERS events from ers_tamu
2026-04-02 02:23:28,571 | DEBUG    | tamu_crawler.food_detector | Food detected (1.00, lunch, 2 cues): BUSH 3+2 Lunch & Learn — high_keyword:lunch, pattern:provided
2026-04-02 02:23:28,638 | DEBUG    | tamu_crawler.food_detector | Food detected (0.45, unknown, 1 cues): Change of Major Info Session — medium_keyword:info session
2026-04-02 02:23:28,657 | DEBUG    | tamu_crawler.food_detector | Food detected (1.00, snacks, 3 cues): Pause & Connect: Mental Health Wellness Night — high_keyword:sandwiches, pattern:provided, food_org:residence life
2026-04-02 02:23:28,693 | DEBUG    | tamu_crawler.food_detector | Food detected (0.45, beverage, 0 cues): Counselor Connect: Coffee Edition — coffee_short_event:coffee
2026-04-02 02:23:28,838 | DEBUG    | tamu_crawler.food_detector | Food detected (0.90, dinner, 1 cues): AggieDemics: Getting Things Done — high_keyword:dinner
2026-04-02 02:23:29,097 | DEBUG    | tamu_crawler.food_detector | Food detected (1.00, dinner, 4 cues): Dinner with a Prof — high_keyword:dinner, high_keyword:meal, pattern:on us, food_org:residence life
2026-04-02 02:23:29,212 | DEBUG    | tamu_crawler.food_detector | Food detected (0.70, dinner, 2 cues): SEAS Graduating Senior End-of-Semester Banquet — medium_keyword:banquet, food_org:student affairs
2026-04-02 02:23:29,300 | DEBUG    | tamu_crawler.food_detector | Food detected (0.45, reception, 1 cues): International Aggie Graduation Reception — medium_keyword:reception
2026-04-02 02:23:29,403 | DEBUG    | tamu_crawler.food_detector | Food detected (1.00, lunch, 2 cues): Graduate Student Digital Learning Expo — high_keyword:lunch, pattern:provided
2026-04-02 02:23:29,407 | INFO     | tamu_crawler.normalizer | Normalised 105 events from 105 raw (filtered 0)
2026-04-02 02:23:29,407 | INFO     | tamu_crawler | Source ers_tamu: 105 raw → 105 normalised events
2026-04-02 02:23:29,407 | INFO     | tamu_crawler | ━━━ Crawling source: getinvolved_search_engineering (html_search) ━━━
2026-04-02 02:23:29,412 | INFO     | tamu_crawler.http | Fetching: https://getinvolved.tamu.edu/events?query=SEC
2026-04-02 02:23:30,235 | INFO     | tamu_crawler.parsers.getinvolved | Parsed 0 events from GetInvolved events page
2026-04-02 02:23:30,235 | INFO     | tamu_crawler.parsers.getinvolved | Search parser found 0 events for source getinvolved_search_engineering (url: https://getinvolved.tamu.edu/events?query=SEC)
2026-04-02 02:23:30,235 | DEBUG    | tamu_crawler.http | Rate-limiting getinvolved.tamu.edu: sleeping 0.18s
2026-04-02 02:23:30,413 | INFO     | tamu_crawler.http | Fetching: https://getinvolved.tamu.edu/events?query=Student Engineers Council
2026-04-02 02:23:31,224 | INFO     | tamu_crawler.parsers.getinvolved | Parsed 0 events from GetInvolved events page
2026-04-02 02:23:31,224 | INFO     | tamu_crawler.parsers.getinvolved | Search parser found 0 events for source getinvolved_search_engineering (url: https://getinvolved.tamu.edu/events?query=Student Engineers Council)
2026-04-02 02:23:31,224 | DEBUG    | tamu_crawler.http | Rate-limiting getinvolved.tamu.edu: sleeping 0.19s
2026-04-02 02:23:31,414 | INFO     | tamu_crawler.http | Fetching: https://getinvolved.tamu.edu/events?query=engineering
2026-04-02 02:23:32,146 | INFO     | tamu_crawler.parsers.getinvolved | Parsed 0 events from GetInvolved events page
2026-04-02 02:23:32,146 | INFO     | tamu_crawler.parsers.getinvolved | Search parser found 0 events for source getinvolved_search_engineering (url: https://getinvolved.tamu.edu/events?query=engineering)
2026-04-02 02:23:32,146 | DEBUG    | tamu_crawler.http | Rate-limiting getinvolved.tamu.edu: sleeping 0.27s
2026-04-02 02:23:32,415 | INFO     | tamu_crawler.http | Fetching: https://getinvolved.tamu.edu/events?query=ASME
2026-04-02 02:23:33,162 | INFO     | tamu_crawler.parsers.getinvolved | Parsed 0 events from GetInvolved events page
2026-04-02 02:23:33,162 | INFO     | tamu_crawler.parsers.getinvolved | Search parser found 0 events for source getinvolved_search_engineering (url: https://getinvolved.tamu.edu/events?query=ASME)
2026-04-02 02:23:33,162 | DEBUG    | tamu_crawler.http | Rate-limiting getinvolved.tamu.edu: sleeping 0.25s
2026-04-02 02:23:33,416 | INFO     | tamu_crawler.http | Fetching: https://getinvolved.tamu.edu/events?query=IEEE
2026-04-02 02:23:34,150 | INFO     | tamu_crawler.parsers.getinvolved | Parsed 0 events from GetInvolved events page
2026-04-02 02:23:34,150 | INFO     | tamu_crawler.parsers.getinvolved | Search parser found 0 events for source getinvolved_search_engineering (url: https://getinvolved.tamu.edu/events?query=IEEE)
2026-04-02 02:23:34,150 | DEBUG    | tamu_crawler.http | Rate-limiting getinvolved.tamu.edu: sleeping 0.27s
2026-04-02 02:23:34,417 | INFO     | tamu_crawler.http | Fetching: https://getinvolved.tamu.edu/events?query=AIChE
2026-04-02 02:23:35,208 | INFO     | tamu_crawler.parsers.getinvolved | Parsed 0 events from GetInvolved events page
2026-04-02 02:23:35,208 | INFO     | tamu_crawler.parsers.getinvolved | Search parser found 0 events for source getinvolved_search_engineering (url: https://getinvolved.tamu.edu/events?query=AIChE)
2026-04-02 02:23:35,208 | DEBUG    | tamu_crawler.http | Rate-limiting getinvolved.tamu.edu: sleeping 0.21s
2026-04-02 02:23:35,418 | INFO     | tamu_crawler.http | Fetching: https://getinvolved.tamu.edu/events?query=SHPE
2026-04-02 02:23:36,195 | INFO     | tamu_crawler.parsers.getinvolved | Parsed 0 events from GetInvolved events page
2026-04-02 02:23:36,195 | INFO     | tamu_crawler.parsers.getinvolved | Search parser found 0 events for source getinvolved_search_engineering (url: https://getinvolved.tamu.edu/events?query=SHPE)
2026-04-02 02:23:36,195 | DEBUG    | tamu_crawler.http | Rate-limiting getinvolved.tamu.edu: sleeping 0.22s
2026-04-02 02:23:36,419 | INFO     | tamu_crawler.http | Fetching: https://getinvolved.tamu.edu/events?query=NSBE
2026-04-02 02:23:37,153 | INFO     | tamu_crawler.parsers.getinvolved | Parsed 0 events from GetInvolved events page
2026-04-02 02:23:37,153 | INFO     | tamu_crawler.parsers.getinvolved | Search parser found 0 events for source getinvolved_search_engineering (url: https://getinvolved.tamu.edu/events?query=NSBE)
2026-04-02 02:23:37,153 | DEBUG    | tamu_crawler.http | Rate-limiting getinvolved.tamu.edu: sleeping 0.27s
2026-04-02 02:23:37,420 | INFO     | tamu_crawler.http | Fetching: https://getinvolved.tamu.edu/events?query=SWE
2026-04-02 02:23:38,190 | INFO     | tamu_crawler.parsers.getinvolved | Parsed 0 events from GetInvolved events page
2026-04-02 02:23:38,190 | INFO     | tamu_crawler.parsers.getinvolved | Search parser found 0 events for source getinvolved_search_engineering (url: https://getinvolved.tamu.edu/events?query=SWE)
2026-04-02 02:23:38,197 | INFO     | tamu_crawler.parsers.rss | Discovered 0 feed URLs from https://getinvolved.tamu.edu/events
2026-04-02 02:23:38,197 | WARNING  | tamu_crawler.parsers.rss | No feed URLs discovered from https://getinvolved.tamu.edu/events
2026-04-02 02:23:38,197 | INFO     | tamu_crawler.normalizer | Normalised 0 events from 0 raw (filtered 0)
2026-04-02 02:23:38,197 | INFO     | tamu_crawler | Source getinvolved_search_engineering: 0 raw → 0 normalised events
2026-04-02 02:23:38,197 | INFO     | tamu_crawler | ━━━ Crawling source: getinvolved_search_cultural (html_search) ━━━
2026-04-02 02:23:38,197 | DEBUG    | tamu_crawler.http | Rate-limiting getinvolved.tamu.edu: sleeping 0.22s
2026-04-02 02:23:38,421 | INFO     | tamu_crawler.http | Fetching: https://getinvolved.tamu.edu/events?query=PhilSA
2026-04-02 02:23:39,147 | INFO     | tamu_crawler.parsers.getinvolved | Parsed 0 events from GetInvolved events page
2026-04-02 02:23:39,147 | INFO     | tamu_crawler.parsers.getinvolved | Search parser found 0 events for source getinvolved_search_cultural (url: https://getinvolved.tamu.edu/events?query=PhilSA)
2026-04-02 02:23:39,147 | DEBUG    | tamu_crawler.http | Rate-limiting getinvolved.tamu.edu: sleeping 0.27s
2026-04-02 02:23:39,422 | INFO     | tamu_crawler.http | Fetching: https://getinvolved.tamu.edu/events?query=TASA
2026-04-02 02:23:40,219 | INFO     | tamu_crawler.parsers.getinvolved | Parsed 0 events from GetInvolved events page
2026-04-02 02:23:40,219 | INFO     | tamu_crawler.parsers.getinvolved | Search parser found 0 events for source getinvolved_search_cultural (url: https://getinvolved.tamu.edu/events?query=TASA)
2026-04-02 02:23:40,219 | DEBUG    | tamu_crawler.http | Rate-limiting getinvolved.tamu.edu: sleeping 0.20s
2026-04-02 02:23:40,423 | INFO     | tamu_crawler.http | Fetching: https://getinvolved.tamu.edu/events?query=cultural
2026-04-02 02:23:41,251 | INFO     | tamu_crawler.parsers.getinvolved | Parsed 0 events from GetInvolved events page
2026-04-02 02:23:41,251 | INFO     | tamu_crawler.parsers.getinvolved | Search parser found 0 events for source getinvolved_search_cultural (url: https://getinvolved.tamu.edu/events?query=cultural)
2026-04-02 02:23:41,251 | DEBUG    | tamu_crawler.http | Rate-limiting getinvolved.tamu.edu: sleeping 0.17s
2026-04-02 02:23:41,424 | INFO     | tamu_crawler.http | Fetching: https://getinvolved.tamu.edu/events?query=international students
2026-04-02 02:23:42,271 | INFO     | tamu_crawler.parsers.getinvolved | Parsed 0 events from GetInvolved events page
2026-04-02 02:23:42,271 | INFO     | tamu_crawler.parsers.getinvolved | Search parser found 0 events for source getinvolved_search_cultural (url: https://getinvolved.tamu.edu/events?query=international students)
2026-04-02 02:23:42,271 | DEBUG    | tamu_crawler.http | Rate-limiting getinvolved.tamu.edu: sleeping 0.15s
2026-04-02 02:23:42,425 | INFO     | tamu_crawler.http | Fetching: https://getinvolved.tamu.edu/events?query=MSC CAMAC
2026-04-02 02:23:43,190 | INFO     | tamu_crawler.parsers.getinvolved | Parsed 0 events from GetInvolved events page
2026-04-02 02:23:43,190 | INFO     | tamu_crawler.parsers.getinvolved | Search parser found 0 events for source getinvolved_search_cultural (url: https://getinvolved.tamu.edu/events?query=MSC CAMAC)
2026-04-02 02:23:43,190 | DEBUG    | tamu_crawler.http | Rate-limiting getinvolved.tamu.edu: sleeping 0.23s
2026-04-02 02:23:43,426 | INFO     | tamu_crawler.http | Fetching: https://getinvolved.tamu.edu/events?query=ALPFA
2026-04-02 02:23:44,131 | INFO     | tamu_crawler.parsers.getinvolved | Parsed 0 events from GetInvolved events page
2026-04-02 02:23:44,131 | INFO     | tamu_crawler.parsers.getinvolved | Search parser found 0 events for source getinvolved_search_cultural (url: https://getinvolved.tamu.edu/events?query=ALPFA)
2026-04-02 02:23:44,136 | INFO     | tamu_crawler.parsers.rss | Discovered 0 feed URLs from https://getinvolved.tamu.edu/events
2026-04-02 02:23:44,136 | WARNING  | tamu_crawler.parsers.rss | No feed URLs discovered from https://getinvolved.tamu.edu/events
2026-04-02 02:23:44,136 | INFO     | tamu_crawler.normalizer | Normalised 0 events from 0 raw (filtered 0)
2026-04-02 02:23:44,136 | INFO     | tamu_crawler | Source getinvolved_search_cultural: 0 raw → 0 normalised events
2026-04-02 02:23:44,136 | INFO     | tamu_crawler | ━━━ Crawling source: getinvolved_search_entrepreneurship (html_search) ━━━
2026-04-02 02:23:44,136 | DEBUG    | tamu_crawler.http | Rate-limiting getinvolved.tamu.edu: sleeping 0.29s
2026-04-02 02:23:44,427 | INFO     | tamu_crawler.http | Fetching: https://getinvolved.tamu.edu/events?query=pitch
2026-04-02 02:23:45,234 | INFO     | tamu_crawler.parsers.getinvolved | Parsed 0 events from GetInvolved events page
2026-04-02 02:23:45,235 | INFO     | tamu_crawler.parsers.getinvolved | Search parser found 0 events for source getinvolved_search_entrepreneurship (url: https://getinvolved.tamu.edu/events?query=pitch)
2026-04-02 02:23:45,235 | DEBUG    | tamu_crawler.http | Rate-limiting getinvolved.tamu.edu: sleeping 0.19s
2026-04-02 02:23:45,428 | INFO     | tamu_crawler.http | Fetching: https://getinvolved.tamu.edu/events?query=startup
2026-04-02 02:23:46,173 | INFO     | tamu_crawler.parsers.getinvolved | Parsed 0 events from GetInvolved events page
2026-04-02 02:23:46,173 | INFO     | tamu_crawler.parsers.getinvolved | Search parser found 0 events for source getinvolved_search_entrepreneurship (url: https://getinvolved.tamu.edu/events?query=startup)
2026-04-02 02:23:46,173 | DEBUG    | tamu_crawler.http | Rate-limiting getinvolved.tamu.edu: sleeping 0.25s
2026-04-02 02:23:46,430 | INFO     | tamu_crawler.http | Fetching: https://getinvolved.tamu.edu/events?query=entrepreneurship
2026-04-02 02:23:47,178 | INFO     | tamu_crawler.parsers.getinvolved | Parsed 0 events from GetInvolved events page
2026-04-02 02:23:47,178 | INFO     | tamu_crawler.parsers.getinvolved | Search parser found 0 events for source getinvolved_search_entrepreneurship (url: https://getinvolved.tamu.edu/events?query=entrepreneurship)
2026-04-02 02:23:47,178 | DEBUG    | tamu_crawler.http | Rate-limiting getinvolved.tamu.edu: sleeping 0.25s
2026-04-02 02:23:47,431 | INFO     | tamu_crawler.http | Fetching: https://getinvolved.tamu.edu/events?query=McFerrin
2026-04-02 02:23:48,206 | INFO     | tamu_crawler.parsers.getinvolved | Parsed 0 events from GetInvolved events page
2026-04-02 02:23:48,206 | INFO     | tamu_crawler.parsers.getinvolved | Search parser found 0 events for source getinvolved_search_entrepreneurship (url: https://getinvolved.tamu.edu/events?query=McFerrin)
2026-04-02 02:23:48,206 | DEBUG    | tamu_crawler.http | Rate-limiting getinvolved.tamu.edu: sleeping 0.22s
2026-04-02 02:23:48,432 | INFO     | tamu_crawler.http | Fetching: https://getinvolved.tamu.edu/events?query=Meloy
2026-04-02 02:23:49,240 | INFO     | tamu_crawler.parsers.getinvolved | Parsed 0 events from GetInvolved events page
2026-04-02 02:23:49,240 | INFO     | tamu_crawler.parsers.getinvolved | Search parser found 0 events for source getinvolved_search_entrepreneurship (url: https://getinvolved.tamu.edu/events?query=Meloy)
2026-04-02 02:23:49,240 | DEBUG    | tamu_crawler.http | Rate-limiting getinvolved.tamu.edu: sleeping 0.19s
2026-04-02 02:23:49,433 | INFO     | tamu_crawler.http | Fetching: https://getinvolved.tamu.edu/events?query=business plan
2026-04-02 02:23:50,157 | INFO     | tamu_crawler.parsers.getinvolved | Parsed 0 events from GetInvolved events page
2026-04-02 02:23:50,157 | INFO     | tamu_crawler.parsers.getinvolved | Search parser found 0 events for source getinvolved_search_entrepreneurship (url: https://getinvolved.tamu.edu/events?query=business plan)
2026-04-02 02:23:50,157 | DEBUG    | tamu_crawler.http | Rate-limiting getinvolved.tamu.edu: sleeping 0.28s
2026-04-02 02:23:50,433 | INFO     | tamu_crawler.http | Fetching: https://getinvolved.tamu.edu/events?query=venture
2026-04-02 02:23:51,280 | INFO     | tamu_crawler.parsers.getinvolved | Parsed 0 events from GetInvolved events page
2026-04-02 02:23:51,280 | INFO     | tamu_crawler.parsers.getinvolved | Search parser found 0 events for source getinvolved_search_entrepreneurship (url: https://getinvolved.tamu.edu/events?query=venture)
2026-04-02 02:23:51,289 | INFO     | tamu_crawler.parsers.rss | Discovered 0 feed URLs from https://getinvolved.tamu.edu/events
2026-04-02 02:23:51,289 | WARNING  | tamu_crawler.parsers.rss | No feed URLs discovered from https://getinvolved.tamu.edu/events
2026-04-02 02:23:51,289 | INFO     | tamu_crawler.normalizer | Normalised 0 events from 0 raw (filtered 0)
2026-04-02 02:23:51,290 | INFO     | tamu_crawler | Source getinvolved_search_entrepreneurship: 0 raw → 0 normalised events
2026-04-02 02:23:51,290 | INFO     | tamu_crawler | ━━━ Crawling source: getinvolved_search_food (html_search) ━━━
2026-04-02 02:23:51,290 | DEBUG    | tamu_crawler.http | Rate-limiting getinvolved.tamu.edu: sleeping 0.14s
2026-04-02 02:23:51,435 | INFO     | tamu_crawler.http | Fetching: https://getinvolved.tamu.edu/events?query=free food
2026-04-02 02:23:52,207 | INFO     | tamu_crawler.parsers.getinvolved | Parsed 0 events from GetInvolved events page
2026-04-02 02:23:52,207 | INFO     | tamu_crawler.parsers.getinvolved | Search parser found 0 events for source getinvolved_search_food (url: https://getinvolved.tamu.edu/events?query=free food)
2026-04-02 02:23:52,207 | DEBUG    | tamu_crawler.http | Rate-limiting getinvolved.tamu.edu: sleeping 0.23s
2026-04-02 02:23:52,436 | INFO     | tamu_crawler.http | Fetching: https://getinvolved.tamu.edu/events?query=pizza
2026-04-02 02:23:53,188 | INFO     | tamu_crawler.parsers.getinvolved | Parsed 0 events from GetInvolved events page
2026-04-02 02:23:53,188 | INFO     | tamu_crawler.parsers.getinvolved | Search parser found 0 events for source getinvolved_search_food (url: https://getinvolved.tamu.edu/events?query=pizza)
2026-04-02 02:23:53,188 | DEBUG    | tamu_crawler.http | Rate-limiting getinvolved.tamu.edu: sleeping 0.25s
2026-04-02 02:23:53,437 | INFO     | tamu_crawler.http | Fetching: https://getinvolved.tamu.edu/events?query=lunch
2026-04-02 02:23:54,187 | INFO     | tamu_crawler.parsers.getinvolved | Parsed 0 events from GetInvolved events page
2026-04-02 02:23:54,188 | INFO     | tamu_crawler.parsers.getinvolved | Search parser found 0 events for source getinvolved_search_food (url: https://getinvolved.tamu.edu/events?query=lunch)
2026-04-02 02:23:54,188 | DEBUG    | tamu_crawler.http | Rate-limiting getinvolved.tamu.edu: sleeping 0.25s
2026-04-02 02:23:54,438 | INFO     | tamu_crawler.http | Fetching: https://getinvolved.tamu.edu/events?query=dinner
2026-04-02 02:23:55,151 | INFO     | tamu_crawler.parsers.getinvolved | Parsed 0 events from GetInvolved events page
2026-04-02 02:23:55,151 | INFO     | tamu_crawler.parsers.getinvolved | Search parser found 0 events for source getinvolved_search_food (url: https://getinvolved.tamu.edu/events?query=dinner)
2026-04-02 02:23:55,151 | DEBUG    | tamu_crawler.http | Rate-limiting getinvolved.tamu.edu: sleeping 0.29s
2026-04-02 02:23:55,439 | INFO     | tamu_crawler.http | Fetching: https://getinvolved.tamu.edu/events?query=food
2026-04-02 02:23:56,187 | INFO     | tamu_crawler.parsers.getinvolved | Parsed 0 events from GetInvolved events page
2026-04-02 02:23:56,187 | INFO     | tamu_crawler.parsers.getinvolved | Search parser found 0 events for source getinvolved_search_food (url: https://getinvolved.tamu.edu/events?query=food)
2026-04-02 02:23:56,187 | DEBUG    | tamu_crawler.http | Rate-limiting getinvolved.tamu.edu: sleeping 0.25s
2026-04-02 02:23:56,440 | INFO     | tamu_crawler.http | Fetching: https://getinvolved.tamu.edu/events?query=catered
2026-04-02 02:23:57,322 | INFO     | tamu_crawler.parsers.getinvolved | Parsed 0 events from GetInvolved events page
2026-04-02 02:23:57,322 | INFO     | tamu_crawler.parsers.getinvolved | Search parser found 0 events for source getinvolved_search_food (url: https://getinvolved.tamu.edu/events?query=catered)
2026-04-02 02:23:57,322 | DEBUG    | tamu_crawler.http | Rate-limiting getinvolved.tamu.edu: sleeping 0.12s
2026-04-02 02:23:57,441 | INFO     | tamu_crawler.http | Fetching: https://getinvolved.tamu.edu/events?query=BBQ
2026-04-02 02:23:58,248 | INFO     | tamu_crawler.parsers.getinvolved | Parsed 0 events from GetInvolved events page
2026-04-02 02:23:58,248 | INFO     | tamu_crawler.parsers.getinvolved | Search parser found 0 events for source getinvolved_search_food (url: https://getinvolved.tamu.edu/events?query=BBQ)
2026-04-02 02:23:58,254 | INFO     | tamu_crawler.parsers.rss | Discovered 0 feed URLs from https://getinvolved.tamu.edu/events
2026-04-02 02:23:58,254 | WARNING  | tamu_crawler.parsers.rss | No feed URLs discovered from https://getinvolved.tamu.edu/events
2026-04-02 02:23:58,254 | INFO     | tamu_crawler.normalizer | Normalised 0 events from 0 raw (filtered 0)
2026-04-02 02:23:58,254 | INFO     | tamu_crawler | Source getinvolved_search_food: 0 raw → 0 normalised events
2026-04-02 02:23:58,254 | INFO     | tamu_crawler | ━━━ Crawling source: getinvolved_search_sports (html_search) ━━━
2026-04-02 02:23:58,254 | DEBUG    | tamu_crawler.http | Rate-limiting getinvolved.tamu.edu: sleeping 0.19s
2026-04-02 02:23:58,443 | INFO     | tamu_crawler.http | Fetching: https://getinvolved.tamu.edu/events?query=athletics
2026-04-02 02:23:59,279 | INFO     | tamu_crawler.parsers.getinvolved | Parsed 0 events from GetInvolved events page
2026-04-02 02:23:59,279 | INFO     | tamu_crawler.parsers.getinvolved | Search parser found 0 events for source getinvolved_search_sports (url: https://getinvolved.tamu.edu/events?query=athletics)
2026-04-02 02:23:59,279 | DEBUG    | tamu_crawler.http | Rate-limiting getinvolved.tamu.edu: sleeping 0.16s
2026-04-02 02:23:59,444 | INFO     | tamu_crawler.http | Fetching: https://getinvolved.tamu.edu/events?query=rec sports
2026-04-02 02:24:00,188 | INFO     | tamu_crawler.parsers.getinvolved | Parsed 0 events from GetInvolved events page
2026-04-02 02:24:00,188 | INFO     | tamu_crawler.parsers.getinvolved | Search parser found 0 events for source getinvolved_search_sports (url: https://getinvolved.tamu.edu/events?query=rec sports)
2026-04-02 02:24:00,188 | DEBUG    | tamu_crawler.http | Rate-limiting getinvolved.tamu.edu: sleeping 0.26s
2026-04-02 02:24:00,445 | INFO     | tamu_crawler.http | Fetching: https://getinvolved.tamu.edu/events?query=intramural
2026-04-02 02:24:01,205 | INFO     | tamu_crawler.parsers.getinvolved | Parsed 0 events from GetInvolved events page
2026-04-02 02:24:01,205 | INFO     | tamu_crawler.parsers.getinvolved | Search parser found 0 events for source getinvolved_search_sports (url: https://getinvolved.tamu.edu/events?query=intramural)
2026-04-02 02:24:01,205 | DEBUG    | tamu_crawler.http | Rate-limiting getinvolved.tamu.edu: sleeping 0.24s
2026-04-02 02:24:01,446 | INFO     | tamu_crawler.http | Fetching: https://getinvolved.tamu.edu/events?query=fitness
2026-04-02 02:24:02,150 | INFO     | tamu_crawler.parsers.getinvolved | Parsed 0 events from GetInvolved events page
2026-04-02 02:24:02,150 | INFO     | tamu_crawler.parsers.getinvolved | Search parser found 0 events for source getinvolved_search_sports (url: https://getinvolved.tamu.edu/events?query=fitness)
2026-04-02 02:24:02,150 | DEBUG    | tamu_crawler.http | Rate-limiting getinvolved.tamu.edu: sleeping 0.30s
2026-04-02 02:24:02,447 | INFO     | tamu_crawler.http | Fetching: https://getinvolved.tamu.edu/events?query=tournament
2026-04-02 02:24:03,163 | INFO     | tamu_crawler.parsers.getinvolved | Parsed 0 events from GetInvolved events page
2026-04-02 02:24:03,163 | INFO     | tamu_crawler.parsers.getinvolved | Search parser found 0 events for source getinvolved_search_sports (url: https://getinvolved.tamu.edu/events?query=tournament)
2026-04-02 02:24:03,173 | INFO     | tamu_crawler.parsers.rss | Discovered 0 feed URLs from https://getinvolved.tamu.edu/events
2026-04-02 02:24:03,174 | WARNING  | tamu_crawler.parsers.rss | No feed URLs discovered from https://getinvolved.tamu.edu/events
2026-04-02 02:24:03,174 | INFO     | tamu_crawler.normalizer | Normalised 0 events from 0 raw (filtered 0)
2026-04-02 02:24:03,174 | INFO     | tamu_crawler | Source getinvolved_search_sports: 0 raw → 0 normalised events
2026-04-02 02:24:03,174 | INFO     | tamu_crawler | ━━━ Crawling source: getinvolved_search_wellness (html_search) ━━━
2026-04-02 02:24:03,174 | DEBUG    | tamu_crawler.http | Rate-limiting getinvolved.tamu.edu: sleeping 0.27s
2026-04-02 02:24:03,448 | INFO     | tamu_crawler.http | Fetching: https://getinvolved.tamu.edu/events?query=wellness
2026-04-02 02:24:04,175 | INFO     | tamu_crawler.parsers.getinvolved | Parsed 0 events from GetInvolved events page
2026-04-02 02:24:04,175 | INFO     | tamu_crawler.parsers.getinvolved | Search parser found 0 events for source getinvolved_search_wellness (url: https://getinvolved.tamu.edu/events?query=wellness)
2026-04-02 02:24:04,175 | DEBUG    | tamu_crawler.http | Rate-limiting getinvolved.tamu.edu: sleeping 0.27s
2026-04-02 02:24:04,449 | INFO     | tamu_crawler.http | Fetching: https://getinvolved.tamu.edu/events?query=mental health
2026-04-02 02:24:05,120 | INFO     | tamu_crawler.parsers.getinvolved | Parsed 0 events from GetInvolved events page
2026-04-02 02:24:05,120 | INFO     | tamu_crawler.parsers.getinvolved | Search parser found 0 events for source getinvolved_search_wellness (url: https://getinvolved.tamu.edu/events?query=mental health)
2026-04-02 02:24:05,120 | DEBUG    | tamu_crawler.http | Rate-limiting getinvolved.tamu.edu: sleeping 0.33s
2026-04-02 02:24:05,449 | INFO     | tamu_crawler.http | Fetching: https://getinvolved.tamu.edu/events?query=self-care
2026-04-02 02:24:06,220 | INFO     | tamu_crawler.parsers.getinvolved | Parsed 0 events from GetInvolved events page
2026-04-02 02:24:06,220 | INFO     | tamu_crawler.parsers.getinvolved | Search parser found 0 events for source getinvolved_search_wellness (url: https://getinvolved.tamu.edu/events?query=self-care)
2026-04-02 02:24:06,220 | DEBUG    | tamu_crawler.http | Rate-limiting getinvolved.tamu.edu: sleeping 0.23s
2026-04-02 02:24:06,451 | INFO     | tamu_crawler.http | Fetching: https://getinvolved.tamu.edu/events?query=meditation
2026-04-02 02:24:07,210 | INFO     | tamu_crawler.parsers.getinvolved | Parsed 0 events from GetInvolved events page
2026-04-02 02:24:07,210 | INFO     | tamu_crawler.parsers.getinvolved | Search parser found 0 events for source getinvolved_search_wellness (url: https://getinvolved.tamu.edu/events?query=meditation)
2026-04-02 02:24:07,210 | DEBUG    | tamu_crawler.http | Rate-limiting getinvolved.tamu.edu: sleeping 0.24s
2026-04-02 02:24:07,452 | INFO     | tamu_crawler.http | Fetching: https://getinvolved.tamu.edu/events?query=counseling
2026-04-02 02:24:08,172 | INFO     | tamu_crawler.parsers.getinvolved | Parsed 0 events from GetInvolved events page
2026-04-02 02:24:08,172 | INFO     | tamu_crawler.parsers.getinvolved | Search parser found 0 events for source getinvolved_search_wellness (url: https://getinvolved.tamu.edu/events?query=counseling)
2026-04-02 02:24:08,184 | INFO     | tamu_crawler.parsers.rss | Discovered 0 feed URLs from https://getinvolved.tamu.edu/events
2026-04-02 02:24:08,184 | WARNING  | tamu_crawler.parsers.rss | No feed URLs discovered from https://getinvolved.tamu.edu/events
2026-04-02 02:24:08,184 | INFO     | tamu_crawler.normalizer | Normalised 0 events from 0 raw (filtered 0)
2026-04-02 02:24:08,184 | INFO     | tamu_crawler | Source getinvolved_search_wellness: 0 raw → 0 normalised events
2026-04-02 02:24:08,184 | INFO     | tamu_crawler | ━━━ Crawling source: getinvolved_search_religion (html_search) ━━━
2026-04-02 02:24:08,184 | DEBUG    | tamu_crawler.http | Rate-limiting getinvolved.tamu.edu: sleeping 0.27s
2026-04-02 02:24:08,453 | INFO     | tamu_crawler.http | Fetching: https://getinvolved.tamu.edu/events?query=worship
2026-04-02 02:24:09,189 | INFO     | tamu_crawler.parsers.getinvolved | Parsed 0 events from GetInvolved events page
2026-04-02 02:24:09,189 | INFO     | tamu_crawler.parsers.getinvolved | Search parser found 0 events for source getinvolved_search_religion (url: https://getinvolved.tamu.edu/events?query=worship)
2026-04-02 02:24:09,189 | DEBUG    | tamu_crawler.http | Rate-limiting getinvolved.tamu.edu: sleeping 0.26s
2026-04-02 02:24:09,454 | INFO     | tamu_crawler.http | Fetching: https://getinvolved.tamu.edu/events?query=prayer
2026-04-02 02:24:10,231 | INFO     | tamu_crawler.parsers.getinvolved | Parsed 0 events from GetInvolved events page
2026-04-02 02:24:10,232 | INFO     | tamu_crawler.parsers.getinvolved | Search parser found 0 events for source getinvolved_search_religion (url: https://getinvolved.tamu.edu/events?query=prayer)
2026-04-02 02:24:10,232 | DEBUG    | tamu_crawler.http | Rate-limiting getinvolved.tamu.edu: sleeping 0.22s
2026-04-02 02:24:10,455 | INFO     | tamu_crawler.http | Fetching: https://getinvolved.tamu.edu/events?query=bible study
2026-04-02 02:24:11,155 | INFO     | tamu_crawler.parsers.getinvolved | Parsed 0 events from GetInvolved events page
2026-04-02 02:24:11,156 | INFO     | tamu_crawler.parsers.getinvolved | Search parser found 0 events for source getinvolved_search_religion (url: https://getinvolved.tamu.edu/events?query=bible study)
2026-04-02 02:24:11,156 | DEBUG    | tamu_crawler.http | Rate-limiting getinvolved.tamu.edu: sleeping 0.30s
2026-04-02 02:24:11,456 | INFO     | tamu_crawler.http | Fetching: https://getinvolved.tamu.edu/events?query=ministry
2026-04-02 02:24:12,173 | INFO     | tamu_crawler.parsers.getinvolved | Parsed 0 events from GetInvolved events page
2026-04-02 02:24:12,173 | INFO     | tamu_crawler.parsers.getinvolved | Search parser found 0 events for source getinvolved_search_religion (url: https://getinvolved.tamu.edu/events?query=ministry)
2026-04-02 02:24:12,173 | DEBUG    | tamu_crawler.http | Rate-limiting getinvolved.tamu.edu: sleeping 0.28s
2026-04-02 02:24:12,457 | INFO     | tamu_crawler.http | Fetching: https://getinvolved.tamu.edu/events?query=faith
2026-04-02 02:24:13,190 | INFO     | tamu_crawler.parsers.getinvolved | Parsed 0 events from GetInvolved events page
2026-04-02 02:24:13,190 | INFO     | tamu_crawler.parsers.getinvolved | Search parser found 0 events for source getinvolved_search_religion (url: https://getinvolved.tamu.edu/events?query=faith)
2026-04-02 02:24:13,191 | DEBUG    | tamu_crawler.http | Rate-limiting getinvolved.tamu.edu: sleeping 0.27s
2026-04-02 02:24:13,458 | INFO     | tamu_crawler.http | Fetching: https://getinvolved.tamu.edu/events?query=church
2026-04-02 02:24:14,179 | INFO     | tamu_crawler.parsers.getinvolved | Parsed 0 events from GetInvolved events page
2026-04-02 02:24:14,179 | INFO     | tamu_crawler.parsers.getinvolved | Search parser found 0 events for source getinvolved_search_religion (url: https://getinvolved.tamu.edu/events?query=church)
2026-04-02 02:24:14,187 | INFO     | tamu_crawler.parsers.rss | Discovered 0 feed URLs from https://getinvolved.tamu.edu/events
2026-04-02 02:24:14,187 | WARNING  | tamu_crawler.parsers.rss | No feed URLs discovered from https://getinvolved.tamu.edu/events
2026-04-02 02:24:14,187 | INFO     | tamu_crawler.normalizer | Normalised 0 events from 0 raw (filtered 0)
2026-04-02 02:24:14,187 | INFO     | tamu_crawler | Source getinvolved_search_religion: 0 raw → 0 normalised events
2026-04-02 02:24:14,187 | INFO     | tamu_crawler | ━━━ Crawling source: getinvolved_search_advocacy (html_search) ━━━
2026-04-02 02:24:14,188 | DEBUG    | tamu_crawler.http | Rate-limiting getinvolved.tamu.edu: sleeping 0.27s
2026-04-02 02:24:14,459 | INFO     | tamu_crawler.http | Fetching: https://getinvolved.tamu.edu/events?query=volunteer
2026-04-02 02:24:15,236 | INFO     | tamu_crawler.parsers.getinvolved | Parsed 0 events from GetInvolved events page
2026-04-02 02:24:15,236 | INFO     | tamu_crawler.parsers.getinvolved | Search parser found 0 events for source getinvolved_search_advocacy (url: https://getinvolved.tamu.edu/events?query=volunteer)
2026-04-02 02:24:15,236 | DEBUG    | tamu_crawler.http | Rate-limiting getinvolved.tamu.edu: sleeping 0.22s
2026-04-02 02:24:15,461 | INFO     | tamu_crawler.http | Fetching: https://getinvolved.tamu.edu/events?query=service
2026-04-02 02:24:16,372 | INFO     | tamu_crawler.parsers.getinvolved | Parsed 0 events from GetInvolved events page
2026-04-02 02:24:16,372 | INFO     | tamu_crawler.parsers.getinvolved | Search parser found 0 events for source getinvolved_search_advocacy (url: https://getinvolved.tamu.edu/events?query=service)
2026-04-02 02:24:16,372 | DEBUG    | tamu_crawler.http | Rate-limiting getinvolved.tamu.edu: sleeping 0.09s
2026-04-02 02:24:16,462 | INFO     | tamu_crawler.http | Fetching: https://getinvolved.tamu.edu/events?query=advocacy
2026-04-02 02:24:17,151 | INFO     | tamu_crawler.parsers.getinvolved | Parsed 0 events from GetInvolved events page
2026-04-02 02:24:17,151 | INFO     | tamu_crawler.parsers.getinvolved | Search parser found 0 events for source getinvolved_search_advocacy (url: https://getinvolved.tamu.edu/events?query=advocacy)
2026-04-02 02:24:17,151 | DEBUG    | tamu_crawler.http | Rate-limiting getinvolved.tamu.edu: sleeping 0.31s
2026-04-02 02:24:17,463 | INFO     | tamu_crawler.http | Fetching: https://getinvolved.tamu.edu/events?query=voter
2026-04-02 02:24:18,240 | INFO     | tamu_crawler.parsers.getinvolved | Parsed 0 events from GetInvolved events page
2026-04-02 02:24:18,240 | INFO     | tamu_crawler.parsers.getinvolved | Search parser found 0 events for source getinvolved_search_advocacy (url: https://getinvolved.tamu.edu/events?query=voter)
2026-04-02 02:24:18,240 | DEBUG    | tamu_crawler.http | Rate-limiting getinvolved.tamu.edu: sleeping 0.22s
2026-04-02 02:24:18,464 | INFO     | tamu_crawler.http | Fetching: https://getinvolved.tamu.edu/events?query=awareness
2026-04-02 02:24:19,170 | INFO     | tamu_crawler.parsers.getinvolved | Parsed 0 events from GetInvolved events page
2026-04-02 02:24:19,170 | INFO     | tamu_crawler.parsers.getinvolved | Search parser found 0 events for source getinvolved_search_advocacy (url: https://getinvolved.tamu.edu/events?query=awareness)
2026-04-02 02:24:19,179 | INFO     | tamu_crawler.parsers.rss | Discovered 0 feed URLs from https://getinvolved.tamu.edu/events
2026-04-02 02:24:19,179 | WARNING  | tamu_crawler.parsers.rss | No feed URLs discovered from https://getinvolved.tamu.edu/events
2026-04-02 02:24:19,179 | INFO     | tamu_crawler.normalizer | Normalised 0 events from 0 raw (filtered 0)
2026-04-02 02:24:19,179 | INFO     | tamu_crawler | Source getinvolved_search_advocacy: 0 raw → 0 normalised events
2026-04-02 02:24:19,179 | INFO     | tamu_crawler | ━━━ Crawling source: getinvolved_search_entertainment (html_search) ━━━
2026-04-02 02:24:19,179 | DEBUG    | tamu_crawler.http | Rate-limiting getinvolved.tamu.edu: sleeping 0.28s
2026-04-02 02:24:19,465 | INFO     | tamu_crawler.http | Fetching: https://getinvolved.tamu.edu/events?query=concert
2026-04-02 02:24:20,248 | INFO     | tamu_crawler.parsers.getinvolved | Parsed 0 events from GetInvolved events page
2026-04-02 02:24:20,248 | INFO     | tamu_crawler.parsers.getinvolved | Search parser found 0 events for source getinvolved_search_entertainment (url: https://getinvolved.tamu.edu/events?query=concert)
2026-04-02 02:24:20,248 | DEBUG    | tamu_crawler.http | Rate-limiting getinvolved.tamu.edu: sleeping 0.22s
2026-04-02 02:24:20,466 | INFO     | tamu_crawler.http | Fetching: https://getinvolved.tamu.edu/events?query=movie night
2026-04-02 02:24:21,286 | INFO     | tamu_crawler.parsers.getinvolved | Parsed 0 events from GetInvolved events page
2026-04-02 02:24:21,286 | INFO     | tamu_crawler.parsers.getinvolved | Search parser found 0 events for source getinvolved_search_entertainment (url: https://getinvolved.tamu.edu/events?query=movie night)
2026-04-02 02:24:21,286 | DEBUG    | tamu_crawler.http | Rate-limiting getinvolved.tamu.edu: sleeping 0.18s
2026-04-02 02:24:21,467 | INFO     | tamu_crawler.http | Fetching: https://getinvolved.tamu.edu/events?query=trivia
2026-04-02 02:24:22,223 | INFO     | tamu_crawler.parsers.getinvolved | Parsed 0 events from GetInvolved events page
2026-04-02 02:24:22,223 | INFO     | tamu_crawler.parsers.getinvolved | Search parser found 0 events for source getinvolved_search_entertainment (url: https://getinvolved.tamu.edu/events?query=trivia)
2026-04-02 02:24:22,223 | DEBUG    | tamu_crawler.http | Rate-limiting getinvolved.tamu.edu: sleeping 0.24s
2026-04-02 02:24:22,468 | INFO     | tamu_crawler.http | Fetching: https://getinvolved.tamu.edu/events?query=karaoke
2026-04-02 02:24:23,205 | INFO     | tamu_crawler.parsers.getinvolved | Parsed 0 events from GetInvolved events page
2026-04-02 02:24:23,205 | INFO     | tamu_crawler.parsers.getinvolved | Search parser found 0 events for source getinvolved_search_entertainment (url: https://getinvolved.tamu.edu/events?query=karaoke)
2026-04-02 02:24:23,205 | DEBUG    | tamu_crawler.http | Rate-limiting getinvolved.tamu.edu: sleeping 0.26s
2026-04-02 02:24:23,469 | INFO     | tamu_crawler.http | Fetching: https://getinvolved.tamu.edu/events?query=comedy
2026-04-02 02:24:24,241 | INFO     | tamu_crawler.parsers.getinvolved | Parsed 0 events from GetInvolved events page
2026-04-02 02:24:24,241 | INFO     | tamu_crawler.parsers.getinvolved | Search parser found 0 events for source getinvolved_search_entertainment (url: https://getinvolved.tamu.edu/events?query=comedy)
2026-04-02 02:24:24,242 | DEBUG    | tamu_crawler.http | Rate-limiting getinvolved.tamu.edu: sleeping 0.23s
2026-04-02 02:24:24,470 | INFO     | tamu_crawler.http | Fetching: https://getinvolved.tamu.edu/events?query=open mic
2026-04-02 02:24:25,206 | INFO     | tamu_crawler.parsers.getinvolved | Parsed 0 events from GetInvolved events page
2026-04-02 02:24:25,206 | INFO     | tamu_crawler.parsers.getinvolved | Search parser found 0 events for source getinvolved_search_entertainment (url: https://getinvolved.tamu.edu/events?query=open mic)
2026-04-02 02:24:25,206 | DEBUG    | tamu_crawler.http | Rate-limiting getinvolved.tamu.edu: sleeping 0.26s
2026-04-02 02:24:25,471 | INFO     | tamu_crawler.http | Fetching: https://getinvolved.tamu.edu/events?query=live music
2026-04-02 02:24:26,238 | INFO     | tamu_crawler.parsers.getinvolved | Parsed 0 events from GetInvolved events page
2026-04-02 02:24:26,239 | INFO     | tamu_crawler.parsers.getinvolved | Search parser found 0 events for source getinvolved_search_entertainment (url: https://getinvolved.tamu.edu/events?query=live music)
2026-04-02 02:24:26,244 | INFO     | tamu_crawler.parsers.rss | Discovered 0 feed URLs from https://getinvolved.tamu.edu/events
2026-04-02 02:24:26,244 | WARNING  | tamu_crawler.parsers.rss | No feed URLs discovered from https://getinvolved.tamu.edu/events
2026-04-02 02:24:26,244 | INFO     | tamu_crawler.normalizer | Normalised 0 events from 0 raw (filtered 0)
2026-04-02 02:24:26,244 | INFO     | tamu_crawler | Source getinvolved_search_entertainment: 0 raw → 0 normalised events
2026-04-02 02:24:26,244 | INFO     | tamu_crawler | ━━━ Crawling source: mcferrin_events (html_events) ━━━
2026-04-02 02:24:26,244 | ERROR    | tamu_crawler | No parser for source mcferrin_events: Unknown source type: html_events
2026-04-02 02:24:26,244 | INFO     | tamu_crawler | ━━━ Crawling source: mcferrin_programs (html_multi_url) ━━━
2026-04-02 02:24:26,244 | ERROR    | tamu_crawler | No parser for source mcferrin_programs: Unknown source type: html_multi_url
2026-04-02 02:24:26,244 | INFO     | tamu_crawler | ━━━ Crawling source: mays_undergrad_events (html_events) ━━━
2026-04-02 02:24:26,244 | ERROR    | tamu_crawler | No parser for source mays_undergrad_events: Unknown source type: html_events
2026-04-02 02:24:26,244 | INFO     | tamu_crawler | ━━━ Crawling source: mays_career_center (html_events) ━━━
2026-04-02 02:24:26,244 | ERROR    | tamu_crawler | No parser for source mays_career_center: Unknown source type: html_events
2026-04-02 02:24:26,244 | INFO     | tamu_crawler | ━━━ Crawling source: mays_departments (html_events) ━━━
2026-04-02 02:24:26,244 | ERROR    | tamu_crawler | No parser for source mays_departments: Unknown source type: html_events
2026-04-02 02:24:26,244 | INFO     | tamu_crawler | ━━━ Crawling source: career_center_events (html_events) ━━━
2026-04-02 02:24:26,244 | ERROR    | tamu_crawler | No parser for source career_center_events: Unknown source type: html_events
2026-04-02 02:24:26,244 | INFO     | tamu_crawler | ━━━ Crawling source: career_fairs (html_events) ━━━
2026-04-02 02:24:26,244 | ERROR    | tamu_crawler | No parser for source career_fairs: Unknown source type: html_events
2026-04-02 02:24:26,244 | INFO     | tamu_crawler | ━━━ Crawling source: sec_events (html_events) ━━━
2026-04-02 02:24:26,244 | ERROR    | tamu_crawler | No parser for source sec_events: Unknown source type: html_events
2026-04-02 02:24:26,244 | INFO     | tamu_crawler | ━━━ Crawling source: engineering_all (livewhale_json) ━━━
2026-04-02 02:24:26,245 | INFO     | tamu_crawler.http | Fetching: https://calendar.tamu.edu/live/json/events/group/Engineering
2026-04-02 02:24:26,402 | INFO     | tamu_crawler.parsers.livewhale | Parsed 0 events from engineering_all (of 0 raw)
2026-04-02 02:24:26,402 | INFO     | tamu_crawler.normalizer | Normalised 0 events from 0 raw (filtered 0)
2026-04-02 02:24:26,403 | INFO     | tamu_crawler | Source engineering_all: 0 raw → 0 normalised events
2026-04-02 02:24:26,403 | INFO     | tamu_crawler | ━━━ Crawling source: materials_seminars (html_multi_url) ━━━
2026-04-02 02:24:26,403 | ERROR    | tamu_crawler | No parser for source materials_seminars: Unknown source type: html_multi_url
2026-04-02 02:24:26,403 | INFO     | tamu_crawler | ━━━ Crawling source: math_colloquium (html_multi_url) ━━━
2026-04-02 02:24:26,403 | ERROR    | tamu_crawler | No parser for source math_colloquium: Unknown source type: html_multi_url
2026-04-02 02:24:26,403 | INFO     | tamu_crawler | ━━━ Crawling source: stat_seminars (html_multi_url) ━━━
2026-04-02 02:24:26,403 | ERROR    | tamu_crawler | No parser for source stat_seminars: Unknown source type: html_multi_url
2026-04-02 02:24:26,403 | INFO     | tamu_crawler | ━━━ Crawling source: cs_seminars (html_multi_url) ━━━
2026-04-02 02:24:26,403 | ERROR    | tamu_crawler | No parser for source cs_seminars: Unknown source type: html_multi_url
2026-04-02 02:24:26,403 | INFO     | tamu_crawler | ━━━ Crawling source: health_calendar (html_events) ━━━
2026-04-02 02:24:26,403 | ERROR    | tamu_crawler | No parser for source health_calendar: Unknown source type: html_events
2026-04-02 02:24:26,403 | INFO     | tamu_crawler | ━━━ Crawling source: rec_intramurals (html_events) ━━━
2026-04-02 02:24:26,403 | ERROR    | tamu_crawler | No parser for source rec_intramurals: Unknown source type: html_events
2026-04-02 02:24:26,403 | INFO     | tamu_crawler | ━━━ Crawling source: student_life_events (html_events) ━━━
2026-04-02 02:24:26,403 | ERROR    | tamu_crawler | No parser for source student_life_events: Unknown source type: html_events
2026-04-02 02:24:26,403 | INFO     | tamu_crawler | ━━━ Crawling source: getinvolved_msc_orgs (html_events) ━━━
2026-04-02 02:24:26,403 | ERROR    | tamu_crawler | No parser for source getinvolved_msc_orgs: Unknown source type: html_events
2026-04-02 02:24:26,403 | INFO     | tamu_crawler | ━━━ Crawling source: transport_rss (rss_directory) ━━━
2026-04-02 02:24:26,445 | INFO     | tamu_crawler.http | Fetching: https://transport.tamu.edu/about/rss.aspx
2026-04-02 02:24:26,470 | INFO     | tamu_crawler.parsers.rss | Discovered 5 feed URLs from https://transport.tamu.edu/about/rss.aspx
2026-04-02 02:24:26,591 | INFO     | tamu_crawler.http | Fetching: https://en.wikipedia.org/wiki/Rss
2026-04-02 02:24:27,019 | INFO     | tamu_crawler.parsers.rss | Parsed 0 entries from RSS feed https://en.wikipedia.org/wiki/Rss
2026-04-02 02:24:27,176 | INFO     | tamu_crawler.http | Fetching: https://feeds.feedburner.com/TAMUParkingUpdates
2026-04-02 02:24:27,250 | INFO     | tamu_crawler.parsers.rss | Parsed 0 entries from RSS feed https://feeds.feedburner.com/TAMUParkingUpdates
2026-04-02 02:24:27,250 | DEBUG    | tamu_crawler.http | Rate-limiting feeds.feedburner.com: sleeping 0.93s
2026-04-02 02:24:28,177 | INFO     | tamu_crawler.http | Fetching: https://feeds.feedburner.com/TAMUAggieSpiritUpdates
2026-04-02 02:24:28,267 | INFO     | tamu_crawler.parsers.rss | Parsed 0 entries from RSS feed https://feeds.feedburner.com/TAMUAggieSpiritUpdates
2026-04-02 02:24:28,267 | INFO     | tamu_crawler.http | Fetching: https://calendar.tamu.edu/live/rss/events/group/Transportation%20Services
2026-04-02 02:24:28,447 | INFO     | tamu_crawler.parsers.rss | Parsed 190 entries from RSS feed https://calendar.tamu.edu/live/rss/events/group/Transportation%20Services
2026-04-02 02:24:28,448 | DEBUG    | tamu_crawler.http | Rate-limiting feeds.feedburner.com: sleeping 0.73s
2026-04-02 02:24:29,178 | INFO     | tamu_crawler.http | Fetching: https://feeds.feedburner.com/TAMUTrafficConstruction
2026-04-02 02:24:29,256 | INFO     | tamu_crawler.parsers.rss | Parsed 0 entries from RSS feed https://feeds.feedburner.com/TAMUTrafficConstruction
2026-04-02 02:24:29,256 | INFO     | tamu_crawler.parsers.rss | Total 190 events from 5 feeds (of 5 discovered) at https://transport.tamu.edu/about/rss.aspx
2026-04-02 02:24:30,635 | INFO     | tamu_crawler.normalizer | Normalised 190 events from 190 raw (filtered 0)
2026-04-02 02:24:30,635 | INFO     | tamu_crawler | Source transport_rss: 190 raw → 190 normalised events
2026-04-02 02:24:30,636 | INFO     | tamu_crawler | Deduplicating 1044 events across all sources...
2026-04-02 02:24:30,643 | DEBUG    | tamu_crawler.deduper | Dedup group (2 events, 2 sources): Preregistration
2026-04-02 02:24:30,643 | DEBUG    | tamu_crawler.deduper | Dedup group (2 events, 1 sources): Texas A&M Men’s Tennis at Auburn
2026-04-02 02:24:30,643 | DEBUG    | tamu_crawler.deduper | Dedup group (2 events, 2 sources): Make Your Summer Break Work for You
2026-04-02 02:24:30,643 | DEBUG    | tamu_crawler.deduper | Dedup group (2 events, 1 sources): TSI Class
2026-04-02 02:24:30,643 | DEBUG    | tamu_crawler.deduper | Dedup group (2 events, 2 sources): Preregistration
2026-04-02 02:24:30,643 | DEBUG    | tamu_crawler.deduper | Dedup group (2 events, 1 sources): Math 151 Hands-On, Grades Up (HOGU) Spring 2026
2026-04-02 02:24:30,643 | DEBUG    | tamu_crawler.deduper | Dedup group (2 events, 1 sources): TSI Class
2026-04-02 02:24:30,643 | DEBUG    | tamu_crawler.deduper | Dedup group (2 events, 2 sources): Preregistration
2026-04-02 02:24:30,643 | DEBUG    | tamu_crawler.deduper | Dedup group (2 events, 2 sources): 5 p.m., Degree Requirement Verification Deadline
2026-04-02 02:24:30,643 | DEBUG    | tamu_crawler.deduper | Dedup group (2 events, 2 sources): 5 p.m., Spring 2026 Q-Drop Deadline
2026-04-02 02:24:30,643 | DEBUG    | tamu_crawler.deduper | Dedup group (2 events, 2 sources): 5 p.m., Spring 2026 Withdrawal Deadline
2026-04-02 02:24:30,643 | DEBUG    | tamu_crawler.deduper | Dedup group (2 events, 1 sources): TSI Class
2026-04-02 02:24:30,643 | DEBUG    | tamu_crawler.deduper | Dedup group (2 events, 1 sources): Texas A&M Men’s Tennis vs SEC Tournament
2026-04-02 02:24:30,643 | DEBUG    | tamu_crawler.deduper | Dedup group (2 events, 1 sources): Math 151 Hands-On, Grades Up (HOGU) Spring 2026
2026-04-02 02:24:30,643 | DEBUG    | tamu_crawler.deduper | Dedup group (2 events, 2 sources): Muster, Campus Ceremony
2026-04-02 02:24:30,643 | DEBUG    | tamu_crawler.deduper | Dedup group (2 events, 2 sources): Co-op Orientation #3
2026-04-02 02:24:30,643 | DEBUG    | tamu_crawler.deduper | Dedup group (2 events, 1 sources): TSI Class
2026-04-02 02:24:30,643 | DEBUG    | tamu_crawler.deduper | Dedup group (2 events, 2 sources): Reading Day - No Classes
2026-04-02 02:24:30,643 | DEBUG    | tamu_crawler.deduper | Dedup group (2 events, 1 sources): Math 151 Hands-On, Grades Up (HOGU) Spring 2026
2026-04-02 02:24:30,644 | DEBUG    | tamu_crawler.deduper | Dedup group (2 events, 1 sources): TSI Class
2026-04-02 02:24:30,644 | DEBUG    | tamu_crawler.deduper | Dedup group (2 events, 1 sources): TSI Class
2026-04-02 02:24:30,644 | DEBUG    | tamu_crawler.deduper | Dedup group (2 events, 2 sources): Preregistration
2026-04-02 02:24:30,644 | DEBUG    | tamu_crawler.deduper | Dedup group (2 events, 2 sources): Reading Day - No Classes
2026-04-02 02:24:30,644 | DEBUG    | tamu_crawler.deduper | Dedup group (2 events, 2 sources): Preregistration
2026-04-02 02:24:30,644 | DEBUG    | tamu_crawler.deduper | Dedup group (2 events, 2 sources): Preregistration
2026-04-02 02:24:30,644 | DEBUG    | tamu_crawler.deduper | Dedup group (2 events, 1 sources): TSI Class
2026-04-02 02:24:30,644 | DEBUG    | tamu_crawler.deduper | Dedup group (2 events, 2 sources): Preregistration
2026-04-02 02:24:30,644 | DEBUG    | tamu_crawler.deduper | Dedup group (2 events, 2 sources): Preregistration
2026-04-02 02:24:30,644 | DEBUG    | tamu_crawler.deduper | Dedup group (2 events, 2 sources): Preregistration
2026-04-02 02:24:30,644 | DEBUG    | tamu_crawler.deduper | Dedup group (2 events, 1 sources): TSI Class
2026-04-02 02:24:30,644 | DEBUG    | tamu_crawler.deduper | Dedup group (2 events, 1 sources): TSI Class
2026-04-02 02:24:30,644 | DEBUG    | tamu_crawler.deduper | Dedup group (2 events, 2 sources): No Regular Course Examinations (Except for Laboratory & 1-Ho
2026-04-02 02:24:30,644 | DEBUG    | tamu_crawler.deduper | Dedup group (2 events, 2 sources): Last Day of Classes - Spring 2026
2026-04-02 02:24:30,644 | DEBUG    | tamu_crawler.deduper | Dedup group (2 events, 2 sources): No Regular Course Examinations (Except for Laboratory and 1-
2026-04-02 02:24:30,644 | DEBUG    | tamu_crawler.deduper | Dedup group (2 events, 2 sources): Spring 2026 Graduation Deadline - Last Day to Apply
2026-04-02 02:24:30,644 | DEBUG    | tamu_crawler.deduper | Dedup group (2 events, 2 sources): Spring Redefined Day - Students Attend Friday Classes (Nursi
2026-04-02 02:24:30,644 | DEBUG    | tamu_crawler.deduper | Dedup group (2 events, 2 sources): Final Examinations - Spring 2026
2026-04-02 02:24:30,644 | DEBUG    | tamu_crawler.deduper | Dedup group (2 events, 2 sources): Final Examinations - Spring 2026
2026-04-02 02:24:30,644 | DEBUG    | tamu_crawler.deduper | Dedup group (2 events, 1 sources): Texas A&M Men’s Tennis at NCAA 1st/2nd Rounds
2026-04-02 02:24:30,644 | DEBUG    | tamu_crawler.deduper | Dedup group (2 events, 2 sources): Final Examinations - Spring 2026
2026-04-02 02:24:30,644 | DEBUG    | tamu_crawler.deduper | Dedup group (2 events, 2 sources): Final Examinations - Spring 2026
2026-04-02 02:24:30,644 | DEBUG    | tamu_crawler.deduper | Dedup group (2 events, 2 sources): Commencement and Commissioning*
2026-04-02 02:24:30,644 | DEBUG    | tamu_crawler.deduper | Dedup group (2 events, 2 sources): 5 p.m., Tuition Rebate Application Deadline for May 2026 Und
2026-04-02 02:24:30,644 | DEBUG    | tamu_crawler.deduper | Dedup group (2 events, 2 sources): 6 p.m., Grades Due for May 2026 Degree Candidates
2026-04-02 02:24:30,644 | DEBUG    | tamu_crawler.deduper | Dedup group (2 events, 2 sources): Graduation Application Open for August 2026 Degree Candidate
2026-04-02 02:24:30,644 | DEBUG    | tamu_crawler.deduper | Dedup group (2 events, 2 sources): 12 p.m., Final Grades Due - Spring 2026
2026-04-02 02:24:30,644 | DEBUG    | tamu_crawler.deduper | Dedup group (2 events, 2 sources): Undergraduate Change of Curriculum
2026-04-02 02:24:30,644 | DEBUG    | tamu_crawler.deduper | Dedup group (2 events, 1 sources): Texas A&M Men’s Tennis at NCAA Team Championship
2026-04-02 02:24:30,645 | DEBUG    | tamu_crawler.deduper | Dedup group (2 events, 2 sources): 5 p.m., Last Day to Register for Summer I & 10-Week Classes
2026-04-02 02:24:30,645 | DEBUG    | tamu_crawler.deduper | Dedup group (2 events, 2 sources): Faculty and Staff Holiday
2026-04-02 02:24:30,645 | DEBUG    | tamu_crawler.deduper | Dedup group (2 events, 2 sources): Memorial Day - No classes
2026-04-02 02:24:30,645 | DEBUG    | tamu_crawler.deduper | Dedup group (2 events, 2 sources): First Day of Classes - Summer I & 10-Week Semester
2026-04-02 02:24:30,645 | DEBUG    | tamu_crawler.deduper | Dedup group (2 events, 2 sources): Last Day to Add/Drop Courses - Summer I & 10-Week Semester
2026-04-02 02:24:30,645 | DEBUG    | tamu_crawler.deduper | Dedup group (2 events, 2 sources): Summer 2026 First Term & 10-Week Official Census Date
2026-04-02 02:24:30,645 | DEBUG    | tamu_crawler.deduper | Dedup group (2 events, 2 sources): 5 p.m., Summer I Term Q-Drop Deadline
2026-04-02 02:24:30,645 | DEBUG    | tamu_crawler.deduper | Dedup group (2 events, 2 sources): 5 p.m., Summer I Term Withdrawal Deadline
2026-04-02 02:24:30,645 | DEBUG    | tamu_crawler.deduper | Dedup group (2 events, 2 sources): Faculty and Staff Holiday
2026-04-02 02:24:30,645 | DEBUG    | tamu_crawler.deduper | Dedup group (2 events, 2 sources): Juneteenth Holiday - No classes
2026-04-02 02:24:30,645 | DEBUG    | tamu_crawler.deduper | Dedup group (2 events, 2 sources): Undergraduate Change of Curriculum Deadline
2026-04-02 02:24:30,645 | DEBUG    | tamu_crawler.deduper | Dedup group (2 events, 2 sources): Last Day of Classes - Summer I Term
2026-04-02 02:24:30,645 | DEBUG    | tamu_crawler.deduper | Dedup group (2 events, 2 sources): Final Examinations - Summer I Term
2026-04-02 02:24:30,645 | DEBUG    | tamu_crawler.deduper | Dedup group (2 events, 2 sources): Last Day to Register for Summer II Classes
2026-04-02 02:24:30,645 | DEBUG    | tamu_crawler.deduper | Dedup group (2 events, 2 sources): No 10-Week Classes
2026-04-02 02:24:30,645 | DEBUG    | tamu_crawler.deduper | Dedup group (2 events, 2 sources): First Day of Classes - Summer II Term
2026-04-02 02:24:30,645 | DEBUG    | tamu_crawler.deduper | Dedup group (2 events, 2 sources): Last Day to Apply for Graduation in Howdy and No Late Fee
2026-04-02 02:24:30,645 | DEBUG    | tamu_crawler.deduper | Dedup group (2 events, 2 sources): Summer 2026 Second Term Official Census Date
2026-04-02 02:24:30,645 | DEBUG    | tamu_crawler.deduper | Dedup group (2 events, 2 sources): 12 p.m., Summer I Term - Final Grades Due
2026-04-02 02:24:30,645 | DEBUG    | tamu_crawler.deduper | Dedup group (2 events, 2 sources): 5 p.m., Last Day to Add/Drop Courses - Summer II
2026-04-02 02:24:30,645 | DEBUG    | tamu_crawler.deduper | Dedup group (2 events, 1 sources): 5 p.m., 10-Week Semester Q-Drop Deadline
2026-04-02 02:24:30,645 | DEBUG    | tamu_crawler.deduper | Dedup group (4 events, 2 sources): 5 p.m., 10-Week Semester Q-Drop Deadline
2026-04-02 02:24:30,645 | DEBUG    | tamu_crawler.deduper | Dedup group (2 events, 1 sources): 5 p.m., Summer II Term Q-Drop Deadline
2026-04-02 02:24:30,645 | DEBUG    | tamu_crawler.deduper | Dedup group (4 events, 2 sources): 5 p.m., Summer II Term Q-Drop Deadline
2026-04-02 02:24:30,645 | DEBUG    | tamu_crawler.deduper | Dedup group (2 events, 2 sources): 5 p.m., Degree Requirement Verification Deadline
2026-04-02 02:24:30,645 | DEBUG    | tamu_crawler.deduper | Dedup group (2 events, 2 sources): Last day of Classes - Summer II and 10-week Semester
2026-04-02 02:24:30,645 | DEBUG    | tamu_crawler.deduper | Dedup group (2 events, 2 sources): Summer 2026 Graduation Deadline - Last Day to Apply
2026-04-02 02:24:30,645 | DEBUG    | tamu_crawler.deduper | Dedup group (2 events, 2 sources): Final Examinations - 10-Week
2026-04-02 02:24:30,645 | DEBUG    | tamu_crawler.deduper | Dedup group (2 events, 2 sources): Final Examinations - Summer Second Term
2026-04-02 02:24:30,645 | DEBUG    | tamu_crawler.deduper | Dedup group (2 events, 2 sources): 12 p.m., Grades Due for August 2026 Degree Candidates
2026-04-02 02:24:30,645 | DEBUG    | tamu_crawler.deduper | Dedup group (2 events, 2 sources): 5 p.m., Tuition Rebate Application Deadline for August 2026 
2026-04-02 02:24:30,645 | DEBUG    | tamu_crawler.deduper | Dedup group (2 events, 2 sources): Commencement and Commissioning - College Station
2026-04-02 02:24:30,645 | DEBUG    | tamu_crawler.deduper | Dedup group (2 events, 2 sources): Graduation Application Open for December 2026 Degree Candida
2026-04-02 02:24:30,645 | DEBUG    | tamu_crawler.deduper | Dedup group (2 events, 2 sources): 12 p.m., Summer II & 10-Week Final Grades Due
2026-04-02 02:24:30,645 | DEBUG    | tamu_crawler.deduper | Dedup group (2 events, 1 sources): Undergraduate Change of Curriculum
2026-04-02 02:24:30,645 | DEBUG    | tamu_crawler.deduper | Dedup group (4 events, 2 sources): Undergraduate Change of Curriculum
2026-04-02 02:24:30,645 | DEBUG    | tamu_crawler.deduper | Dedup group (2 events, 2 sources): 5 p.m., Last Day of Open Registration for Fall 2026 Classes
2026-04-02 02:24:30,645 | DEBUG    | tamu_crawler.deduper | Dedup group (2 events, 2 sources): First Day of Classes
2026-04-02 02:24:30,645 | DEBUG    | tamu_crawler.deduper | Dedup group (2 events, 2 sources): Last Day to Add/Drop Courses
2026-04-02 02:24:30,645 | DEBUG    | tamu_crawler.deduper | Dedup group (2 events, 2 sources): Faculty and Staff Holiday
2026-04-02 02:24:30,645 | DEBUG    | tamu_crawler.deduper | Dedup group (2 events, 2 sources): Labor Day - No classes
2026-04-02 02:24:30,645 | DEBUG    | tamu_crawler.deduper | Dedup group (2 events, 2 sources): Fall Official Census Date
2026-04-02 02:24:30,645 | DEBUG    | tamu_crawler.deduper | Dedup group (2 events, 2 sources): Undergraduate Change of Curriculum Deadline
2026-04-02 02:24:30,645 | DEBUG    | tamu_crawler.deduper | Dedup group (2 events, 2 sources): Fall 2026 Graduation Application Deadline - No Late Fee
2026-04-02 02:24:30,645 | DEBUG    | tamu_crawler.deduper | Dedup group (2 events, 2 sources): Undergraduate Degree Plan Approval Deadline
2026-04-02 02:24:30,645 | DEBUG    | tamu_crawler.deduper | Dedup group (2 events, 1 sources): TSI Class
2026-04-02 02:24:30,645 | DEBUG    | tamu_crawler.deduper | Dedup group (2 events, 1 sources): TSI Class
2026-04-02 02:24:30,645 | DEBUG    | tamu_crawler.deduper | Dedup group (2 events, 1 sources): TSI Class
2026-04-02 02:24:30,645 | INFO     | tamu_crawler.deduper | Deduplication: 1044 events → 665 unique (102 duplicates removed)
2026-04-02 02:24:30,652 | INFO     | tamu_crawler | Wrote 665 events to data/normalized/events.jsonl
2026-04-02 02:24:30,665 | INFO     | tamu_crawler.output_csv | Wrote 15 rows to output/summary_by_source.csv
2026-04-02 02:24:30,665 | INFO     | tamu_crawler.output_csv | Wrote 24 rows to output/summary_by_department.csv
2026-04-02 02:24:30,666 | INFO     | tamu_crawler.output_csv | Wrote 8 rows to output/summary_by_category.csv
2026-04-02 02:24:30,666 | INFO     | tamu_crawler.output_csv | Wrote 6 rows to output/summary_by_food_confidence.csv
2026-04-02 02:24:30,666 | INFO     | tamu_crawler.output_csv | Wrote 1 rows to output/summary_by_campus.csv
2026-04-02 02:24:30,667 | INFO     | tamu_crawler.output_csv | Wrote 3 rows to output/summary_by_host_type.csv
2026-04-02 02:24:30,667 | INFO     | tamu_crawler.output_csv | Wrote 7 rows to output/summary_by_food_type.csv
2026-04-02 02:24:30,667 | INFO     | tamu_crawler.output_csv | Wrote 15 rows to output/source_health.csv
2026-04-02 02:24:30,667 | INFO     | tamu_crawler.output_csv | Generated 8 CSV summary files in output
2026-04-02 02:24:30,668 | INFO     | tamu_crawler | Generated 8 CSV summary files
2026-04-02 02:24:30,668 | INFO     | tamu_crawler.state | Saved crawl state to data/state/crawl_state.json
2026-04-02 02:24:30,672 | INFO     | tamu_crawler | Crawl complete. 665 events written.
